"area_fips","own_code","industry_code","agglvl_code","size_code","year","qtr","disclosure_code","area_title","own_title","industry_title","agglvl_title","size_title","qtrly_estabs_count","month1_emplvl","month2_emplvl","month3_emplvl","total_qtrly_wages","taxable_qtrly_wages","qtrly_contributions","avg_wkly_wage"
"13109","0","SIC_0Z","26","0",1981,"1","","Evans County, Georgia","Total Covered","All Industries","County, Total Covered","All establishment sizes",185,2585,2557,2575,5472997,0,0,163
"13109","0","SIC_0Z","26","0",1981,"2","","Evans County, Georgia","Total Covered","All Industries","County, Total Covered","All establishment sizes",183,2415,2507,2516,6005152,0,0,186
"13109","0","SIC_0Z","26","0",1981,"3","","Evans County, Georgia","Total Covered","All Industries","County, Total Covered","All establishment sizes",185,2793,2713,2790,5829177,0,0,162
"13109","0","SIC_0Z","26","0",1981,"4","","Evans County, Georgia","Total Covered","All Industries","County, Total Covered","All establishment sizes",182,2670,2668,2694,6670833,0,0,191
"13109","1","SIC_0Z","27","0",1981,"1","","Evans County, Georgia","Federal Government","All Industries","County, Total -- by ownership sector","All establishment sizes",8,39,39,37,157727,0,0,316
"13109","1","SIC_0Z","27","0",1981,"2","","Evans County, Georgia","Federal Government","All Industries","County, Total -- by ownership sector","All establishment sizes",8,37,37,37,160059,0,0,332
"13109","1","SIC_0Z","27","0",1981,"3","","Evans County, Georgia","Federal Government","All Industries","County, Total -- by ownership sector","All establishment sizes",8,38,37,36,160098,0,0,332
"13109","1","SIC_0Z","27","0",1981,"4","","Evans County, Georgia","Federal Government","All Industries","County, Total -- by ownership sector","All establishment sizes",9,37,38,37,179176,0,0,369
"13109","1","SIC_0E","28","0",1981,"1","","Evans County, Georgia","Federal Government","Transportation and Public Utilities Division","County, Industry Division -- by ownership sector","All establishment sizes",4,15,16,15,74189,0,0,372
"13109","1","SIC_0E","28","0",1981,"2","","Evans County, Georgia","Federal Government","Transportation and Public Utilities Division","County, Industry Division -- by ownership sector","All establishment sizes",4,16,15,15,66113,0,0,331
"13109","1","SIC_0E","28","0",1981,"3","","Evans County, Georgia","Federal Government","Transportation and Public Utilities Division","County, Industry Division -- by ownership sector","All establishment sizes",4,15,15,15,75763,0,0,388
"13109","1","SIC_0E","28","0",1981,"4","","Evans County, Georgia","Federal Government","Transportation and Public Utilities Division","County, Industry Division -- by ownership sector","All establishment sizes",4,15,16,15,78394,0,0,393
"13109","1","SIC_0E43","29","0",1981,"1","","Evans County, Georgia","Federal Government","SIC 43 U.S. Postal Service","County, 2-digit SIC -- by ownership sector","All establishment sizes",4,15,16,15,74189,0,0,372
"13109","1","SIC_0E43","29","0",1981,"2","","Evans County, Georgia","Federal Government","SIC 43 U.S. Postal Service","County, 2-digit SIC -- by ownership sector","All establishment sizes",4,16,15,15,66113,0,0,331
"13109","1","SIC_0E43","29","0",1981,"3","","Evans County, Georgia","Federal Government","SIC 43 U.S. Postal Service","County, 2-digit SIC -- by ownership sector","All establishment sizes",4,15,15,15,75763,0,0,388
"13109","1","SIC_0E43","29","0",1981,"4","","Evans County, Georgia","Federal Government","SIC 43 U.S. Postal Service","County, 2-digit SIC -- by ownership sector","All establishment sizes",4,15,16,15,78394,0,0,393
"13109","1","SIC_0H","28","0",1981,"1","","Evans County, Georgia","Federal Government","Finance, Insurance, and Real Estate Division","County, Industry Division -- by ownership sector","All establishment sizes",1,1,1,1,1551,0,0,119
"13109","1","SIC_0H","28","0",1981,"2","","Evans County, Georgia","Federal Government","Finance, Insurance, and Real Estate Division","County, Industry Division -- by ownership sector","All establishment sizes",1,1,1,1,3209,0,0,246
"13109","1","SIC_0H","28","0",1981,"3","","Evans County, Georgia","Federal Government","Finance, Insurance, and Real Estate Division","County, Industry Division -- by ownership sector","All establishment sizes",1,1,1,1,3433,0,0,264
"13109","1","SIC_0H","28","0",1981,"4","","Evans County, Georgia","Federal Government","Finance, Insurance, and Real Estate Division","County, Industry Division -- by ownership sector","All establishment sizes",1,0,1,1,3632,0,0,419
"13109","1","SIC_0H63","29","0",1981,"1","","Evans County, Georgia","Federal Government","SIC 63 Insurance Carriers","County, 2-digit SIC -- by ownership sector","All establishment sizes",1,1,1,1,1551,0,0,119
"13109","1","SIC_0H63","29","0",1981,"2","","Evans County, Georgia","Federal Government","SIC 63 Insurance Carriers","County, 2-digit SIC -- by ownership sector","All establishment sizes",1,1,1,1,3209,0,0,246
"13109","1","SIC_0H63","29","0",1981,"3","","Evans County, Georgia","Federal Government","SIC 63 Insurance Carriers","County, 2-digit SIC -- by ownership sector","All establishment sizes",1,1,1,1,3433,0,0,264
"13109","1","SIC_0H63","29","0",1981,"4","","Evans County, Georgia","Federal Government","SIC 63 Insurance Carriers","County, 2-digit SIC -- by ownership sector","All establishment sizes",1,0,1,1,3632,0,0,419
"13109","1","SIC_0J","28","0",1981,"1","","Evans County, Georgia","Federal Government","Public Administration Division","County, Industry Division -- by ownership sector","All establishment sizes",3,23,22,21,81987,0,0,286
"13109","1","SIC_0J","28","0",1981,"2","","Evans County, Georgia","Federal Government","Public Administration Division","County, Industry Division -- by ownership sector","All establishment sizes",3,20,21,21,90737,0,0,337
"13109","1","SIC_0J","28","0",1981,"3","","Evans County, Georgia","Federal Government","Public Administration Division","County, Industry Division -- by ownership sector","All establishment sizes",3,22,21,20,80902,0,0,296
"13109","1","SIC_0J","28","0",1981,"4","","Evans County, Georgia","Federal Government","Public Administration Division","County, Industry Division -- by ownership sector","All establishment sizes",4,22,21,21,97150,0,0,350
"13109","1","SIC_0J95","29","0",1981,"1","","Evans County, Georgia","Federal Government","SIC 95 Environmental Quality and Housing","County, 2-digit SIC -- by ownership sector","All establishment sizes",2,7,7,7,22041,0,0,242
"13109","1","SIC_0J95","29","0",1981,"2","","Evans County, Georgia","Federal Government","SIC 95 Environmental Quality and Housing","County, 2-digit SIC -- by ownership sector","All establishment sizes",2,7,7,6,26480,0,0,305
"13109","1","SIC_0J95","29","0",1981,"3","","Evans County, Georgia","Federal Government","SIC 95 Environmental Quality and Housing","County, 2-digit SIC -- by ownership sector","All establishment sizes",2,7,6,5,24495,0,0,314
"13109","1","SIC_0J95","29","0",1981,"4","","Evans County, Georgia","Federal Government","SIC 95 Environmental Quality and Housing","County, 2-digit SIC -- by ownership sector","All establishment sizes",2,6,6,6,24941,0,0,319
"13109","1","SIC_0J96","29","0",1981,"1","","Evans County, Georgia","Federal Government","SIC 96 Administration of Economic Programs","County, 2-digit SIC -- by ownership sector","All establishment sizes",1,16,15,14,59946,0,0,307
"13109","1","SIC_0J96","29","0",1981,"2","","Evans County, Georgia","Federal Government","SIC 96 Administration of Economic Programs","County, 2-digit SIC -- by ownership sector","All establishment sizes",1,13,14,15,64257,0,0,353
"13109","1","SIC_0J96","29","0",1981,"3","","Evans County, Georgia","Federal Government","SIC 96 Administration of Economic Programs","County, 2-digit SIC -- by ownership sector","All establishment sizes",1,15,15,15,56407,0,0,289
"13109","1","SIC_0J96","29","0",1981,"4","","Evans County, Georgia","Federal Government","SIC 96 Administration of Economic Programs","County, 2-digit SIC -- by ownership sector","All establishment sizes",2,16,15,15,72209,0,0,362
"13109","2","SIC_0Z","27","0",1981,"1","","Evans County, Georgia","State Government","All Industries","County, Total -- by ownership sector","All establishment sizes",6,31,32,30,90268,0,0,223
"13109","2","SIC_0Z","27","0",1981,"2","","Evans County, Georgia","State Government","All Industries","County, Total -- by ownership sector","All establishment sizes",6,31,31,31,90428,0,0,224
"13109","2","SIC_0Z","27","0",1981,"3","","Evans County, Georgia","State Government","All Industries","County, Total -- by ownership sector","All establishment sizes",6,31,30,29,97935,0,0,251
"13109","2","SIC_0Z","27","0",1981,"4","","Evans County, Georgia","State Government","All Industries","County, Total -- by ownership sector","All establishment sizes",6,31,31,31,100220,0,0,248
"13109","2","SIC_0A","28","0",1981,"1","N","Evans County, Georgia","State Government","Agriculture, Forestry, and Fishing Division","County, Industry Division -- by ownership sector","All establishment sizes",0,0,0,0,0,0,0,0
"13109","2","SIC_0A","28","0",1981,"2","N","Evans County, Georgia","State Government","Agriculture, Forestry, and Fishing Division","County, Industry Division -- by ownership sector","All establishment sizes",0,0,0,0,0,0,0,0
"13109","2","SIC_0A","28","0",1981,"3","N","Evans County, Georgia","State Government","Agriculture, Forestry, and Fishing Division","County, Industry Division -- by ownership sector","All establishment sizes",0,0,0,0,0,0,0,0
"13109","2","SIC_0A","28","0",1981,"4","N","Evans County, Georgia","State Government","Agriculture, Forestry, and Fishing Division","County, Industry Division -- by ownership sector","All establishment sizes",0,0,0,0,0,0,0,0
"13109","2","SIC_0A08","29","0",1981,"1","N","Evans County, Georgia","State Government","SIC 08 Forestry","County, 2-digit SIC -- by ownership sector","All establishment sizes",0,0,0,0,0,0,0,0
"13109","2","SIC_0A08","29","0",1981,"2","N","Evans County, Georgia","State Government","SIC 08 Forestry","County, 2-digit SIC -- by ownership sector","All establishment sizes",0,0,0,0,0,0,0,0
"13109","2","SIC_0A08","29","0",1981,"3","N","Evans County, Georgia","State Government","SIC 08 Forestry","County, 2-digit SIC -- by ownership sector","All establishment sizes",0,0,0,0,0,0,0,0
"13109","2","SIC_0A08","29","0",1981,"4","N","Evans County, Georgia","State Government","SIC 08 Forestry","County, 2-digit SIC -- by ownership sector","All establishment sizes",0,0,0,0,0,0,0,0
"13109","2","SIC_0C","28","0",1981,"1","N","Evans County, Georgia","State Government","Construction Division","County, Industry Division -- by ownership sector","All establishment sizes",0,0,0,0,0,0,0,0
"13109","2","SIC_0C","28","0",1981,"2","N","Evans County, Georgia","State Government","Construction Division","County, Industry Division -- by ownership sector","All establishment sizes",0,0,0,0,0,0,0,0
"13109","2","SIC_0C","28","0",1981,"3","N","Evans County, Georgia","State Government","Construction Division","County, Industry Division -- by ownership sector","All establishment sizes",0,0,0,0,0,0,0,0
"13109","2","SIC_0C","28","0",1981,"4","N","Evans County, Georgia","State Government","Construction Division","County, Industry Division -- by ownership sector","All establishment sizes",0,0,0,0,0,0,0,0
"13109","2","SIC_0C16","29","0",1981,"1","N","Evans County, Georgia","State Government","SIC 16 Heavy Construction, ex. Building","County, 2-digit SIC -- by ownership sector","All establishment sizes",0,0,0,0,0,0,0,0
"13109","2","SIC_0C16","29","0",1981,"2","N","Evans County, Georgia","State Government","SIC 16 Heavy Construction, ex. Building","County, 2-digit SIC -- by ownership sector","All establishment sizes",0,0,0,0,0,0,0,0
"13109","2","SIC_0C16","29","0",1981,"3","N","Evans County, Georgia","State Government","SIC 16 Heavy Construction, ex. Building","County, 2-digit SIC -- by ownership sector","All establishment sizes",0,0,0,0,0,0,0,0
"13109","2","SIC_0C16","29","0",1981,"4","N","Evans County, Georgia","State Government","SIC 16 Heavy Construction, ex. Building","County, 2-digit SIC -- by ownership sector","All establishment sizes",0,0,0,0,0,0,0,0
"13109","2","SIC_0I","28","0",1981,"1","","Evans County, Georgia","State Government","Services Division","County, Industry Division -- by ownership sector","All establishment sizes",4,24,25,23,71811,0,0,230
"13109","2","SIC_0I","28","0",1981,"2","","Evans County, Georgia","State Government","Services Division","County, Industry Division -- by ownership sector","All establishment sizes",4,24,24,24,72052,0,0,230
"13109","2","SIC_0I","28","0",1981,"3","","Evans County, Georgia","State Government","Services Division","County, Industry Division -- by ownership sector","All establishment sizes",4,24,24,24,78817,0,0,252
"13109","2","SIC_0I","28","0",1981,"4","","Evans County, Georgia","State Government","Services Division","County, Industry Division -- by ownership sector","All establishment sizes",4,25,25,25,83511,0,0,256
"13109","2","SIC_0I80","29","0",1981,"1","N","Evans County, Georgia","State Government","SIC 80 Health Services","County, 2-digit SIC -- by ownership sector","All establishment sizes",0,0,0,0,0,0,0,0
"13109","2","SIC_0I80","29","0",1981,"2","N","Evans County, Georgia","State Government","SIC 80 Health Services","County, 2-digit SIC -- by ownership sector","All establishment sizes",0,0,0,0,0,0,0,0
"13109","2","SIC_0I80","29","0",1981,"3","N","Evans County, Georgia","State Government","SIC 80 Health Services","County, 2-digit SIC -- by ownership sector","All establishment sizes",0,0,0,0,0,0,0,0
"13109","2","SIC_0I80","29","0",1981,"4","N","Evans County, Georgia","State Government","SIC 80 Health Services","County, 2-digit SIC -- by ownership sector","All establishment sizes",0,0,0,0,0,0,0,0
"13109","2","SIC_0I83","29","0",1981,"1","N","Evans County, Georgia","State Government","SIC 83 Social Services","County, 2-digit SIC -- by ownership sector","All establishment sizes",0,0,0,0,0,0,0,0
"13109","2","SIC_0I83","29","0",1981,"2","N","Evans County, Georgia","State Government","SIC 83 Social Services","County, 2-digit SIC -- by ownership sector","All establishment sizes",0,0,0,0,0,0,0,0
"13109","2","SIC_0I83","29","0",1981,"3","N","Evans County, Georgia","State Government","SIC 83 Social Services","County, 2-digit SIC -- by ownership sector","All establishment sizes",0,0,0,0,0,0,0,0
"13109","2","SIC_0I83","29","0",1981,"4","N","Evans County, Georgia","State Government","SIC 83 Social Services","County, 2-digit SIC -- by ownership sector","All establishment sizes",0,0,0,0,0,0,0,0
"13109","3","SIC_0Z","27","0",1981,"1","","Evans County, Georgia","Local Government","All Industries","County, Total -- by ownership sector","All establishment sizes",7,438,428,432,1004721,0,0,178
"13109","3","SIC_0Z","27","0",1981,"2","","Evans County, Georgia","Local Government","All Industries","County, Total -- by ownership sector","All establishment sizes",7,439,438,392,1071648,0,0,194
"13109","3","SIC_0Z","27","0",1981,"3","","Evans County, Georgia","Local Government","All Industries","County, Total -- by ownership sector","All establishment sizes",6,435,443,439,1055194,0,0,184
"13109","3","SIC_0Z","27","0",1981,"4","","Evans County, Georgia","Local Government","All Industries","County, Total -- by ownership sector","All establishment sizes",6,429,433,432,1185991,0,0,211
"13109","3","SIC_0H","28","0",1981,"1","N","Evans County, Georgia","Local Government","Finance, Insurance, and Real Estate Division","County, Industry Division -- by ownership sector","All establishment sizes",0,0,0,0,0,0,0,0
"13109","3","SIC_0H","28","0",1981,"2","N","Evans County, Georgia","Local Government","Finance, Insurance, and Real Estate Division","County, Industry Division -- by ownership sector","All establishment sizes",0,0,0,0,0,0,0,0
"13109","3","SIC_0H","28","0",1981,"3","N","Evans County, Georgia","Local Government","Finance, Insurance, and Real Estate Division","County, Industry Division -- by ownership sector","All establishment sizes",0,0,0,0,0,0,0,0
"13109","3","SIC_0H","28","0",1981,"4","N","Evans County, Georgia","Local Government","Finance, Insurance, and Real Estate Division","County, Industry Division -- by ownership sector","All establishment sizes",0,0,0,0,0,0,0,0
"13109","3","SIC_0H65","29","0",1981,"1","N","Evans County, Georgia","Local Government","SIC 65 Real Estate","County, 2-digit SIC -- by ownership sector","All establishment sizes",0,0,0,0,0,0,0,0
"13109","3","SIC_0H65","29","0",1981,"2","N","Evans County, Georgia","Local Government","SIC 65 Real Estate","County, 2-digit SIC -- by ownership sector","All establishment sizes",0,0,0,0,0,0,0,0
"13109","3","SIC_0H65","29","0",1981,"3","N","Evans County, Georgia","Local Government","SIC 65 Real Estate","County, 2-digit SIC -- by ownership sector","All establishment sizes",0,0,0,0,0,0,0,0
"13109","3","SIC_0H65","29","0",1981,"4","N","Evans County, Georgia","Local Government","SIC 65 Real Estate","County, 2-digit SIC -- by ownership sector","All establishment sizes",0,0,0,0,0,0,0,0
"13109","3","SIC_0I","28","0",1981,"1","N","Evans County, Georgia","Local Government","Services Division","County, Industry Division -- by ownership sector","All establishment sizes",0,0,0,0,0,0,0,0
"13109","3","SIC_0I","28","0",1981,"2","N","Evans County, Georgia","Local Government","Services Division","County, Industry Division -- by ownership sector","All establishment sizes",0,0,0,0,0,0,0,0
"13109","3","SIC_0I","28","0",1981,"3","N","Evans County, Georgia","Local Government","Services Division","County, Industry Division -- by ownership sector","All establishment sizes",0,0,0,0,0,0,0,0
"13109","3","SIC_0I","28","0",1981,"4","N","Evans County, Georgia","Local Government","Services Division","County, Industry Division -- by ownership sector","All establishment sizes",0,0,0,0,0,0,0,0
"13109","3","SIC_0I80","29","0",1981,"1","N","Evans County, Georgia","Local Government","SIC 80 Health Services","County, 2-digit SIC -- by ownership sector","All establishment sizes",0,0,0,0,0,0,0,0
"13109","3","SIC_0I80","29","0",1981,"2","N","Evans County, Georgia","Local Government","SIC 80 Health Services","County, 2-digit SIC -- by ownership sector","All establishment sizes",0,0,0,0,0,0,0,0
"13109","3","SIC_0I80","29","0",1981,"3","N","Evans County, Georgia","Local Government","SIC 80 Health Services","County, 2-digit SIC -- by ownership sector","All establishment sizes",0,0,0,0,0,0,0,0
"13109","3","SIC_0I80","29","0",1981,"4","N","Evans County, Georgia","Local Government","SIC 80 Health Services","County, 2-digit SIC -- by ownership sector","All establishment sizes",0,0,0,0,0,0,0,0
"13109","3","SIC_0I82","29","0",1981,"1","N","Evans County, Georgia","Local Government","SIC 82 Educational Services","County, 2-digit SIC -- by ownership sector","All establishment sizes",0,0,0,0,0,0,0,0
"13109","3","SIC_0I82","29","0",1981,"2","N","Evans County, Georgia","Local Government","SIC 82 Educational Services","County, 2-digit SIC -- by ownership sector","All establishment sizes",0,0,0,0,0,0,0,0
"13109","3","SIC_0I82","29","0",1981,"3","N","Evans County, Georgia","Local Government","SIC 82 Educational Services","County, 2-digit SIC -- by ownership sector","All establishment sizes",0,0,0,0,0,0,0,0
"13109","3","SIC_0I82","29","0",1981,"4","N","Evans County, Georgia","Local Government","SIC 82 Educational Services","County, 2-digit SIC -- by ownership sector","All establishment sizes",0,0,0,0,0,0,0,0
"13109","3","SIC_0J","28","0",1981,"1","","Evans County, Georgia","Local Government","Public Administration Division","County, Industry Division -- by ownership sector","All establishment sizes",4,93,93,93,156608,0,0,129
"13109","3","SIC_0J","28","0",1981,"2","","Evans County, Georgia","Local Government","Public Administration Division","County, Industry Division -- by ownership sector","All establishment sizes",4,97,94,51,178623,0,0,170
"13109","3","SIC_0J","28","0",1981,"3","","Evans County, Georgia","Local Government","Public Administration Division","County, Industry Division -- by ownership sector","All establishment sizes",3,93,94,93,192657,0,0,158
"13109","3","SIC_0J","28","0",1981,"4","","Evans County, Georgia","Local Government","Public Administration Division","County, Industry Division -- by ownership sector","All establishment sizes",3,93,95,95,188665,0,0,153
"13109","3","SIC_0J91","29","0",1981,"1","N","Evans County, Georgia","Local Government","SIC 91 Executive, Legislative, and General","County, 2-digit SIC -- by ownership sector","All establishment sizes",0,0,0,0,0,0,0,0
"13109","3","SIC_0J91","29","0",1981,"2","N","Evans County, Georgia","Local Government","SIC 91 Executive, Legislative, and General","County, 2-digit SIC -- by ownership sector","All establishment sizes",0,0,0,0,0,0,0,0
"13109","3","SIC_0J91","29","0",1981,"3","N","Evans County, Georgia","Local Government","SIC 91 Executive, Legislative, and General","County, 2-digit SIC -- by ownership sector","All establishment sizes",0,0,0,0,0,0,0,0
"13109","3","SIC_0J91","29","0",1981,"4","N","Evans County, Georgia","Local Government","SIC 91 Executive, Legislative, and General","County, 2-digit SIC -- by ownership sector","All establishment sizes",0,0,0,0,0,0,0,0
"13109","3","SIC_0J92","29","0",1981,"1","N","Evans County, Georgia","Local Government","SIC 92 Justice, Public Order, and Safety","County, 2-digit SIC -- by ownership sector","All establishment sizes",0,0,0,0,0,0,0,0
"13109","3","SIC_0J92","29","0",1981,"2","N","Evans County, Georgia","Local Government","SIC 92 Justice, Public Order, and Safety","County, 2-digit SIC -- by ownership sector","All establishment sizes",0,0,0,0,0,0,0,0
"13109","3","SIC_0J92","29","0",1981,"3","N","Evans County, Georgia","Local Government","SIC 92 Justice, Public Order, and Safety","County, 2-digit SIC -- by ownership sector","All establishment sizes",0,0,0,0,0,0,0,0
"13109","3","SIC_0J92","29","0",1981,"4","N","Evans County, Georgia","Local Government","SIC 92 Justice, Public Order, and Safety","County, 2-digit SIC -- by ownership sector","All establishment sizes",0,0,0,0,0,0,0,0
"13109","5","SIC_0Z","27","0",1981,"1","","Evans County, Georgia","Private","All Industries","County, Total -- by ownership sector","All establishment sizes",164,2077,2058,2076,4220281,0,0,156
"13109","5","SIC_0Z","27","0",1981,"2","","Evans County, Georgia","Private","All Industries","County, Total -- by ownership sector","All establishment sizes",162,1908,2001,2056,4683017,0,0,181
"13109","5","SIC_0Z","27","0",1981,"3","","Evans County, Georgia","Private","All Industries","County, Total -- by ownership sector","All establishment sizes",165,2289,2203,2286,4515950,0,0,153
"13109","5","SIC_0Z","27","0",1981,"4","","Evans County, Georgia","Private","All Industries","County, Total -- by ownership sector","All establishment sizes",161,2173,2166,2194,5205446,0,0,183
"13109","5","SIC_0A","28","0",1981,"1","","Evans County, Georgia","Private","Agriculture, Forestry, and Fishing Division","County, Industry Division -- by ownership sector","All establishment sizes",6,110,106,114,253222,0,0,177
"13109","5","SIC_0A","28","0",1981,"2","","Evans County, Georgia","Private","Agriculture, Forestry, and Fishing Division","County, Industry Division -- by ownership sector","All establishment sizes",6,138,236,211,306134,0,0,120
"13109","5","SIC_0A","28","0",1981,"3","","Evans County, Georgia","Private","Agriculture, Forestry, and Fishing Division","County, Industry Division -- by ownership sector","All establishment sizes",6,157,143,122,288762,0,0,157
"13109","5","SIC_0A","28","0",1981,"4","","Evans County, Georgia","Private","Agriculture, Forestry, and Fishing Division","County, Industry Division -- by ownership sector","All establishment sizes",6,98,102,111,269968,0,0,200
"13109","5","SIC_0A01","29","0",1981,"1","N","Evans County, Georgia","Private","SIC 01 Agricultural Production Crops","County, 2-digit SIC -- by ownership sector","All establishment sizes",0,0,0,0,0,0,0,0
"13109","5","SIC_0A01","29","0",1981,"2","N","Evans County, Georgia","Private","SIC 01 Agricultural Production Crops","County, 2-digit SIC -- by ownership sector","All establishment sizes",0,0,0,0,0,0,0,0
"13109","5","SIC_0A01","29","0",1981,"3","N","Evans County, Georgia","Private","SIC 01 Agricultural Production Crops","County, 2-digit SIC -- by ownership sector","All establishment sizes",0,0,0,0,0,0,0,0
"13109","5","SIC_0A01","29","0",1981,"4","N","Evans County, Georgia","Private","SIC 01 Agricultural Production Crops","County, 2-digit SIC -- by ownership sector","All establishment sizes",0,0,0,0,0,0,0,0
"13109","5","SIC_0A02","29","0",1981,"1","N","Evans County, Georgia","Private","SIC 02 Agricultural Production Livestock","County, 2-digit SIC -- by ownership sector","All establishment sizes",0,0,0,0,0,0,0,0
"13109","5","SIC_0A02","29","0",1981,"2","N","Evans County, Georgia","Private","SIC 02 Agricultural Production Livestock","County, 2-digit SIC -- by ownership sector","All establishment sizes",0,0,0,0,0,0,0,0
"13109","5","SIC_0A02","29","0",1981,"3","N","Evans County, Georgia","Private","SIC 02 Agricultural Production Livestock","County, 2-digit SIC -- by ownership sector","All establishment sizes",0,0,0,0,0,0,0,0
"13109","5","SIC_0A02","29","0",1981,"4","N","Evans County, Georgia","Private","SIC 02 Agricultural Production Livestock","County, 2-digit SIC -- by ownership sector","All establishment sizes",0,0,0,0,0,0,0,0
"13109","5","SIC_0A07","29","0",1981,"1","N","Evans County, Georgia","Private","SIC 07 Agricultural Services","County, 2-digit SIC -- by ownership sector","All establishment sizes",0,0,0,0,0,0,0,0
"13109","5","SIC_0A07","29","0",1981,"2","N","Evans County, Georgia","Private","SIC 07 Agricultural Services","County, 2-digit SIC -- by ownership sector","All establishment sizes",0,0,0,0,0,0,0,0
"13109","5","SIC_0A07","29","0",1981,"3","N","Evans County, Georgia","Private","SIC 07 Agricultural Services","County, 2-digit SIC -- by ownership sector","All establishment sizes",0,0,0,0,0,0,0,0
"13109","5","SIC_0A07","29","0",1981,"4","N","Evans County, Georgia","Private","SIC 07 Agricultural Services","County, 2-digit SIC -- by ownership sector","All establishment sizes",0,0,0,0,0,0,0,0
"13109","5","SIC_0C","28","0",1981,"1","","Evans County, Georgia","Private","Construction Division","County, Industry Division -- by ownership sector","All establishment sizes",14,64,51,51,113671,0,0,158
"13109","5","SIC_0C","28","0",1981,"2","","Evans County, Georgia","Private","Construction Division","County, Industry Division -- by ownership sector","All establishment sizes",17,67,61,79,187603,0,0,209
"13109","5","SIC_0C","28","0",1981,"3","","Evans County, Georgia","Private","Construction Division","County, Industry Division -- by ownership sector","All establishment sizes",17,87,77,70,223373,0,0,220
"13109","5","SIC_0C","28","0",1981,"4","","Evans County, Georgia","Private","Construction Division","County, Industry Division -- by ownership sector","All establishment sizes",15,73,59,61,149357,0,0,178
"13109","5","SIC_0C15","29","0",1981,"1","N","Evans County, Georgia","Private","SIC 15 General Building Contractors","County, 2-digit SIC -- by ownership sector","All establishment sizes",0,0,0,0,0,0,0,0
"13109","5","SIC_0C15","29","0",1981,"2","","Evans County, Georgia","Private","SIC 15 General Building Contractors","County, 2-digit SIC -- by ownership sector","All establishment sizes",3,6,4,18,15328,0,0,126
"13109","5","SIC_0C15","29","0",1981,"3","","Evans County, Georgia","Private","SIC 15 General Building Contractors","County, 2-digit SIC -- by ownership sector","All establishment sizes",3,24,20,19,62985,0,0,230
"13109","5","SIC_0C15","29","0",1981,"4","N","Evans County, Georgia","Private","SIC 15 General Building Contractors","County, 2-digit SIC -- by ownership sector","All establishment sizes",0,0,0,0,0,0,0,0
"13109","5","SIC_0C16","29","0",1981,"1","N","Evans County, Georgia","Private","SIC 16 Heavy Construction, ex. Building","County, 2-digit SIC -- by ownership sector","All establishment sizes",0,0,0,0,0,0,0,0
"13109","5","SIC_0C16","29","0",1981,"2","","Evans County, Georgia","Private","SIC 16 Heavy Construction, ex. Building","County, 2-digit SIC -- by ownership sector","All establishment sizes",3,11,12,14,35239,0,0,219
"13109","5","SIC_0C16","29","0",1981,"3","","Evans County, Georgia","Private","SIC 16 Heavy Construction, ex. Building","County, 2-digit SIC -- by ownership sector","All establishment sizes",3,15,14,11,38398,0,0,221
"13109","5","SIC_0C16","29","0",1981,"4","N","Evans County, Georgia","Private","SIC 16 Heavy Construction, ex. Building","County, 2-digit SIC -- by ownership sector","All establishment sizes",0,0,0,0,0,0,0,0
"13109","5","SIC_0C17","29","0",1981,"1","","Evans County, Georgia","Private","SIC 17 Special Trade Contractors","County, 2-digit SIC -- by ownership sector","All establishment sizes",9,40,31,33,76271,0,0,169
"13109","5","SIC_0C17","29","0",1981,"2","","Evans County, Georgia","Private","SIC 17 Special Trade Contractors","County, 2-digit SIC -- by ownership sector","All establishment sizes",11,50,45,47,137036,0,0,222
"13109","5","SIC_0C17","29","0",1981,"3","","Evans County, Georgia","Private","SIC 17 Special Trade Contractors","County, 2-digit SIC -- by ownership sector","All establishment sizes",11,48,43,40,121990,0,0,214
"13109","5","SIC_0C17","29","0",1981,"4","","Evans County, Georgia","Private","SIC 17 Special Trade Contractors","County, 2-digit SIC -- by ownership sector","All establishment sizes",10,40,33,35,84284,0,0,180
"13109","5","SIC_0D","28","0",1981,"1","","Evans County, Georgia","Private","Manufacturing Division","County, Industry Division -- by ownership sector","All establishment sizes",18,1186,1180,1176,2327911,0,0,151
"13109","5","SIC_0D","28","0",1981,"2","","Evans County, Georgia","Private","Manufacturing Division","County, Industry Division -- by ownership sector","All establishment sizes",19,987,986,1030,2604587,0,0,200
"13109","5","SIC_0D","28","0",1981,"3","","Evans County, Georgia","Private","Manufacturing Division","County, Industry Division -- by ownership sector","All establishment sizes",18,1228,1214,1317,2289987,0,0,140
"13109","5","SIC_0D","28","0",1981,"4","","Evans County, Georgia","Private","Manufacturing Division","County, Industry Division -- by ownership sector","All establishment sizes",18,1239,1245,1252,3031471,0,0,187
"13109","5","SIC_0D20","29","0",1981,"1","","Evans County, Georgia","Private","SIC 20 Food and Kindred Products","County, 2-digit SIC -- by ownership sector","All establishment sizes",6,555,552,552,1054169,0,0,146
"13109","5","SIC_0D20","29","0",1981,"2","","Evans County, Georgia","Private","SIC 20 Food and Kindred Products","County, 2-digit SIC -- by ownership sector","All establishment sizes",6,366,368,379,1030411,0,0,213
"13109","5","SIC_0D20","29","0",1981,"3","","Evans County, Georgia","Private","SIC 20 Food and Kindred Products","County, 2-digit SIC -- by ownership sector","All establishment sizes",7,621,621,709,1042235,0,0,123
"13109","5","SIC_0D20","29","0",1981,"4","","Evans County, Georgia","Private","SIC 20 Food and Kindred Products","County, 2-digit SIC -- by ownership sector","All establishment sizes",7,635,636,635,1498549,0,0,181
"13109","5","SIC_0D23","29","0",1981,"1","N","Evans County, Georgia","Private","SIC 23 Apparel and Other Textile Products","County, 2-digit SIC -- by ownership sector","All establishment sizes",0,0,0,0,0,0,0,0
"13109","5","SIC_0D23","29","0",1981,"2","N","Evans County, Georgia","Private","SIC 23 Apparel and Other Textile Products","County, 2-digit SIC -- by ownership sector","All establishment sizes",0,0,0,0,0,0,0,0
"13109","5","SIC_0D23","29","0",1981,"3","N","Evans County, Georgia","Private","SIC 23 Apparel and Other Textile Products","County, 2-digit SIC -- by ownership sector","All establishment sizes",0,0,0,0,0,0,0,0
"13109","5","SIC_0D23","29","0",1981,"4","N","Evans County, Georgia","Private","SIC 23 Apparel and Other Textile Products","County, 2-digit SIC -- by ownership sector","All establishment sizes",0,0,0,0,0,0,0,0
"13109","5","SIC_0D24","29","0",1981,"1","","Evans County, Georgia","Private","SIC 24 Lumber and Wood Products","County, 2-digit SIC -- by ownership sector","All establishment sizes",5,75,77,80,175831,0,0,174
"13109","5","SIC_0D24","29","0",1981,"2","","Evans County, Georgia","Private","SIC 24 Lumber and Wood Products","County, 2-digit SIC -- by ownership sector","All establishment sizes",6,80,77,79,197282,0,0,192
"13109","5","SIC_0D24","29","0",1981,"3","","Evans County, Georgia","Private","SIC 24 Lumber and Wood Products","County, 2-digit SIC -- by ownership sector","All establishment sizes",4,46,44,48,128737,0,0,215
"13109","5","SIC_0D24","29","0",1981,"4","","Evans County, Georgia","Private","SIC 24 Lumber and Wood Products","County, 2-digit SIC -- by ownership sector","All establishment sizes",4,45,46,45,134310,0,0,227
"13109","5","SIC_0D27","29","0",1981,"1","N","Evans County, Georgia","Private","SIC 27 Printing and Publishing","County, 2-digit SIC -- by ownership sector","All establishment sizes",0,0,0,0,0,0,0,0
"13109","5","SIC_0D27","29","0",1981,"2","N","Evans County, Georgia","Private","SIC 27 Printing and Publishing","County, 2-digit SIC -- by ownership sector","All establishment sizes",0,0,0,0,0,0,0,0
"13109","5","SIC_0D27","29","0",1981,"3","N","Evans County, Georgia","Private","SIC 27 Printing and Publishing","County, 2-digit SIC -- by ownership sector","All establishment sizes",0,0,0,0,0,0,0,0
"13109","5","SIC_0D27","29","0",1981,"4","N","Evans County, Georgia","Private","SIC 27 Printing and Publishing","County, 2-digit SIC -- by ownership sector","All establishment sizes",0,0,0,0,0,0,0,0
"13109","5","SIC_0D32","29","0",1981,"1","N","Evans County, Georgia","Private","SIC 32 Stone, Clay, and Glass Products","County, 2-digit SIC -- by ownership sector","All establishment sizes",0,0,0,0,0,0,0,0
"13109","5","SIC_0D32","29","0",1981,"2","N","Evans County, Georgia","Private","SIC 32 Stone, Clay, and Glass Products","County, 2-digit SIC -- by ownership sector","All establishment sizes",0,0,0,0,0,0,0,0
"13109","5","SIC_0D32","29","0",1981,"3","N","Evans County, Georgia","Private","SIC 32 Stone, Clay, and Glass Products","County, 2-digit SIC -- by ownership sector","All establishment sizes",0,0,0,0,0,0,0,0
"13109","5","SIC_0D32","29","0",1981,"4","N","Evans County, Georgia","Private","SIC 32 Stone, Clay, and Glass Products","County, 2-digit SIC -- by ownership sector","All establishment sizes",0,0,0,0,0,0,0,0
"13109","5","SIC_0D34","29","0",1981,"1","N","Evans County, Georgia","Private","SIC 34 Fabricated Metal Products","County, 2-digit SIC -- by ownership sector","All establishment sizes",0,0,0,0,0,0,0,0
"13109","5","SIC_0D34","29","0",1981,"2","N","Evans County, Georgia","Private","SIC 34 Fabricated Metal Products","County, 2-digit SIC -- by ownership sector","All establishment sizes",0,0,0,0,0,0,0,0
"13109","5","SIC_0D34","29","0",1981,"3","N","Evans County, Georgia","Private","SIC 34 Fabricated Metal Products","County, 2-digit SIC -- by ownership sector","All establishment sizes",0,0,0,0,0,0,0,0
"13109","5","SIC_0D34","29","0",1981,"4","N","Evans County, Georgia","Private","SIC 34 Fabricated Metal Products","County, 2-digit SIC -- by ownership sector","All establishment sizes",0,0,0,0,0,0,0,0
"13109","5","SIC_0D35","29","0",1981,"1","N","Evans County, Georgia","Private","SIC 35 Industrial Machinery and Equipment","County, 2-digit SIC -- by ownership sector","All establishment sizes",0,0,0,0,0,0,0,0
"13109","5","SIC_0D35","29","0",1981,"2","N","Evans County, Georgia","Private","SIC 35 Industrial Machinery and Equipment","County, 2-digit SIC -- by ownership sector","All establishment sizes",0,0,0,0,0,0,0,0
"13109","5","SIC_0D35","29","0",1981,"3","N","Evans County, Georgia","Private","SIC 35 Industrial Machinery and Equipment","County, 2-digit SIC -- by ownership sector","All establishment sizes",0,0,0,0,0,0,0,0
"13109","5","SIC_0D35","29","0",1981,"4","N","Evans County, Georgia","Private","SIC 35 Industrial Machinery and Equipment","County, 2-digit SIC -- by ownership sector","All establishment sizes",0,0,0,0,0,0,0,0
"13109","5","SIC_0D37","29","0",1981,"1","N","Evans County, Georgia","Private","SIC 37 Transportation Equipment","County, 2-digit SIC -- by ownership sector","All establishment sizes",0,0,0,0,0,0,0,0
"13109","5","SIC_0D37","29","0",1981,"2","N","Evans County, Georgia","Private","SIC 37 Transportation Equipment","County, 2-digit SIC -- by ownership sector","All establishment sizes",0,0,0,0,0,0,0,0
"13109","5","SIC_0D37","29","0",1981,"3","N","Evans County, Georgia","Private","SIC 37 Transportation Equipment","County, 2-digit SIC -- by ownership sector","All establishment sizes",0,0,0,0,0,0,0,0
"13109","5","SIC_0D37","29","0",1981,"4","N","Evans County, Georgia","Private","SIC 37 Transportation Equipment","County, 2-digit SIC -- by ownership sector","All establishment sizes",0,0,0,0,0,0,0,0
"13109","5","SIC_0E","28","0",1981,"1","","Evans County, Georgia","Private","Transportation and Public Utilities Division","County, Industry Division -- by ownership sector","All establishment sizes",6,39,42,43,137040,0,0,255
"13109","5","SIC_0E","28","0",1981,"2","","Evans County, Georgia","Private","Transportation and Public Utilities Division","County, Industry Division -- by ownership sector","All establishment sizes",6,42,45,40,133718,0,0,242
"13109","5","SIC_0E","28","0",1981,"3","N","Evans County, Georgia","Private","Transportation and Public Utilities Division","County, Industry Division -- by ownership sector","All establishment sizes",0,0,0,0,0,0,0,0
"13109","5","SIC_0E","28","0",1981,"4","N","Evans County, Georgia","Private","Transportation and Public Utilities Division","County, Industry Division -- by ownership sector","All establishment sizes",0,0,0,0,0,0,0,0
"13109","5","SIC_0E42","29","0",1981,"1","N","Evans County, Georgia","Private","SIC 42 Trucking And Warehousing","County, 2-digit SIC -- by ownership sector","All establishment sizes",0,0,0,0,0,0,0,0
"13109","5","SIC_0E42","29","0",1981,"2","N","Evans County, Georgia","Private","SIC 42 Trucking And Warehousing","County, 2-digit SIC -- by ownership sector","All establishment sizes",0,0,0,0,0,0,0,0
"13109","5","SIC_0E42","29","0",1981,"3","N","Evans County, Georgia","Private","SIC 42 Trucking And Warehousing","County, 2-digit SIC -- by ownership sector","All establishment sizes",0,0,0,0,0,0,0,0
"13109","5","SIC_0E42","29","0",1981,"4","","Evans County, Georgia","Private","SIC 42 Trucking And Warehousing","County, 2-digit SIC -- by ownership sector","All establishment sizes",3,20,22,21,51010,0,0,186
"13109","5","SIC_0E48","29","0",1981,"1","","Evans County, Georgia","Private","SIC 48 Communication","County, 2-digit SIC -- by ownership sector","All establishment sizes",3,18,18,18,64002,0,0,273
"13109","5","SIC_0E48","29","0",1981,"2","","Evans County, Georgia","Private","SIC 48 Communication","County, 2-digit SIC -- by ownership sector","All establishment sizes",3,19,18,18,55514,0,0,232
"13109","5","SIC_0E48","29","0",1981,"3","N","Evans County, Georgia","Private","SIC 48 Communication","County, 2-digit SIC -- by ownership sector","All establishment sizes",0,0,0,0,0,0,0,0
"13109","5","SIC_0E48","29","0",1981,"4","N","Evans County, Georgia","Private","SIC 48 Communication","County, 2-digit SIC -- by ownership sector","All establishment sizes",0,0,0,0,0,0,0,0
"13109","5","SIC_0E49","29","0",1981,"1","N","Evans County, Georgia","Private","SIC 49 Electric, Gas, And Sanitary Services","County, 2-digit SIC -- by ownership sector","All establishment sizes",0,0,0,0,0,0,0,0
"13109","5","SIC_0E49","29","0",1981,"2","N","Evans County, Georgia","Private","SIC 49 Electric, Gas, And Sanitary Services","County, 2-digit SIC -- by ownership sector","All establishment sizes",0,0,0,0,0,0,0,0
"13109","5","SIC_0E49","29","0",1981,"3","N","Evans County, Georgia","Private","SIC 49 Electric, Gas, And Sanitary Services","County, 2-digit SIC -- by ownership sector","All establishment sizes",0,0,0,0,0,0,0,0
"13109","5","SIC_0E49","29","0",1981,"4","N","Evans County, Georgia","Private","SIC 49 Electric, Gas, And Sanitary Services","County, 2-digit SIC -- by ownership sector","All establishment sizes",0,0,0,0,0,0,0,0
"13109","5","SIC_0F","28","0",1981,"1","","Evans County, Georgia","Private","Wholesale Trade Division","County, Industry Division -- by ownership sector","All establishment sizes",14,91,87,92,213121,0,0,182
"13109","5","SIC_0F","28","0",1981,"2","","Evans County, Georgia","Private","Wholesale Trade Division","County, Industry Division -- by ownership sector","All establishment sizes",13,89,91,102,250340,0,0,204
"13109","5","SIC_0F","28","0",1981,"3","","Evans County, Georgia","Private","Wholesale Trade Division","County, Industry Division -- by ownership sector","All establishment sizes",12,135,132,134,317397,0,0,182
"13109","5","SIC_0F","28","0",1981,"4","","Evans County, Georgia","Private","Wholesale Trade Division","County, Industry Division -- by ownership sector","All establishment sizes",12,130,132,134,375428,0,0,218
"13109","5","SIC_0F50","29","0",1981,"1","","Evans County, Georgia","Private","SIC 50 Wholesale Trade Durable Goods","County, 2-digit SIC -- by ownership sector","All establishment sizes",8,49,48,52,130378,0,0,201
"13109","5","SIC_0F50","29","0",1981,"2","","Evans County, Georgia","Private","SIC 50 Wholesale Trade Durable Goods","County, 2-digit SIC -- by ownership sector","All establishment sizes",7,41,41,50,131672,0,0,230
"13109","5","SIC_0F50","29","0",1981,"3","","Evans County, Georgia","Private","SIC 50 Wholesale Trade Durable Goods","County, 2-digit SIC -- by ownership sector","All establishment sizes",6,86,83,83,218409,0,0,200
"13109","5","SIC_0F50","29","0",1981,"4","","Evans County, Georgia","Private","SIC 50 Wholesale Trade Durable Goods","County, 2-digit SIC -- by ownership sector","All establishment sizes",6,83,83,84,259684,0,0,239
"13109","5","SIC_0F51","29","0",1981,"1","","Evans County, Georgia","Private","SIC 51 Wholesale Trade Nondurable Goods","County, 2-digit SIC -- by ownership sector","All establishment sizes",6,42,39,40,82743,0,0,157
"13109","5","SIC_0F51","29","0",1981,"2","","Evans County, Georgia","Private","SIC 51 Wholesale Trade Nondurable Goods","County, 2-digit SIC -- by ownership sector","All establishment sizes",6,48,50,52,118668,0,0,182
"13109","5","SIC_0F51","29","0",1981,"3","","Evans County, Georgia","Private","SIC 51 Wholesale Trade Nondurable Goods","County, 2-digit SIC -- by ownership sector","All establishment sizes",6,49,49,51,98988,0,0,153
"13109","5","SIC_0F51","29","0",1981,"4","","Evans County, Georgia","Private","SIC 51 Wholesale Trade Nondurable Goods","County, 2-digit SIC -- by ownership sector","All establishment sizes",6,47,49,50,115744,0,0,182
"13109","5","SIC_0G","28","0",1981,"1","","Evans County, Georgia","Private","Retail Trade Division","County, Industry Division -- by ownership sector","All establishment sizes",57,295,297,306,529798,0,0,136
"13109","5","SIC_0G","28","0",1981,"2","","Evans County, Georgia","Private","Retail Trade Division","County, Industry Division -- by ownership sector","All establishment sizes",56,286,290,298,547132,0,0,144
"13109","5","SIC_0G","28","0",1981,"3","","Evans County, Georgia","Private","Retail Trade Division","County, Industry Division -- by ownership sector","All establishment sizes",59,308,300,306,594551,0,0,150
"13109","5","SIC_0G","28","0",1981,"4","","Evans County, Georgia","Private","Retail Trade Division","County, Industry Division -- by ownership sector","All establishment sizes",54,283,288,300,566949,0,0,150
"13109","5","SIC_0G52","29","0",1981,"1","N","Evans County, Georgia","Private","SIC 52 Building Materials and Garden Supplies","County, 2-digit SIC -- by ownership sector","All establishment sizes",0,0,0,0,0,0,0,0
"13109","5","SIC_0G52","29","0",1981,"2","","Evans County, Georgia","Private","SIC 52 Building Materials and Garden Supplies","County, 2-digit SIC -- by ownership sector","All establishment sizes",4,24,24,24,49930,0,0,160
"13109","5","SIC_0G52","29","0",1981,"3","N","Evans County, Georgia","Private","SIC 52 Building Materials and Garden Supplies","County, 2-digit SIC -- by ownership sector","All establishment sizes",0,0,0,0,0,0,0,0
"13109","5","SIC_0G52","29","0",1981,"4","N","Evans County, Georgia","Private","SIC 52 Building Materials and Garden Supplies","County, 2-digit SIC -- by ownership sector","All establishment sizes",0,0,0,0,0,0,0,0
"13109","5","SIC_0G53","29","0",1981,"1","","Evans County, Georgia","Private","SIC 53 General Merchandise Stores","County, 2-digit SIC -- by ownership sector","All establishment sizes",3,51,48,45,69083,0,0,110
"13109","5","SIC_0G53","29","0",1981,"2","","Evans County, Georgia","Private","SIC 53 General Merchandise Stores","County, 2-digit SIC -- by ownership sector","All establishment sizes",3,47,47,49,74113,0,0,119
"13109","5","SIC_0G53","29","0",1981,"3","","Evans County, Georgia","Private","SIC 53 General Merchandise Stores","County, 2-digit SIC -- by ownership sector","All establishment sizes",3,52,43,46,70983,0,0,116
"13109","5","SIC_0G53","29","0",1981,"4","","Evans County, Georgia","Private","SIC 53 General Merchandise Stores","County, 2-digit SIC -- by ownership sector","All establishment sizes",3,45,49,52,59684,0,0,94
"13109","5","SIC_0G54","29","0",1981,"1","","Evans County, Georgia","Private","SIC 54 Food Stores","County, 2-digit SIC -- by ownership sector","All establishment sizes",8,53,54,57,122829,0,0,172
"13109","5","SIC_0G54","29","0",1981,"2","","Evans County, Georgia","Private","SIC 54 Food Stores","County, 2-digit SIC -- by ownership sector","All establishment sizes",8,55,58,58,133268,0,0,179
"13109","5","SIC_0G54","29","0",1981,"3","","Evans County, Georgia","Private","SIC 54 Food Stores","County, 2-digit SIC -- by ownership sector","All establishment sizes",8,55,55,55,152609,0,0,213
"13109","5","SIC_0G54","29","0",1981,"4","","Evans County, Georgia","Private","SIC 54 Food Stores","County, 2-digit SIC -- by ownership sector","All establishment sizes",8,48,48,47,135733,0,0,219
"13109","5","SIC_0G55","29","0",1981,"1","","Evans County, Georgia","Private","SIC 55 Automotive Dealers and Service Stations","County, 2-digit SIC -- by ownership sector","All establishment sizes",14,64,64,66,136582,0,0,162
"13109","5","SIC_0G55","29","0",1981,"2","","Evans County, Georgia","Private","SIC 55 Automotive Dealers and Service Stations","County, 2-digit SIC -- by ownership sector","All establishment sizes",14,62,63,70,144945,0,0,171
"13109","5","SIC_0G55","29","0",1981,"3","","Evans County, Georgia","Private","SIC 55 Automotive Dealers and Service Stations","County, 2-digit SIC -- by ownership sector","All establishment sizes",16,74,69,67,154155,0,0,169
"13109","5","SIC_0G55","29","0",1981,"4","","Evans County, Georgia","Private","SIC 55 Automotive Dealers and Service Stations","County, 2-digit SIC -- by ownership sector","All establishment sizes",13,66,67,66,148577,0,0,172
"13109","5","SIC_0G56","29","0",1981,"1","","Evans County, Georgia","Private","SIC 56 Apparel and Accessory Stores","County, 2-digit SIC -- by ownership sector","All establishment sizes",5,31,31,30,36843,0,0,92
"13109","5","SIC_0G56","29","0",1981,"2","","Evans County, Georgia","Private","SIC 56 Apparel and Accessory Stores","County, 2-digit SIC -- by ownership sector","All establishment sizes",5,28,28,29,35271,0,0,95
"13109","5","SIC_0G56","29","0",1981,"3","","Evans County, Georgia","Private","SIC 56 Apparel and Accessory Stores","County, 2-digit SIC -- by ownership sector","All establishment sizes",5,29,31,33,41386,0,0,102
"13109","5","SIC_0G56","29","0",1981,"4","","Evans County, Georgia","Private","SIC 56 Apparel and Accessory Stores","County, 2-digit SIC -- by ownership sector","All establishment sizes",4,29,27,36,48753,0,0,122
"13109","5","SIC_0G57","29","0",1981,"1","N","Evans County, Georgia","Private","SIC 57 Furniture and Homefurnishings Stores","County, 2-digit SIC -- by ownership sector","All establishment sizes",0,0,0,0,0,0,0,0
"13109","5","SIC_0G57","29","0",1981,"2","N","Evans County, Georgia","Private","SIC 57 Furniture and Homefurnishings Stores","County, 2-digit SIC -- by ownership sector","All establishment sizes",0,0,0,0,0,0,0,0
"13109","5","SIC_0G57","29","0",1981,"3","N","Evans County, Georgia","Private","SIC 57 Furniture and Homefurnishings Stores","County, 2-digit SIC -- by ownership sector","All establishment sizes",0,0,0,0,0,0,0,0
"13109","5","SIC_0G57","29","0",1981,"4","N","Evans County, Georgia","Private","SIC 57 Furniture and Homefurnishings Stores","County, 2-digit SIC -- by ownership sector","All establishment sizes",0,0,0,0,0,0,0,0
"13109","5","SIC_0G58","29","0",1981,"1","","Evans County, Georgia","Private","SIC 58 Eating and Drinking Places","County, 2-digit SIC -- by ownership sector","All establishment sizes",7,28,30,32,33564,0,0,86
"13109","5","SIC_0G58","29","0",1981,"2","N","Evans County, Georgia","Private","SIC 58 Eating and Drinking Places","County, 2-digit SIC -- by ownership sector","All establishment sizes",0,0,0,0,0,0,0,0
"13109","5","SIC_0G58","29","0",1981,"3","","Evans County, Georgia","Private","SIC 58 Eating and Drinking Places","County, 2-digit SIC -- by ownership sector","All establishment sizes",7,31,37,32,38533,0,0,88
"13109","5","SIC_0G58","29","0",1981,"4","","Evans County, Georgia","Private","SIC 58 Eating and Drinking Places","County, 2-digit SIC -- by ownership sector","All establishment sizes",6,28,28,28,33866,0,0,93
"13109","5","SIC_0G59","29","0",1981,"1","","Evans County, Georgia","Private","SIC 59 Miscellaneous Retail","County, 2-digit SIC -- by ownership sector","All establishment sizes",14,41,42,47,78803,0,0,139
"13109","5","SIC_0G59","29","0",1981,"2","","Evans County, Georgia","Private","SIC 59 Miscellaneous Retail","County, 2-digit SIC -- by ownership sector","All establishment sizes",14,43,44,41,77115,0,0,139
"13109","5","SIC_0G59","29","0",1981,"3","","Evans County, Georgia","Private","SIC 59 Miscellaneous Retail","County, 2-digit SIC -- by ownership sector","All establishment sizes",14,41,39,41,82978,0,0,158
"13109","5","SIC_0G59","29","0",1981,"4","","Evans County, Georgia","Private","SIC 59 Miscellaneous Retail","County, 2-digit SIC -- by ownership sector","All establishment sizes",14,41,43,45,85345,0,0,152
"13109","5","SIC_0H","28","0",1981,"1","","Evans County, Georgia","Private","Finance, Insurance, and Real Estate Division","County, Industry Division -- by ownership sector","All establishment sizes",11,68,67,71,216347,0,0,242
"13109","5","SIC_0H","28","0",1981,"2","","Evans County, Georgia","Private","Finance, Insurance, and Real Estate Division","County, Industry Division -- by ownership sector","All establishment sizes",10,75,74,70,210951,0,0,222
"13109","5","SIC_0H","28","0",1981,"3","","Evans County, Georgia","Private","Finance, Insurance, and Real Estate Division","County, Industry Division -- by ownership sector","All establishment sizes",9,72,71,68,210818,0,0,230
"13109","5","SIC_0H","28","0",1981,"4","","Evans County, Georgia","Private","Finance, Insurance, and Real Estate Division","County, Industry Division -- by ownership sector","All establishment sizes",9,71,69,68,209914,0,0,232
"13109","5","SIC_0H60","29","0",1981,"1","N","Evans County, Georgia","Private","SIC 60 Depository Institutions","County, 2-digit SIC -- by ownership sector","All establishment sizes",0,0,0,0,0,0,0,0
"13109","5","SIC_0H60","29","0",1981,"2","N","Evans County, Georgia","Private","SIC 60 Depository Institutions","County, 2-digit SIC -- by ownership sector","All establishment sizes",0,0,0,0,0,0,0,0
"13109","5","SIC_0H60","29","0",1981,"3","N","Evans County, Georgia","Private","SIC 60 Depository Institutions","County, 2-digit SIC -- by ownership sector","All establishment sizes",0,0,0,0,0,0,0,0
"13109","5","SIC_0H60","29","0",1981,"4","N","Evans County, Georgia","Private","SIC 60 Depository Institutions","County, 2-digit SIC -- by ownership sector","All establishment sizes",0,0,0,0,0,0,0,0
"13109","5","SIC_0H61","29","0",1981,"1","N","Evans County, Georgia","Private","SIC 61 Nondepository Institutions","County, 2-digit SIC -- by ownership sector","All establishment sizes",0,0,0,0,0,0,0,0
"13109","5","SIC_0H61","29","0",1981,"2","N","Evans County, Georgia","Private","SIC 61 Nondepository Institutions","County, 2-digit SIC -- by ownership sector","All establishment sizes",0,0,0,0,0,0,0,0
"13109","5","SIC_0H61","29","0",1981,"3","N","Evans County, Georgia","Private","SIC 61 Nondepository Institutions","County, 2-digit SIC -- by ownership sector","All establishment sizes",0,0,0,0,0,0,0,0
"13109","5","SIC_0H61","29","0",1981,"4","N","Evans County, Georgia","Private","SIC 61 Nondepository Institutions","County, 2-digit SIC -- by ownership sector","All establishment sizes",0,0,0,0,0,0,0,0
"13109","5","SIC_0H64","29","0",1981,"1","","Evans County, Georgia","Private","SIC 64 Insurance Agents, Brokers, and Service","County, 2-digit SIC -- by ownership sector","All establishment sizes",5,5,4,4,11767,0,0,208
"13109","5","SIC_0H64","29","0",1981,"2","","Evans County, Georgia","Private","SIC 64 Insurance Agents, Brokers, and Service","County, 2-digit SIC -- by ownership sector","All establishment sizes",4,5,5,5,6106,0,0,93
"13109","5","SIC_0H64","29","0",1981,"3","","Evans County, Georgia","Private","SIC 64 Insurance Agents, Brokers, and Service","County, 2-digit SIC -- by ownership sector","All establishment sizes",4,8,8,8,10479,0,0,100
"13109","5","SIC_0H64","29","0",1981,"4","","Evans County, Georgia","Private","SIC 64 Insurance Agents, Brokers, and Service","County, 2-digit SIC -- by ownership sector","All establishment sizes",4,9,8,8,13445,0,0,124
"13109","5","SIC_0H65","29","0",1981,"1","","Evans County, Georgia","Private","SIC 65 Real Estate","County, 2-digit SIC -- by ownership sector","All establishment sizes",3,11,11,15,20772,0,0,129
"13109","5","SIC_0H65","29","0",1981,"2","","Evans County, Georgia","Private","SIC 65 Real Estate","County, 2-digit SIC -- by ownership sector","All establishment sizes",3,15,13,10,27143,0,0,164
"13109","5","SIC_0H65","29","0",1981,"3","N","Evans County, Georgia","Private","SIC 65 Real Estate","County, 2-digit SIC -- by ownership sector","All establishment sizes",0,0,0,0,0,0,0,0
"13109","5","SIC_0H65","29","0",1981,"4","N","Evans County, Georgia","Private","SIC 65 Real Estate","County, 2-digit SIC -- by ownership sector","All establishment sizes",0,0,0,0,0,0,0,0
"13109","5","SIC_0I","28","0",1981,"1","","Evans County, Georgia","Private","Services Division","County, Industry Division -- by ownership sector","All establishment sizes",38,224,228,223,429171,0,0,146
"13109","5","SIC_0I","28","0",1981,"2","","Evans County, Georgia","Private","Services Division","County, Industry Division -- by ownership sector","All establishment sizes",35,224,218,226,442552,0,0,152
"13109","5","SIC_0I","28","0",1981,"3","","Evans County, Georgia","Private","Services Division","County, Industry Division -- by ownership sector","All establishment sizes",38,262,228,230,468937,0,0,150
"13109","5","SIC_0I","28","0",1981,"4","","Evans County, Georgia","Private","Services Division","County, Industry Division -- by ownership sector","All establishment sizes",40,234,226,223,462034,0,0,156
"13109","5","SIC_0I70","29","0",1981,"1","","Evans County, Georgia","Private","SIC 70 Hotels and Other Lodging Places","County, 2-digit SIC -- by ownership sector","All establishment sizes",3,7,7,6,5877,0,0,67
"13109","5","SIC_0I70","29","0",1981,"2","","Evans County, Georgia","Private","SIC 70 Hotels and Other Lodging Places","County, 2-digit SIC -- by ownership sector","All establishment sizes",3,9,8,8,6346,0,0,58
"13109","5","SIC_0I70","29","0",1981,"3","","Evans County, Georgia","Private","SIC 70 Hotels and Other Lodging Places","County, 2-digit SIC -- by ownership sector","All establishment sizes",4,41,12,9,10878,0,0,40
"13109","5","SIC_0I70","29","0",1981,"4","","Evans County, Georgia","Private","SIC 70 Hotels and Other Lodging Places","County, 2-digit SIC -- by ownership sector","All establishment sizes",4,7,7,6,8473,0,0,97
"13109","5","SIC_0I72","29","0",1981,"1","","Evans County, Georgia","Private","SIC 72 Personal Services","County, 2-digit SIC -- by ownership sector","All establishment sizes",4,10,12,11,18515,0,0,129
"13109","5","SIC_0I72","29","0",1981,"2","","Evans County, Georgia","Private","SIC 72 Personal Services","County, 2-digit SIC -- by ownership sector","All establishment sizes",4,12,11,10,22047,0,0,154
"13109","5","SIC_0I72","29","0",1981,"3","","Evans County, Georgia","Private","SIC 72 Personal Services","County, 2-digit SIC -- by ownership sector","All establishment sizes",4,10,8,8,16504,0,0,146
"13109","5","SIC_0I72","29","0",1981,"4","","Evans County, Georgia","Private","SIC 72 Personal Services","County, 2-digit SIC -- by ownership sector","All establishment sizes",4,9,10,10,17254,0,0,137
"13109","5","SIC_0I73","29","0",1981,"1","N","Evans County, Georgia","Private","SIC 73 Business Services","County, 2-digit SIC -- by ownership sector","All establishment sizes",0,0,0,0,0,0,0,0
"13109","5","SIC_0I73","29","0",1981,"2","N","Evans County, Georgia","Private","SIC 73 Business Services","County, 2-digit SIC -- by ownership sector","All establishment sizes",0,0,0,0,0,0,0,0
"13109","5","SIC_0I73","29","0",1981,"3","N","Evans County, Georgia","Private","SIC 73 Business Services","County, 2-digit SIC -- by ownership sector","All establishment sizes",0,0,0,0,0,0,0,0
"13109","5","SIC_0I73","29","0",1981,"4","N","Evans County, Georgia","Private","SIC 73 Business Services","County, 2-digit SIC -- by ownership sector","All establishment sizes",0,0,0,0,0,0,0,0
"13109","5","SIC_0I75","29","0",1981,"1","","Evans County, Georgia","Private","SIC 75 Auto Repair, Services, and Parking","County, 2-digit SIC -- by ownership sector","All establishment sizes",5,15,16,18,29898,0,0,140
"13109","5","SIC_0I75","29","0",1981,"2","","Evans County, Georgia","Private","SIC 75 Auto Repair, Services, and Parking","County, 2-digit SIC -- by ownership sector","All establishment sizes",5,12,12,12,31901,0,0,204
"13109","5","SIC_0I75","29","0",1981,"3","","Evans County, Georgia","Private","SIC 75 Auto Repair, Services, and Parking","County, 2-digit SIC -- by ownership sector","All establishment sizes",5,22,23,22,36433,0,0,125
"13109","5","SIC_0I75","29","0",1981,"4","","Evans County, Georgia","Private","SIC 75 Auto Repair, Services, and Parking","County, 2-digit SIC -- by ownership sector","All establishment sizes",5,22,20,15,34333,0,0,139
"13109","5","SIC_0I76","29","0",1981,"1","","Evans County, Georgia","Private","SIC 76 Miscellaneous Repair Services","County, 2-digit SIC -- by ownership sector","All establishment sizes",0,0,0,0,0,0,0,0
"13109","5","SIC_0I76","29","0",1981,"2","","Evans County, Georgia","Private","SIC 76 Miscellaneous Repair Services","County, 2-digit SIC -- by ownership sector","All establishment sizes",0,0,0,0,0,0,0,0
"13109","5","SIC_0I76","29","0",1981,"3","N","Evans County, Georgia","Private","SIC 76 Miscellaneous Repair Services","County, 2-digit SIC -- by ownership sector","All establishment sizes",0,0,0,0,0,0,0,0
"13109","5","SIC_0I76","29","0",1981,"4","N","Evans County, Georgia","Private","SIC 76 Miscellaneous Repair Services","County, 2-digit SIC -- by ownership sector","All establishment sizes",0,0,0,0,0,0,0,0
"13109","5","SIC_0I78","29","0",1981,"1","N","Evans County, Georgia","Private","SIC 78 Motion Pictures","County, 2-digit SIC -- by ownership sector","All establishment sizes",0,0,0,0,0,0,0,0
"13109","5","SIC_0I78","29","0",1981,"2","N","Evans County, Georgia","Private","SIC 78 Motion Pictures","County, 2-digit SIC -- by ownership sector","All establishment sizes",0,0,0,0,0,0,0,0
"13109","5","SIC_0I78","29","0",1981,"3","N","Evans County, Georgia","Private","SIC 78 Motion Pictures","County, 2-digit SIC -- by ownership sector","All establishment sizes",0,0,0,0,0,0,0,0
"13109","5","SIC_0I78","29","0",1981,"4","N","Evans County, Georgia","Private","SIC 78 Motion Pictures","County, 2-digit SIC -- by ownership sector","All establishment sizes",0,0,0,0,0,0,0,0
"13109","5","SIC_0I79","29","0",1981,"1","N","Evans County, Georgia","Private","SIC 79 Amusement and Recreation Services","County, 2-digit SIC -- by ownership sector","All establishment sizes",0,0,0,0,0,0,0,0
"13109","5","SIC_0I79","29","0",1981,"2","N","Evans County, Georgia","Private","SIC 79 Amusement and Recreation Services","County, 2-digit SIC -- by ownership sector","All establishment sizes",0,0,0,0,0,0,0,0
"13109","5","SIC_0I79","29","0",1981,"3","N","Evans County, Georgia","Private","SIC 79 Amusement and Recreation Services","County, 2-digit SIC -- by ownership sector","All establishment sizes",0,0,0,0,0,0,0,0
"13109","5","SIC_0I79","29","0",1981,"4","N","Evans County, Georgia","Private","SIC 79 Amusement and Recreation Services","County, 2-digit SIC -- by ownership sector","All establishment sizes",0,0,0,0,0,0,0,0
"13109","5","SIC_0I80","29","0",1981,"1","","Evans County, Georgia","Private","SIC 80 Health Services","County, 2-digit SIC -- by ownership sector","All establishment sizes",11,105,103,102,213365,0,0,158
"13109","5","SIC_0I80","29","0",1981,"2","","Evans County, Georgia","Private","SIC 80 Health Services","County, 2-digit SIC -- by ownership sector","All establishment sizes",10,102,97,107,213193,0,0,160
"13109","5","SIC_0I80","29","0",1981,"3","","Evans County, Georgia","Private","SIC 80 Health Services","County, 2-digit SIC -- by ownership sector","All establishment sizes",11,112,109,112,244627,0,0,169
"13109","5","SIC_0I80","29","0",1981,"4","","Evans County, Georgia","Private","SIC 80 Health Services","County, 2-digit SIC -- by ownership sector","All establishment sizes",12,109,104,107,230844,0,0,166
"13109","5","SIC_0I81","29","0",1981,"1","N","Evans County, Georgia","Private","SIC 81 Legal Services","County, 2-digit SIC -- by ownership sector","All establishment sizes",0,0,0,0,0,0,0,0
"13109","5","SIC_0I81","29","0",1981,"2","N","Evans County, Georgia","Private","SIC 81 Legal Services","County, 2-digit SIC -- by ownership sector","All establishment sizes",0,0,0,0,0,0,0,0
"13109","5","SIC_0I81","29","0",1981,"3","N","Evans County, Georgia","Private","SIC 81 Legal Services","County, 2-digit SIC -- by ownership sector","All establishment sizes",0,0,0,0,0,0,0,0
"13109","5","SIC_0I81","29","0",1981,"4","N","Evans County, Georgia","Private","SIC 81 Legal Services","County, 2-digit SIC -- by ownership sector","All establishment sizes",0,0,0,0,0,0,0,0
"13109","5","SIC_0I82","29","0",1981,"1","N","Evans County, Georgia","Private","SIC 82 Educational Services","County, 2-digit SIC -- by ownership sector","All establishment sizes",0,0,0,0,0,0,0,0
"13109","5","SIC_0I82","29","0",1981,"2","N","Evans County, Georgia","Private","SIC 82 Educational Services","County, 2-digit SIC -- by ownership sector","All establishment sizes",0,0,0,0,0,0,0,0
"13109","5","SIC_0I82","29","0",1981,"3","N","Evans County, Georgia","Private","SIC 82 Educational Services","County, 2-digit SIC -- by ownership sector","All establishment sizes",0,0,0,0,0,0,0,0
"13109","5","SIC_0I82","29","0",1981,"4","N","Evans County, Georgia","Private","SIC 82 Educational Services","County, 2-digit SIC -- by ownership sector","All establishment sizes",0,0,0,0,0,0,0,0
"13109","5","SIC_0I83","29","0",1981,"1","N","Evans County, Georgia","Private","SIC 83 Social Services","County, 2-digit SIC -- by ownership sector","All establishment sizes",0,0,0,0,0,0,0,0
"13109","5","SIC_0I83","29","0",1981,"2","N","Evans County, Georgia","Private","SIC 83 Social Services","County, 2-digit SIC -- by ownership sector","All establishment sizes",0,0,0,0,0,0,0,0
"13109","5","SIC_0I83","29","0",1981,"3","N","Evans County, Georgia","Private","SIC 83 Social Services","County, 2-digit SIC -- by ownership sector","All establishment sizes",0,0,0,0,0,0,0,0
"13109","5","SIC_0I83","29","0",1981,"4","N","Evans County, Georgia","Private","SIC 83 Social Services","County, 2-digit SIC -- by ownership sector","All establishment sizes",0,0,0,0,0,0,0,0
"13109","5","SIC_0I86","29","0",1981,"1","N","Evans County, Georgia","Private","SIC 86 Membership Organizations","County, 2-digit SIC -- by ownership sector","All establishment sizes",0,0,0,0,0,0,0,0
"13109","5","SIC_0I86","29","0",1981,"2","N","Evans County, Georgia","Private","SIC 86 Membership Organizations","County, 2-digit SIC -- by ownership sector","All establishment sizes",0,0,0,0,0,0,0,0
"13109","5","SIC_0I86","29","0",1981,"3","N","Evans County, Georgia","Private","SIC 86 Membership Organizations","County, 2-digit SIC -- by ownership sector","All establishment sizes",0,0,0,0,0,0,0,0
"13109","5","SIC_0I86","29","0",1981,"4","N","Evans County, Georgia","Private","SIC 86 Membership Organizations","County, 2-digit SIC -- by ownership sector","All establishment sizes",0,0,0,0,0,0,0,0
"13109","5","SIC_0I88","29","0",1981,"1","N","Evans County, Georgia","Private","SIC 88 Private Households","County, 2-digit SIC -- by ownership sector","All establishment sizes",0,0,0,0,0,0,0,0
"13109","5","SIC_0I88","29","0",1981,"2","N","Evans County, Georgia","Private","SIC 88 Private Households","County, 2-digit SIC -- by ownership sector","All establishment sizes",0,0,0,0,0,0,0,0
"13109","5","SIC_0I88","29","0",1981,"3","N","Evans County, Georgia","Private","SIC 88 Private Households","County, 2-digit SIC -- by ownership sector","All establishment sizes",0,0,0,0,0,0,0,0
"13109","5","SIC_0I88","29","0",1981,"4","N","Evans County, Georgia","Private","SIC 88 Private Households","County, 2-digit SIC -- by ownership sector","All establishment sizes",0,0,0,0,0,0,0,0
"13109","5","SIC_0I89","29","0",1981,"1","N","Evans County, Georgia","Private","SIC 89 Services, Nec","County, 2-digit SIC -- by ownership sector","All establishment sizes",0,0,0,0,0,0,0,0
"13109","5","SIC_0I89","29","0",1981,"2","N","Evans County, Georgia","Private","SIC 89 Services, Nec","County, 2-digit SIC -- by ownership sector","All establishment sizes",0,0,0,0,0,0,0,0
"13109","5","SIC_0I89","29","0",1981,"3","N","Evans County, Georgia","Private","SIC 89 Services, Nec","County, 2-digit SIC -- by ownership sector","All establishment sizes",0,0,0,0,0,0,0,0
"13109","5","SIC_0I89","29","0",1981,"4","N","Evans County, Georgia","Private","SIC 89 Services, Nec","County, 2-digit SIC -- by ownership sector","All establishment sizes",0,0,0,0,0,0,0,0
"13109","5","SIC_0K","28","0",1981,"1","","Evans County, Georgia","Private","Nonclassifiable Establishments","County, Industry Division -- by ownership sector","All establishment sizes",0,0,0,0,0,0,0,0
"13109","5","SIC_0K","28","0",1981,"2","","Evans County, Georgia","Private","Nonclassifiable Establishments","County, Industry Division -- by ownership sector","All establishment sizes",0,0,0,0,0,0,0,0
"13109","5","SIC_0K","28","0",1981,"3","N","Evans County, Georgia","Private","Nonclassifiable Establishments","County, Industry Division -- by ownership sector","All establishment sizes",0,0,0,0,0,0,0,0
"13109","5","SIC_0K","28","0",1981,"4","N","Evans County, Georgia","Private","Nonclassifiable Establishments","County, Industry Division -- by ownership sector","All establishment sizes",0,0,0,0,0,0,0,0
"13109","5","SIC_0K99","29","0",1981,"1","","Evans County, Georgia","Private","SIC 99 Nonclassifiable Establishments","County, 2-digit SIC -- by ownership sector","All establishment sizes",0,0,0,0,0,0,0,0
"13109","5","SIC_0K99","29","0",1981,"2","","Evans County, Georgia","Private","SIC 99 Nonclassifiable Establishments","County, 2-digit SIC -- by ownership sector","All establishment sizes",0,0,0,0,0,0,0,0
"13109","5","SIC_0K99","29","0",1981,"3","N","Evans County, Georgia","Private","SIC 99 Nonclassifiable Establishments","County, 2-digit SIC -- by ownership sector","All establishment sizes",0,0,0,0,0,0,0,0
"13109","5","SIC_0K99","29","0",1981,"4","N","Evans County, Georgia","Private","SIC 99 Nonclassifiable Establishments","County, 2-digit SIC -- by ownership sector","All establishment sizes",0,0,0,0,0,0,0,0
