"area_fips","own_code","industry_code","agglvl_code","size_code","year","qtr","disclosure_code","area_title","own_title","industry_title","agglvl_title","size_title","qtrly_estabs_count","month1_emplvl","month2_emplvl","month3_emplvl","total_qtrly_wages","taxable_qtrly_wages","qtrly_contributions","avg_wkly_wage"
"13159","0","SIC_0Z","26","0",1981,"1","","Jasper County, Georgia","Total Covered","All Industries","County, Total Covered","All establishment sizes",103,2097,2071,2051,6139650,0,0,227
"13159","0","SIC_0Z","26","0",1981,"2","","Jasper County, Georgia","Total Covered","All Industries","County, Total Covered","All establishment sizes",106,2120,2149,2113,6686659,0,0,241
"13159","0","SIC_0Z","26","0",1981,"3","","Jasper County, Georgia","Total Covered","All Industries","County, Total Covered","All establishment sizes",105,2052,2063,2141,6598626,0,0,243
"13159","0","SIC_0Z","26","0",1981,"4","","Jasper County, Georgia","Total Covered","All Industries","County, Total Covered","All establishment sizes",107,1995,2049,1950,6823099,0,0,262
"13159","1","SIC_0Z","27","0",1981,"1","","Jasper County, Georgia","Federal Government","All Industries","County, Total -- by ownership sector","All establishment sizes",7,64,59,60,201774,0,0,254
"13159","1","SIC_0Z","27","0",1981,"2","","Jasper County, Georgia","Federal Government","All Industries","County, Total -- by ownership sector","All establishment sizes",7,58,62,59,215187,0,0,277
"13159","1","SIC_0Z","27","0",1981,"3","","Jasper County, Georgia","Federal Government","All Industries","County, Total -- by ownership sector","All establishment sizes",7,57,58,59,202661,0,0,268
"13159","1","SIC_0Z","27","0",1981,"4","","Jasper County, Georgia","Federal Government","All Industries","County, Total -- by ownership sector","All establishment sizes",7,60,62,61,233624,0,0,294
"13159","1","SIC_0E","28","0",1981,"1","","Jasper County, Georgia","Federal Government","Transportation and Public Utilities Division","County, Industry Division -- by ownership sector","All establishment sizes",3,18,15,15,75025,0,0,360
"13159","1","SIC_0E","28","0",1981,"2","","Jasper County, Georgia","Federal Government","Transportation and Public Utilities Division","County, Industry Division -- by ownership sector","All establishment sizes",3,16,16,16,62820,0,0,302
"13159","1","SIC_0E","28","0",1981,"3","","Jasper County, Georgia","Federal Government","Transportation and Public Utilities Division","County, Industry Division -- by ownership sector","All establishment sizes",3,17,17,16,80471,0,0,371
"13159","1","SIC_0E","28","0",1981,"4","","Jasper County, Georgia","Federal Government","Transportation and Public Utilities Division","County, Industry Division -- by ownership sector","All establishment sizes",3,18,18,17,82338,0,0,358
"13159","1","SIC_0E43","29","0",1981,"1","","Jasper County, Georgia","Federal Government","SIC 43 U.S. Postal Service","County, 2-digit SIC -- by ownership sector","All establishment sizes",3,18,15,15,75025,0,0,360
"13159","1","SIC_0E43","29","0",1981,"2","","Jasper County, Georgia","Federal Government","SIC 43 U.S. Postal Service","County, 2-digit SIC -- by ownership sector","All establishment sizes",3,16,16,16,62820,0,0,302
"13159","1","SIC_0E43","29","0",1981,"3","","Jasper County, Georgia","Federal Government","SIC 43 U.S. Postal Service","County, 2-digit SIC -- by ownership sector","All establishment sizes",3,17,17,16,80471,0,0,371
"13159","1","SIC_0E43","29","0",1981,"4","","Jasper County, Georgia","Federal Government","SIC 43 U.S. Postal Service","County, 2-digit SIC -- by ownership sector","All establishment sizes",3,18,18,17,82338,0,0,358
"13159","1","SIC_0J","28","0",1981,"1","","Jasper County, Georgia","Federal Government","Public Administration Division","County, Industry Division -- by ownership sector","All establishment sizes",4,46,44,45,126749,0,0,216
"13159","1","SIC_0J","28","0",1981,"2","","Jasper County, Georgia","Federal Government","Public Administration Division","County, Industry Division -- by ownership sector","All establishment sizes",4,42,46,43,152367,0,0,268
"13159","1","SIC_0J","28","0",1981,"3","","Jasper County, Georgia","Federal Government","Public Administration Division","County, Industry Division -- by ownership sector","All establishment sizes",4,40,41,43,122190,0,0,227
"13159","1","SIC_0J","28","0",1981,"4","","Jasper County, Georgia","Federal Government","Public Administration Division","County, Industry Division -- by ownership sector","All establishment sizes",4,42,44,44,151286,0,0,268
"13159","1","SIC_0J95","29","0",1981,"1","","Jasper County, Georgia","Federal Government","SIC 95 Environmental Quality and Housing","County, 2-digit SIC -- by ownership sector","All establishment sizes",4,46,44,45,126749,0,0,216
"13159","1","SIC_0J95","29","0",1981,"2","","Jasper County, Georgia","Federal Government","SIC 95 Environmental Quality and Housing","County, 2-digit SIC -- by ownership sector","All establishment sizes",4,42,46,43,152367,0,0,268
"13159","1","SIC_0J95","29","0",1981,"3","","Jasper County, Georgia","Federal Government","SIC 95 Environmental Quality and Housing","County, 2-digit SIC -- by ownership sector","All establishment sizes",4,40,41,43,122190,0,0,227
"13159","1","SIC_0J95","29","0",1981,"4","","Jasper County, Georgia","Federal Government","SIC 95 Environmental Quality and Housing","County, 2-digit SIC -- by ownership sector","All establishment sizes",4,42,44,44,151286,0,0,268
"13159","2","SIC_0Z","27","0",1981,"1","","Jasper County, Georgia","State Government","All Industries","County, Total -- by ownership sector","All establishment sizes",4,23,24,23,67150,0,0,221
"13159","2","SIC_0Z","27","0",1981,"2","","Jasper County, Georgia","State Government","All Industries","County, Total -- by ownership sector","All establishment sizes",4,23,23,23,68695,0,0,229
"13159","2","SIC_0Z","27","0",1981,"3","","Jasper County, Georgia","State Government","All Industries","County, Total -- by ownership sector","All establishment sizes",4,23,23,23,74305,0,0,248
"13159","2","SIC_0Z","27","0",1981,"4","","Jasper County, Georgia","State Government","All Industries","County, Total -- by ownership sector","All establishment sizes",4,23,24,24,76983,0,0,250
"13159","2","SIC_0A","28","0",1981,"1","N","Jasper County, Georgia","State Government","Agriculture, Forestry, and Fishing Division","County, Industry Division -- by ownership sector","All establishment sizes",0,0,0,0,0,0,0,0
"13159","2","SIC_0A","28","0",1981,"2","N","Jasper County, Georgia","State Government","Agriculture, Forestry, and Fishing Division","County, Industry Division -- by ownership sector","All establishment sizes",0,0,0,0,0,0,0,0
"13159","2","SIC_0A","28","0",1981,"3","N","Jasper County, Georgia","State Government","Agriculture, Forestry, and Fishing Division","County, Industry Division -- by ownership sector","All establishment sizes",0,0,0,0,0,0,0,0
"13159","2","SIC_0A","28","0",1981,"4","N","Jasper County, Georgia","State Government","Agriculture, Forestry, and Fishing Division","County, Industry Division -- by ownership sector","All establishment sizes",0,0,0,0,0,0,0,0
"13159","2","SIC_0A08","29","0",1981,"1","N","Jasper County, Georgia","State Government","SIC 08 Forestry","County, 2-digit SIC -- by ownership sector","All establishment sizes",0,0,0,0,0,0,0,0
"13159","2","SIC_0A08","29","0",1981,"2","N","Jasper County, Georgia","State Government","SIC 08 Forestry","County, 2-digit SIC -- by ownership sector","All establishment sizes",0,0,0,0,0,0,0,0
"13159","2","SIC_0A08","29","0",1981,"3","N","Jasper County, Georgia","State Government","SIC 08 Forestry","County, 2-digit SIC -- by ownership sector","All establishment sizes",0,0,0,0,0,0,0,0
"13159","2","SIC_0A08","29","0",1981,"4","N","Jasper County, Georgia","State Government","SIC 08 Forestry","County, 2-digit SIC -- by ownership sector","All establishment sizes",0,0,0,0,0,0,0,0
"13159","2","SIC_0C","28","0",1981,"1","N","Jasper County, Georgia","State Government","Construction Division","County, Industry Division -- by ownership sector","All establishment sizes",0,0,0,0,0,0,0,0
"13159","2","SIC_0C","28","0",1981,"2","N","Jasper County, Georgia","State Government","Construction Division","County, Industry Division -- by ownership sector","All establishment sizes",0,0,0,0,0,0,0,0
"13159","2","SIC_0C","28","0",1981,"3","N","Jasper County, Georgia","State Government","Construction Division","County, Industry Division -- by ownership sector","All establishment sizes",0,0,0,0,0,0,0,0
"13159","2","SIC_0C","28","0",1981,"4","N","Jasper County, Georgia","State Government","Construction Division","County, Industry Division -- by ownership sector","All establishment sizes",0,0,0,0,0,0,0,0
"13159","2","SIC_0C16","29","0",1981,"1","N","Jasper County, Georgia","State Government","SIC 16 Heavy Construction, ex. Building","County, 2-digit SIC -- by ownership sector","All establishment sizes",0,0,0,0,0,0,0,0
"13159","2","SIC_0C16","29","0",1981,"2","N","Jasper County, Georgia","State Government","SIC 16 Heavy Construction, ex. Building","County, 2-digit SIC -- by ownership sector","All establishment sizes",0,0,0,0,0,0,0,0
"13159","2","SIC_0C16","29","0",1981,"3","N","Jasper County, Georgia","State Government","SIC 16 Heavy Construction, ex. Building","County, 2-digit SIC -- by ownership sector","All establishment sizes",0,0,0,0,0,0,0,0
"13159","2","SIC_0C16","29","0",1981,"4","N","Jasper County, Georgia","State Government","SIC 16 Heavy Construction, ex. Building","County, 2-digit SIC -- by ownership sector","All establishment sizes",0,0,0,0,0,0,0,0
"13159","2","SIC_0I","28","0",1981,"1","N","Jasper County, Georgia","State Government","Services Division","County, Industry Division -- by ownership sector","All establishment sizes",0,0,0,0,0,0,0,0
"13159","2","SIC_0I","28","0",1981,"2","N","Jasper County, Georgia","State Government","Services Division","County, Industry Division -- by ownership sector","All establishment sizes",0,0,0,0,0,0,0,0
"13159","2","SIC_0I","28","0",1981,"3","N","Jasper County, Georgia","State Government","Services Division","County, Industry Division -- by ownership sector","All establishment sizes",0,0,0,0,0,0,0,0
"13159","2","SIC_0I","28","0",1981,"4","N","Jasper County, Georgia","State Government","Services Division","County, Industry Division -- by ownership sector","All establishment sizes",0,0,0,0,0,0,0,0
"13159","2","SIC_0I80","29","0",1981,"1","N","Jasper County, Georgia","State Government","SIC 80 Health Services","County, 2-digit SIC -- by ownership sector","All establishment sizes",0,0,0,0,0,0,0,0
"13159","2","SIC_0I80","29","0",1981,"2","N","Jasper County, Georgia","State Government","SIC 80 Health Services","County, 2-digit SIC -- by ownership sector","All establishment sizes",0,0,0,0,0,0,0,0
"13159","2","SIC_0I80","29","0",1981,"3","N","Jasper County, Georgia","State Government","SIC 80 Health Services","County, 2-digit SIC -- by ownership sector","All establishment sizes",0,0,0,0,0,0,0,0
"13159","2","SIC_0I80","29","0",1981,"4","N","Jasper County, Georgia","State Government","SIC 80 Health Services","County, 2-digit SIC -- by ownership sector","All establishment sizes",0,0,0,0,0,0,0,0
"13159","2","SIC_0I83","29","0",1981,"1","N","Jasper County, Georgia","State Government","SIC 83 Social Services","County, 2-digit SIC -- by ownership sector","All establishment sizes",0,0,0,0,0,0,0,0
"13159","2","SIC_0I83","29","0",1981,"2","N","Jasper County, Georgia","State Government","SIC 83 Social Services","County, 2-digit SIC -- by ownership sector","All establishment sizes",0,0,0,0,0,0,0,0
"13159","2","SIC_0I83","29","0",1981,"3","N","Jasper County, Georgia","State Government","SIC 83 Social Services","County, 2-digit SIC -- by ownership sector","All establishment sizes",0,0,0,0,0,0,0,0
"13159","2","SIC_0I83","29","0",1981,"4","N","Jasper County, Georgia","State Government","SIC 83 Social Services","County, 2-digit SIC -- by ownership sector","All establishment sizes",0,0,0,0,0,0,0,0
"13159","3","SIC_0Z","27","0",1981,"1","","Jasper County, Georgia","Local Government","All Industries","County, Total -- by ownership sector","All establishment sizes",6,357,355,361,757490,0,0,162
"13159","3","SIC_0Z","27","0",1981,"2","","Jasper County, Georgia","Local Government","All Industries","County, Total -- by ownership sector","All establishment sizes",6,367,367,331,765864,0,0,165
"13159","3","SIC_0Z","27","0",1981,"3","","Jasper County, Georgia","Local Government","All Industries","County, Total -- by ownership sector","All establishment sizes",6,326,334,352,821897,0,0,187
"13159","3","SIC_0Z","27","0",1981,"4","","Jasper County, Georgia","Local Government","All Industries","County, Total -- by ownership sector","All establishment sizes",6,351,337,312,816859,0,0,188
"13159","3","SIC_0H","28","0",1981,"1","N","Jasper County, Georgia","Local Government","Finance, Insurance, and Real Estate Division","County, Industry Division -- by ownership sector","All establishment sizes",0,0,0,0,0,0,0,0
"13159","3","SIC_0H","28","0",1981,"2","N","Jasper County, Georgia","Local Government","Finance, Insurance, and Real Estate Division","County, Industry Division -- by ownership sector","All establishment sizes",0,0,0,0,0,0,0,0
"13159","3","SIC_0H","28","0",1981,"3","N","Jasper County, Georgia","Local Government","Finance, Insurance, and Real Estate Division","County, Industry Division -- by ownership sector","All establishment sizes",0,0,0,0,0,0,0,0
"13159","3","SIC_0H","28","0",1981,"4","N","Jasper County, Georgia","Local Government","Finance, Insurance, and Real Estate Division","County, Industry Division -- by ownership sector","All establishment sizes",0,0,0,0,0,0,0,0
"13159","3","SIC_0H65","29","0",1981,"1","N","Jasper County, Georgia","Local Government","SIC 65 Real Estate","County, 2-digit SIC -- by ownership sector","All establishment sizes",0,0,0,0,0,0,0,0
"13159","3","SIC_0H65","29","0",1981,"2","N","Jasper County, Georgia","Local Government","SIC 65 Real Estate","County, 2-digit SIC -- by ownership sector","All establishment sizes",0,0,0,0,0,0,0,0
"13159","3","SIC_0H65","29","0",1981,"3","N","Jasper County, Georgia","Local Government","SIC 65 Real Estate","County, 2-digit SIC -- by ownership sector","All establishment sizes",0,0,0,0,0,0,0,0
"13159","3","SIC_0H65","29","0",1981,"4","N","Jasper County, Georgia","Local Government","SIC 65 Real Estate","County, 2-digit SIC -- by ownership sector","All establishment sizes",0,0,0,0,0,0,0,0
"13159","3","SIC_0I","28","0",1981,"1","N","Jasper County, Georgia","Local Government","Services Division","County, Industry Division -- by ownership sector","All establishment sizes",0,0,0,0,0,0,0,0
"13159","3","SIC_0I","28","0",1981,"2","N","Jasper County, Georgia","Local Government","Services Division","County, Industry Division -- by ownership sector","All establishment sizes",0,0,0,0,0,0,0,0
"13159","3","SIC_0I","28","0",1981,"3","N","Jasper County, Georgia","Local Government","Services Division","County, Industry Division -- by ownership sector","All establishment sizes",0,0,0,0,0,0,0,0
"13159","3","SIC_0I","28","0",1981,"4","N","Jasper County, Georgia","Local Government","Services Division","County, Industry Division -- by ownership sector","All establishment sizes",0,0,0,0,0,0,0,0
"13159","3","SIC_0I80","29","0",1981,"1","N","Jasper County, Georgia","Local Government","SIC 80 Health Services","County, 2-digit SIC -- by ownership sector","All establishment sizes",0,0,0,0,0,0,0,0
"13159","3","SIC_0I80","29","0",1981,"2","N","Jasper County, Georgia","Local Government","SIC 80 Health Services","County, 2-digit SIC -- by ownership sector","All establishment sizes",0,0,0,0,0,0,0,0
"13159","3","SIC_0I80","29","0",1981,"3","N","Jasper County, Georgia","Local Government","SIC 80 Health Services","County, 2-digit SIC -- by ownership sector","All establishment sizes",0,0,0,0,0,0,0,0
"13159","3","SIC_0I80","29","0",1981,"4","N","Jasper County, Georgia","Local Government","SIC 80 Health Services","County, 2-digit SIC -- by ownership sector","All establishment sizes",0,0,0,0,0,0,0,0
"13159","3","SIC_0I82","29","0",1981,"1","N","Jasper County, Georgia","Local Government","SIC 82 Educational Services","County, 2-digit SIC -- by ownership sector","All establishment sizes",0,0,0,0,0,0,0,0
"13159","3","SIC_0I82","29","0",1981,"2","N","Jasper County, Georgia","Local Government","SIC 82 Educational Services","County, 2-digit SIC -- by ownership sector","All establishment sizes",0,0,0,0,0,0,0,0
"13159","3","SIC_0I82","29","0",1981,"3","N","Jasper County, Georgia","Local Government","SIC 82 Educational Services","County, 2-digit SIC -- by ownership sector","All establishment sizes",0,0,0,0,0,0,0,0
"13159","3","SIC_0I82","29","0",1981,"4","N","Jasper County, Georgia","Local Government","SIC 82 Educational Services","County, 2-digit SIC -- by ownership sector","All establishment sizes",0,0,0,0,0,0,0,0
"13159","3","SIC_0J","28","0",1981,"1","","Jasper County, Georgia","Local Government","Public Administration Division","County, Industry Division -- by ownership sector","All establishment sizes",3,93,94,95,199216,0,0,163
"13159","3","SIC_0J","28","0",1981,"2","","Jasper County, Georgia","Local Government","Public Administration Division","County, Industry Division -- by ownership sector","All establishment sizes",3,100,98,102,197019,0,0,151
"13159","3","SIC_0J","28","0",1981,"3","","Jasper County, Georgia","Local Government","Public Administration Division","County, Industry Division -- by ownership sector","All establishment sizes",3,89,94,97,206642,0,0,170
"13159","3","SIC_0J","28","0",1981,"4","","Jasper County, Georgia","Local Government","Public Administration Division","County, Industry Division -- by ownership sector","All establishment sizes",3,92,88,89,207534,0,0,178
"13159","3","SIC_0J91","29","0",1981,"1","","Jasper County, Georgia","Local Government","SIC 91 Executive, Legislative, and General","County, 2-digit SIC -- by ownership sector","All establishment sizes",3,93,94,95,199216,0,0,163
"13159","3","SIC_0J91","29","0",1981,"2","","Jasper County, Georgia","Local Government","SIC 91 Executive, Legislative, and General","County, 2-digit SIC -- by ownership sector","All establishment sizes",3,100,98,102,197019,0,0,151
"13159","3","SIC_0J91","29","0",1981,"3","","Jasper County, Georgia","Local Government","SIC 91 Executive, Legislative, and General","County, 2-digit SIC -- by ownership sector","All establishment sizes",3,89,94,97,206642,0,0,170
"13159","3","SIC_0J91","29","0",1981,"4","","Jasper County, Georgia","Local Government","SIC 91 Executive, Legislative, and General","County, 2-digit SIC -- by ownership sector","All establishment sizes",3,92,88,89,207534,0,0,178
"13159","5","SIC_0Z","27","0",1981,"1","","Jasper County, Georgia","Private","All Industries","County, Total -- by ownership sector","All establishment sizes",86,1653,1633,1607,5113236,0,0,241
"13159","5","SIC_0Z","27","0",1981,"2","","Jasper County, Georgia","Private","All Industries","County, Total -- by ownership sector","All establishment sizes",89,1672,1697,1700,5636913,0,0,256
"13159","5","SIC_0Z","27","0",1981,"3","","Jasper County, Georgia","Private","All Industries","County, Total -- by ownership sector","All establishment sizes",88,1646,1648,1707,5499763,0,0,253
"13159","5","SIC_0Z","27","0",1981,"4","","Jasper County, Georgia","Private","All Industries","County, Total -- by ownership sector","All establishment sizes",90,1561,1626,1553,5695633,0,0,277
"13159","5","SIC_0A","28","0",1981,"1","N","Jasper County, Georgia","Private","Agriculture, Forestry, and Fishing Division","County, Industry Division -- by ownership sector","All establishment sizes",0,0,0,0,0,0,0,0
"13159","5","SIC_0A","28","0",1981,"2","N","Jasper County, Georgia","Private","Agriculture, Forestry, and Fishing Division","County, Industry Division -- by ownership sector","All establishment sizes",0,0,0,0,0,0,0,0
"13159","5","SIC_0A","28","0",1981,"3","N","Jasper County, Georgia","Private","Agriculture, Forestry, and Fishing Division","County, Industry Division -- by ownership sector","All establishment sizes",0,0,0,0,0,0,0,0
"13159","5","SIC_0A","28","0",1981,"4","N","Jasper County, Georgia","Private","Agriculture, Forestry, and Fishing Division","County, Industry Division -- by ownership sector","All establishment sizes",0,0,0,0,0,0,0,0
"13159","5","SIC_0A02","29","0",1981,"1","N","Jasper County, Georgia","Private","SIC 02 Agricultural Production Livestock","County, 2-digit SIC -- by ownership sector","All establishment sizes",0,0,0,0,0,0,0,0
"13159","5","SIC_0A02","29","0",1981,"2","N","Jasper County, Georgia","Private","SIC 02 Agricultural Production Livestock","County, 2-digit SIC -- by ownership sector","All establishment sizes",0,0,0,0,0,0,0,0
"13159","5","SIC_0A02","29","0",1981,"3","N","Jasper County, Georgia","Private","SIC 02 Agricultural Production Livestock","County, 2-digit SIC -- by ownership sector","All establishment sizes",0,0,0,0,0,0,0,0
"13159","5","SIC_0A02","29","0",1981,"4","N","Jasper County, Georgia","Private","SIC 02 Agricultural Production Livestock","County, 2-digit SIC -- by ownership sector","All establishment sizes",0,0,0,0,0,0,0,0
"13159","5","SIC_0A07","29","0",1981,"1","N","Jasper County, Georgia","Private","SIC 07 Agricultural Services","County, 2-digit SIC -- by ownership sector","All establishment sizes",0,0,0,0,0,0,0,0
"13159","5","SIC_0A07","29","0",1981,"2","N","Jasper County, Georgia","Private","SIC 07 Agricultural Services","County, 2-digit SIC -- by ownership sector","All establishment sizes",0,0,0,0,0,0,0,0
"13159","5","SIC_0A07","29","0",1981,"3","N","Jasper County, Georgia","Private","SIC 07 Agricultural Services","County, 2-digit SIC -- by ownership sector","All establishment sizes",0,0,0,0,0,0,0,0
"13159","5","SIC_0A07","29","0",1981,"4","N","Jasper County, Georgia","Private","SIC 07 Agricultural Services","County, 2-digit SIC -- by ownership sector","All establishment sizes",0,0,0,0,0,0,0,0
"13159","5","SIC_0B","28","0",1981,"1","N","Jasper County, Georgia","Private","Mining Division","County, Industry Division -- by ownership sector","All establishment sizes",0,0,0,0,0,0,0,0
"13159","5","SIC_0B","28","0",1981,"2","N","Jasper County, Georgia","Private","Mining Division","County, Industry Division -- by ownership sector","All establishment sizes",0,0,0,0,0,0,0,0
"13159","5","SIC_0B","28","0",1981,"3","N","Jasper County, Georgia","Private","Mining Division","County, Industry Division -- by ownership sector","All establishment sizes",0,0,0,0,0,0,0,0
"13159","5","SIC_0B","28","0",1981,"4","N","Jasper County, Georgia","Private","Mining Division","County, Industry Division -- by ownership sector","All establishment sizes",0,0,0,0,0,0,0,0
"13159","5","SIC_0B14","29","0",1981,"1","N","Jasper County, Georgia","Private","SIC 14 Nonmetallic Minerals, Except Fuels","County, 2-digit SIC -- by ownership sector","All establishment sizes",0,0,0,0,0,0,0,0
"13159","5","SIC_0B14","29","0",1981,"2","N","Jasper County, Georgia","Private","SIC 14 Nonmetallic Minerals, Except Fuels","County, 2-digit SIC -- by ownership sector","All establishment sizes",0,0,0,0,0,0,0,0
"13159","5","SIC_0B14","29","0",1981,"3","N","Jasper County, Georgia","Private","SIC 14 Nonmetallic Minerals, Except Fuels","County, 2-digit SIC -- by ownership sector","All establishment sizes",0,0,0,0,0,0,0,0
"13159","5","SIC_0B14","29","0",1981,"4","N","Jasper County, Georgia","Private","SIC 14 Nonmetallic Minerals, Except Fuels","County, 2-digit SIC -- by ownership sector","All establishment sizes",0,0,0,0,0,0,0,0
"13159","5","SIC_0C","28","0",1981,"1","N","Jasper County, Georgia","Private","Construction Division","County, Industry Division -- by ownership sector","All establishment sizes",0,0,0,0,0,0,0,0
"13159","5","SIC_0C","28","0",1981,"2","","Jasper County, Georgia","Private","Construction Division","County, Industry Division -- by ownership sector","All establishment sizes",4,45,48,39,146641,0,0,256
"13159","5","SIC_0C","28","0",1981,"3","","Jasper County, Georgia","Private","Construction Division","County, Industry Division -- by ownership sector","All establishment sizes",3,11,5,8,13579,0,0,130
"13159","5","SIC_0C","28","0",1981,"4","","Jasper County, Georgia","Private","Construction Division","County, Industry Division -- by ownership sector","All establishment sizes",4,8,8,8,19082,0,0,183
"13159","5","SIC_0C15","29","0",1981,"1","N","Jasper County, Georgia","Private","SIC 15 General Building Contractors","County, 2-digit SIC -- by ownership sector","All establishment sizes",0,0,0,0,0,0,0,0
"13159","5","SIC_0C15","29","0",1981,"2","N","Jasper County, Georgia","Private","SIC 15 General Building Contractors","County, 2-digit SIC -- by ownership sector","All establishment sizes",0,0,0,0,0,0,0,0
"13159","5","SIC_0C15","29","0",1981,"3","N","Jasper County, Georgia","Private","SIC 15 General Building Contractors","County, 2-digit SIC -- by ownership sector","All establishment sizes",0,0,0,0,0,0,0,0
"13159","5","SIC_0C15","29","0",1981,"4","N","Jasper County, Georgia","Private","SIC 15 General Building Contractors","County, 2-digit SIC -- by ownership sector","All establishment sizes",0,0,0,0,0,0,0,0
"13159","5","SIC_0C16","29","0",1981,"1","","Jasper County, Georgia","Private","SIC 16 Heavy Construction, ex. Building","County, 2-digit SIC -- by ownership sector","All establishment sizes",0,0,0,0,0,0,0,0
"13159","5","SIC_0C16","29","0",1981,"2","N","Jasper County, Georgia","Private","SIC 16 Heavy Construction, ex. Building","County, 2-digit SIC -- by ownership sector","All establishment sizes",0,0,0,0,0,0,0,0
"13159","5","SIC_0C16","29","0",1981,"3","","Jasper County, Georgia","Private","SIC 16 Heavy Construction, ex. Building","County, 2-digit SIC -- by ownership sector","All establishment sizes",0,0,0,0,0,0,0,0
"13159","5","SIC_0C16","29","0",1981,"4","","Jasper County, Georgia","Private","SIC 16 Heavy Construction, ex. Building","County, 2-digit SIC -- by ownership sector","All establishment sizes",0,0,0,0,0,0,0,0
"13159","5","SIC_0C17","29","0",1981,"1","N","Jasper County, Georgia","Private","SIC 17 Special Trade Contractors","County, 2-digit SIC -- by ownership sector","All establishment sizes",0,0,0,0,0,0,0,0
"13159","5","SIC_0C17","29","0",1981,"2","N","Jasper County, Georgia","Private","SIC 17 Special Trade Contractors","County, 2-digit SIC -- by ownership sector","All establishment sizes",0,0,0,0,0,0,0,0
"13159","5","SIC_0C17","29","0",1981,"3","N","Jasper County, Georgia","Private","SIC 17 Special Trade Contractors","County, 2-digit SIC -- by ownership sector","All establishment sizes",0,0,0,0,0,0,0,0
"13159","5","SIC_0C17","29","0",1981,"4","N","Jasper County, Georgia","Private","SIC 17 Special Trade Contractors","County, 2-digit SIC -- by ownership sector","All establishment sizes",0,0,0,0,0,0,0,0
"13159","5","SIC_0D","28","0",1981,"1","","Jasper County, Georgia","Private","Manufacturing Division","County, Industry Division -- by ownership sector","All establishment sizes",17,1288,1271,1246,4252340,0,0,257
"13159","5","SIC_0D","28","0",1981,"2","","Jasper County, Georgia","Private","Manufacturing Division","County, Industry Division -- by ownership sector","All establishment sizes",19,1246,1260,1265,4596784,0,0,281
"13159","5","SIC_0D","28","0",1981,"3","","Jasper County, Georgia","Private","Manufacturing Division","County, Industry Division -- by ownership sector","All establishment sizes",18,1244,1256,1321,4568707,0,0,275
"13159","5","SIC_0D","28","0",1981,"4","","Jasper County, Georgia","Private","Manufacturing Division","County, Industry Division -- by ownership sector","All establishment sizes",20,1190,1258,1180,4702267,0,0,299
"13159","5","SIC_0D22","29","0",1981,"1","N","Jasper County, Georgia","Private","SIC 22 Textile Mill Products","County, 2-digit SIC -- by ownership sector","All establishment sizes",0,0,0,0,0,0,0,0
"13159","5","SIC_0D22","29","0",1981,"2","N","Jasper County, Georgia","Private","SIC 22 Textile Mill Products","County, 2-digit SIC -- by ownership sector","All establishment sizes",0,0,0,0,0,0,0,0
"13159","5","SIC_0D22","29","0",1981,"3","N","Jasper County, Georgia","Private","SIC 22 Textile Mill Products","County, 2-digit SIC -- by ownership sector","All establishment sizes",0,0,0,0,0,0,0,0
"13159","5","SIC_0D22","29","0",1981,"4","N","Jasper County, Georgia","Private","SIC 22 Textile Mill Products","County, 2-digit SIC -- by ownership sector","All establishment sizes",0,0,0,0,0,0,0,0
"13159","5","SIC_0D23","29","0",1981,"1","N","Jasper County, Georgia","Private","SIC 23 Apparel and Other Textile Products","County, 2-digit SIC -- by ownership sector","All establishment sizes",0,0,0,0,0,0,0,0
"13159","5","SIC_0D23","29","0",1981,"2","N","Jasper County, Georgia","Private","SIC 23 Apparel and Other Textile Products","County, 2-digit SIC -- by ownership sector","All establishment sizes",0,0,0,0,0,0,0,0
"13159","5","SIC_0D23","29","0",1981,"3","N","Jasper County, Georgia","Private","SIC 23 Apparel and Other Textile Products","County, 2-digit SIC -- by ownership sector","All establishment sizes",0,0,0,0,0,0,0,0
"13159","5","SIC_0D23","29","0",1981,"4","N","Jasper County, Georgia","Private","SIC 23 Apparel and Other Textile Products","County, 2-digit SIC -- by ownership sector","All establishment sizes",0,0,0,0,0,0,0,0
"13159","5","SIC_0D24","29","0",1981,"1","","Jasper County, Georgia","Private","SIC 24 Lumber and Wood Products","County, 2-digit SIC -- by ownership sector","All establishment sizes",13,1059,1049,1019,3827368,0,0,282
"13159","5","SIC_0D24","29","0",1981,"2","","Jasper County, Georgia","Private","SIC 24 Lumber and Wood Products","County, 2-digit SIC -- by ownership sector","All establishment sizes",15,1020,1029,1026,4042895,0,0,303
"13159","5","SIC_0D24","29","0",1981,"3","","Jasper County, Georgia","Private","SIC 24 Lumber and Wood Products","County, 2-digit SIC -- by ownership sector","All establishment sizes",14,1006,1018,1010,4056131,0,0,308
"13159","5","SIC_0D24","29","0",1981,"4","","Jasper County, Georgia","Private","SIC 24 Lumber and Wood Products","County, 2-digit SIC -- by ownership sector","All establishment sizes",16,964,955,960,4192349,0,0,336
"13159","5","SIC_0D30","29","0",1981,"1","N","Jasper County, Georgia","Private","SIC 30 Rubber and Misc. Plastics Products","County, 2-digit SIC -- by ownership sector","All establishment sizes",0,0,0,0,0,0,0,0
"13159","5","SIC_0D30","29","0",1981,"2","N","Jasper County, Georgia","Private","SIC 30 Rubber and Misc. Plastics Products","County, 2-digit SIC -- by ownership sector","All establishment sizes",0,0,0,0,0,0,0,0
"13159","5","SIC_0D30","29","0",1981,"3","N","Jasper County, Georgia","Private","SIC 30 Rubber and Misc. Plastics Products","County, 2-digit SIC -- by ownership sector","All establishment sizes",0,0,0,0,0,0,0,0
"13159","5","SIC_0D30","29","0",1981,"4","N","Jasper County, Georgia","Private","SIC 30 Rubber and Misc. Plastics Products","County, 2-digit SIC -- by ownership sector","All establishment sizes",0,0,0,0,0,0,0,0
"13159","5","SIC_0D37","29","0",1981,"1","N","Jasper County, Georgia","Private","SIC 37 Transportation Equipment","County, 2-digit SIC -- by ownership sector","All establishment sizes",0,0,0,0,0,0,0,0
"13159","5","SIC_0D37","29","0",1981,"2","N","Jasper County, Georgia","Private","SIC 37 Transportation Equipment","County, 2-digit SIC -- by ownership sector","All establishment sizes",0,0,0,0,0,0,0,0
"13159","5","SIC_0D37","29","0",1981,"3","N","Jasper County, Georgia","Private","SIC 37 Transportation Equipment","County, 2-digit SIC -- by ownership sector","All establishment sizes",0,0,0,0,0,0,0,0
"13159","5","SIC_0D37","29","0",1981,"4","N","Jasper County, Georgia","Private","SIC 37 Transportation Equipment","County, 2-digit SIC -- by ownership sector","All establishment sizes",0,0,0,0,0,0,0,0
"13159","5","SIC_0E","28","0",1981,"1","","Jasper County, Georgia","Private","Transportation and Public Utilities Division","County, Industry Division -- by ownership sector","All establishment sizes",3,23,23,23,119695,0,0,400
"13159","5","SIC_0E","28","0",1981,"2","","Jasper County, Georgia","Private","Transportation and Public Utilities Division","County, Industry Division -- by ownership sector","All establishment sizes",3,23,23,23,112375,0,0,375
"13159","5","SIC_0E","28","0",1981,"3","","Jasper County, Georgia","Private","Transportation and Public Utilities Division","County, Industry Division -- by ownership sector","All establishment sizes",3,23,23,23,121239,0,0,405
"13159","5","SIC_0E","28","0",1981,"4","","Jasper County, Georgia","Private","Transportation and Public Utilities Division","County, Industry Division -- by ownership sector","All establishment sizes",3,20,21,21,126017,0,0,469
"13159","5","SIC_0E48","29","0",1981,"1","N","Jasper County, Georgia","Private","SIC 48 Communication","County, 2-digit SIC -- by ownership sector","All establishment sizes",0,0,0,0,0,0,0,0
"13159","5","SIC_0E48","29","0",1981,"2","N","Jasper County, Georgia","Private","SIC 48 Communication","County, 2-digit SIC -- by ownership sector","All establishment sizes",0,0,0,0,0,0,0,0
"13159","5","SIC_0E48","29","0",1981,"3","N","Jasper County, Georgia","Private","SIC 48 Communication","County, 2-digit SIC -- by ownership sector","All establishment sizes",0,0,0,0,0,0,0,0
"13159","5","SIC_0E48","29","0",1981,"4","N","Jasper County, Georgia","Private","SIC 48 Communication","County, 2-digit SIC -- by ownership sector","All establishment sizes",0,0,0,0,0,0,0,0
"13159","5","SIC_0E49","29","0",1981,"1","N","Jasper County, Georgia","Private","SIC 49 Electric, Gas, And Sanitary Services","County, 2-digit SIC -- by ownership sector","All establishment sizes",0,0,0,0,0,0,0,0
"13159","5","SIC_0E49","29","0",1981,"2","N","Jasper County, Georgia","Private","SIC 49 Electric, Gas, And Sanitary Services","County, 2-digit SIC -- by ownership sector","All establishment sizes",0,0,0,0,0,0,0,0
"13159","5","SIC_0E49","29","0",1981,"3","N","Jasper County, Georgia","Private","SIC 49 Electric, Gas, And Sanitary Services","County, 2-digit SIC -- by ownership sector","All establishment sizes",0,0,0,0,0,0,0,0
"13159","5","SIC_0E49","29","0",1981,"4","N","Jasper County, Georgia","Private","SIC 49 Electric, Gas, And Sanitary Services","County, 2-digit SIC -- by ownership sector","All establishment sizes",0,0,0,0,0,0,0,0
"13159","5","SIC_0F","28","0",1981,"1","N","Jasper County, Georgia","Private","Wholesale Trade Division","County, Industry Division -- by ownership sector","All establishment sizes",0,0,0,0,0,0,0,0
"13159","5","SIC_0F","28","0",1981,"2","N","Jasper County, Georgia","Private","Wholesale Trade Division","County, Industry Division -- by ownership sector","All establishment sizes",0,0,0,0,0,0,0,0
"13159","5","SIC_0F","28","0",1981,"3","N","Jasper County, Georgia","Private","Wholesale Trade Division","County, Industry Division -- by ownership sector","All establishment sizes",0,0,0,0,0,0,0,0
"13159","5","SIC_0F","28","0",1981,"4","N","Jasper County, Georgia","Private","Wholesale Trade Division","County, Industry Division -- by ownership sector","All establishment sizes",0,0,0,0,0,0,0,0
"13159","5","SIC_0F50","29","0",1981,"1","N","Jasper County, Georgia","Private","SIC 50 Wholesale Trade Durable Goods","County, 2-digit SIC -- by ownership sector","All establishment sizes",0,0,0,0,0,0,0,0
"13159","5","SIC_0F50","29","0",1981,"2","N","Jasper County, Georgia","Private","SIC 50 Wholesale Trade Durable Goods","County, 2-digit SIC -- by ownership sector","All establishment sizes",0,0,0,0,0,0,0,0
"13159","5","SIC_0F50","29","0",1981,"3","N","Jasper County, Georgia","Private","SIC 50 Wholesale Trade Durable Goods","County, 2-digit SIC -- by ownership sector","All establishment sizes",0,0,0,0,0,0,0,0
"13159","5","SIC_0F50","29","0",1981,"4","N","Jasper County, Georgia","Private","SIC 50 Wholesale Trade Durable Goods","County, 2-digit SIC -- by ownership sector","All establishment sizes",0,0,0,0,0,0,0,0
"13159","5","SIC_0G","28","0",1981,"1","","Jasper County, Georgia","Private","Retail Trade Division","County, Industry Division -- by ownership sector","All establishment sizes",29,111,107,102,185975,0,0,134
"13159","5","SIC_0G","28","0",1981,"2","","Jasper County, Georgia","Private","Retail Trade Division","County, Industry Division -- by ownership sector","All establishment sizes",28,125,126,129,199116,0,0,120
"13159","5","SIC_0G","28","0",1981,"3","","Jasper County, Georgia","Private","Retail Trade Division","County, Industry Division -- by ownership sector","All establishment sizes",28,131,130,126,208341,0,0,124
"13159","5","SIC_0G","28","0",1981,"4","","Jasper County, Georgia","Private","Retail Trade Division","County, Industry Division -- by ownership sector","All establishment sizes",28,105,109,113,206451,0,0,145
"13159","5","SIC_0G52","29","0",1981,"1","N","Jasper County, Georgia","Private","SIC 52 Building Materials and Garden Supplies","County, 2-digit SIC -- by ownership sector","All establishment sizes",0,0,0,0,0,0,0,0
"13159","5","SIC_0G52","29","0",1981,"2","N","Jasper County, Georgia","Private","SIC 52 Building Materials and Garden Supplies","County, 2-digit SIC -- by ownership sector","All establishment sizes",0,0,0,0,0,0,0,0
"13159","5","SIC_0G52","29","0",1981,"3","N","Jasper County, Georgia","Private","SIC 52 Building Materials and Garden Supplies","County, 2-digit SIC -- by ownership sector","All establishment sizes",0,0,0,0,0,0,0,0
"13159","5","SIC_0G52","29","0",1981,"4","N","Jasper County, Georgia","Private","SIC 52 Building Materials and Garden Supplies","County, 2-digit SIC -- by ownership sector","All establishment sizes",0,0,0,0,0,0,0,0
"13159","5","SIC_0G53","29","0",1981,"1","N","Jasper County, Georgia","Private","SIC 53 General Merchandise Stores","County, 2-digit SIC -- by ownership sector","All establishment sizes",0,0,0,0,0,0,0,0
"13159","5","SIC_0G53","29","0",1981,"2","N","Jasper County, Georgia","Private","SIC 53 General Merchandise Stores","County, 2-digit SIC -- by ownership sector","All establishment sizes",0,0,0,0,0,0,0,0
"13159","5","SIC_0G53","29","0",1981,"3","N","Jasper County, Georgia","Private","SIC 53 General Merchandise Stores","County, 2-digit SIC -- by ownership sector","All establishment sizes",0,0,0,0,0,0,0,0
"13159","5","SIC_0G53","29","0",1981,"4","N","Jasper County, Georgia","Private","SIC 53 General Merchandise Stores","County, 2-digit SIC -- by ownership sector","All establishment sizes",0,0,0,0,0,0,0,0
"13159","5","SIC_0G54","29","0",1981,"1","","Jasper County, Georgia","Private","SIC 54 Food Stores","County, 2-digit SIC -- by ownership sector","All establishment sizes",10,52,50,53,89286,0,0,132
"13159","5","SIC_0G54","29","0",1981,"2","","Jasper County, Georgia","Private","SIC 54 Food Stores","County, 2-digit SIC -- by ownership sector","All establishment sizes",10,67,69,70,98513,0,0,110
"13159","5","SIC_0G54","29","0",1981,"3","","Jasper County, Georgia","Private","SIC 54 Food Stores","County, 2-digit SIC -- by ownership sector","All establishment sizes",10,71,71,66,105839,0,0,117
"13159","5","SIC_0G54","29","0",1981,"4","","Jasper County, Georgia","Private","SIC 54 Food Stores","County, 2-digit SIC -- by ownership sector","All establishment sizes",10,56,56,63,115818,0,0,152
"13159","5","SIC_0G55","29","0",1981,"1","","Jasper County, Georgia","Private","SIC 55 Automotive Dealers and Service Stations","County, 2-digit SIC -- by ownership sector","All establishment sizes",6,16,16,15,24641,0,0,120
"13159","5","SIC_0G55","29","0",1981,"2","","Jasper County, Georgia","Private","SIC 55 Automotive Dealers and Service Stations","County, 2-digit SIC -- by ownership sector","All establishment sizes",6,19,18,20,28989,0,0,117
"13159","5","SIC_0G55","29","0",1981,"3","","Jasper County, Georgia","Private","SIC 55 Automotive Dealers and Service Stations","County, 2-digit SIC -- by ownership sector","All establishment sizes",6,16,18,18,29412,0,0,130
"13159","5","SIC_0G55","29","0",1981,"4","","Jasper County, Georgia","Private","SIC 55 Automotive Dealers and Service Stations","County, 2-digit SIC -- by ownership sector","All establishment sizes",6,16,18,17,33375,0,0,151
"13159","5","SIC_0G56","29","0",1981,"1","N","Jasper County, Georgia","Private","SIC 56 Apparel and Accessory Stores","County, 2-digit SIC -- by ownership sector","All establishment sizes",0,0,0,0,0,0,0,0
"13159","5","SIC_0G56","29","0",1981,"2","N","Jasper County, Georgia","Private","SIC 56 Apparel and Accessory Stores","County, 2-digit SIC -- by ownership sector","All establishment sizes",0,0,0,0,0,0,0,0
"13159","5","SIC_0G56","29","0",1981,"3","N","Jasper County, Georgia","Private","SIC 56 Apparel and Accessory Stores","County, 2-digit SIC -- by ownership sector","All establishment sizes",0,0,0,0,0,0,0,0
"13159","5","SIC_0G56","29","0",1981,"4","","Jasper County, Georgia","Private","SIC 56 Apparel and Accessory Stores","County, 2-digit SIC -- by ownership sector","All establishment sizes",0,0,0,0,0,0,0,0
"13159","5","SIC_0G57","29","0",1981,"1","N","Jasper County, Georgia","Private","SIC 57 Furniture and Homefurnishings Stores","County, 2-digit SIC -- by ownership sector","All establishment sizes",0,0,0,0,0,0,0,0
"13159","5","SIC_0G57","29","0",1981,"2","N","Jasper County, Georgia","Private","SIC 57 Furniture and Homefurnishings Stores","County, 2-digit SIC -- by ownership sector","All establishment sizes",0,0,0,0,0,0,0,0
"13159","5","SIC_0G57","29","0",1981,"3","N","Jasper County, Georgia","Private","SIC 57 Furniture and Homefurnishings Stores","County, 2-digit SIC -- by ownership sector","All establishment sizes",0,0,0,0,0,0,0,0
"13159","5","SIC_0G57","29","0",1981,"4","N","Jasper County, Georgia","Private","SIC 57 Furniture and Homefurnishings Stores","County, 2-digit SIC -- by ownership sector","All establishment sizes",0,0,0,0,0,0,0,0
"13159","5","SIC_0G58","29","0",1981,"1","N","Jasper County, Georgia","Private","SIC 58 Eating and Drinking Places","County, 2-digit SIC -- by ownership sector","All establishment sizes",0,0,0,0,0,0,0,0
"13159","5","SIC_0G58","29","0",1981,"2","N","Jasper County, Georgia","Private","SIC 58 Eating and Drinking Places","County, 2-digit SIC -- by ownership sector","All establishment sizes",0,0,0,0,0,0,0,0
"13159","5","SIC_0G58","29","0",1981,"3","N","Jasper County, Georgia","Private","SIC 58 Eating and Drinking Places","County, 2-digit SIC -- by ownership sector","All establishment sizes",0,0,0,0,0,0,0,0
"13159","5","SIC_0G58","29","0",1981,"4","N","Jasper County, Georgia","Private","SIC 58 Eating and Drinking Places","County, 2-digit SIC -- by ownership sector","All establishment sizes",0,0,0,0,0,0,0,0
"13159","5","SIC_0G59","29","0",1981,"1","","Jasper County, Georgia","Private","SIC 59 Miscellaneous Retail","County, 2-digit SIC -- by ownership sector","All establishment sizes",7,20,20,20,39535,0,0,152
"13159","5","SIC_0G59","29","0",1981,"2","","Jasper County, Georgia","Private","SIC 59 Miscellaneous Retail","County, 2-digit SIC -- by ownership sector","All establishment sizes",6,18,18,18,38933,0,0,166
"13159","5","SIC_0G59","29","0",1981,"3","","Jasper County, Georgia","Private","SIC 59 Miscellaneous Retail","County, 2-digit SIC -- by ownership sector","All establishment sizes",6,18,19,19,36179,0,0,149
"13159","5","SIC_0G59","29","0",1981,"4","","Jasper County, Georgia","Private","SIC 59 Miscellaneous Retail","County, 2-digit SIC -- by ownership sector","All establishment sizes",8,18,19,18,34939,0,0,146
"13159","5","SIC_0H","28","0",1981,"1","","Jasper County, Georgia","Private","Finance, Insurance, and Real Estate Division","County, Industry Division -- by ownership sector","All establishment sizes",10,47,48,48,120061,0,0,193
"13159","5","SIC_0H","28","0",1981,"2","","Jasper County, Georgia","Private","Finance, Insurance, and Real Estate Division","County, Industry Division -- by ownership sector","All establishment sizes",10,45,47,49,117553,0,0,192
"13159","5","SIC_0H","28","0",1981,"3","","Jasper County, Georgia","Private","Finance, Insurance, and Real Estate Division","County, Industry Division -- by ownership sector","All establishment sizes",10,45,44,43,119624,0,0,209
"13159","5","SIC_0H","28","0",1981,"4","","Jasper County, Georgia","Private","Finance, Insurance, and Real Estate Division","County, Industry Division -- by ownership sector","All establishment sizes",8,39,39,40,158448,0,0,309
"13159","5","SIC_0H60","29","0",1981,"1","N","Jasper County, Georgia","Private","SIC 60 Depository Institutions","County, 2-digit SIC -- by ownership sector","All establishment sizes",0,0,0,0,0,0,0,0
"13159","5","SIC_0H60","29","0",1981,"2","N","Jasper County, Georgia","Private","SIC 60 Depository Institutions","County, 2-digit SIC -- by ownership sector","All establishment sizes",0,0,0,0,0,0,0,0
"13159","5","SIC_0H60","29","0",1981,"3","N","Jasper County, Georgia","Private","SIC 60 Depository Institutions","County, 2-digit SIC -- by ownership sector","All establishment sizes",0,0,0,0,0,0,0,0
"13159","5","SIC_0H60","29","0",1981,"4","N","Jasper County, Georgia","Private","SIC 60 Depository Institutions","County, 2-digit SIC -- by ownership sector","All establishment sizes",0,0,0,0,0,0,0,0
"13159","5","SIC_0H61","29","0",1981,"1","","Jasper County, Georgia","Private","SIC 61 Nondepository Institutions","County, 2-digit SIC -- by ownership sector","All establishment sizes",3,9,9,8,17971,0,0,159
"13159","5","SIC_0H61","29","0",1981,"2","","Jasper County, Georgia","Private","SIC 61 Nondepository Institutions","County, 2-digit SIC -- by ownership sector","All establishment sizes",3,7,9,9,13078,0,0,120
"13159","5","SIC_0H61","29","0",1981,"3","","Jasper County, Georgia","Private","SIC 61 Nondepository Institutions","County, 2-digit SIC -- by ownership sector","All establishment sizes",3,6,4,4,11259,0,0,185
"13159","5","SIC_0H61","29","0",1981,"4","N","Jasper County, Georgia","Private","SIC 61 Nondepository Institutions","County, 2-digit SIC -- by ownership sector","All establishment sizes",0,0,0,0,0,0,0,0
"13159","5","SIC_0H64","29","0",1981,"1","N","Jasper County, Georgia","Private","SIC 64 Insurance Agents, Brokers, and Service","County, 2-digit SIC -- by ownership sector","All establishment sizes",0,0,0,0,0,0,0,0
"13159","5","SIC_0H64","29","0",1981,"2","N","Jasper County, Georgia","Private","SIC 64 Insurance Agents, Brokers, and Service","County, 2-digit SIC -- by ownership sector","All establishment sizes",0,0,0,0,0,0,0,0
"13159","5","SIC_0H64","29","0",1981,"3","N","Jasper County, Georgia","Private","SIC 64 Insurance Agents, Brokers, and Service","County, 2-digit SIC -- by ownership sector","All establishment sizes",0,0,0,0,0,0,0,0
"13159","5","SIC_0H64","29","0",1981,"4","N","Jasper County, Georgia","Private","SIC 64 Insurance Agents, Brokers, and Service","County, 2-digit SIC -- by ownership sector","All establishment sizes",0,0,0,0,0,0,0,0
"13159","5","SIC_0H65","29","0",1981,"1","N","Jasper County, Georgia","Private","SIC 65 Real Estate","County, 2-digit SIC -- by ownership sector","All establishment sizes",0,0,0,0,0,0,0,0
"13159","5","SIC_0H65","29","0",1981,"2","N","Jasper County, Georgia","Private","SIC 65 Real Estate","County, 2-digit SIC -- by ownership sector","All establishment sizes",0,0,0,0,0,0,0,0
"13159","5","SIC_0H65","29","0",1981,"3","N","Jasper County, Georgia","Private","SIC 65 Real Estate","County, 2-digit SIC -- by ownership sector","All establishment sizes",0,0,0,0,0,0,0,0
"13159","5","SIC_0H65","29","0",1981,"4","","Jasper County, Georgia","Private","SIC 65 Real Estate","County, 2-digit SIC -- by ownership sector","All establishment sizes",0,0,0,0,0,0,0,0
"13159","5","SIC_0H66","29","0",1981,"1","N","Jasper County, Georgia","Private","1972 SIC 66 Combined Real Estate, Insurance, Etc","County, 2-digit SIC -- by ownership sector","All establishment sizes",0,0,0,0,0,0,0,0
"13159","5","SIC_0H66","29","0",1981,"2","N","Jasper County, Georgia","Private","1972 SIC 66 Combined Real Estate, Insurance, Etc","County, 2-digit SIC -- by ownership sector","All establishment sizes",0,0,0,0,0,0,0,0
"13159","5","SIC_0H66","29","0",1981,"3","N","Jasper County, Georgia","Private","1972 SIC 66 Combined Real Estate, Insurance, Etc","County, 2-digit SIC -- by ownership sector","All establishment sizes",0,0,0,0,0,0,0,0
"13159","5","SIC_0H66","29","0",1981,"4","N","Jasper County, Georgia","Private","1972 SIC 66 Combined Real Estate, Insurance, Etc","County, 2-digit SIC -- by ownership sector","All establishment sizes",0,0,0,0,0,0,0,0
"13159","5","SIC_0H67","29","0",1981,"1","N","Jasper County, Georgia","Private","SIC 67 Holding and Other Investment Offices","County, 2-digit SIC -- by ownership sector","All establishment sizes",0,0,0,0,0,0,0,0
"13159","5","SIC_0H67","29","0",1981,"2","N","Jasper County, Georgia","Private","SIC 67 Holding and Other Investment Offices","County, 2-digit SIC -- by ownership sector","All establishment sizes",0,0,0,0,0,0,0,0
"13159","5","SIC_0H67","29","0",1981,"3","N","Jasper County, Georgia","Private","SIC 67 Holding and Other Investment Offices","County, 2-digit SIC -- by ownership sector","All establishment sizes",0,0,0,0,0,0,0,0
"13159","5","SIC_0H67","29","0",1981,"4","N","Jasper County, Georgia","Private","SIC 67 Holding and Other Investment Offices","County, 2-digit SIC -- by ownership sector","All establishment sizes",0,0,0,0,0,0,0,0
"13159","5","SIC_0I","28","0",1981,"1","","Jasper County, Georgia","Private","Services Division","County, Industry Division -- by ownership sector","All establishment sizes",20,104,103,108,163414,0,0,119
"13159","5","SIC_0I","28","0",1981,"2","","Jasper County, Georgia","Private","Services Division","County, Industry Division -- by ownership sector","All establishment sizes",20,111,116,115,196244,0,0,132
"13159","5","SIC_0I","28","0",1981,"3","","Jasper County, Georgia","Private","Services Division","County, Industry Division -- by ownership sector","All establishment sizes",20,109,104,105,198044,0,0,143
"13159","5","SIC_0I","28","0",1981,"4","","Jasper County, Georgia","Private","Services Division","County, Industry Division -- by ownership sector","All establishment sizes",21,112,106,105,207473,0,0,148
"13159","5","SIC_0I70","29","0",1981,"1","N","Jasper County, Georgia","Private","SIC 70 Hotels and Other Lodging Places","County, 2-digit SIC -- by ownership sector","All establishment sizes",0,0,0,0,0,0,0,0
"13159","5","SIC_0I70","29","0",1981,"2","N","Jasper County, Georgia","Private","SIC 70 Hotels and Other Lodging Places","County, 2-digit SIC -- by ownership sector","All establishment sizes",0,0,0,0,0,0,0,0
"13159","5","SIC_0I70","29","0",1981,"3","N","Jasper County, Georgia","Private","SIC 70 Hotels and Other Lodging Places","County, 2-digit SIC -- by ownership sector","All establishment sizes",0,0,0,0,0,0,0,0
"13159","5","SIC_0I70","29","0",1981,"4","N","Jasper County, Georgia","Private","SIC 70 Hotels and Other Lodging Places","County, 2-digit SIC -- by ownership sector","All establishment sizes",0,0,0,0,0,0,0,0
"13159","5","SIC_0I72","29","0",1981,"1","N","Jasper County, Georgia","Private","SIC 72 Personal Services","County, 2-digit SIC -- by ownership sector","All establishment sizes",0,0,0,0,0,0,0,0
"13159","5","SIC_0I72","29","0",1981,"2","N","Jasper County, Georgia","Private","SIC 72 Personal Services","County, 2-digit SIC -- by ownership sector","All establishment sizes",0,0,0,0,0,0,0,0
"13159","5","SIC_0I72","29","0",1981,"3","N","Jasper County, Georgia","Private","SIC 72 Personal Services","County, 2-digit SIC -- by ownership sector","All establishment sizes",0,0,0,0,0,0,0,0
"13159","5","SIC_0I72","29","0",1981,"4","N","Jasper County, Georgia","Private","SIC 72 Personal Services","County, 2-digit SIC -- by ownership sector","All establishment sizes",0,0,0,0,0,0,0,0
"13159","5","SIC_0I76","29","0",1981,"1","N","Jasper County, Georgia","Private","SIC 76 Miscellaneous Repair Services","County, 2-digit SIC -- by ownership sector","All establishment sizes",0,0,0,0,0,0,0,0
"13159","5","SIC_0I76","29","0",1981,"2","N","Jasper County, Georgia","Private","SIC 76 Miscellaneous Repair Services","County, 2-digit SIC -- by ownership sector","All establishment sizes",0,0,0,0,0,0,0,0
"13159","5","SIC_0I76","29","0",1981,"3","N","Jasper County, Georgia","Private","SIC 76 Miscellaneous Repair Services","County, 2-digit SIC -- by ownership sector","All establishment sizes",0,0,0,0,0,0,0,0
"13159","5","SIC_0I76","29","0",1981,"4","N","Jasper County, Georgia","Private","SIC 76 Miscellaneous Repair Services","County, 2-digit SIC -- by ownership sector","All establishment sizes",0,0,0,0,0,0,0,0
"13159","5","SIC_0I79","29","0",1981,"1","N","Jasper County, Georgia","Private","SIC 79 Amusement and Recreation Services","County, 2-digit SIC -- by ownership sector","All establishment sizes",0,0,0,0,0,0,0,0
"13159","5","SIC_0I79","29","0",1981,"2","N","Jasper County, Georgia","Private","SIC 79 Amusement and Recreation Services","County, 2-digit SIC -- by ownership sector","All establishment sizes",0,0,0,0,0,0,0,0
"13159","5","SIC_0I79","29","0",1981,"3","N","Jasper County, Georgia","Private","SIC 79 Amusement and Recreation Services","County, 2-digit SIC -- by ownership sector","All establishment sizes",0,0,0,0,0,0,0,0
"13159","5","SIC_0I79","29","0",1981,"4","N","Jasper County, Georgia","Private","SIC 79 Amusement and Recreation Services","County, 2-digit SIC -- by ownership sector","All establishment sizes",0,0,0,0,0,0,0,0
"13159","5","SIC_0I80","29","0",1981,"1","","Jasper County, Georgia","Private","SIC 80 Health Services","County, 2-digit SIC -- by ownership sector","All establishment sizes",5,15,15,19,22990,0,0,108
"13159","5","SIC_0I80","29","0",1981,"2","","Jasper County, Georgia","Private","SIC 80 Health Services","County, 2-digit SIC -- by ownership sector","All establishment sizes",5,15,14,14,26209,0,0,140
"13159","5","SIC_0I80","29","0",1981,"3","","Jasper County, Georgia","Private","SIC 80 Health Services","County, 2-digit SIC -- by ownership sector","All establishment sizes",5,18,18,18,26951,0,0,115
"13159","5","SIC_0I80","29","0",1981,"4","","Jasper County, Georgia","Private","SIC 80 Health Services","County, 2-digit SIC -- by ownership sector","All establishment sizes",5,18,18,16,29738,0,0,131
"13159","5","SIC_0I81","29","0",1981,"1","N","Jasper County, Georgia","Private","SIC 81 Legal Services","County, 2-digit SIC -- by ownership sector","All establishment sizes",0,0,0,0,0,0,0,0
"13159","5","SIC_0I81","29","0",1981,"2","N","Jasper County, Georgia","Private","SIC 81 Legal Services","County, 2-digit SIC -- by ownership sector","All establishment sizes",0,0,0,0,0,0,0,0
"13159","5","SIC_0I81","29","0",1981,"3","N","Jasper County, Georgia","Private","SIC 81 Legal Services","County, 2-digit SIC -- by ownership sector","All establishment sizes",0,0,0,0,0,0,0,0
"13159","5","SIC_0I81","29","0",1981,"4","N","Jasper County, Georgia","Private","SIC 81 Legal Services","County, 2-digit SIC -- by ownership sector","All establishment sizes",0,0,0,0,0,0,0,0
"13159","5","SIC_0I82","29","0",1981,"1","N","Jasper County, Georgia","Private","SIC 82 Educational Services","County, 2-digit SIC -- by ownership sector","All establishment sizes",0,0,0,0,0,0,0,0
"13159","5","SIC_0I82","29","0",1981,"2","N","Jasper County, Georgia","Private","SIC 82 Educational Services","County, 2-digit SIC -- by ownership sector","All establishment sizes",0,0,0,0,0,0,0,0
"13159","5","SIC_0I82","29","0",1981,"3","N","Jasper County, Georgia","Private","SIC 82 Educational Services","County, 2-digit SIC -- by ownership sector","All establishment sizes",0,0,0,0,0,0,0,0
"13159","5","SIC_0I82","29","0",1981,"4","N","Jasper County, Georgia","Private","SIC 82 Educational Services","County, 2-digit SIC -- by ownership sector","All establishment sizes",0,0,0,0,0,0,0,0
"13159","5","SIC_0I83","29","0",1981,"1","N","Jasper County, Georgia","Private","SIC 83 Social Services","County, 2-digit SIC -- by ownership sector","All establishment sizes",0,0,0,0,0,0,0,0
"13159","5","SIC_0I83","29","0",1981,"2","N","Jasper County, Georgia","Private","SIC 83 Social Services","County, 2-digit SIC -- by ownership sector","All establishment sizes",0,0,0,0,0,0,0,0
"13159","5","SIC_0I83","29","0",1981,"3","N","Jasper County, Georgia","Private","SIC 83 Social Services","County, 2-digit SIC -- by ownership sector","All establishment sizes",0,0,0,0,0,0,0,0
"13159","5","SIC_0I83","29","0",1981,"4","N","Jasper County, Georgia","Private","SIC 83 Social Services","County, 2-digit SIC -- by ownership sector","All establishment sizes",0,0,0,0,0,0,0,0
"13159","5","SIC_0I86","29","0",1981,"1","N","Jasper County, Georgia","Private","SIC 86 Membership Organizations","County, 2-digit SIC -- by ownership sector","All establishment sizes",0,0,0,0,0,0,0,0
"13159","5","SIC_0I86","29","0",1981,"2","N","Jasper County, Georgia","Private","SIC 86 Membership Organizations","County, 2-digit SIC -- by ownership sector","All establishment sizes",0,0,0,0,0,0,0,0
"13159","5","SIC_0I86","29","0",1981,"3","N","Jasper County, Georgia","Private","SIC 86 Membership Organizations","County, 2-digit SIC -- by ownership sector","All establishment sizes",0,0,0,0,0,0,0,0
"13159","5","SIC_0I86","29","0",1981,"4","N","Jasper County, Georgia","Private","SIC 86 Membership Organizations","County, 2-digit SIC -- by ownership sector","All establishment sizes",0,0,0,0,0,0,0,0
"13159","5","SIC_0I88","29","0",1981,"1","N","Jasper County, Georgia","Private","SIC 88 Private Households","County, 2-digit SIC -- by ownership sector","All establishment sizes",0,0,0,0,0,0,0,0
"13159","5","SIC_0I88","29","0",1981,"2","N","Jasper County, Georgia","Private","SIC 88 Private Households","County, 2-digit SIC -- by ownership sector","All establishment sizes",0,0,0,0,0,0,0,0
"13159","5","SIC_0I88","29","0",1981,"3","N","Jasper County, Georgia","Private","SIC 88 Private Households","County, 2-digit SIC -- by ownership sector","All establishment sizes",0,0,0,0,0,0,0,0
"13159","5","SIC_0I88","29","0",1981,"4","","Jasper County, Georgia","Private","SIC 88 Private Households","County, 2-digit SIC -- by ownership sector","All establishment sizes",3,5,5,5,5729,0,0,88
"13159","5","SIC_0K","28","0",1981,"1","N","Jasper County, Georgia","Private","Nonclassifiable Establishments","County, Industry Division -- by ownership sector","All establishment sizes",0,0,0,0,0,0,0,0
"13159","5","SIC_0K","28","0",1981,"2","N","Jasper County, Georgia","Private","Nonclassifiable Establishments","County, Industry Division -- by ownership sector","All establishment sizes",0,0,0,0,0,0,0,0
"13159","5","SIC_0K","28","0",1981,"3","N","Jasper County, Georgia","Private","Nonclassifiable Establishments","County, Industry Division -- by ownership sector","All establishment sizes",0,0,0,0,0,0,0,0
"13159","5","SIC_0K","28","0",1981,"4","N","Jasper County, Georgia","Private","Nonclassifiable Establishments","County, Industry Division -- by ownership sector","All establishment sizes",0,0,0,0,0,0,0,0
"13159","5","SIC_0K99","29","0",1981,"1","N","Jasper County, Georgia","Private","SIC 99 Nonclassifiable Establishments","County, 2-digit SIC -- by ownership sector","All establishment sizes",0,0,0,0,0,0,0,0
"13159","5","SIC_0K99","29","0",1981,"2","N","Jasper County, Georgia","Private","SIC 99 Nonclassifiable Establishments","County, 2-digit SIC -- by ownership sector","All establishment sizes",0,0,0,0,0,0,0,0
"13159","5","SIC_0K99","29","0",1981,"3","N","Jasper County, Georgia","Private","SIC 99 Nonclassifiable Establishments","County, 2-digit SIC -- by ownership sector","All establishment sizes",0,0,0,0,0,0,0,0
"13159","5","SIC_0K99","29","0",1981,"4","N","Jasper County, Georgia","Private","SIC 99 Nonclassifiable Establishments","County, 2-digit SIC -- by ownership sector","All establishment sizes",0,0,0,0,0,0,0,0
