"area_fips","own_code","industry_code","agglvl_code","size_code","year","qtr","disclosure_code","area_title","own_title","industry_title","agglvl_title","size_title","qtrly_estabs_count","month1_emplvl","month2_emplvl","month3_emplvl","total_qtrly_wages","taxable_qtrly_wages","qtrly_contributions","avg_wkly_wage"
"08063","0","SIC_0Z","26","0",1981,"1","","Kit Carson County, Colorado","Total Covered","All Industries","County, Total Covered","All establishment sizes",229,2111,2090,2103,5461045,0,0,199
"08063","0","SIC_0Z","26","0",1981,"2","","Kit Carson County, Colorado","Total Covered","All Industries","County, Total Covered","All establishment sizes",231,2184,2190,2272,5703934,0,0,198
"08063","0","SIC_0Z","26","0",1981,"3","","Kit Carson County, Colorado","Total Covered","All Industries","County, Total Covered","All establishment sizes",243,2254,2303,2142,6203522,0,0,213
"08063","0","SIC_0Z","26","0",1981,"4","","Kit Carson County, Colorado","Total Covered","All Industries","County, Total Covered","All establishment sizes",241,2272,2275,2263,6596422,0,0,223
"08063","1","SIC_0Z","27","0",1981,"1","","Kit Carson County, Colorado","Federal Government","All Industries","County, Total -- by ownership sector","All establishment sizes",14,54,54,56,220914,0,0,310
"08063","1","SIC_0Z","27","0",1981,"2","","Kit Carson County, Colorado","Federal Government","All Industries","County, Total -- by ownership sector","All establishment sizes",14,59,57,56,210937,0,0,283
"08063","1","SIC_0Z","27","0",1981,"3","","Kit Carson County, Colorado","Federal Government","All Industries","County, Total -- by ownership sector","All establishment sizes",14,57,57,54,227220,0,0,312
"08063","1","SIC_0Z","27","0",1981,"4","","Kit Carson County, Colorado","Federal Government","All Industries","County, Total -- by ownership sector","All establishment sizes",14,54,55,52,234596,0,0,336
"08063","1","SIC_0E","28","0",1981,"1","","Kit Carson County, Colorado","Federal Government","Transportation and Public Utilities Division","County, Industry Division -- by ownership sector","All establishment sizes",6,34,34,33,141653,0,0,323
"08063","1","SIC_0E","28","0",1981,"2","","Kit Carson County, Colorado","Federal Government","Transportation and Public Utilities Division","County, Industry Division -- by ownership sector","All establishment sizes",6,35,34,34,115157,0,0,258
"08063","1","SIC_0E","28","0",1981,"3","","Kit Carson County, Colorado","Federal Government","Transportation and Public Utilities Division","County, Industry Division -- by ownership sector","All establishment sizes",6,35,33,30,144003,0,0,339
"08063","1","SIC_0E","28","0",1981,"4","","Kit Carson County, Colorado","Federal Government","Transportation and Public Utilities Division","County, Industry Division -- by ownership sector","All establishment sizes",6,34,33,35,145153,0,0,328
"08063","1","SIC_0E43","29","0",1981,"1","","Kit Carson County, Colorado","Federal Government","SIC 43 U.S. Postal Service","County, 2-digit SIC -- by ownership sector","All establishment sizes",6,34,34,33,141653,0,0,323
"08063","1","SIC_0E43","29","0",1981,"2","","Kit Carson County, Colorado","Federal Government","SIC 43 U.S. Postal Service","County, 2-digit SIC -- by ownership sector","All establishment sizes",6,35,34,34,115157,0,0,258
"08063","1","SIC_0E43","29","0",1981,"3","","Kit Carson County, Colorado","Federal Government","SIC 43 U.S. Postal Service","County, 2-digit SIC -- by ownership sector","All establishment sizes",6,35,33,30,144003,0,0,339
"08063","1","SIC_0E43","29","0",1981,"4","","Kit Carson County, Colorado","Federal Government","SIC 43 U.S. Postal Service","County, 2-digit SIC -- by ownership sector","All establishment sizes",6,34,33,35,145153,0,0,328
"08063","1","SIC_0H","28","0",1981,"1","","Kit Carson County, Colorado","Federal Government","Finance, Insurance, and Real Estate Division","County, Industry Division -- by ownership sector","All establishment sizes",3,5,5,7,17249,0,0,234
"08063","1","SIC_0H","28","0",1981,"2","","Kit Carson County, Colorado","Federal Government","Finance, Insurance, and Real Estate Division","County, Industry Division -- by ownership sector","All establishment sizes",3,8,7,5,24035,0,0,277
"08063","1","SIC_0H","28","0",1981,"3","","Kit Carson County, Colorado","Federal Government","Finance, Insurance, and Real Estate Division","County, Industry Division -- by ownership sector","All establishment sizes",3,5,7,7,20878,0,0,253
"08063","1","SIC_0H","28","0",1981,"4","","Kit Carson County, Colorado","Federal Government","Finance, Insurance, and Real Estate Division","County, Industry Division -- by ownership sector","All establishment sizes",3,6,8,4,25176,0,0,322
"08063","1","SIC_0H61","29","0",1981,"1","","Kit Carson County, Colorado","Federal Government","SIC 61 Nondepository Institutions","County, 2-digit SIC -- by ownership sector","All establishment sizes",2,3,3,6,13089,0,0,251
"08063","1","SIC_0H61","29","0",1981,"2","","Kit Carson County, Colorado","Federal Government","SIC 61 Nondepository Institutions","County, 2-digit SIC -- by ownership sector","All establishment sizes",2,6,6,3,19249,0,0,296
"08063","1","SIC_0H61","29","0",1981,"3","","Kit Carson County, Colorado","Federal Government","SIC 61 Nondepository Institutions","County, 2-digit SIC -- by ownership sector","All establishment sizes",2,3,5,6,16530,0,0,272
"08063","1","SIC_0H61","29","0",1981,"4","","Kit Carson County, Colorado","Federal Government","SIC 61 Nondepository Institutions","County, 2-digit SIC -- by ownership sector","All establishment sizes",2,3,6,4,20034,0,0,355
"08063","1","SIC_0H63","29","0",1981,"1","","Kit Carson County, Colorado","Federal Government","SIC 63 Insurance Carriers","County, 2-digit SIC -- by ownership sector","All establishment sizes",1,2,2,1,4160,0,0,192
"08063","1","SIC_0H63","29","0",1981,"2","","Kit Carson County, Colorado","Federal Government","SIC 63 Insurance Carriers","County, 2-digit SIC -- by ownership sector","All establishment sizes",1,2,1,2,4786,0,0,220
"08063","1","SIC_0H63","29","0",1981,"3","","Kit Carson County, Colorado","Federal Government","SIC 63 Insurance Carriers","County, 2-digit SIC -- by ownership sector","All establishment sizes",1,2,2,1,4348,0,0,200
"08063","1","SIC_0H63","29","0",1981,"4","","Kit Carson County, Colorado","Federal Government","SIC 63 Insurance Carriers","County, 2-digit SIC -- by ownership sector","All establishment sizes",1,3,2,0,5142,0,0,237
"08063","1","SIC_0J","28","0",1981,"1","","Kit Carson County, Colorado","Federal Government","Public Administration Division","County, Industry Division -- by ownership sector","All establishment sizes",5,15,15,16,62012,0,0,311
"08063","1","SIC_0J","28","0",1981,"2","","Kit Carson County, Colorado","Federal Government","Public Administration Division","County, Industry Division -- by ownership sector","All establishment sizes",5,16,16,17,71745,0,0,337
"08063","1","SIC_0J","28","0",1981,"3","","Kit Carson County, Colorado","Federal Government","Public Administration Division","County, Industry Division -- by ownership sector","All establishment sizes",5,17,17,17,62339,0,0,282
"08063","1","SIC_0J","28","0",1981,"4","","Kit Carson County, Colorado","Federal Government","Public Administration Division","County, Industry Division -- by ownership sector","All establishment sizes",5,14,14,13,64267,0,0,361
"08063","1","SIC_0J95","29","0",1981,"1","","Kit Carson County, Colorado","Federal Government","SIC 95 Environmental Quality and Housing","County, 2-digit SIC -- by ownership sector","All establishment sizes",3,13,13,14,53484,0,0,308
"08063","1","SIC_0J95","29","0",1981,"2","","Kit Carson County, Colorado","Federal Government","SIC 95 Environmental Quality and Housing","County, 2-digit SIC -- by ownership sector","All establishment sizes",3,14,14,15,61299,0,0,328
"08063","1","SIC_0J95","29","0",1981,"3","","Kit Carson County, Colorado","Federal Government","SIC 95 Environmental Quality and Housing","County, 2-digit SIC -- by ownership sector","All establishment sizes",3,15,15,15,54370,0,0,278
"08063","1","SIC_0J95","29","0",1981,"4","","Kit Carson County, Colorado","Federal Government","SIC 95 Environmental Quality and Housing","County, 2-digit SIC -- by ownership sector","All establishment sizes",3,13,13,12,57078,0,0,346
"08063","1","SIC_0J96","29","0",1981,"1","","Kit Carson County, Colorado","Federal Government","SIC 96 Administration of Economic Programs","County, 2-digit SIC -- by ownership sector","All establishment sizes",2,2,2,2,8528,0,0,328
"08063","1","SIC_0J96","29","0",1981,"2","","Kit Carson County, Colorado","Federal Government","SIC 96 Administration of Economic Programs","County, 2-digit SIC -- by ownership sector","All establishment sizes",2,2,2,2,10446,0,0,401
"08063","1","SIC_0J96","29","0",1981,"3","","Kit Carson County, Colorado","Federal Government","SIC 96 Administration of Economic Programs","County, 2-digit SIC -- by ownership sector","All establishment sizes",2,2,2,2,7969,0,0,306
"08063","1","SIC_0J96","29","0",1981,"4","","Kit Carson County, Colorado","Federal Government","SIC 96 Administration of Economic Programs","County, 2-digit SIC -- by ownership sector","All establishment sizes",2,1,1,1,7189,0,0,553
"08063","2","SIC_0Z","27","0",1981,"1","","Kit Carson County, Colorado","State Government","All Industries","County, Total -- by ownership sector","All establishment sizes",7,19,17,16,65932,0,0,292
"08063","2","SIC_0Z","27","0",1981,"2","","Kit Carson County, Colorado","State Government","All Industries","County, Total -- by ownership sector","All establishment sizes",7,18,19,18,66299,0,0,278
"08063","2","SIC_0Z","27","0",1981,"3","","Kit Carson County, Colorado","State Government","All Industries","County, Total -- by ownership sector","All establishment sizes",6,19,18,18,72301,0,0,303
"08063","2","SIC_0Z","27","0",1981,"4","","Kit Carson County, Colorado","State Government","All Industries","County, Total -- by ownership sector","All establishment sizes",6,19,18,18,70711,0,0,296
"08063","2","SIC_0J","28","0",1981,"1","","Kit Carson County, Colorado","State Government","Public Administration Division","County, Industry Division -- by ownership sector","All establishment sizes",7,19,17,16,65932,0,0,292
"08063","2","SIC_0J","28","0",1981,"2","","Kit Carson County, Colorado","State Government","Public Administration Division","County, Industry Division -- by ownership sector","All establishment sizes",7,18,19,18,66299,0,0,278
"08063","2","SIC_0J","28","0",1981,"3","","Kit Carson County, Colorado","State Government","Public Administration Division","County, Industry Division -- by ownership sector","All establishment sizes",6,19,18,18,72301,0,0,303
"08063","2","SIC_0J","28","0",1981,"4","","Kit Carson County, Colorado","State Government","Public Administration Division","County, Industry Division -- by ownership sector","All establishment sizes",6,19,18,18,70711,0,0,296
"08063","2","SIC_0J92","29","0",1981,"1","N","Kit Carson County, Colorado","State Government","SIC 92 Justice, Public Order, and Safety","County, 2-digit SIC -- by ownership sector","All establishment sizes",0,0,0,0,0,0,0,0
"08063","2","SIC_0J92","29","0",1981,"2","N","Kit Carson County, Colorado","State Government","SIC 92 Justice, Public Order, and Safety","County, 2-digit SIC -- by ownership sector","All establishment sizes",0,0,0,0,0,0,0,0
"08063","2","SIC_0J92","29","0",1981,"3","N","Kit Carson County, Colorado","State Government","SIC 92 Justice, Public Order, and Safety","County, 2-digit SIC -- by ownership sector","All establishment sizes",0,0,0,0,0,0,0,0
"08063","2","SIC_0J92","29","0",1981,"4","N","Kit Carson County, Colorado","State Government","SIC 92 Justice, Public Order, and Safety","County, 2-digit SIC -- by ownership sector","All establishment sizes",0,0,0,0,0,0,0,0
"08063","2","SIC_0J94","29","0",1981,"1","","Kit Carson County, Colorado","State Government","SIC 94 Administration of Human Resources","County, 2-digit SIC -- by ownership sector","All establishment sizes",3,6,6,5,8464,0,0,114
"08063","2","SIC_0J94","29","0",1981,"2","","Kit Carson County, Colorado","State Government","SIC 94 Administration of Human Resources","County, 2-digit SIC -- by ownership sector","All establishment sizes",3,7,7,6,9092,0,0,104
"08063","2","SIC_0J94","29","0",1981,"3","N","Kit Carson County, Colorado","State Government","SIC 94 Administration of Human Resources","County, 2-digit SIC -- by ownership sector","All establishment sizes",0,0,0,0,0,0,0,0
"08063","2","SIC_0J94","29","0",1981,"4","N","Kit Carson County, Colorado","State Government","SIC 94 Administration of Human Resources","County, 2-digit SIC -- by ownership sector","All establishment sizes",0,0,0,0,0,0,0,0
"08063","2","SIC_0J95","29","0",1981,"1","N","Kit Carson County, Colorado","State Government","SIC 95 Environmental Quality and Housing","County, 2-digit SIC -- by ownership sector","All establishment sizes",0,0,0,0,0,0,0,0
"08063","2","SIC_0J95","29","0",1981,"2","N","Kit Carson County, Colorado","State Government","SIC 95 Environmental Quality and Housing","County, 2-digit SIC -- by ownership sector","All establishment sizes",0,0,0,0,0,0,0,0
"08063","2","SIC_0J95","29","0",1981,"3","N","Kit Carson County, Colorado","State Government","SIC 95 Environmental Quality and Housing","County, 2-digit SIC -- by ownership sector","All establishment sizes",0,0,0,0,0,0,0,0
"08063","2","SIC_0J95","29","0",1981,"4","N","Kit Carson County, Colorado","State Government","SIC 95 Environmental Quality and Housing","County, 2-digit SIC -- by ownership sector","All establishment sizes",0,0,0,0,0,0,0,0
"08063","2","SIC_0J96","29","0",1981,"1","N","Kit Carson County, Colorado","State Government","SIC 96 Administration of Economic Programs","County, 2-digit SIC -- by ownership sector","All establishment sizes",0,0,0,0,0,0,0,0
"08063","2","SIC_0J96","29","0",1981,"2","N","Kit Carson County, Colorado","State Government","SIC 96 Administration of Economic Programs","County, 2-digit SIC -- by ownership sector","All establishment sizes",0,0,0,0,0,0,0,0
"08063","2","SIC_0J96","29","0",1981,"3","N","Kit Carson County, Colorado","State Government","SIC 96 Administration of Economic Programs","County, 2-digit SIC -- by ownership sector","All establishment sizes",0,0,0,0,0,0,0,0
"08063","2","SIC_0J96","29","0",1981,"4","N","Kit Carson County, Colorado","State Government","SIC 96 Administration of Economic Programs","County, 2-digit SIC -- by ownership sector","All establishment sizes",0,0,0,0,0,0,0,0
"08063","3","SIC_0Z","27","0",1981,"1","","Kit Carson County, Colorado","Local Government","All Industries","County, Total -- by ownership sector","All establishment sizes",19,542,545,547,1291636,0,0,182
"08063","3","SIC_0Z","27","0",1981,"2","","Kit Carson County, Colorado","Local Government","All Industries","County, Total -- by ownership sector","All establishment sizes",19,546,540,542,1296573,0,0,183
"08063","3","SIC_0Z","27","0",1981,"3","","Kit Carson County, Colorado","Local Government","All Industries","County, Total -- by ownership sector","All establishment sizes",19,510,520,422,1201512,0,0,190
"08063","3","SIC_0Z","27","0",1981,"4","","Kit Carson County, Colorado","Local Government","All Industries","County, Total -- by ownership sector","All establishment sizes",18,538,554,543,1396981,0,0,197
"08063","3","SIC_0I","28","0",1981,"1","","Kit Carson County, Colorado","Local Government","Services Division","County, Industry Division -- by ownership sector","All establishment sizes",7,354,353,354,872914,0,0,189
"08063","3","SIC_0I","28","0",1981,"2","","Kit Carson County, Colorado","Local Government","Services Division","County, Industry Division -- by ownership sector","All establishment sizes",7,353,351,335,877005,0,0,194
"08063","3","SIC_0I","28","0",1981,"3","","Kit Carson County, Colorado","Local Government","Services Division","County, Industry Division -- by ownership sector","All establishment sizes",7,320,323,229,763917,0,0,202
"08063","3","SIC_0I","28","0",1981,"4","","Kit Carson County, Colorado","Local Government","Services Division","County, Industry Division -- by ownership sector","All establishment sizes",7,358,361,362,990456,0,0,211
"08063","3","SIC_0I80","29","0",1981,"1","N","Kit Carson County, Colorado","Local Government","SIC 80 Health Services","County, 2-digit SIC -- by ownership sector","All establishment sizes",0,0,0,0,0,0,0,0
"08063","3","SIC_0I80","29","0",1981,"2","N","Kit Carson County, Colorado","Local Government","SIC 80 Health Services","County, 2-digit SIC -- by ownership sector","All establishment sizes",0,0,0,0,0,0,0,0
"08063","3","SIC_0I80","29","0",1981,"3","N","Kit Carson County, Colorado","Local Government","SIC 80 Health Services","County, 2-digit SIC -- by ownership sector","All establishment sizes",0,0,0,0,0,0,0,0
"08063","3","SIC_0I80","29","0",1981,"4","N","Kit Carson County, Colorado","Local Government","SIC 80 Health Services","County, 2-digit SIC -- by ownership sector","All establishment sizes",0,0,0,0,0,0,0,0
"08063","3","SIC_0I82","29","0",1981,"1","N","Kit Carson County, Colorado","Local Government","SIC 82 Educational Services","County, 2-digit SIC -- by ownership sector","All establishment sizes",0,0,0,0,0,0,0,0
"08063","3","SIC_0I82","29","0",1981,"2","N","Kit Carson County, Colorado","Local Government","SIC 82 Educational Services","County, 2-digit SIC -- by ownership sector","All establishment sizes",0,0,0,0,0,0,0,0
"08063","3","SIC_0I82","29","0",1981,"3","N","Kit Carson County, Colorado","Local Government","SIC 82 Educational Services","County, 2-digit SIC -- by ownership sector","All establishment sizes",0,0,0,0,0,0,0,0
"08063","3","SIC_0I82","29","0",1981,"4","N","Kit Carson County, Colorado","Local Government","SIC 82 Educational Services","County, 2-digit SIC -- by ownership sector","All establishment sizes",0,0,0,0,0,0,0,0
"08063","3","SIC_0J","28","0",1981,"1","","Kit Carson County, Colorado","Local Government","Public Administration Division","County, Industry Division -- by ownership sector","All establishment sizes",12,188,192,193,418722,0,0,168
"08063","3","SIC_0J","28","0",1981,"2","","Kit Carson County, Colorado","Local Government","Public Administration Division","County, Industry Division -- by ownership sector","All establishment sizes",12,193,189,207,419568,0,0,164
"08063","3","SIC_0J","28","0",1981,"3","","Kit Carson County, Colorado","Local Government","Public Administration Division","County, Industry Division -- by ownership sector","All establishment sizes",12,190,197,193,437595,0,0,174
"08063","3","SIC_0J","28","0",1981,"4","","Kit Carson County, Colorado","Local Government","Public Administration Division","County, Industry Division -- by ownership sector","All establishment sizes",11,180,193,181,406525,0,0,169
"08063","3","SIC_0J91","29","0",1981,"1","","Kit Carson County, Colorado","Local Government","SIC 91 Executive, Legislative, and General","County, 2-digit SIC -- by ownership sector","All establishment sizes",7,156,160,159,372937,0,0,181
"08063","3","SIC_0J91","29","0",1981,"2","","Kit Carson County, Colorado","Local Government","SIC 91 Executive, Legislative, and General","County, 2-digit SIC -- by ownership sector","All establishment sizes",7,162,159,176,373888,0,0,173
"08063","3","SIC_0J91","29","0",1981,"3","","Kit Carson County, Colorado","Local Government","SIC 91 Executive, Legislative, and General","County, 2-digit SIC -- by ownership sector","All establishment sizes",7,160,167,164,391243,0,0,183
"08063","3","SIC_0J91","29","0",1981,"4","","Kit Carson County, Colorado","Local Government","SIC 91 Executive, Legislative, and General","County, 2-digit SIC -- by ownership sector","All establishment sizes",7,152,166,154,367401,0,0,179
"08063","3","SIC_0J95","29","0",1981,"1","N","Kit Carson County, Colorado","Local Government","SIC 95 Environmental Quality and Housing","County, 2-digit SIC -- by ownership sector","All establishment sizes",0,0,0,0,0,0,0,0
"08063","3","SIC_0J95","29","0",1981,"2","N","Kit Carson County, Colorado","Local Government","SIC 95 Environmental Quality and Housing","County, 2-digit SIC -- by ownership sector","All establishment sizes",0,0,0,0,0,0,0,0
"08063","3","SIC_0J95","29","0",1981,"3","N","Kit Carson County, Colorado","Local Government","SIC 95 Environmental Quality and Housing","County, 2-digit SIC -- by ownership sector","All establishment sizes",0,0,0,0,0,0,0,0
"08063","3","SIC_0J95","29","0",1981,"4","N","Kit Carson County, Colorado","Local Government","SIC 95 Environmental Quality and Housing","County, 2-digit SIC -- by ownership sector","All establishment sizes",0,0,0,0,0,0,0,0
"08063","3","SIC_0J96","29","0",1981,"1","N","Kit Carson County, Colorado","Local Government","SIC 96 Administration of Economic Programs","County, 2-digit SIC -- by ownership sector","All establishment sizes",0,0,0,0,0,0,0,0
"08063","3","SIC_0J96","29","0",1981,"2","N","Kit Carson County, Colorado","Local Government","SIC 96 Administration of Economic Programs","County, 2-digit SIC -- by ownership sector","All establishment sizes",0,0,0,0,0,0,0,0
"08063","3","SIC_0J96","29","0",1981,"3","N","Kit Carson County, Colorado","Local Government","SIC 96 Administration of Economic Programs","County, 2-digit SIC -- by ownership sector","All establishment sizes",0,0,0,0,0,0,0,0
"08063","3","SIC_0J96","29","0",1981,"4","N","Kit Carson County, Colorado","Local Government","SIC 96 Administration of Economic Programs","County, 2-digit SIC -- by ownership sector","All establishment sizes",0,0,0,0,0,0,0,0
"08063","5","SIC_0Z","27","0",1981,"1","","Kit Carson County, Colorado","Private","All Industries","County, Total -- by ownership sector","All establishment sizes",189,1496,1474,1484,3882563,0,0,201
"08063","5","SIC_0Z","27","0",1981,"2","","Kit Carson County, Colorado","Private","All Industries","County, Total -- by ownership sector","All establishment sizes",191,1561,1574,1656,4130125,0,0,198
"08063","5","SIC_0Z","27","0",1981,"3","","Kit Carson County, Colorado","Private","All Industries","County, Total -- by ownership sector","All establishment sizes",204,1668,1708,1648,4702489,0,0,216
"08063","5","SIC_0Z","27","0",1981,"4","","Kit Carson County, Colorado","Private","All Industries","County, Total -- by ownership sector","All establishment sizes",203,1661,1648,1650,4894134,0,0,227
"08063","5","SIC_0A","28","0",1981,"1","","Kit Carson County, Colorado","Private","Agriculture, Forestry, and Fishing Division","County, Industry Division -- by ownership sector","All establishment sizes",9,70,70,74,195238,0,0,210
"08063","5","SIC_0A","28","0",1981,"2","","Kit Carson County, Colorado","Private","Agriculture, Forestry, and Fishing Division","County, Industry Division -- by ownership sector","All establishment sizes",10,69,73,94,193784,0,0,189
"08063","5","SIC_0A","28","0",1981,"3","","Kit Carson County, Colorado","Private","Agriculture, Forestry, and Fishing Division","County, Industry Division -- by ownership sector","All establishment sizes",10,77,80,81,216768,0,0,210
"08063","5","SIC_0A","28","0",1981,"4","","Kit Carson County, Colorado","Private","Agriculture, Forestry, and Fishing Division","County, Industry Division -- by ownership sector","All establishment sizes",10,82,72,68,247515,0,0,257
"08063","5","SIC_0A01","29","0",1981,"1","N","Kit Carson County, Colorado","Private","SIC 01 Agricultural Production Crops","County, 2-digit SIC -- by ownership sector","All establishment sizes",0,0,0,0,0,0,0,0
"08063","5","SIC_0A01","29","0",1981,"2","N","Kit Carson County, Colorado","Private","SIC 01 Agricultural Production Crops","County, 2-digit SIC -- by ownership sector","All establishment sizes",0,0,0,0,0,0,0,0
"08063","5","SIC_0A01","29","0",1981,"3","N","Kit Carson County, Colorado","Private","SIC 01 Agricultural Production Crops","County, 2-digit SIC -- by ownership sector","All establishment sizes",0,0,0,0,0,0,0,0
"08063","5","SIC_0A01","29","0",1981,"4","N","Kit Carson County, Colorado","Private","SIC 01 Agricultural Production Crops","County, 2-digit SIC -- by ownership sector","All establishment sizes",0,0,0,0,0,0,0,0
"08063","5","SIC_0A02","29","0",1981,"1","","Kit Carson County, Colorado","Private","SIC 02 Agricultural Production Livestock","County, 2-digit SIC -- by ownership sector","All establishment sizes",3,49,45,46,118044,0,0,194
"08063","5","SIC_0A02","29","0",1981,"2","","Kit Carson County, Colorado","Private","SIC 02 Agricultural Production Livestock","County, 2-digit SIC -- by ownership sector","All establishment sizes",3,40,44,39,102065,0,0,191
"08063","5","SIC_0A02","29","0",1981,"3","","Kit Carson County, Colorado","Private","SIC 02 Agricultural Production Livestock","County, 2-digit SIC -- by ownership sector","All establishment sizes",3,41,46,46,109717,0,0,190
"08063","5","SIC_0A02","29","0",1981,"4","","Kit Carson County, Colorado","Private","SIC 02 Agricultural Production Livestock","County, 2-digit SIC -- by ownership sector","All establishment sizes",3,46,46,41,127084,0,0,220
"08063","5","SIC_0A07","29","0",1981,"1","N","Kit Carson County, Colorado","Private","SIC 07 Agricultural Services","County, 2-digit SIC -- by ownership sector","All establishment sizes",0,0,0,0,0,0,0,0
"08063","5","SIC_0A07","29","0",1981,"2","N","Kit Carson County, Colorado","Private","SIC 07 Agricultural Services","County, 2-digit SIC -- by ownership sector","All establishment sizes",0,0,0,0,0,0,0,0
"08063","5","SIC_0A07","29","0",1981,"3","N","Kit Carson County, Colorado","Private","SIC 07 Agricultural Services","County, 2-digit SIC -- by ownership sector","All establishment sizes",0,0,0,0,0,0,0,0
"08063","5","SIC_0A07","29","0",1981,"4","N","Kit Carson County, Colorado","Private","SIC 07 Agricultural Services","County, 2-digit SIC -- by ownership sector","All establishment sizes",0,0,0,0,0,0,0,0
"08063","5","SIC_0B","28","0",1981,"1","","Kit Carson County, Colorado","Private","Mining Division","County, Industry Division -- by ownership sector","All establishment sizes",4,105,105,104,403995,0,0,296
"08063","5","SIC_0B","28","0",1981,"2","","Kit Carson County, Colorado","Private","Mining Division","County, Industry Division -- by ownership sector","All establishment sizes",4,177,177,175,517980,0,0,225
"08063","5","SIC_0B","28","0",1981,"3","","Kit Carson County, Colorado","Private","Mining Division","County, Industry Division -- by ownership sector","All establishment sizes",3,166,166,165,688006,0,0,319
"08063","5","SIC_0B","28","0",1981,"4","","Kit Carson County, Colorado","Private","Mining Division","County, Industry Division -- by ownership sector","All establishment sizes",3,154,154,153,607618,0,0,304
"08063","5","SIC_0B13","29","0",1981,"1","","Kit Carson County, Colorado","Private","SIC 13 Oil and Gas Extraction","County, 2-digit SIC -- by ownership sector","All establishment sizes",4,105,105,104,403995,0,0,296
"08063","5","SIC_0B13","29","0",1981,"2","","Kit Carson County, Colorado","Private","SIC 13 Oil and Gas Extraction","County, 2-digit SIC -- by ownership sector","All establishment sizes",4,177,177,175,517980,0,0,225
"08063","5","SIC_0B13","29","0",1981,"3","","Kit Carson County, Colorado","Private","SIC 13 Oil and Gas Extraction","County, 2-digit SIC -- by ownership sector","All establishment sizes",3,166,166,165,688006,0,0,319
"08063","5","SIC_0B13","29","0",1981,"4","","Kit Carson County, Colorado","Private","SIC 13 Oil and Gas Extraction","County, 2-digit SIC -- by ownership sector","All establishment sizes",3,154,154,153,607618,0,0,304
"08063","5","SIC_0C","28","0",1981,"1","N","Kit Carson County, Colorado","Private","Construction Division","County, Industry Division -- by ownership sector","All establishment sizes",0,0,0,0,0,0,0,0
"08063","5","SIC_0C","28","0",1981,"2","N","Kit Carson County, Colorado","Private","Construction Division","County, Industry Division -- by ownership sector","All establishment sizes",0,0,0,0,0,0,0,0
"08063","5","SIC_0C","28","0",1981,"3","","Kit Carson County, Colorado","Private","Construction Division","County, Industry Division -- by ownership sector","All establishment sizes",18,96,90,82,370238,0,0,318
"08063","5","SIC_0C","28","0",1981,"4","","Kit Carson County, Colorado","Private","Construction Division","County, Industry Division -- by ownership sector","All establishment sizes",18,75,77,71,340672,0,0,352
"08063","5","SIC_0C15","29","0",1981,"1","","Kit Carson County, Colorado","Private","SIC 15 General Building Contractors","County, 2-digit SIC -- by ownership sector","All establishment sizes",4,17,17,16,44042,0,0,203
"08063","5","SIC_0C15","29","0",1981,"2","N","Kit Carson County, Colorado","Private","SIC 15 General Building Contractors","County, 2-digit SIC -- by ownership sector","All establishment sizes",0,0,0,0,0,0,0,0
"08063","5","SIC_0C15","29","0",1981,"3","","Kit Carson County, Colorado","Private","SIC 15 General Building Contractors","County, 2-digit SIC -- by ownership sector","All establishment sizes",5,20,19,20,57479,0,0,224
"08063","5","SIC_0C15","29","0",1981,"4","","Kit Carson County, Colorado","Private","SIC 15 General Building Contractors","County, 2-digit SIC -- by ownership sector","All establishment sizes",5,21,18,16,54301,0,0,227
"08063","5","SIC_0C16","29","0",1981,"1","","Kit Carson County, Colorado","Private","SIC 16 Heavy Construction, ex. Building","County, 2-digit SIC -- by ownership sector","All establishment sizes",4,35,12,18,131043,0,0,465
"08063","5","SIC_0C16","29","0",1981,"2","","Kit Carson County, Colorado","Private","SIC 16 Heavy Construction, ex. Building","County, 2-digit SIC -- by ownership sector","All establishment sizes",4,31,32,43,168790,0,0,367
"08063","5","SIC_0C16","29","0",1981,"3","","Kit Carson County, Colorado","Private","SIC 16 Heavy Construction, ex. Building","County, 2-digit SIC -- by ownership sector","All establishment sizes",4,53,51,41,264657,0,0,421
"08063","5","SIC_0C16","29","0",1981,"4","","Kit Carson County, Colorado","Private","SIC 16 Heavy Construction, ex. Building","County, 2-digit SIC -- by ownership sector","All establishment sizes",4,39,40,39,246961,0,0,482
"08063","5","SIC_0C17","29","0",1981,"1","N","Kit Carson County, Colorado","Private","SIC 17 Special Trade Contractors","County, 2-digit SIC -- by ownership sector","All establishment sizes",0,0,0,0,0,0,0,0
"08063","5","SIC_0C17","29","0",1981,"2","","Kit Carson County, Colorado","Private","SIC 17 Special Trade Contractors","County, 2-digit SIC -- by ownership sector","All establishment sizes",8,17,18,20,40460,0,0,169
"08063","5","SIC_0C17","29","0",1981,"3","","Kit Carson County, Colorado","Private","SIC 17 Special Trade Contractors","County, 2-digit SIC -- by ownership sector","All establishment sizes",9,23,20,21,48102,0,0,173
"08063","5","SIC_0C17","29","0",1981,"4","","Kit Carson County, Colorado","Private","SIC 17 Special Trade Contractors","County, 2-digit SIC -- by ownership sector","All establishment sizes",9,15,19,16,39410,0,0,181
"08063","5","SIC_0D","28","0",1981,"1","","Kit Carson County, Colorado","Private","Manufacturing Division","County, Industry Division -- by ownership sector","All establishment sizes",7,76,79,79,234872,0,0,231
"08063","5","SIC_0D","28","0",1981,"2","","Kit Carson County, Colorado","Private","Manufacturing Division","County, Industry Division -- by ownership sector","All establishment sizes",7,84,82,81,271926,0,0,254
"08063","5","SIC_0D","28","0",1981,"3","","Kit Carson County, Colorado","Private","Manufacturing Division","County, Industry Division -- by ownership sector","All establishment sizes",7,80,85,81,278819,0,0,261
"08063","5","SIC_0D","28","0",1981,"4","","Kit Carson County, Colorado","Private","Manufacturing Division","County, Industry Division -- by ownership sector","All establishment sizes",7,100,105,85,331432,0,0,263
"08063","5","SIC_0D20","29","0",1981,"1","N","Kit Carson County, Colorado","Private","SIC 20 Food and Kindred Products","County, 2-digit SIC -- by ownership sector","All establishment sizes",0,0,0,0,0,0,0,0
"08063","5","SIC_0D20","29","0",1981,"2","N","Kit Carson County, Colorado","Private","SIC 20 Food and Kindred Products","County, 2-digit SIC -- by ownership sector","All establishment sizes",0,0,0,0,0,0,0,0
"08063","5","SIC_0D20","29","0",1981,"3","N","Kit Carson County, Colorado","Private","SIC 20 Food and Kindred Products","County, 2-digit SIC -- by ownership sector","All establishment sizes",0,0,0,0,0,0,0,0
"08063","5","SIC_0D20","29","0",1981,"4","N","Kit Carson County, Colorado","Private","SIC 20 Food and Kindred Products","County, 2-digit SIC -- by ownership sector","All establishment sizes",0,0,0,0,0,0,0,0
"08063","5","SIC_0D27","29","0",1981,"1","N","Kit Carson County, Colorado","Private","SIC 27 Printing and Publishing","County, 2-digit SIC -- by ownership sector","All establishment sizes",0,0,0,0,0,0,0,0
"08063","5","SIC_0D27","29","0",1981,"2","N","Kit Carson County, Colorado","Private","SIC 27 Printing and Publishing","County, 2-digit SIC -- by ownership sector","All establishment sizes",0,0,0,0,0,0,0,0
"08063","5","SIC_0D27","29","0",1981,"3","N","Kit Carson County, Colorado","Private","SIC 27 Printing and Publishing","County, 2-digit SIC -- by ownership sector","All establishment sizes",0,0,0,0,0,0,0,0
"08063","5","SIC_0D27","29","0",1981,"4","N","Kit Carson County, Colorado","Private","SIC 27 Printing and Publishing","County, 2-digit SIC -- by ownership sector","All establishment sizes",0,0,0,0,0,0,0,0
"08063","5","SIC_0D32","29","0",1981,"1","N","Kit Carson County, Colorado","Private","SIC 32 Stone, Clay, and Glass Products","County, 2-digit SIC -- by ownership sector","All establishment sizes",0,0,0,0,0,0,0,0
"08063","5","SIC_0D32","29","0",1981,"2","N","Kit Carson County, Colorado","Private","SIC 32 Stone, Clay, and Glass Products","County, 2-digit SIC -- by ownership sector","All establishment sizes",0,0,0,0,0,0,0,0
"08063","5","SIC_0D32","29","0",1981,"3","N","Kit Carson County, Colorado","Private","SIC 32 Stone, Clay, and Glass Products","County, 2-digit SIC -- by ownership sector","All establishment sizes",0,0,0,0,0,0,0,0
"08063","5","SIC_0D32","29","0",1981,"4","N","Kit Carson County, Colorado","Private","SIC 32 Stone, Clay, and Glass Products","County, 2-digit SIC -- by ownership sector","All establishment sizes",0,0,0,0,0,0,0,0
"08063","5","SIC_0D34","29","0",1981,"1","N","Kit Carson County, Colorado","Private","SIC 34 Fabricated Metal Products","County, 2-digit SIC -- by ownership sector","All establishment sizes",0,0,0,0,0,0,0,0
"08063","5","SIC_0D34","29","0",1981,"2","N","Kit Carson County, Colorado","Private","SIC 34 Fabricated Metal Products","County, 2-digit SIC -- by ownership sector","All establishment sizes",0,0,0,0,0,0,0,0
"08063","5","SIC_0D34","29","0",1981,"3","N","Kit Carson County, Colorado","Private","SIC 34 Fabricated Metal Products","County, 2-digit SIC -- by ownership sector","All establishment sizes",0,0,0,0,0,0,0,0
"08063","5","SIC_0D34","29","0",1981,"4","N","Kit Carson County, Colorado","Private","SIC 34 Fabricated Metal Products","County, 2-digit SIC -- by ownership sector","All establishment sizes",0,0,0,0,0,0,0,0
"08063","5","SIC_0D35","29","0",1981,"1","N","Kit Carson County, Colorado","Private","SIC 35 Industrial Machinery and Equipment","County, 2-digit SIC -- by ownership sector","All establishment sizes",0,0,0,0,0,0,0,0
"08063","5","SIC_0D35","29","0",1981,"2","N","Kit Carson County, Colorado","Private","SIC 35 Industrial Machinery and Equipment","County, 2-digit SIC -- by ownership sector","All establishment sizes",0,0,0,0,0,0,0,0
"08063","5","SIC_0D35","29","0",1981,"3","N","Kit Carson County, Colorado","Private","SIC 35 Industrial Machinery and Equipment","County, 2-digit SIC -- by ownership sector","All establishment sizes",0,0,0,0,0,0,0,0
"08063","5","SIC_0D35","29","0",1981,"4","N","Kit Carson County, Colorado","Private","SIC 35 Industrial Machinery and Equipment","County, 2-digit SIC -- by ownership sector","All establishment sizes",0,0,0,0,0,0,0,0
"08063","5","SIC_0E","28","0",1981,"1","","Kit Carson County, Colorado","Private","Transportation and Public Utilities Division","County, Industry Division -- by ownership sector","All establishment sizes",11,95,92,91,371141,0,0,308
"08063","5","SIC_0E","28","0",1981,"2","","Kit Carson County, Colorado","Private","Transportation and Public Utilities Division","County, Industry Division -- by ownership sector","All establishment sizes",11,89,87,92,377288,0,0,324
"08063","5","SIC_0E","28","0",1981,"3","","Kit Carson County, Colorado","Private","Transportation and Public Utilities Division","County, Industry Division -- by ownership sector","All establishment sizes",12,95,88,83,379632,0,0,329
"08063","5","SIC_0E","28","0",1981,"4","","Kit Carson County, Colorado","Private","Transportation and Public Utilities Division","County, Industry Division -- by ownership sector","All establishment sizes",12,81,85,90,380703,0,0,343
"08063","5","SIC_0E42","29","0",1981,"1","N","Kit Carson County, Colorado","Private","SIC 42 Trucking And Warehousing","County, 2-digit SIC -- by ownership sector","All establishment sizes",0,0,0,0,0,0,0,0
"08063","5","SIC_0E42","29","0",1981,"2","N","Kit Carson County, Colorado","Private","SIC 42 Trucking And Warehousing","County, 2-digit SIC -- by ownership sector","All establishment sizes",0,0,0,0,0,0,0,0
"08063","5","SIC_0E42","29","0",1981,"3","N","Kit Carson County, Colorado","Private","SIC 42 Trucking And Warehousing","County, 2-digit SIC -- by ownership sector","All establishment sizes",0,0,0,0,0,0,0,0
"08063","5","SIC_0E42","29","0",1981,"4","N","Kit Carson County, Colorado","Private","SIC 42 Trucking And Warehousing","County, 2-digit SIC -- by ownership sector","All establishment sizes",0,0,0,0,0,0,0,0
"08063","5","SIC_0E48","29","0",1981,"1","N","Kit Carson County, Colorado","Private","SIC 48 Communication","County, 2-digit SIC -- by ownership sector","All establishment sizes",0,0,0,0,0,0,0,0
"08063","5","SIC_0E48","29","0",1981,"2","N","Kit Carson County, Colorado","Private","SIC 48 Communication","County, 2-digit SIC -- by ownership sector","All establishment sizes",0,0,0,0,0,0,0,0
"08063","5","SIC_0E48","29","0",1981,"3","N","Kit Carson County, Colorado","Private","SIC 48 Communication","County, 2-digit SIC -- by ownership sector","All establishment sizes",0,0,0,0,0,0,0,0
"08063","5","SIC_0E48","29","0",1981,"4","N","Kit Carson County, Colorado","Private","SIC 48 Communication","County, 2-digit SIC -- by ownership sector","All establishment sizes",0,0,0,0,0,0,0,0
"08063","5","SIC_0E49","29","0",1981,"1","","Kit Carson County, Colorado","Private","SIC 49 Electric, Gas, And Sanitary Services","County, 2-digit SIC -- by ownership sector","All establishment sizes",3,41,40,41,195563,0,0,369
"08063","5","SIC_0E49","29","0",1981,"2","","Kit Carson County, Colorado","Private","SIC 49 Electric, Gas, And Sanitary Services","County, 2-digit SIC -- by ownership sector","All establishment sizes",3,41,41,40,197752,0,0,374
"08063","5","SIC_0E49","29","0",1981,"3","","Kit Carson County, Colorado","Private","SIC 49 Electric, Gas, And Sanitary Services","County, 2-digit SIC -- by ownership sector","All establishment sizes",3,40,38,38,198703,0,0,395
"08063","5","SIC_0E49","29","0",1981,"4","","Kit Carson County, Colorado","Private","SIC 49 Electric, Gas, And Sanitary Services","County, 2-digit SIC -- by ownership sector","All establishment sizes",3,38,40,39,187871,0,0,370
"08063","5","SIC_0F","28","0",1981,"1","","Kit Carson County, Colorado","Private","Wholesale Trade Division","County, Industry Division -- by ownership sector","All establishment sizes",29,309,309,307,978377,0,0,244
"08063","5","SIC_0F","28","0",1981,"2","","Kit Carson County, Colorado","Private","Wholesale Trade Division","County, Industry Division -- by ownership sector","All establishment sizes",29,305,305,315,983196,0,0,245
"08063","5","SIC_0F","28","0",1981,"3","","Kit Carson County, Colorado","Private","Wholesale Trade Division","County, Industry Division -- by ownership sector","All establishment sizes",33,321,314,312,1098029,0,0,267
"08063","5","SIC_0F","28","0",1981,"4","","Kit Carson County, Colorado","Private","Wholesale Trade Division","County, Industry Division -- by ownership sector","All establishment sizes",31,312,311,315,1200128,0,0,295
"08063","5","SIC_0F50","29","0",1981,"1","","Kit Carson County, Colorado","Private","SIC 50 Wholesale Trade Durable Goods","County, 2-digit SIC -- by ownership sector","All establishment sizes",12,86,84,81,267274,0,0,245
"08063","5","SIC_0F50","29","0",1981,"2","","Kit Carson County, Colorado","Private","SIC 50 Wholesale Trade Durable Goods","County, 2-digit SIC -- by ownership sector","All establishment sizes",12,79,83,89,287572,0,0,264
"08063","5","SIC_0F50","29","0",1981,"3","","Kit Carson County, Colorado","Private","SIC 50 Wholesale Trade Durable Goods","County, 2-digit SIC -- by ownership sector","All establishment sizes",12,85,78,81,319417,0,0,302
"08063","5","SIC_0F50","29","0",1981,"4","","Kit Carson County, Colorado","Private","SIC 50 Wholesale Trade Durable Goods","County, 2-digit SIC -- by ownership sector","All establishment sizes",12,79,76,76,430361,0,0,429
"08063","5","SIC_0F51","29","0",1981,"1","","Kit Carson County, Colorado","Private","SIC 51 Wholesale Trade Nondurable Goods","County, 2-digit SIC -- by ownership sector","All establishment sizes",17,223,225,226,711103,0,0,243
"08063","5","SIC_0F51","29","0",1981,"2","","Kit Carson County, Colorado","Private","SIC 51 Wholesale Trade Nondurable Goods","County, 2-digit SIC -- by ownership sector","All establishment sizes",17,226,222,226,695624,0,0,238
"08063","5","SIC_0F51","29","0",1981,"3","","Kit Carson County, Colorado","Private","SIC 51 Wholesale Trade Nondurable Goods","County, 2-digit SIC -- by ownership sector","All establishment sizes",21,236,236,231,778612,0,0,255
"08063","5","SIC_0F51","29","0",1981,"4","","Kit Carson County, Colorado","Private","SIC 51 Wholesale Trade Nondurable Goods","County, 2-digit SIC -- by ownership sector","All establishment sizes",19,233,235,239,769767,0,0,251
"08063","5","SIC_0G","28","0",1981,"1","","Kit Carson County, Colorado","Private","Retail Trade Division","County, Industry Division -- by ownership sector","All establishment sizes",61,399,402,394,741698,0,0,143
"08063","5","SIC_0G","28","0",1981,"2","","Kit Carson County, Colorado","Private","Retail Trade Division","County, Industry Division -- by ownership sector","All establishment sizes",63,424,423,432,776634,0,0,140
"08063","5","SIC_0G","28","0",1981,"3","","Kit Carson County, Colorado","Private","Retail Trade Division","County, Industry Division -- by ownership sector","All establishment sizes",65,422,432,407,837214,0,0,153
"08063","5","SIC_0G","28","0",1981,"4","","Kit Carson County, Colorado","Private","Retail Trade Division","County, Industry Division -- by ownership sector","All establishment sizes",65,398,389,411,797887,0,0,153
"08063","5","SIC_0G52","29","0",1981,"1","","Kit Carson County, Colorado","Private","SIC 52 Building Materials and Garden Supplies","County, 2-digit SIC -- by ownership sector","All establishment sizes",7,31,31,28,65261,0,0,167
"08063","5","SIC_0G52","29","0",1981,"2","","Kit Carson County, Colorado","Private","SIC 52 Building Materials and Garden Supplies","County, 2-digit SIC -- by ownership sector","All establishment sizes",8,35,36,35,82248,0,0,179
"08063","5","SIC_0G52","29","0",1981,"3","","Kit Carson County, Colorado","Private","SIC 52 Building Materials and Garden Supplies","County, 2-digit SIC -- by ownership sector","All establishment sizes",8,36,37,30,97738,0,0,218
"08063","5","SIC_0G52","29","0",1981,"4","","Kit Carson County, Colorado","Private","SIC 52 Building Materials and Garden Supplies","County, 2-digit SIC -- by ownership sector","All establishment sizes",8,32,33,33,86327,0,0,203
"08063","5","SIC_0G53","29","0",1981,"1","","Kit Carson County, Colorado","Private","SIC 53 General Merchandise Stores","County, 2-digit SIC -- by ownership sector","All establishment sizes",5,42,47,43,52867,0,0,92
"08063","5","SIC_0G53","29","0",1981,"2","","Kit Carson County, Colorado","Private","SIC 53 General Merchandise Stores","County, 2-digit SIC -- by ownership sector","All establishment sizes",5,47,46,41,55241,0,0,95
"08063","5","SIC_0G53","29","0",1981,"3","","Kit Carson County, Colorado","Private","SIC 53 General Merchandise Stores","County, 2-digit SIC -- by ownership sector","All establishment sizes",5,41,43,42,59243,0,0,108
"08063","5","SIC_0G53","29","0",1981,"4","","Kit Carson County, Colorado","Private","SIC 53 General Merchandise Stores","County, 2-digit SIC -- by ownership sector","All establishment sizes",5,41,40,45,67939,0,0,124
"08063","5","SIC_0G54","29","0",1981,"1","","Kit Carson County, Colorado","Private","SIC 54 Food Stores","County, 2-digit SIC -- by ownership sector","All establishment sizes",8,77,82,82,182058,0,0,174
"08063","5","SIC_0G54","29","0",1981,"2","","Kit Carson County, Colorado","Private","SIC 54 Food Stores","County, 2-digit SIC -- by ownership sector","All establishment sizes",9,85,84,86,196599,0,0,177
"08063","5","SIC_0G54","29","0",1981,"3","","Kit Carson County, Colorado","Private","SIC 54 Food Stores","County, 2-digit SIC -- by ownership sector","All establishment sizes",9,91,91,90,216128,0,0,183
"08063","5","SIC_0G54","29","0",1981,"4","","Kit Carson County, Colorado","Private","SIC 54 Food Stores","County, 2-digit SIC -- by ownership sector","All establishment sizes",9,94,96,96,215298,0,0,173
"08063","5","SIC_0G55","29","0",1981,"1","","Kit Carson County, Colorado","Private","SIC 55 Automotive Dealers and Service Stations","County, 2-digit SIC -- by ownership sector","All establishment sizes",15,73,71,69,176693,0,0,191
"08063","5","SIC_0G55","29","0",1981,"2","","Kit Carson County, Colorado","Private","SIC 55 Automotive Dealers and Service Stations","County, 2-digit SIC -- by ownership sector","All establishment sizes",16,78,77,83,190155,0,0,184
"08063","5","SIC_0G55","29","0",1981,"3","","Kit Carson County, Colorado","Private","SIC 55 Automotive Dealers and Service Stations","County, 2-digit SIC -- by ownership sector","All establishment sizes",18,76,76,68,188257,0,0,197
"08063","5","SIC_0G55","29","0",1981,"4","","Kit Carson County, Colorado","Private","SIC 55 Automotive Dealers and Service Stations","County, 2-digit SIC -- by ownership sector","All establishment sizes",19,65,60,65,175514,0,0,213
"08063","5","SIC_0G56","29","0",1981,"1","N","Kit Carson County, Colorado","Private","SIC 56 Apparel and Accessory Stores","County, 2-digit SIC -- by ownership sector","All establishment sizes",0,0,0,0,0,0,0,0
"08063","5","SIC_0G56","29","0",1981,"2","N","Kit Carson County, Colorado","Private","SIC 56 Apparel and Accessory Stores","County, 2-digit SIC -- by ownership sector","All establishment sizes",0,0,0,0,0,0,0,0
"08063","5","SIC_0G56","29","0",1981,"3","N","Kit Carson County, Colorado","Private","SIC 56 Apparel and Accessory Stores","County, 2-digit SIC -- by ownership sector","All establishment sizes",0,0,0,0,0,0,0,0
"08063","5","SIC_0G56","29","0",1981,"4","N","Kit Carson County, Colorado","Private","SIC 56 Apparel and Accessory Stores","County, 2-digit SIC -- by ownership sector","All establishment sizes",0,0,0,0,0,0,0,0
"08063","5","SIC_0G57","29","0",1981,"1","N","Kit Carson County, Colorado","Private","SIC 57 Furniture and Homefurnishings Stores","County, 2-digit SIC -- by ownership sector","All establishment sizes",0,0,0,0,0,0,0,0
"08063","5","SIC_0G57","29","0",1981,"2","N","Kit Carson County, Colorado","Private","SIC 57 Furniture and Homefurnishings Stores","County, 2-digit SIC -- by ownership sector","All establishment sizes",0,0,0,0,0,0,0,0
"08063","5","SIC_0G57","29","0",1981,"3","N","Kit Carson County, Colorado","Private","SIC 57 Furniture and Homefurnishings Stores","County, 2-digit SIC -- by ownership sector","All establishment sizes",0,0,0,0,0,0,0,0
"08063","5","SIC_0G57","29","0",1981,"4","N","Kit Carson County, Colorado","Private","SIC 57 Furniture and Homefurnishings Stores","County, 2-digit SIC -- by ownership sector","All establishment sizes",0,0,0,0,0,0,0,0
"08063","5","SIC_0G58","29","0",1981,"1","","Kit Carson County, Colorado","Private","SIC 58 Eating and Drinking Places","County, 2-digit SIC -- by ownership sector","All establishment sizes",8,106,104,105,119211,0,0,87
"08063","5","SIC_0G58","29","0",1981,"2","","Kit Carson County, Colorado","Private","SIC 58 Eating and Drinking Places","County, 2-digit SIC -- by ownership sector","All establishment sizes",8,110,111,122,136200,0,0,91
"08063","5","SIC_0G58","29","0",1981,"3","","Kit Carson County, Colorado","Private","SIC 58 Eating and Drinking Places","County, 2-digit SIC -- by ownership sector","All establishment sizes",8,118,122,115,154492,0,0,100
"08063","5","SIC_0G58","29","0",1981,"4","","Kit Carson County, Colorado","Private","SIC 58 Eating and Drinking Places","County, 2-digit SIC -- by ownership sector","All establishment sizes",8,103,97,103,120186,0,0,91
"08063","5","SIC_0G59","29","0",1981,"1","","Kit Carson County, Colorado","Private","SIC 59 Miscellaneous Retail","County, 2-digit SIC -- by ownership sector","All establishment sizes",13,51,51,50,74403,0,0,112
"08063","5","SIC_0G59","29","0",1981,"2","","Kit Carson County, Colorado","Private","SIC 59 Miscellaneous Retail","County, 2-digit SIC -- by ownership sector","All establishment sizes",13,53,54,49,78736,0,0,116
"08063","5","SIC_0G59","29","0",1981,"3","","Kit Carson County, Colorado","Private","SIC 59 Miscellaneous Retail","County, 2-digit SIC -- by ownership sector","All establishment sizes",12,47,48,47,78878,0,0,128
"08063","5","SIC_0G59","29","0",1981,"4","","Kit Carson County, Colorado","Private","SIC 59 Miscellaneous Retail","County, 2-digit SIC -- by ownership sector","All establishment sizes",12,50,50,56,85877,0,0,127
"08063","5","SIC_0H","28","0",1981,"1","","Kit Carson County, Colorado","Private","Finance, Insurance, and Real Estate Division","County, Industry Division -- by ownership sector","All establishment sizes",12,74,64,64,277684,0,0,317
"08063","5","SIC_0H","28","0",1981,"2","","Kit Carson County, Colorado","Private","Finance, Insurance, and Real Estate Division","County, Industry Division -- by ownership sector","All establishment sizes",12,59,57,75,289068,0,0,349
"08063","5","SIC_0H","28","0",1981,"3","N","Kit Carson County, Colorado","Private","Finance, Insurance, and Real Estate Division","County, Industry Division -- by ownership sector","All establishment sizes",0,0,0,0,0,0,0,0
"08063","5","SIC_0H","28","0",1981,"4","N","Kit Carson County, Colorado","Private","Finance, Insurance, and Real Estate Division","County, Industry Division -- by ownership sector","All establishment sizes",0,0,0,0,0,0,0,0
"08063","5","SIC_0H60","29","0",1981,"1","","Kit Carson County, Colorado","Private","SIC 60 Depository Institutions","County, 2-digit SIC -- by ownership sector","All establishment sizes",5,59,49,49,233841,0,0,343
"08063","5","SIC_0H60","29","0",1981,"2","","Kit Carson County, Colorado","Private","SIC 60 Depository Institutions","County, 2-digit SIC -- by ownership sector","All establishment sizes",5,44,42,59,254713,0,0,405
"08063","5","SIC_0H60","29","0",1981,"3","","Kit Carson County, Colorado","Private","SIC 60 Depository Institutions","County, 2-digit SIC -- by ownership sector","All establishment sizes",5,59,60,60,231506,0,0,298
"08063","5","SIC_0H60","29","0",1981,"4","","Kit Carson County, Colorado","Private","SIC 60 Depository Institutions","County, 2-digit SIC -- by ownership sector","All establishment sizes",5,59,60,60,287365,0,0,370
"08063","5","SIC_0H63","29","0",1981,"1","N","Kit Carson County, Colorado","Private","SIC 63 Insurance Carriers","County, 2-digit SIC -- by ownership sector","All establishment sizes",0,0,0,0,0,0,0,0
"08063","5","SIC_0H63","29","0",1981,"2","N","Kit Carson County, Colorado","Private","SIC 63 Insurance Carriers","County, 2-digit SIC -- by ownership sector","All establishment sizes",0,0,0,0,0,0,0,0
"08063","5","SIC_0H63","29","0",1981,"3","N","Kit Carson County, Colorado","Private","SIC 63 Insurance Carriers","County, 2-digit SIC -- by ownership sector","All establishment sizes",0,0,0,0,0,0,0,0
"08063","5","SIC_0H63","29","0",1981,"4","N","Kit Carson County, Colorado","Private","SIC 63 Insurance Carriers","County, 2-digit SIC -- by ownership sector","All establishment sizes",0,0,0,0,0,0,0,0
"08063","5","SIC_0H64","29","0",1981,"1","N","Kit Carson County, Colorado","Private","SIC 64 Insurance Agents, Brokers, and Service","County, 2-digit SIC -- by ownership sector","All establishment sizes",0,0,0,0,0,0,0,0
"08063","5","SIC_0H64","29","0",1981,"2","N","Kit Carson County, Colorado","Private","SIC 64 Insurance Agents, Brokers, and Service","County, 2-digit SIC -- by ownership sector","All establishment sizes",0,0,0,0,0,0,0,0
"08063","5","SIC_0H64","29","0",1981,"3","","Kit Carson County, Colorado","Private","SIC 64 Insurance Agents, Brokers, and Service","County, 2-digit SIC -- by ownership sector","All establishment sizes",3,4,4,4,9412,0,0,181
"08063","5","SIC_0H64","29","0",1981,"4","","Kit Carson County, Colorado","Private","SIC 64 Insurance Agents, Brokers, and Service","County, 2-digit SIC -- by ownership sector","All establishment sizes",3,4,4,6,14214,0,0,234
"08063","5","SIC_0H65","29","0",1981,"1","","Kit Carson County, Colorado","Private","SIC 65 Real Estate","County, 2-digit SIC -- by ownership sector","All establishment sizes",3,7,8,8,29754,0,0,298
"08063","5","SIC_0H65","29","0",1981,"2","","Kit Carson County, Colorado","Private","SIC 65 Real Estate","County, 2-digit SIC -- by ownership sector","All establishment sizes",3,8,9,9,20858,0,0,185
"08063","5","SIC_0H65","29","0",1981,"3","","Kit Carson County, Colorado","Private","SIC 65 Real Estate","County, 2-digit SIC -- by ownership sector","All establishment sizes",3,10,10,9,28774,0,0,228
"08063","5","SIC_0H65","29","0",1981,"4","","Kit Carson County, Colorado","Private","SIC 65 Real Estate","County, 2-digit SIC -- by ownership sector","All establishment sizes",3,10,10,10,45159,0,0,347
"08063","5","SIC_0I","28","0",1981,"1","","Kit Carson County, Colorado","Private","Services Division","County, Industry Division -- by ownership sector","All establishment sizes",40,301,306,318,467283,0,0,116
"08063","5","SIC_0I","28","0",1981,"2","","Kit Carson County, Colorado","Private","Services Division","County, Industry Division -- by ownership sector","All establishment sizes",38,298,313,323,497697,0,0,122
"08063","5","SIC_0I","28","0",1981,"3","","Kit Carson County, Colorado","Private","Services Division","County, Industry Division -- by ownership sector","All establishment sizes",42,336,376,360,559429,0,0,120
"08063","5","SIC_0I","28","0",1981,"4","","Kit Carson County, Colorado","Private","Services Division","County, Industry Division -- by ownership sector","All establishment sizes",42,383,377,376,635215,0,0,129
"08063","5","SIC_0I70","29","0",1981,"1","","Kit Carson County, Colorado","Private","SIC 70 Hotels and Other Lodging Places","County, 2-digit SIC -- by ownership sector","All establishment sizes",6,133,136,147,165124,0,0,91
"08063","5","SIC_0I70","29","0",1981,"2","","Kit Carson County, Colorado","Private","SIC 70 Hotels and Other Lodging Places","County, 2-digit SIC -- by ownership sector","All establishment sizes",5,127,137,156,209587,0,0,115
"08063","5","SIC_0I70","29","0",1981,"3","","Kit Carson County, Colorado","Private","SIC 70 Hotels and Other Lodging Places","County, 2-digit SIC -- by ownership sector","All establishment sizes",6,167,161,144,218743,0,0,106
"08063","5","SIC_0I70","29","0",1981,"4","","Kit Carson County, Colorado","Private","SIC 70 Hotels and Other Lodging Places","County, 2-digit SIC -- by ownership sector","All establishment sizes",6,146,139,139,199263,0,0,108
"08063","5","SIC_0I72","29","0",1981,"1","","Kit Carson County, Colorado","Private","SIC 72 Personal Services","County, 2-digit SIC -- by ownership sector","All establishment sizes",6,12,16,15,21213,0,0,113
"08063","5","SIC_0I72","29","0",1981,"2","","Kit Carson County, Colorado","Private","SIC 72 Personal Services","County, 2-digit SIC -- by ownership sector","All establishment sizes",6,12,15,13,20569,0,0,118
"08063","5","SIC_0I72","29","0",1981,"3","","Kit Carson County, Colorado","Private","SIC 72 Personal Services","County, 2-digit SIC -- by ownership sector","All establishment sizes",6,13,13,13,21157,0,0,125
"08063","5","SIC_0I72","29","0",1981,"4","","Kit Carson County, Colorado","Private","SIC 72 Personal Services","County, 2-digit SIC -- by ownership sector","All establishment sizes",6,13,14,13,27031,0,0,155
"08063","5","SIC_0I75","29","0",1981,"1","","Kit Carson County, Colorado","Private","SIC 75 Auto Repair, Services, and Parking","County, 2-digit SIC -- by ownership sector","All establishment sizes",5,13,12,13,25026,0,0,151
"08063","5","SIC_0I75","29","0",1981,"2","","Kit Carson County, Colorado","Private","SIC 75 Auto Repair, Services, and Parking","County, 2-digit SIC -- by ownership sector","All establishment sizes",5,12,13,11,25269,0,0,161
"08063","5","SIC_0I75","29","0",1981,"3","","Kit Carson County, Colorado","Private","SIC 75 Auto Repair, Services, and Parking","County, 2-digit SIC -- by ownership sector","All establishment sizes",6,12,12,11,27220,0,0,179
"08063","5","SIC_0I75","29","0",1981,"4","","Kit Carson County, Colorado","Private","SIC 75 Auto Repair, Services, and Parking","County, 2-digit SIC -- by ownership sector","All establishment sizes",6,12,10,10,26779,0,0,193
"08063","5","SIC_0I78","29","0",1981,"1","N","Kit Carson County, Colorado","Private","SIC 78 Motion Pictures","County, 2-digit SIC -- by ownership sector","All establishment sizes",0,0,0,0,0,0,0,0
"08063","5","SIC_0I78","29","0",1981,"2","N","Kit Carson County, Colorado","Private","SIC 78 Motion Pictures","County, 2-digit SIC -- by ownership sector","All establishment sizes",0,0,0,0,0,0,0,0
"08063","5","SIC_0I78","29","0",1981,"3","N","Kit Carson County, Colorado","Private","SIC 78 Motion Pictures","County, 2-digit SIC -- by ownership sector","All establishment sizes",0,0,0,0,0,0,0,0
"08063","5","SIC_0I78","29","0",1981,"4","N","Kit Carson County, Colorado","Private","SIC 78 Motion Pictures","County, 2-digit SIC -- by ownership sector","All establishment sizes",0,0,0,0,0,0,0,0
"08063","5","SIC_0I79","29","0",1981,"1","","Kit Carson County, Colorado","Private","SIC 79 Amusement and Recreation Services","County, 2-digit SIC -- by ownership sector","All establishment sizes",3,8,8,8,12028,0,0,115
"08063","5","SIC_0I79","29","0",1981,"2","","Kit Carson County, Colorado","Private","SIC 79 Amusement and Recreation Services","County, 2-digit SIC -- by ownership sector","All establishment sizes",3,7,10,11,11979,0,0,98
"08063","5","SIC_0I79","29","0",1981,"3","","Kit Carson County, Colorado","Private","SIC 79 Amusement and Recreation Services","County, 2-digit SIC -- by ownership sector","All establishment sizes",3,7,8,9,6902,0,0,66
"08063","5","SIC_0I79","29","0",1981,"4","","Kit Carson County, Colorado","Private","SIC 79 Amusement and Recreation Services","County, 2-digit SIC -- by ownership sector","All establishment sizes",3,5,7,8,6372,0,0,73
"08063","5","SIC_0I80","29","0",1981,"1","","Kit Carson County, Colorado","Private","SIC 80 Health Services","County, 2-digit SIC -- by ownership sector","All establishment sizes",7,59,59,60,143846,0,0,186
"08063","5","SIC_0I80","29","0",1981,"2","","Kit Carson County, Colorado","Private","SIC 80 Health Services","County, 2-digit SIC -- by ownership sector","All establishment sizes",7,62,62,63,125470,0,0,154
"08063","5","SIC_0I80","29","0",1981,"3","","Kit Carson County, Colorado","Private","SIC 80 Health Services","County, 2-digit SIC -- by ownership sector","All establishment sizes",9,65,110,106,173873,0,0,142
"08063","5","SIC_0I80","29","0",1981,"4","","Kit Carson County, Colorado","Private","SIC 80 Health Services","County, 2-digit SIC -- by ownership sector","All establishment sizes",9,113,113,112,259667,0,0,177
"08063","5","SIC_0I81","29","0",1981,"1","","Kit Carson County, Colorado","Private","SIC 81 Legal Services","County, 2-digit SIC -- by ownership sector","All establishment sizes",3,10,9,10,25337,0,0,201
"08063","5","SIC_0I81","29","0",1981,"2","","Kit Carson County, Colorado","Private","SIC 81 Legal Services","County, 2-digit SIC -- by ownership sector","All establishment sizes",3,11,11,11,29551,0,0,206
"08063","5","SIC_0I81","29","0",1981,"3","","Kit Carson County, Colorado","Private","SIC 81 Legal Services","County, 2-digit SIC -- by ownership sector","All establishment sizes",3,12,11,11,34578,0,0,234
"08063","5","SIC_0I81","29","0",1981,"4","","Kit Carson County, Colorado","Private","SIC 81 Legal Services","County, 2-digit SIC -- by ownership sector","All establishment sizes",3,10,10,9,34814,0,0,277
"08063","5","SIC_0I83","29","0",1981,"1","","Kit Carson County, Colorado","Private","SIC 83 Social Services","County, 2-digit SIC -- by ownership sector","All establishment sizes",4,53,56,56,62997,0,0,88
"08063","5","SIC_0I83","29","0",1981,"2","","Kit Carson County, Colorado","Private","SIC 83 Social Services","County, 2-digit SIC -- by ownership sector","All establishment sizes",4,57,55,48,62179,0,0,89
"08063","5","SIC_0I83","29","0",1981,"3","","Kit Carson County, Colorado","Private","SIC 83 Social Services","County, 2-digit SIC -- by ownership sector","All establishment sizes",4,49,52,57,63511,0,0,92
"08063","5","SIC_0I83","29","0",1981,"4","","Kit Carson County, Colorado","Private","SIC 83 Social Services","County, 2-digit SIC -- by ownership sector","All establishment sizes",4,73,73,73,64759,0,0,68
"08063","5","SIC_0I86","29","0",1981,"1","","Kit Carson County, Colorado","Private","SIC 86 Membership Organizations","County, 2-digit SIC -- by ownership sector","All establishment sizes",3,4,3,3,3900,0,0,90
"08063","5","SIC_0I86","29","0",1981,"2","","Kit Carson County, Colorado","Private","SIC 86 Membership Organizations","County, 2-digit SIC -- by ownership sector","All establishment sizes",3,3,3,3,2720,0,0,69
"08063","5","SIC_0I86","29","0",1981,"3","","Kit Carson County, Colorado","Private","SIC 86 Membership Organizations","County, 2-digit SIC -- by ownership sector","All establishment sizes",3,4,3,3,2660,0,0,61
"08063","5","SIC_0I86","29","0",1981,"4","","Kit Carson County, Colorado","Private","SIC 86 Membership Organizations","County, 2-digit SIC -- by ownership sector","All establishment sizes",3,4,4,4,3060,0,0,58
"08063","5","SIC_0I88","29","0",1981,"1","N","Kit Carson County, Colorado","Private","SIC 88 Private Households","County, 2-digit SIC -- by ownership sector","All establishment sizes",0,0,0,0,0,0,0,0
"08063","5","SIC_0I89","29","0",1981,"1","N","Kit Carson County, Colorado","Private","SIC 89 Services, Nec","County, 2-digit SIC -- by ownership sector","All establishment sizes",0,0,0,0,0,0,0,0
"08063","5","SIC_0I89","29","0",1981,"2","N","Kit Carson County, Colorado","Private","SIC 89 Services, Nec","County, 2-digit SIC -- by ownership sector","All establishment sizes",0,0,0,0,0,0,0,0
"08063","5","SIC_0I89","29","0",1981,"3","N","Kit Carson County, Colorado","Private","SIC 89 Services, Nec","County, 2-digit SIC -- by ownership sector","All establishment sizes",0,0,0,0,0,0,0,0
"08063","5","SIC_0I89","29","0",1981,"4","N","Kit Carson County, Colorado","Private","SIC 89 Services, Nec","County, 2-digit SIC -- by ownership sector","All establishment sizes",0,0,0,0,0,0,0,0
"08063","5","SIC_0K","28","0",1981,"1","N","Kit Carson County, Colorado","Private","Nonclassifiable Establishments","County, Industry Division -- by ownership sector","All establishment sizes",0,0,0,0,0,0,0,0
"08063","5","SIC_0K","28","0",1981,"2","N","Kit Carson County, Colorado","Private","Nonclassifiable Establishments","County, Industry Division -- by ownership sector","All establishment sizes",0,0,0,0,0,0,0,0
"08063","5","SIC_0K","28","0",1981,"3","N","Kit Carson County, Colorado","Private","Nonclassifiable Establishments","County, Industry Division -- by ownership sector","All establishment sizes",0,0,0,0,0,0,0,0
"08063","5","SIC_0K","28","0",1981,"4","N","Kit Carson County, Colorado","Private","Nonclassifiable Establishments","County, Industry Division -- by ownership sector","All establishment sizes",0,0,0,0,0,0,0,0
"08063","5","SIC_0K99","29","0",1981,"1","N","Kit Carson County, Colorado","Private","SIC 99 Nonclassifiable Establishments","County, 2-digit SIC -- by ownership sector","All establishment sizes",0,0,0,0,0,0,0,0
"08063","5","SIC_0K99","29","0",1981,"2","N","Kit Carson County, Colorado","Private","SIC 99 Nonclassifiable Establishments","County, 2-digit SIC -- by ownership sector","All establishment sizes",0,0,0,0,0,0,0,0
"08063","5","SIC_0K99","29","0",1981,"3","N","Kit Carson County, Colorado","Private","SIC 99 Nonclassifiable Establishments","County, 2-digit SIC -- by ownership sector","All establishment sizes",0,0,0,0,0,0,0,0
"08063","5","SIC_0K99","29","0",1981,"4","N","Kit Carson County, Colorado","Private","SIC 99 Nonclassifiable Establishments","County, 2-digit SIC -- by ownership sector","All establishment sizes",0,0,0,0,0,0,0,0
