"area_fips","own_code","industry_code","agglvl_code","size_code","year","qtr","disclosure_code","area_title","own_title","industry_title","agglvl_title","size_title","qtrly_estabs_count","month1_emplvl","month2_emplvl","month3_emplvl","total_qtrly_wages","taxable_qtrly_wages","qtrly_contributions","avg_wkly_wage"
"13015","0","SIC_0Z","26","0",1981,"1","","Bartow County, Georgia","Total Covered","All Industries","County, Total Covered","All establishment sizes",646,15572,15274,15526,48906069,0,0,243
"13015","0","SIC_0Z","26","0",1981,"2","","Bartow County, Georgia","Total Covered","All Industries","County, Total Covered","All establishment sizes",651,15746,15728,15644,50547410,0,0,247
"13015","0","SIC_0Z","26","0",1981,"3","","Bartow County, Georgia","Total Covered","All Industries","County, Total Covered","All establishment sizes",655,14138,14752,14773,47006502,0,0,248
"13015","0","SIC_0Z","26","0",1981,"4","","Bartow County, Georgia","Total Covered","All Industries","County, Total Covered","All establishment sizes",666,14754,14736,14580,49104755,0,0,257
"13015","1","SIC_0Z","27","0",1981,"1","","Bartow County, Georgia","Federal Government","All Industries","County, Total -- by ownership sector","All establishment sizes",6,81,83,83,401845,0,0,375
"13015","1","SIC_0Z","27","0",1981,"2","","Bartow County, Georgia","Federal Government","All Industries","County, Total -- by ownership sector","All establishment sizes",6,83,82,86,364165,0,0,334
"13015","1","SIC_0Z","27","0",1981,"3","","Bartow County, Georgia","Federal Government","All Industries","County, Total -- by ownership sector","All establishment sizes",6,84,82,74,413784,0,0,397
"13015","1","SIC_0Z","27","0",1981,"4","","Bartow County, Georgia","Federal Government","All Industries","County, Total -- by ownership sector","All establishment sizes",6,81,80,81,403078,0,0,384
"13015","1","SIC_0E","28","0",1981,"1","","Bartow County, Georgia","Federal Government","Transportation and Public Utilities Division","County, Industry Division -- by ownership sector","All establishment sizes",3,65,67,68,347562,0,0,401
"13015","1","SIC_0E","28","0",1981,"2","","Bartow County, Georgia","Federal Government","Transportation and Public Utilities Division","County, Industry Division -- by ownership sector","All establishment sizes",3,68,67,69,301654,0,0,341
"13015","1","SIC_0E","28","0",1981,"3","","Bartow County, Georgia","Federal Government","Transportation and Public Utilities Division","County, Industry Division -- by ownership sector","All establishment sizes",3,70,67,56,356937,0,0,426
"13015","1","SIC_0E","28","0",1981,"4","","Bartow County, Georgia","Federal Government","Transportation and Public Utilities Division","County, Industry Division -- by ownership sector","All establishment sizes",3,66,67,67,337776,0,0,389
"13015","1","SIC_0E43","29","0",1981,"1","","Bartow County, Georgia","Federal Government","SIC 43 U.S. Postal Service","County, 2-digit SIC -- by ownership sector","All establishment sizes",3,65,67,68,347562,0,0,401
"13015","1","SIC_0E43","29","0",1981,"2","","Bartow County, Georgia","Federal Government","SIC 43 U.S. Postal Service","County, 2-digit SIC -- by ownership sector","All establishment sizes",3,68,67,69,301654,0,0,341
"13015","1","SIC_0E43","29","0",1981,"3","","Bartow County, Georgia","Federal Government","SIC 43 U.S. Postal Service","County, 2-digit SIC -- by ownership sector","All establishment sizes",3,70,67,56,356937,0,0,426
"13015","1","SIC_0E43","29","0",1981,"4","","Bartow County, Georgia","Federal Government","SIC 43 U.S. Postal Service","County, 2-digit SIC -- by ownership sector","All establishment sizes",3,66,67,67,337776,0,0,389
"13015","1","SIC_0H","28","0",1981,"1","","Bartow County, Georgia","Federal Government","Finance, Insurance, and Real Estate Division","County, Industry Division -- by ownership sector","All establishment sizes",1,9,10,8,28513,0,0,243
"13015","1","SIC_0H","28","0",1981,"2","","Bartow County, Georgia","Federal Government","Finance, Insurance, and Real Estate Division","County, Industry Division -- by ownership sector","All establishment sizes",1,9,9,11,33178,0,0,264
"13015","1","SIC_0H","28","0",1981,"3","","Bartow County, Georgia","Federal Government","Finance, Insurance, and Real Estate Division","County, Industry Division -- by ownership sector","All establishment sizes",1,8,9,12,29480,0,0,234
"13015","1","SIC_0H","28","0",1981,"4","","Bartow County, Georgia","Federal Government","Finance, Insurance, and Real Estate Division","County, Industry Division -- by ownership sector","All establishment sizes",1,10,8,9,35263,0,0,301
"13015","1","SIC_0H61","29","0",1981,"1","","Bartow County, Georgia","Federal Government","SIC 61 Nondepository Institutions","County, 2-digit SIC -- by ownership sector","All establishment sizes",1,9,10,8,28513,0,0,243
"13015","1","SIC_0H61","29","0",1981,"2","","Bartow County, Georgia","Federal Government","SIC 61 Nondepository Institutions","County, 2-digit SIC -- by ownership sector","All establishment sizes",1,9,9,11,33178,0,0,264
"13015","1","SIC_0H61","29","0",1981,"3","","Bartow County, Georgia","Federal Government","SIC 61 Nondepository Institutions","County, 2-digit SIC -- by ownership sector","All establishment sizes",1,8,9,12,29480,0,0,234
"13015","1","SIC_0H61","29","0",1981,"4","","Bartow County, Georgia","Federal Government","SIC 61 Nondepository Institutions","County, 2-digit SIC -- by ownership sector","All establishment sizes",1,10,8,9,35263,0,0,301
"13015","1","SIC_0J","28","0",1981,"1","","Bartow County, Georgia","Federal Government","Public Administration Division","County, Industry Division -- by ownership sector","All establishment sizes",2,7,6,7,25770,0,0,297
"13015","1","SIC_0J","28","0",1981,"2","","Bartow County, Georgia","Federal Government","Public Administration Division","County, Industry Division -- by ownership sector","All establishment sizes",2,6,6,6,29333,0,0,376
"13015","1","SIC_0J","28","0",1981,"3","","Bartow County, Georgia","Federal Government","Public Administration Division","County, Industry Division -- by ownership sector","All establishment sizes",2,6,6,6,27367,0,0,350
"13015","1","SIC_0J","28","0",1981,"4","","Bartow County, Georgia","Federal Government","Public Administration Division","County, Industry Division -- by ownership sector","All establishment sizes",2,5,5,5,30039,0,0,462
"13015","1","SIC_0J95","29","0",1981,"1","","Bartow County, Georgia","Federal Government","SIC 95 Environmental Quality and Housing","County, 2-digit SIC -- by ownership sector","All establishment sizes",2,7,6,7,25770,0,0,297
"13015","1","SIC_0J95","29","0",1981,"2","","Bartow County, Georgia","Federal Government","SIC 95 Environmental Quality and Housing","County, 2-digit SIC -- by ownership sector","All establishment sizes",2,6,6,6,29333,0,0,376
"13015","1","SIC_0J95","29","0",1981,"3","","Bartow County, Georgia","Federal Government","SIC 95 Environmental Quality and Housing","County, 2-digit SIC -- by ownership sector","All establishment sizes",2,6,6,6,27367,0,0,350
"13015","1","SIC_0J95","29","0",1981,"4","","Bartow County, Georgia","Federal Government","SIC 95 Environmental Quality and Housing","County, 2-digit SIC -- by ownership sector","All establishment sizes",2,5,5,5,30039,0,0,462
"13015","2","SIC_0Z","27","0",1981,"1","","Bartow County, Georgia","State Government","All Industries","County, Total -- by ownership sector","All establishment sizes",11,411,411,411,1397968,0,0,261
"13015","2","SIC_0Z","27","0",1981,"2","","Bartow County, Georgia","State Government","All Industries","County, Total -- by ownership sector","All establishment sizes",12,413,404,411,1386610,0,0,260
"13015","2","SIC_0Z","27","0",1981,"3","","Bartow County, Georgia","State Government","All Industries","County, Total -- by ownership sector","All establishment sizes",12,437,434,429,1583509,0,0,281
"13015","2","SIC_0Z","27","0",1981,"4","","Bartow County, Georgia","State Government","All Industries","County, Total -- by ownership sector","All establishment sizes",11,413,409,411,1528709,0,0,286
"13015","2","SIC_0A","28","0",1981,"1","N","Bartow County, Georgia","State Government","Agriculture, Forestry, and Fishing Division","County, Industry Division -- by ownership sector","All establishment sizes",0,0,0,0,0,0,0,0
"13015","2","SIC_0A","28","0",1981,"2","N","Bartow County, Georgia","State Government","Agriculture, Forestry, and Fishing Division","County, Industry Division -- by ownership sector","All establishment sizes",0,0,0,0,0,0,0,0
"13015","2","SIC_0A","28","0",1981,"3","N","Bartow County, Georgia","State Government","Agriculture, Forestry, and Fishing Division","County, Industry Division -- by ownership sector","All establishment sizes",0,0,0,0,0,0,0,0
"13015","2","SIC_0A","28","0",1981,"4","N","Bartow County, Georgia","State Government","Agriculture, Forestry, and Fishing Division","County, Industry Division -- by ownership sector","All establishment sizes",0,0,0,0,0,0,0,0
"13015","2","SIC_0A08","29","0",1981,"1","N","Bartow County, Georgia","State Government","SIC 08 Forestry","County, 2-digit SIC -- by ownership sector","All establishment sizes",0,0,0,0,0,0,0,0
"13015","2","SIC_0A08","29","0",1981,"2","N","Bartow County, Georgia","State Government","SIC 08 Forestry","County, 2-digit SIC -- by ownership sector","All establishment sizes",0,0,0,0,0,0,0,0
"13015","2","SIC_0A08","29","0",1981,"3","N","Bartow County, Georgia","State Government","SIC 08 Forestry","County, 2-digit SIC -- by ownership sector","All establishment sizes",0,0,0,0,0,0,0,0
"13015","2","SIC_0A08","29","0",1981,"4","N","Bartow County, Georgia","State Government","SIC 08 Forestry","County, 2-digit SIC -- by ownership sector","All establishment sizes",0,0,0,0,0,0,0,0
"13015","2","SIC_0C","28","0",1981,"1","N","Bartow County, Georgia","State Government","Construction Division","County, Industry Division -- by ownership sector","All establishment sizes",0,0,0,0,0,0,0,0
"13015","2","SIC_0C","28","0",1981,"2","N","Bartow County, Georgia","State Government","Construction Division","County, Industry Division -- by ownership sector","All establishment sizes",0,0,0,0,0,0,0,0
"13015","2","SIC_0C","28","0",1981,"3","N","Bartow County, Georgia","State Government","Construction Division","County, Industry Division -- by ownership sector","All establishment sizes",0,0,0,0,0,0,0,0
"13015","2","SIC_0C","28","0",1981,"4","N","Bartow County, Georgia","State Government","Construction Division","County, Industry Division -- by ownership sector","All establishment sizes",0,0,0,0,0,0,0,0
"13015","2","SIC_0C16","29","0",1981,"1","N","Bartow County, Georgia","State Government","SIC 16 Heavy Construction, ex. Building","County, 2-digit SIC -- by ownership sector","All establishment sizes",0,0,0,0,0,0,0,0
"13015","2","SIC_0C16","29","0",1981,"2","N","Bartow County, Georgia","State Government","SIC 16 Heavy Construction, ex. Building","County, 2-digit SIC -- by ownership sector","All establishment sizes",0,0,0,0,0,0,0,0
"13015","2","SIC_0C16","29","0",1981,"3","N","Bartow County, Georgia","State Government","SIC 16 Heavy Construction, ex. Building","County, 2-digit SIC -- by ownership sector","All establishment sizes",0,0,0,0,0,0,0,0
"13015","2","SIC_0C16","29","0",1981,"4","N","Bartow County, Georgia","State Government","SIC 16 Heavy Construction, ex. Building","County, 2-digit SIC -- by ownership sector","All establishment sizes",0,0,0,0,0,0,0,0
"13015","2","SIC_0I","28","0",1981,"1","","Bartow County, Georgia","State Government","Services Division","County, Industry Division -- by ownership sector","All establishment sizes",5,60,60,59,162794,0,0,209
"13015","2","SIC_0I","28","0",1981,"2","","Bartow County, Georgia","State Government","Services Division","County, Industry Division -- by ownership sector","All establishment sizes",5,63,61,67,168651,0,0,203
"13015","2","SIC_0I","28","0",1981,"3","","Bartow County, Georgia","State Government","Services Division","County, Industry Division -- by ownership sector","All establishment sizes",5,75,72,71,194064,0,0,205
"13015","2","SIC_0I","28","0",1981,"4","","Bartow County, Georgia","State Government","Services Division","County, Industry Division -- by ownership sector","All establishment sizes",5,60,61,59,183346,0,0,235
"13015","2","SIC_0I79","29","0",1981,"1","N","Bartow County, Georgia","State Government","SIC 79 Amusement and Recreation Services","County, 2-digit SIC -- by ownership sector","All establishment sizes",0,0,0,0,0,0,0,0
"13015","2","SIC_0I79","29","0",1981,"2","N","Bartow County, Georgia","State Government","SIC 79 Amusement and Recreation Services","County, 2-digit SIC -- by ownership sector","All establishment sizes",0,0,0,0,0,0,0,0
"13015","2","SIC_0I79","29","0",1981,"3","N","Bartow County, Georgia","State Government","SIC 79 Amusement and Recreation Services","County, 2-digit SIC -- by ownership sector","All establishment sizes",0,0,0,0,0,0,0,0
"13015","2","SIC_0I79","29","0",1981,"4","N","Bartow County, Georgia","State Government","SIC 79 Amusement and Recreation Services","County, 2-digit SIC -- by ownership sector","All establishment sizes",0,0,0,0,0,0,0,0
"13015","2","SIC_0I80","29","0",1981,"1","N","Bartow County, Georgia","State Government","SIC 80 Health Services","County, 2-digit SIC -- by ownership sector","All establishment sizes",0,0,0,0,0,0,0,0
"13015","2","SIC_0I80","29","0",1981,"2","N","Bartow County, Georgia","State Government","SIC 80 Health Services","County, 2-digit SIC -- by ownership sector","All establishment sizes",0,0,0,0,0,0,0,0
"13015","2","SIC_0I80","29","0",1981,"3","N","Bartow County, Georgia","State Government","SIC 80 Health Services","County, 2-digit SIC -- by ownership sector","All establishment sizes",0,0,0,0,0,0,0,0
"13015","2","SIC_0I80","29","0",1981,"4","N","Bartow County, Georgia","State Government","SIC 80 Health Services","County, 2-digit SIC -- by ownership sector","All establishment sizes",0,0,0,0,0,0,0,0
"13015","2","SIC_0I83","29","0",1981,"1","N","Bartow County, Georgia","State Government","SIC 83 Social Services","County, 2-digit SIC -- by ownership sector","All establishment sizes",0,0,0,0,0,0,0,0
"13015","2","SIC_0I83","29","0",1981,"2","N","Bartow County, Georgia","State Government","SIC 83 Social Services","County, 2-digit SIC -- by ownership sector","All establishment sizes",0,0,0,0,0,0,0,0
"13015","2","SIC_0I83","29","0",1981,"3","N","Bartow County, Georgia","State Government","SIC 83 Social Services","County, 2-digit SIC -- by ownership sector","All establishment sizes",0,0,0,0,0,0,0,0
"13015","2","SIC_0I83","29","0",1981,"4","N","Bartow County, Georgia","State Government","SIC 83 Social Services","County, 2-digit SIC -- by ownership sector","All establishment sizes",0,0,0,0,0,0,0,0
"13015","2","SIC_0J","28","0",1981,"1","","Bartow County, Georgia","State Government","Public Administration Division","County, Industry Division -- by ownership sector","All establishment sizes",4,49,50,48,175684,0,0,275
"13015","2","SIC_0J","28","0",1981,"2","","Bartow County, Georgia","State Government","Public Administration Division","County, Industry Division -- by ownership sector","All establishment sizes",5,47,42,45,160570,0,0,276
"13015","2","SIC_0J","28","0",1981,"3","","Bartow County, Georgia","State Government","Public Administration Division","County, Industry Division -- by ownership sector","All establishment sizes",5,43,43,41,169873,0,0,308
"13015","2","SIC_0J","28","0",1981,"4","","Bartow County, Georgia","State Government","Public Administration Division","County, Industry Division -- by ownership sector","All establishment sizes",4,40,39,40,158205,0,0,306
"13015","2","SIC_0J91","29","0",1981,"1","N","Bartow County, Georgia","State Government","SIC 91 Executive, Legislative, and General","County, 2-digit SIC -- by ownership sector","All establishment sizes",0,0,0,0,0,0,0,0
"13015","2","SIC_0J91","29","0",1981,"2","N","Bartow County, Georgia","State Government","SIC 91 Executive, Legislative, and General","County, 2-digit SIC -- by ownership sector","All establishment sizes",0,0,0,0,0,0,0,0
"13015","2","SIC_0J91","29","0",1981,"3","N","Bartow County, Georgia","State Government","SIC 91 Executive, Legislative, and General","County, 2-digit SIC -- by ownership sector","All establishment sizes",0,0,0,0,0,0,0,0
"13015","2","SIC_0J91","29","0",1981,"4","N","Bartow County, Georgia","State Government","SIC 91 Executive, Legislative, and General","County, 2-digit SIC -- by ownership sector","All establishment sizes",0,0,0,0,0,0,0,0
"13015","2","SIC_0J92","29","0",1981,"1","N","Bartow County, Georgia","State Government","SIC 92 Justice, Public Order, and Safety","County, 2-digit SIC -- by ownership sector","All establishment sizes",0,0,0,0,0,0,0,0
"13015","2","SIC_0J92","29","0",1981,"2","N","Bartow County, Georgia","State Government","SIC 92 Justice, Public Order, and Safety","County, 2-digit SIC -- by ownership sector","All establishment sizes",0,0,0,0,0,0,0,0
"13015","2","SIC_0J92","29","0",1981,"3","N","Bartow County, Georgia","State Government","SIC 92 Justice, Public Order, and Safety","County, 2-digit SIC -- by ownership sector","All establishment sizes",0,0,0,0,0,0,0,0
"13015","2","SIC_0J92","29","0",1981,"4","N","Bartow County, Georgia","State Government","SIC 92 Justice, Public Order, and Safety","County, 2-digit SIC -- by ownership sector","All establishment sizes",0,0,0,0,0,0,0,0
"13015","2","SIC_0J94","29","0",1981,"1","N","Bartow County, Georgia","State Government","SIC 94 Administration of Human Resources","County, 2-digit SIC -- by ownership sector","All establishment sizes",0,0,0,0,0,0,0,0
"13015","2","SIC_0J94","29","0",1981,"2","N","Bartow County, Georgia","State Government","SIC 94 Administration of Human Resources","County, 2-digit SIC -- by ownership sector","All establishment sizes",0,0,0,0,0,0,0,0
"13015","2","SIC_0J94","29","0",1981,"3","N","Bartow County, Georgia","State Government","SIC 94 Administration of Human Resources","County, 2-digit SIC -- by ownership sector","All establishment sizes",0,0,0,0,0,0,0,0
"13015","2","SIC_0J94","29","0",1981,"4","N","Bartow County, Georgia","State Government","SIC 94 Administration of Human Resources","County, 2-digit SIC -- by ownership sector","All establishment sizes",0,0,0,0,0,0,0,0
"13015","2","SIC_0J95","29","0",1981,"1","","Bartow County, Georgia","State Government","SIC 95 Environmental Quality and Housing","County, 2-digit SIC -- by ownership sector","All establishment sizes",0,0,0,0,0,0,0,0
"13015","2","SIC_0J95","29","0",1981,"2","N","Bartow County, Georgia","State Government","SIC 95 Environmental Quality and Housing","County, 2-digit SIC -- by ownership sector","All establishment sizes",0,0,0,0,0,0,0,0
"13015","2","SIC_0J95","29","0",1981,"3","N","Bartow County, Georgia","State Government","SIC 95 Environmental Quality and Housing","County, 2-digit SIC -- by ownership sector","All establishment sizes",0,0,0,0,0,0,0,0
"13015","2","SIC_0J95","29","0",1981,"4","","Bartow County, Georgia","State Government","SIC 95 Environmental Quality and Housing","County, 2-digit SIC -- by ownership sector","All establishment sizes",0,0,0,0,0,0,0,0
"13015","3","SIC_0Z","27","0",1981,"1","","Bartow County, Georgia","Local Government","All Industries","County, Total -- by ownership sector","All establishment sizes",31,1808,1831,1845,4704642,0,0,197
"13015","3","SIC_0Z","27","0",1981,"2","","Bartow County, Georgia","Local Government","All Industries","County, Total -- by ownership sector","All establishment sizes",30,1955,1909,1938,4850009,0,0,192
"13015","3","SIC_0Z","27","0",1981,"3","","Bartow County, Georgia","Local Government","All Industries","County, Total -- by ownership sector","All establishment sizes",31,1675,1725,1779,4997521,0,0,222
"13015","3","SIC_0Z","27","0",1981,"4","","Bartow County, Georgia","Local Government","All Industries","County, Total -- by ownership sector","All establishment sizes",33,1883,1905,1913,5231753,0,0,211
"13015","3","SIC_0A","28","0",1981,"1","N","Bartow County, Georgia","Local Government","Agriculture, Forestry, and Fishing Division","County, Industry Division -- by ownership sector","All establishment sizes",0,0,0,0,0,0,0,0
"13015","3","SIC_0A","28","0",1981,"2","N","Bartow County, Georgia","Local Government","Agriculture, Forestry, and Fishing Division","County, Industry Division -- by ownership sector","All establishment sizes",0,0,0,0,0,0,0,0
"13015","3","SIC_0A","28","0",1981,"3","N","Bartow County, Georgia","Local Government","Agriculture, Forestry, and Fishing Division","County, Industry Division -- by ownership sector","All establishment sizes",0,0,0,0,0,0,0,0
"13015","3","SIC_0A","28","0",1981,"4","N","Bartow County, Georgia","Local Government","Agriculture, Forestry, and Fishing Division","County, Industry Division -- by ownership sector","All establishment sizes",0,0,0,0,0,0,0,0
"13015","3","SIC_0A07","29","0",1981,"1","N","Bartow County, Georgia","Local Government","SIC 07 Agricultural Services","County, 2-digit SIC -- by ownership sector","All establishment sizes",0,0,0,0,0,0,0,0
"13015","3","SIC_0A07","29","0",1981,"2","N","Bartow County, Georgia","Local Government","SIC 07 Agricultural Services","County, 2-digit SIC -- by ownership sector","All establishment sizes",0,0,0,0,0,0,0,0
"13015","3","SIC_0A07","29","0",1981,"3","N","Bartow County, Georgia","Local Government","SIC 07 Agricultural Services","County, 2-digit SIC -- by ownership sector","All establishment sizes",0,0,0,0,0,0,0,0
"13015","3","SIC_0A07","29","0",1981,"4","N","Bartow County, Georgia","Local Government","SIC 07 Agricultural Services","County, 2-digit SIC -- by ownership sector","All establishment sizes",0,0,0,0,0,0,0,0
"13015","3","SIC_0C","28","0",1981,"1","N","Bartow County, Georgia","Local Government","Construction Division","County, Industry Division -- by ownership sector","All establishment sizes",0,0,0,0,0,0,0,0
"13015","3","SIC_0C","28","0",1981,"2","N","Bartow County, Georgia","Local Government","Construction Division","County, Industry Division -- by ownership sector","All establishment sizes",0,0,0,0,0,0,0,0
"13015","3","SIC_0C","28","0",1981,"3","N","Bartow County, Georgia","Local Government","Construction Division","County, Industry Division -- by ownership sector","All establishment sizes",0,0,0,0,0,0,0,0
"13015","3","SIC_0C","28","0",1981,"4","N","Bartow County, Georgia","Local Government","Construction Division","County, Industry Division -- by ownership sector","All establishment sizes",0,0,0,0,0,0,0,0
"13015","3","SIC_0C16","29","0",1981,"1","N","Bartow County, Georgia","Local Government","SIC 16 Heavy Construction, ex. Building","County, 2-digit SIC -- by ownership sector","All establishment sizes",0,0,0,0,0,0,0,0
"13015","3","SIC_0C16","29","0",1981,"2","N","Bartow County, Georgia","Local Government","SIC 16 Heavy Construction, ex. Building","County, 2-digit SIC -- by ownership sector","All establishment sizes",0,0,0,0,0,0,0,0
"13015","3","SIC_0C16","29","0",1981,"3","N","Bartow County, Georgia","Local Government","SIC 16 Heavy Construction, ex. Building","County, 2-digit SIC -- by ownership sector","All establishment sizes",0,0,0,0,0,0,0,0
"13015","3","SIC_0C16","29","0",1981,"4","N","Bartow County, Georgia","Local Government","SIC 16 Heavy Construction, ex. Building","County, 2-digit SIC -- by ownership sector","All establishment sizes",0,0,0,0,0,0,0,0
"13015","3","SIC_0E","28","0",1981,"1","","Bartow County, Georgia","Local Government","Transportation and Public Utilities Division","County, Industry Division -- by ownership sector","All establishment sizes",5,69,69,69,221247,0,0,246
"13015","3","SIC_0E","28","0",1981,"2","","Bartow County, Georgia","Local Government","Transportation and Public Utilities Division","County, Industry Division -- by ownership sector","All establishment sizes",5,70,71,74,223619,0,0,240
"13015","3","SIC_0E","28","0",1981,"3","","Bartow County, Georgia","Local Government","Transportation and Public Utilities Division","County, Industry Division -- by ownership sector","All establishment sizes",5,67,70,71,248168,0,0,275
"13015","3","SIC_0E","28","0",1981,"4","","Bartow County, Georgia","Local Government","Transportation and Public Utilities Division","County, Industry Division -- by ownership sector","All establishment sizes",5,71,69,71,226040,0,0,247
"13015","3","SIC_0E42","29","0",1981,"1","N","Bartow County, Georgia","Local Government","SIC 42 Trucking And Warehousing","County, 2-digit SIC -- by ownership sector","All establishment sizes",0,0,0,0,0,0,0,0
"13015","3","SIC_0E42","29","0",1981,"2","N","Bartow County, Georgia","Local Government","SIC 42 Trucking And Warehousing","County, 2-digit SIC -- by ownership sector","All establishment sizes",0,0,0,0,0,0,0,0
"13015","3","SIC_0E42","29","0",1981,"3","N","Bartow County, Georgia","Local Government","SIC 42 Trucking And Warehousing","County, 2-digit SIC -- by ownership sector","All establishment sizes",0,0,0,0,0,0,0,0
"13015","3","SIC_0E42","29","0",1981,"4","N","Bartow County, Georgia","Local Government","SIC 42 Trucking And Warehousing","County, 2-digit SIC -- by ownership sector","All establishment sizes",0,0,0,0,0,0,0,0
"13015","3","SIC_0E49","29","0",1981,"1","N","Bartow County, Georgia","Local Government","SIC 49 Electric, Gas, And Sanitary Services","County, 2-digit SIC -- by ownership sector","All establishment sizes",0,0,0,0,0,0,0,0
"13015","3","SIC_0E49","29","0",1981,"2","N","Bartow County, Georgia","Local Government","SIC 49 Electric, Gas, And Sanitary Services","County, 2-digit SIC -- by ownership sector","All establishment sizes",0,0,0,0,0,0,0,0
"13015","3","SIC_0E49","29","0",1981,"3","N","Bartow County, Georgia","Local Government","SIC 49 Electric, Gas, And Sanitary Services","County, 2-digit SIC -- by ownership sector","All establishment sizes",0,0,0,0,0,0,0,0
"13015","3","SIC_0E49","29","0",1981,"4","N","Bartow County, Georgia","Local Government","SIC 49 Electric, Gas, And Sanitary Services","County, 2-digit SIC -- by ownership sector","All establishment sizes",0,0,0,0,0,0,0,0
"13015","3","SIC_0H","28","0",1981,"1","N","Bartow County, Georgia","Local Government","Finance, Insurance, and Real Estate Division","County, Industry Division -- by ownership sector","All establishment sizes",0,0,0,0,0,0,0,0
"13015","3","SIC_0H","28","0",1981,"2","N","Bartow County, Georgia","Local Government","Finance, Insurance, and Real Estate Division","County, Industry Division -- by ownership sector","All establishment sizes",0,0,0,0,0,0,0,0
"13015","3","SIC_0H","28","0",1981,"3","N","Bartow County, Georgia","Local Government","Finance, Insurance, and Real Estate Division","County, Industry Division -- by ownership sector","All establishment sizes",0,0,0,0,0,0,0,0
"13015","3","SIC_0H","28","0",1981,"4","N","Bartow County, Georgia","Local Government","Finance, Insurance, and Real Estate Division","County, Industry Division -- by ownership sector","All establishment sizes",0,0,0,0,0,0,0,0
"13015","3","SIC_0H65","29","0",1981,"1","N","Bartow County, Georgia","Local Government","SIC 65 Real Estate","County, 2-digit SIC -- by ownership sector","All establishment sizes",0,0,0,0,0,0,0,0
"13015","3","SIC_0H65","29","0",1981,"2","N","Bartow County, Georgia","Local Government","SIC 65 Real Estate","County, 2-digit SIC -- by ownership sector","All establishment sizes",0,0,0,0,0,0,0,0
"13015","3","SIC_0H65","29","0",1981,"3","N","Bartow County, Georgia","Local Government","SIC 65 Real Estate","County, 2-digit SIC -- by ownership sector","All establishment sizes",0,0,0,0,0,0,0,0
"13015","3","SIC_0H65","29","0",1981,"4","N","Bartow County, Georgia","Local Government","SIC 65 Real Estate","County, 2-digit SIC -- by ownership sector","All establishment sizes",0,0,0,0,0,0,0,0
"13015","3","SIC_0I","28","0",1981,"1","","Bartow County, Georgia","Local Government","Services Division","County, Industry Division -- by ownership sector","All establishment sizes",5,1370,1396,1407,3507563,0,0,193
"13015","3","SIC_0I","28","0",1981,"2","","Bartow County, Georgia","Local Government","Services Division","County, Industry Division -- by ownership sector","All establishment sizes",5,1528,1468,1480,3684775,0,0,189
"13015","3","SIC_0I","28","0",1981,"3","","Bartow County, Georgia","Local Government","Services Division","County, Industry Division -- by ownership sector","All establishment sizes",6,1236,1295,1358,3697894,0,0,219
"13015","3","SIC_0I","28","0",1981,"4","","Bartow County, Georgia","Local Government","Services Division","County, Industry Division -- by ownership sector","All establishment sizes",6,1424,1448,1447,3940821,0,0,210
"13015","3","SIC_0I79","29","0",1981,"1","N","Bartow County, Georgia","Local Government","SIC 79 Amusement and Recreation Services","County, 2-digit SIC -- by ownership sector","All establishment sizes",0,0,0,0,0,0,0,0
"13015","3","SIC_0I79","29","0",1981,"2","N","Bartow County, Georgia","Local Government","SIC 79 Amusement and Recreation Services","County, 2-digit SIC -- by ownership sector","All establishment sizes",0,0,0,0,0,0,0,0
"13015","3","SIC_0I79","29","0",1981,"3","N","Bartow County, Georgia","Local Government","SIC 79 Amusement and Recreation Services","County, 2-digit SIC -- by ownership sector","All establishment sizes",0,0,0,0,0,0,0,0
"13015","3","SIC_0I79","29","0",1981,"4","N","Bartow County, Georgia","Local Government","SIC 79 Amusement and Recreation Services","County, 2-digit SIC -- by ownership sector","All establishment sizes",0,0,0,0,0,0,0,0
"13015","3","SIC_0I80","29","0",1981,"1","N","Bartow County, Georgia","Local Government","SIC 80 Health Services","County, 2-digit SIC -- by ownership sector","All establishment sizes",0,0,0,0,0,0,0,0
"13015","3","SIC_0I80","29","0",1981,"2","N","Bartow County, Georgia","Local Government","SIC 80 Health Services","County, 2-digit SIC -- by ownership sector","All establishment sizes",0,0,0,0,0,0,0,0
"13015","3","SIC_0I80","29","0",1981,"3","N","Bartow County, Georgia","Local Government","SIC 80 Health Services","County, 2-digit SIC -- by ownership sector","All establishment sizes",0,0,0,0,0,0,0,0
"13015","3","SIC_0I80","29","0",1981,"4","N","Bartow County, Georgia","Local Government","SIC 80 Health Services","County, 2-digit SIC -- by ownership sector","All establishment sizes",0,0,0,0,0,0,0,0
"13015","3","SIC_0I82","29","0",1981,"1","N","Bartow County, Georgia","Local Government","SIC 82 Educational Services","County, 2-digit SIC -- by ownership sector","All establishment sizes",0,0,0,0,0,0,0,0
"13015","3","SIC_0I82","29","0",1981,"2","N","Bartow County, Georgia","Local Government","SIC 82 Educational Services","County, 2-digit SIC -- by ownership sector","All establishment sizes",0,0,0,0,0,0,0,0
"13015","3","SIC_0I82","29","0",1981,"3","","Bartow County, Georgia","Local Government","SIC 82 Educational Services","County, 2-digit SIC -- by ownership sector","All establishment sizes",3,866,933,1017,2732816,0,0,223
"13015","3","SIC_0I82","29","0",1981,"4","","Bartow County, Georgia","Local Government","SIC 82 Educational Services","County, 2-digit SIC -- by ownership sector","All establishment sizes",3,1097,1115,1124,3126670,0,0,216
"13015","3","SIC_0J","28","0",1981,"1","","Bartow County, Georgia","Local Government","Public Administration Division","County, Industry Division -- by ownership sector","All establishment sizes",17,297,297,299,810247,0,0,209
"13015","3","SIC_0J","28","0",1981,"2","","Bartow County, Georgia","Local Government","Public Administration Division","County, Industry Division -- by ownership sector","All establishment sizes",16,289,291,303,758552,0,0,198
"13015","3","SIC_0J","28","0",1981,"3","","Bartow County, Georgia","Local Government","Public Administration Division","County, Industry Division -- by ownership sector","All establishment sizes",16,300,293,287,858186,0,0,225
"13015","3","SIC_0J","28","0",1981,"4","","Bartow County, Georgia","Local Government","Public Administration Division","County, Industry Division -- by ownership sector","All establishment sizes",18,317,314,318,852512,0,0,207
"13015","3","SIC_0J91","29","0",1981,"1","","Bartow County, Georgia","Local Government","SIC 91 Executive, Legislative, and General","County, 2-digit SIC -- by ownership sector","All establishment sizes",7,105,106,100,252333,0,0,187
"13015","3","SIC_0J91","29","0",1981,"2","","Bartow County, Georgia","Local Government","SIC 91 Executive, Legislative, and General","County, 2-digit SIC -- by ownership sector","All establishment sizes",6,92,93,102,207799,0,0,167
"13015","3","SIC_0J91","29","0",1981,"3","","Bartow County, Georgia","Local Government","SIC 91 Executive, Legislative, and General","County, 2-digit SIC -- by ownership sector","All establishment sizes",6,94,91,90,244890,0,0,205
"13015","3","SIC_0J91","29","0",1981,"4","","Bartow County, Georgia","Local Government","SIC 91 Executive, Legislative, and General","County, 2-digit SIC -- by ownership sector","All establishment sizes",8,119,120,122,294623,0,0,188
"13015","3","SIC_0J92","29","0",1981,"1","","Bartow County, Georgia","Local Government","SIC 92 Justice, Public Order, and Safety","County, 2-digit SIC -- by ownership sector","All establishment sizes",7,166,164,169,490621,0,0,226
"13015","3","SIC_0J92","29","0",1981,"2","","Bartow County, Georgia","Local Government","SIC 92 Justice, Public Order, and Safety","County, 2-digit SIC -- by ownership sector","All establishment sizes",7,167,171,174,487420,0,0,219
"13015","3","SIC_0J92","29","0",1981,"3","","Bartow County, Georgia","Local Government","SIC 92 Justice, Public Order, and Safety","County, 2-digit SIC -- by ownership sector","All establishment sizes",7,180,176,171,541707,0,0,237
"13015","3","SIC_0J92","29","0",1981,"4","","Bartow County, Georgia","Local Government","SIC 92 Justice, Public Order, and Safety","County, 2-digit SIC -- by ownership sector","All establishment sizes",7,172,168,168,485685,0,0,220
"13015","3","SIC_0J93","29","0",1981,"1","N","Bartow County, Georgia","Local Government","SIC 93 Finance, Taxation, and Monetary Policy","County, 2-digit SIC -- by ownership sector","All establishment sizes",0,0,0,0,0,0,0,0
"13015","3","SIC_0J93","29","0",1981,"2","N","Bartow County, Georgia","Local Government","SIC 93 Finance, Taxation, and Monetary Policy","County, 2-digit SIC -- by ownership sector","All establishment sizes",0,0,0,0,0,0,0,0
"13015","3","SIC_0J93","29","0",1981,"3","N","Bartow County, Georgia","Local Government","SIC 93 Finance, Taxation, and Monetary Policy","County, 2-digit SIC -- by ownership sector","All establishment sizes",0,0,0,0,0,0,0,0
"13015","3","SIC_0J93","29","0",1981,"4","N","Bartow County, Georgia","Local Government","SIC 93 Finance, Taxation, and Monetary Policy","County, 2-digit SIC -- by ownership sector","All establishment sizes",0,0,0,0,0,0,0,0
"13015","3","SIC_0J95","29","0",1981,"1","N","Bartow County, Georgia","Local Government","SIC 95 Environmental Quality and Housing","County, 2-digit SIC -- by ownership sector","All establishment sizes",0,0,0,0,0,0,0,0
"13015","3","SIC_0J95","29","0",1981,"2","N","Bartow County, Georgia","Local Government","SIC 95 Environmental Quality and Housing","County, 2-digit SIC -- by ownership sector","All establishment sizes",0,0,0,0,0,0,0,0
"13015","3","SIC_0J95","29","0",1981,"3","N","Bartow County, Georgia","Local Government","SIC 95 Environmental Quality and Housing","County, 2-digit SIC -- by ownership sector","All establishment sizes",0,0,0,0,0,0,0,0
"13015","3","SIC_0J95","29","0",1981,"4","N","Bartow County, Georgia","Local Government","SIC 95 Environmental Quality and Housing","County, 2-digit SIC -- by ownership sector","All establishment sizes",0,0,0,0,0,0,0,0
"13015","3","SIC_0J96","29","0",1981,"1","N","Bartow County, Georgia","Local Government","SIC 96 Administration of Economic Programs","County, 2-digit SIC -- by ownership sector","All establishment sizes",0,0,0,0,0,0,0,0
"13015","3","SIC_0J96","29","0",1981,"2","N","Bartow County, Georgia","Local Government","SIC 96 Administration of Economic Programs","County, 2-digit SIC -- by ownership sector","All establishment sizes",0,0,0,0,0,0,0,0
"13015","3","SIC_0J96","29","0",1981,"3","N","Bartow County, Georgia","Local Government","SIC 96 Administration of Economic Programs","County, 2-digit SIC -- by ownership sector","All establishment sizes",0,0,0,0,0,0,0,0
"13015","3","SIC_0J96","29","0",1981,"4","N","Bartow County, Georgia","Local Government","SIC 96 Administration of Economic Programs","County, 2-digit SIC -- by ownership sector","All establishment sizes",0,0,0,0,0,0,0,0
"13015","5","SIC_0Z","27","0",1981,"1","","Bartow County, Georgia","Private","All Industries","County, Total -- by ownership sector","All establishment sizes",598,13272,12949,13187,42401614,0,0,248
"13015","5","SIC_0Z","27","0",1981,"2","","Bartow County, Georgia","Private","All Industries","County, Total -- by ownership sector","All establishment sizes",603,13295,13333,13209,43946626,0,0,254
"13015","5","SIC_0Z","27","0",1981,"3","","Bartow County, Georgia","Private","All Industries","County, Total -- by ownership sector","All establishment sizes",606,11942,12511,12491,40011688,0,0,249
"13015","5","SIC_0Z","27","0",1981,"4","","Bartow County, Georgia","Private","All Industries","County, Total -- by ownership sector","All establishment sizes",616,12377,12342,12175,41941215,0,0,262
"13015","5","SIC_0A","28","0",1981,"1","","Bartow County, Georgia","Private","Agriculture, Forestry, and Fishing Division","County, Industry Division -- by ownership sector","All establishment sizes",8,37,38,41,83822,0,0,166
"13015","5","SIC_0A","28","0",1981,"2","","Bartow County, Georgia","Private","Agriculture, Forestry, and Fishing Division","County, Industry Division -- by ownership sector","All establishment sizes",7,36,41,46,122754,0,0,230
"13015","5","SIC_0A","28","0",1981,"3","","Bartow County, Georgia","Private","Agriculture, Forestry, and Fishing Division","County, Industry Division -- by ownership sector","All establishment sizes",7,47,46,37,127945,0,0,227
"13015","5","SIC_0A","28","0",1981,"4","","Bartow County, Georgia","Private","Agriculture, Forestry, and Fishing Division","County, Industry Division -- by ownership sector","All establishment sizes",7,40,44,43,115978,0,0,210
"13015","5","SIC_0A01","29","0",1981,"1","N","Bartow County, Georgia","Private","SIC 01 Agricultural Production Crops","County, 2-digit SIC -- by ownership sector","All establishment sizes",0,0,0,0,0,0,0,0
"13015","5","SIC_0A07","29","0",1981,"1","N","Bartow County, Georgia","Private","SIC 07 Agricultural Services","County, 2-digit SIC -- by ownership sector","All establishment sizes",0,0,0,0,0,0,0,0
"13015","5","SIC_0A07","29","0",1981,"2","","Bartow County, Georgia","Private","SIC 07 Agricultural Services","County, 2-digit SIC -- by ownership sector","All establishment sizes",7,36,41,46,122754,0,0,230
"13015","5","SIC_0A07","29","0",1981,"3","","Bartow County, Georgia","Private","SIC 07 Agricultural Services","County, 2-digit SIC -- by ownership sector","All establishment sizes",7,47,46,37,127945,0,0,227
"13015","5","SIC_0A07","29","0",1981,"4","","Bartow County, Georgia","Private","SIC 07 Agricultural Services","County, 2-digit SIC -- by ownership sector","All establishment sizes",7,40,44,43,115978,0,0,210
"13015","5","SIC_0B","28","0",1981,"1","N","Bartow County, Georgia","Private","Mining Division","County, Industry Division -- by ownership sector","All establishment sizes",0,0,0,0,0,0,0,0
"13015","5","SIC_0B","28","0",1981,"2","N","Bartow County, Georgia","Private","Mining Division","County, Industry Division -- by ownership sector","All establishment sizes",0,0,0,0,0,0,0,0
"13015","5","SIC_0B","28","0",1981,"3","N","Bartow County, Georgia","Private","Mining Division","County, Industry Division -- by ownership sector","All establishment sizes",0,0,0,0,0,0,0,0
"13015","5","SIC_0B","28","0",1981,"4","N","Bartow County, Georgia","Private","Mining Division","County, Industry Division -- by ownership sector","All establishment sizes",0,0,0,0,0,0,0,0
"13015","5","SIC_0B14","29","0",1981,"1","N","Bartow County, Georgia","Private","SIC 14 Nonmetallic Minerals, Except Fuels","County, 2-digit SIC -- by ownership sector","All establishment sizes",0,0,0,0,0,0,0,0
"13015","5","SIC_0B14","29","0",1981,"2","N","Bartow County, Georgia","Private","SIC 14 Nonmetallic Minerals, Except Fuels","County, 2-digit SIC -- by ownership sector","All establishment sizes",0,0,0,0,0,0,0,0
"13015","5","SIC_0B14","29","0",1981,"3","N","Bartow County, Georgia","Private","SIC 14 Nonmetallic Minerals, Except Fuels","County, 2-digit SIC -- by ownership sector","All establishment sizes",0,0,0,0,0,0,0,0
"13015","5","SIC_0B14","29","0",1981,"4","N","Bartow County, Georgia","Private","SIC 14 Nonmetallic Minerals, Except Fuels","County, 2-digit SIC -- by ownership sector","All establishment sizes",0,0,0,0,0,0,0,0
"13015","5","SIC_0C","28","0",1981,"1","","Bartow County, Georgia","Private","Construction Division","County, Industry Division -- by ownership sector","All establishment sizes",63,1442,1468,1472,5707754,0,0,300
"13015","5","SIC_0C","28","0",1981,"2","","Bartow County, Georgia","Private","Construction Division","County, Industry Division -- by ownership sector","All establishment sizes",64,1569,1554,1340,5493672,0,0,284
"13015","5","SIC_0C","28","0",1981,"3","","Bartow County, Georgia","Private","Construction Division","County, Industry Division -- by ownership sector","All establishment sizes",58,544,686,563,2342375,0,0,301
"13015","5","SIC_0C","28","0",1981,"4","","Bartow County, Georgia","Private","Construction Division","County, Industry Division -- by ownership sector","All establishment sizes",63,546,597,578,2432215,0,0,326
"13015","5","SIC_0C15","29","0",1981,"1","","Bartow County, Georgia","Private","SIC 15 General Building Contractors","County, 2-digit SIC -- by ownership sector","All establishment sizes",12,56,47,49,136286,0,0,206
"13015","5","SIC_0C15","29","0",1981,"2","","Bartow County, Georgia","Private","SIC 15 General Building Contractors","County, 2-digit SIC -- by ownership sector","All establishment sizes",13,81,75,69,212651,0,0,218
"13015","5","SIC_0C15","29","0",1981,"3","","Bartow County, Georgia","Private","SIC 15 General Building Contractors","County, 2-digit SIC -- by ownership sector","All establishment sizes",11,51,55,55,139846,0,0,200
"13015","5","SIC_0C15","29","0",1981,"4","","Bartow County, Georgia","Private","SIC 15 General Building Contractors","County, 2-digit SIC -- by ownership sector","All establishment sizes",13,63,70,67,225239,0,0,259
"13015","5","SIC_0C16","29","0",1981,"1","","Bartow County, Georgia","Private","SIC 16 Heavy Construction, ex. Building","County, 2-digit SIC -- by ownership sector","All establishment sizes",7,45,44,67,157737,0,0,233
"13015","5","SIC_0C16","29","0",1981,"2","","Bartow County, Georgia","Private","SIC 16 Heavy Construction, ex. Building","County, 2-digit SIC -- by ownership sector","All establishment sizes",8,66,74,67,221352,0,0,246
"13015","5","SIC_0C16","29","0",1981,"3","","Bartow County, Georgia","Private","SIC 16 Heavy Construction, ex. Building","County, 2-digit SIC -- by ownership sector","All establishment sizes",6,69,68,70,213405,0,0,237
"13015","5","SIC_0C16","29","0",1981,"4","","Bartow County, Georgia","Private","SIC 16 Heavy Construction, ex. Building","County, 2-digit SIC -- by ownership sector","All establishment sizes",7,72,73,68,280923,0,0,304
"13015","5","SIC_0C17","29","0",1981,"1","","Bartow County, Georgia","Private","SIC 17 Special Trade Contractors","County, 2-digit SIC -- by ownership sector","All establishment sizes",44,1341,1377,1356,5413731,0,0,306
"13015","5","SIC_0C17","29","0",1981,"2","","Bartow County, Georgia","Private","SIC 17 Special Trade Contractors","County, 2-digit SIC -- by ownership sector","All establishment sizes",43,1422,1405,1204,5059669,0,0,289
"13015","5","SIC_0C17","29","0",1981,"3","","Bartow County, Georgia","Private","SIC 17 Special Trade Contractors","County, 2-digit SIC -- by ownership sector","All establishment sizes",41,424,563,438,1989124,0,0,322
"13015","5","SIC_0C17","29","0",1981,"4","","Bartow County, Georgia","Private","SIC 17 Special Trade Contractors","County, 2-digit SIC -- by ownership sector","All establishment sizes",43,411,454,443,1926053,0,0,339
"13015","5","SIC_0D","28","0",1981,"1","","Bartow County, Georgia","Private","Manufacturing Division","County, Industry Division -- by ownership sector","All establishment sizes",83,7557,7237,7439,23999064,0,0,249
"13015","5","SIC_0D","28","0",1981,"2","","Bartow County, Georgia","Private","Manufacturing Division","County, Industry Division -- by ownership sector","All establishment sizes",82,7443,7467,7562,25448863,0,0,261
"13015","5","SIC_0D","28","0",1981,"3","","Bartow County, Georgia","Private","Manufacturing Division","County, Industry Division -- by ownership sector","All establishment sizes",83,7580,7428,7559,24845409,0,0,254
"13015","5","SIC_0D","28","0",1981,"4","","Bartow County, Georgia","Private","Manufacturing Division","County, Industry Division -- by ownership sector","All establishment sizes",83,7453,7388,7216,25294275,0,0,264
"13015","5","SIC_0D20","29","0",1981,"1","","Bartow County, Georgia","Private","SIC 20 Food and Kindred Products","County, 2-digit SIC -- by ownership sector","All establishment sizes",8,166,168,163,540302,0,0,250
"13015","5","SIC_0D20","29","0",1981,"2","","Bartow County, Georgia","Private","SIC 20 Food and Kindred Products","County, 2-digit SIC -- by ownership sector","All establishment sizes",8,166,159,156,549617,0,0,263
"13015","5","SIC_0D20","29","0",1981,"3","","Bartow County, Georgia","Private","SIC 20 Food and Kindred Products","County, 2-digit SIC -- by ownership sector","All establishment sizes",8,162,154,149,555659,0,0,275
"13015","5","SIC_0D20","29","0",1981,"4","","Bartow County, Georgia","Private","SIC 20 Food and Kindred Products","County, 2-digit SIC -- by ownership sector","All establishment sizes",8,149,152,151,509596,0,0,260
"13015","5","SIC_0D22","29","0",1981,"1","","Bartow County, Georgia","Private","SIC 22 Textile Mill Products","County, 2-digit SIC -- by ownership sector","All establishment sizes",25,4036,3685,3840,11565177,0,0,230
"13015","5","SIC_0D22","29","0",1981,"2","","Bartow County, Georgia","Private","SIC 22 Textile Mill Products","County, 2-digit SIC -- by ownership sector","All establishment sizes",24,3896,3894,3953,12730882,0,0,250
"13015","5","SIC_0D22","29","0",1981,"3","","Bartow County, Georgia","Private","SIC 22 Textile Mill Products","County, 2-digit SIC -- by ownership sector","All establishment sizes",23,3931,3911,3961,12202253,0,0,238
"13015","5","SIC_0D22","29","0",1981,"4","","Bartow County, Georgia","Private","SIC 22 Textile Mill Products","County, 2-digit SIC -- by ownership sector","All establishment sizes",23,3808,3806,3823,12406854,0,0,250
"13015","5","SIC_0D23","29","0",1981,"1","","Bartow County, Georgia","Private","SIC 23 Apparel and Other Textile Products","County, 2-digit SIC -- by ownership sector","All establishment sizes",10,1126,1082,1089,2168658,0,0,151
"13015","5","SIC_0D23","29","0",1981,"2","","Bartow County, Georgia","Private","SIC 23 Apparel and Other Textile Products","County, 2-digit SIC -- by ownership sector","All establishment sizes",9,1059,1097,1127,2400665,0,0,168
"13015","5","SIC_0D23","29","0",1981,"3","","Bartow County, Georgia","Private","SIC 23 Apparel and Other Textile Products","County, 2-digit SIC -- by ownership sector","All establishment sizes",10,1123,1033,1102,2174748,0,0,154
"13015","5","SIC_0D23","29","0",1981,"4","","Bartow County, Georgia","Private","SIC 23 Apparel and Other Textile Products","County, 2-digit SIC -- by ownership sector","All establishment sizes",10,1146,1145,1089,2420869,0,0,165
"13015","5","SIC_0D24","29","0",1981,"1","","Bartow County, Georgia","Private","SIC 24 Lumber and Wood Products","County, 2-digit SIC -- by ownership sector","All establishment sizes",6,17,16,21,39136,0,0,167
"13015","5","SIC_0D24","29","0",1981,"2","","Bartow County, Georgia","Private","SIC 24 Lumber and Wood Products","County, 2-digit SIC -- by ownership sector","All establishment sizes",7,22,22,25,50000,0,0,167
"13015","5","SIC_0D24","29","0",1981,"3","","Bartow County, Georgia","Private","SIC 24 Lumber and Wood Products","County, 2-digit SIC -- by ownership sector","All establishment sizes",8,31,30,33,54909,0,0,134
"13015","5","SIC_0D24","29","0",1981,"4","","Bartow County, Georgia","Private","SIC 24 Lumber and Wood Products","County, 2-digit SIC -- by ownership sector","All establishment sizes",7,17,18,19,46079,0,0,196
"13015","5","SIC_0D25","29","0",1981,"1","N","Bartow County, Georgia","Private","SIC 25 Furniture and Fixtures","County, 2-digit SIC -- by ownership sector","All establishment sizes",0,0,0,0,0,0,0,0
"13015","5","SIC_0D25","29","0",1981,"2","","Bartow County, Georgia","Private","SIC 25 Furniture and Fixtures","County, 2-digit SIC -- by ownership sector","All establishment sizes",3,35,37,37,78707,0,0,166
"13015","5","SIC_0D25","29","0",1981,"3","N","Bartow County, Georgia","Private","SIC 25 Furniture and Fixtures","County, 2-digit SIC -- by ownership sector","All establishment sizes",0,0,0,0,0,0,0,0
"13015","5","SIC_0D25","29","0",1981,"4","N","Bartow County, Georgia","Private","SIC 25 Furniture and Fixtures","County, 2-digit SIC -- by ownership sector","All establishment sizes",0,0,0,0,0,0,0,0
"13015","5","SIC_0D26","29","0",1981,"1","N","Bartow County, Georgia","Private","SIC 26 Paper and Allied Products","County, 2-digit SIC -- by ownership sector","All establishment sizes",0,0,0,0,0,0,0,0
"13015","5","SIC_0D26","29","0",1981,"2","N","Bartow County, Georgia","Private","SIC 26 Paper and Allied Products","County, 2-digit SIC -- by ownership sector","All establishment sizes",0,0,0,0,0,0,0,0
"13015","5","SIC_0D26","29","0",1981,"3","N","Bartow County, Georgia","Private","SIC 26 Paper and Allied Products","County, 2-digit SIC -- by ownership sector","All establishment sizes",0,0,0,0,0,0,0,0
"13015","5","SIC_0D26","29","0",1981,"4","N","Bartow County, Georgia","Private","SIC 26 Paper and Allied Products","County, 2-digit SIC -- by ownership sector","All establishment sizes",0,0,0,0,0,0,0,0
"13015","5","SIC_0D27","29","0",1981,"1","","Bartow County, Georgia","Private","SIC 27 Printing and Publishing","County, 2-digit SIC -- by ownership sector","All establishment sizes",4,74,72,70,170672,0,0,182
"13015","5","SIC_0D27","29","0",1981,"2","","Bartow County, Georgia","Private","SIC 27 Printing and Publishing","County, 2-digit SIC -- by ownership sector","All establishment sizes",4,74,72,66,147714,0,0,160
"13015","5","SIC_0D27","29","0",1981,"3","","Bartow County, Georgia","Private","SIC 27 Printing and Publishing","County, 2-digit SIC -- by ownership sector","All establishment sizes",4,63,68,74,151041,0,0,170
"13015","5","SIC_0D27","29","0",1981,"4","","Bartow County, Georgia","Private","SIC 27 Printing and Publishing","County, 2-digit SIC -- by ownership sector","All establishment sizes",5,85,80,81,186335,0,0,174
"13015","5","SIC_0D28","29","0",1981,"1","","Bartow County, Georgia","Private","SIC 28 Chemicals and Allied Products","County, 2-digit SIC -- by ownership sector","All establishment sizes",3,192,191,191,1279136,0,0,514
"13015","5","SIC_0D28","29","0",1981,"2","","Bartow County, Georgia","Private","SIC 28 Chemicals and Allied Products","County, 2-digit SIC -- by ownership sector","All establishment sizes",3,191,192,189,1028127,0,0,414
"13015","5","SIC_0D28","29","0",1981,"3","","Bartow County, Georgia","Private","SIC 28 Chemicals and Allied Products","County, 2-digit SIC -- by ownership sector","All establishment sizes",3,196,188,191,1056778,0,0,424
"13015","5","SIC_0D28","29","0",1981,"4","","Bartow County, Georgia","Private","SIC 28 Chemicals and Allied Products","County, 2-digit SIC -- by ownership sector","All establishment sizes",3,193,192,194,1075093,0,0,428
"13015","5","SIC_0D30","29","0",1981,"1","","Bartow County, Georgia","Private","SIC 30 Rubber and Misc. Plastics Products","County, 2-digit SIC -- by ownership sector","All establishment sizes",5,936,937,935,3158248,0,0,259
"13015","5","SIC_0D30","29","0",1981,"2","","Bartow County, Georgia","Private","SIC 30 Rubber and Misc. Plastics Products","County, 2-digit SIC -- by ownership sector","All establishment sizes",5,920,915,939,3274218,0,0,272
"13015","5","SIC_0D30","29","0",1981,"3","","Bartow County, Georgia","Private","SIC 30 Rubber and Misc. Plastics Products","County, 2-digit SIC -- by ownership sector","All establishment sizes",5,945,929,941,3418167,0,0,280
"13015","5","SIC_0D30","29","0",1981,"4","","Bartow County, Georgia","Private","SIC 30 Rubber and Misc. Plastics Products","County, 2-digit SIC -- by ownership sector","All establishment sizes",4,927,920,930,3739307,0,0,310
"13015","5","SIC_0D32","29","0",1981,"1","","Bartow County, Georgia","Private","SIC 32 Stone, Clay, and Glass Products","County, 2-digit SIC -- by ownership sector","All establishment sizes",6,247,255,265,1300993,0,0,391
"13015","5","SIC_0D32","29","0",1981,"2","","Bartow County, Georgia","Private","SIC 32 Stone, Clay, and Glass Products","County, 2-digit SIC -- by ownership sector","All establishment sizes",7,283,288,279,1218919,0,0,330
"13015","5","SIC_0D32","29","0",1981,"3","","Bartow County, Georgia","Private","SIC 32 Stone, Clay, and Glass Products","County, 2-digit SIC -- by ownership sector","All establishment sizes",7,284,285,274,1136212,0,0,311
"13015","5","SIC_0D32","29","0",1981,"4","","Bartow County, Georgia","Private","SIC 32 Stone, Clay, and Glass Products","County, 2-digit SIC -- by ownership sector","All establishment sizes",6,250,249,251,1263289,0,0,388
"13015","5","SIC_0D33","29","0",1981,"1","N","Bartow County, Georgia","Private","SIC 33 Primary Metal Industries","County, 2-digit SIC -- by ownership sector","All establishment sizes",0,0,0,0,0,0,0,0
"13015","5","SIC_0D33","29","0",1981,"2","N","Bartow County, Georgia","Private","SIC 33 Primary Metal Industries","County, 2-digit SIC -- by ownership sector","All establishment sizes",0,0,0,0,0,0,0,0
"13015","5","SIC_0D33","29","0",1981,"3","N","Bartow County, Georgia","Private","SIC 33 Primary Metal Industries","County, 2-digit SIC -- by ownership sector","All establishment sizes",0,0,0,0,0,0,0,0
"13015","5","SIC_0D33","29","0",1981,"4","N","Bartow County, Georgia","Private","SIC 33 Primary Metal Industries","County, 2-digit SIC -- by ownership sector","All establishment sizes",0,0,0,0,0,0,0,0
"13015","5","SIC_0D34","29","0",1981,"1","","Bartow County, Georgia","Private","SIC 34 Fabricated Metal Products","County, 2-digit SIC -- by ownership sector","All establishment sizes",3,49,48,49,146950,0,0,232
"13015","5","SIC_0D34","29","0",1981,"2","N","Bartow County, Georgia","Private","SIC 34 Fabricated Metal Products","County, 2-digit SIC -- by ownership sector","All establishment sizes",0,0,0,0,0,0,0,0
"13015","5","SIC_0D34","29","0",1981,"3","","Bartow County, Georgia","Private","SIC 34 Fabricated Metal Products","County, 2-digit SIC -- by ownership sector","All establishment sizes",3,28,29,29,124684,0,0,334
"13015","5","SIC_0D34","29","0",1981,"4","","Bartow County, Georgia","Private","SIC 34 Fabricated Metal Products","County, 2-digit SIC -- by ownership sector","All establishment sizes",4,44,41,32,126409,0,0,249
"13015","5","SIC_0D35","29","0",1981,"1","","Bartow County, Georgia","Private","SIC 35 Industrial Machinery and Equipment","County, 2-digit SIC -- by ownership sector","All establishment sizes",4,47,45,49,160136,0,0,262
"13015","5","SIC_0D35","29","0",1981,"2","","Bartow County, Georgia","Private","SIC 35 Industrial Machinery and Equipment","County, 2-digit SIC -- by ownership sector","All establishment sizes",4,51,52,55,187856,0,0,274
"13015","5","SIC_0D35","29","0",1981,"3","","Bartow County, Georgia","Private","SIC 35 Industrial Machinery and Equipment","County, 2-digit SIC -- by ownership sector","All establishment sizes",4,42,42,42,162549,0,0,297
"13015","5","SIC_0D35","29","0",1981,"4","","Bartow County, Georgia","Private","SIC 35 Industrial Machinery and Equipment","County, 2-digit SIC -- by ownership sector","All establishment sizes",3,38,38,39,156271,0,0,313
"13015","5","SIC_0D36","29","0",1981,"1","N","Bartow County, Georgia","Private","SIC 36 Electronic and Other Electric Equipment","County, 2-digit SIC -- by ownership sector","All establishment sizes",0,0,0,0,0,0,0,0
"13015","5","SIC_0D36","29","0",1981,"2","N","Bartow County, Georgia","Private","SIC 36 Electronic and Other Electric Equipment","County, 2-digit SIC -- by ownership sector","All establishment sizes",0,0,0,0,0,0,0,0
"13015","5","SIC_0D36","29","0",1981,"3","N","Bartow County, Georgia","Private","SIC 36 Electronic and Other Electric Equipment","County, 2-digit SIC -- by ownership sector","All establishment sizes",0,0,0,0,0,0,0,0
"13015","5","SIC_0D36","29","0",1981,"4","N","Bartow County, Georgia","Private","SIC 36 Electronic and Other Electric Equipment","County, 2-digit SIC -- by ownership sector","All establishment sizes",0,0,0,0,0,0,0,0
"13015","5","SIC_0D37","29","0",1981,"1","","Bartow County, Georgia","Private","SIC 37 Transportation Equipment","County, 2-digit SIC -- by ownership sector","All establishment sizes",3,250,314,337,1204890,0,0,308
"13015","5","SIC_0D37","29","0",1981,"2","N","Bartow County, Georgia","Private","SIC 37 Transportation Equipment","County, 2-digit SIC -- by ownership sector","All establishment sizes",0,0,0,0,0,0,0,0
"13015","5","SIC_0D37","29","0",1981,"3","N","Bartow County, Georgia","Private","SIC 37 Transportation Equipment","County, 2-digit SIC -- by ownership sector","All establishment sizes",0,0,0,0,0,0,0,0
"13015","5","SIC_0D37","29","0",1981,"4","N","Bartow County, Georgia","Private","SIC 37 Transportation Equipment","County, 2-digit SIC -- by ownership sector","All establishment sizes",0,0,0,0,0,0,0,0
"13015","5","SIC_0D39","29","0",1981,"1","","Bartow County, Georgia","Private","SIC 39 Miscellaneous Manufacturing Industries","County, 2-digit SIC -- by ownership sector","All establishment sizes",0,0,0,0,0,0,0,0
"13015","5","SIC_0D39","29","0",1981,"2","","Bartow County, Georgia","Private","SIC 39 Miscellaneous Manufacturing Industries","County, 2-digit SIC -- by ownership sector","All establishment sizes",0,0,0,0,0,0,0,0
"13015","5","SIC_0D39","29","0",1981,"3","","Bartow County, Georgia","Private","SIC 39 Miscellaneous Manufacturing Industries","County, 2-digit SIC -- by ownership sector","All establishment sizes",0,0,0,0,0,0,0,0
"13015","5","SIC_0D39","29","0",1981,"4","N","Bartow County, Georgia","Private","SIC 39 Miscellaneous Manufacturing Industries","County, 2-digit SIC -- by ownership sector","All establishment sizes",0,0,0,0,0,0,0,0
"13015","5","SIC_0E","28","0",1981,"1","","Bartow County, Georgia","Private","Transportation and Public Utilities Division","County, Industry Division -- by ownership sector","All establishment sizes",20,924,934,925,4642162,0,0,384
"13015","5","SIC_0E","28","0",1981,"2","","Bartow County, Georgia","Private","Transportation and Public Utilities Division","County, Industry Division -- by ownership sector","All establishment sizes",22,942,940,936,4974282,0,0,407
"13015","5","SIC_0E","28","0",1981,"3","","Bartow County, Georgia","Private","Transportation and Public Utilities Division","County, Industry Division -- by ownership sector","All establishment sizes",26,358,916,912,4677641,0,0,493
"13015","5","SIC_0E","28","0",1981,"4","","Bartow County, Georgia","Private","Transportation and Public Utilities Division","County, Industry Division -- by ownership sector","All establishment sizes",26,886,887,888,5272142,0,0,457
"13015","5","SIC_0E42","29","0",1981,"1","","Bartow County, Georgia","Private","SIC 42 Trucking And Warehousing","County, 2-digit SIC -- by ownership sector","All establishment sizes",12,134,141,131,394240,0,0,224
"13015","5","SIC_0E42","29","0",1981,"2","","Bartow County, Georgia","Private","SIC 42 Trucking And Warehousing","County, 2-digit SIC -- by ownership sector","All establishment sizes",13,114,114,112,367999,0,0,249
"13015","5","SIC_0E42","29","0",1981,"3","","Bartow County, Georgia","Private","SIC 42 Trucking And Warehousing","County, 2-digit SIC -- by ownership sector","All establishment sizes",16,112,115,110,386421,0,0,264
"13015","5","SIC_0E42","29","0",1981,"4","","Bartow County, Georgia","Private","SIC 42 Trucking And Warehousing","County, 2-digit SIC -- by ownership sector","All establishment sizes",15,111,111,115,433476,0,0,296
"13015","5","SIC_0E44","29","0",1981,"1","N","Bartow County, Georgia","Private","SIC 44 Water Transportation","County, 2-digit SIC -- by ownership sector","All establishment sizes",0,0,0,0,0,0,0,0
"13015","5","SIC_0E44","29","0",1981,"2","N","Bartow County, Georgia","Private","SIC 44 Water Transportation","County, 2-digit SIC -- by ownership sector","All establishment sizes",0,0,0,0,0,0,0,0
"13015","5","SIC_0E44","29","0",1981,"3","N","Bartow County, Georgia","Private","SIC 44 Water Transportation","County, 2-digit SIC -- by ownership sector","All establishment sizes",0,0,0,0,0,0,0,0
"13015","5","SIC_0E44","29","0",1981,"4","N","Bartow County, Georgia","Private","SIC 44 Water Transportation","County, 2-digit SIC -- by ownership sector","All establishment sizes",0,0,0,0,0,0,0,0
"13015","5","SIC_0E47","29","0",1981,"1","N","Bartow County, Georgia","Private","SIC 47 Transportation Services","County, 2-digit SIC -- by ownership sector","All establishment sizes",0,0,0,0,0,0,0,0
"13015","5","SIC_0E47","29","0",1981,"2","N","Bartow County, Georgia","Private","SIC 47 Transportation Services","County, 2-digit SIC -- by ownership sector","All establishment sizes",0,0,0,0,0,0,0,0
"13015","5","SIC_0E47","29","0",1981,"3","N","Bartow County, Georgia","Private","SIC 47 Transportation Services","County, 2-digit SIC -- by ownership sector","All establishment sizes",0,0,0,0,0,0,0,0
"13015","5","SIC_0E47","29","0",1981,"4","N","Bartow County, Georgia","Private","SIC 47 Transportation Services","County, 2-digit SIC -- by ownership sector","All establishment sizes",0,0,0,0,0,0,0,0
"13015","5","SIC_0E48","29","0",1981,"1","","Bartow County, Georgia","Private","SIC 48 Communication","County, 2-digit SIC -- by ownership sector","All establishment sizes",5,124,121,123,831139,0,0,521
"13015","5","SIC_0E48","29","0",1981,"2","","Bartow County, Georgia","Private","SIC 48 Communication","County, 2-digit SIC -- by ownership sector","All establishment sizes",5,122,122,122,648890,0,0,409
"13015","5","SIC_0E48","29","0",1981,"3","","Bartow County, Georgia","Private","SIC 48 Communication","County, 2-digit SIC -- by ownership sector","All establishment sizes",6,126,127,129,738440,0,0,446
"13015","5","SIC_0E48","29","0",1981,"4","","Bartow County, Georgia","Private","SIC 48 Communication","County, 2-digit SIC -- by ownership sector","All establishment sizes",6,125,126,124,872570,0,0,536
"13015","5","SIC_0E49","29","0",1981,"1","N","Bartow County, Georgia","Private","SIC 49 Electric, Gas, And Sanitary Services","County, 2-digit SIC -- by ownership sector","All establishment sizes",0,0,0,0,0,0,0,0
"13015","5","SIC_0E49","29","0",1981,"2","N","Bartow County, Georgia","Private","SIC 49 Electric, Gas, And Sanitary Services","County, 2-digit SIC -- by ownership sector","All establishment sizes",0,0,0,0,0,0,0,0
"13015","5","SIC_0E49","29","0",1981,"3","N","Bartow County, Georgia","Private","SIC 49 Electric, Gas, And Sanitary Services","County, 2-digit SIC -- by ownership sector","All establishment sizes",0,0,0,0,0,0,0,0
"13015","5","SIC_0E49","29","0",1981,"4","N","Bartow County, Georgia","Private","SIC 49 Electric, Gas, And Sanitary Services","County, 2-digit SIC -- by ownership sector","All establishment sizes",0,0,0,0,0,0,0,0
"13015","5","SIC_0F","28","0",1981,"1","","Bartow County, Georgia","Private","Wholesale Trade Division","County, Industry Division -- by ownership sector","All establishment sizes",56,377,384,385,1202578,0,0,242
"13015","5","SIC_0F","28","0",1981,"2","","Bartow County, Georgia","Private","Wholesale Trade Division","County, Industry Division -- by ownership sector","All establishment sizes",58,363,374,378,1189202,0,0,246
"13015","5","SIC_0F","28","0",1981,"3","","Bartow County, Georgia","Private","Wholesale Trade Division","County, Industry Division -- by ownership sector","All establishment sizes",57,376,363,358,1151672,0,0,242
"13015","5","SIC_0F","28","0",1981,"4","","Bartow County, Georgia","Private","Wholesale Trade Division","County, Industry Division -- by ownership sector","All establishment sizes",56,392,389,388,1413273,0,0,278
"13015","5","SIC_0F50","29","0",1981,"1","","Bartow County, Georgia","Private","SIC 50 Wholesale Trade Durable Goods","County, 2-digit SIC -- by ownership sector","All establishment sizes",35,246,248,252,846328,0,0,261
"13015","5","SIC_0F50","29","0",1981,"2","","Bartow County, Georgia","Private","SIC 50 Wholesale Trade Durable Goods","County, 2-digit SIC -- by ownership sector","All establishment sizes",37,259,265,267,868185,0,0,253
"13015","5","SIC_0F50","29","0",1981,"3","","Bartow County, Georgia","Private","SIC 50 Wholesale Trade Durable Goods","County, 2-digit SIC -- by ownership sector","All establishment sizes",35,264,255,260,826308,0,0,244
"13015","5","SIC_0F50","29","0",1981,"4","","Bartow County, Georgia","Private","SIC 50 Wholesale Trade Durable Goods","County, 2-digit SIC -- by ownership sector","All establishment sizes",34,284,278,278,1040057,0,0,285
"13015","5","SIC_0F51","29","0",1981,"1","","Bartow County, Georgia","Private","SIC 51 Wholesale Trade Nondurable Goods","County, 2-digit SIC -- by ownership sector","All establishment sizes",21,131,136,133,356250,0,0,205
"13015","5","SIC_0F51","29","0",1981,"2","","Bartow County, Georgia","Private","SIC 51 Wholesale Trade Nondurable Goods","County, 2-digit SIC -- by ownership sector","All establishment sizes",21,104,109,111,321017,0,0,228
"13015","5","SIC_0F51","29","0",1981,"3","","Bartow County, Georgia","Private","SIC 51 Wholesale Trade Nondurable Goods","County, 2-digit SIC -- by ownership sector","All establishment sizes",22,112,108,98,325364,0,0,236
"13015","5","SIC_0F51","29","0",1981,"4","","Bartow County, Georgia","Private","SIC 51 Wholesale Trade Nondurable Goods","County, 2-digit SIC -- by ownership sector","All establishment sizes",22,108,111,110,373216,0,0,261
"13015","5","SIC_0G","28","0",1981,"1","","Bartow County, Georgia","Private","Retail Trade Division","County, Industry Division -- by ownership sector","All establishment sizes",184,1693,1648,1662,3429955,0,0,158
"13015","5","SIC_0G","28","0",1981,"2","","Bartow County, Georgia","Private","Retail Trade Division","County, Industry Division -- by ownership sector","All establishment sizes",185,1701,1720,1720,3414437,0,0,153
"13015","5","SIC_0G","28","0",1981,"3","","Bartow County, Georgia","Private","Retail Trade Division","County, Industry Division -- by ownership sector","All establishment sizes",188,1722,1730,1725,3581198,0,0,159
"13015","5","SIC_0G","28","0",1981,"4","","Bartow County, Georgia","Private","Retail Trade Division","County, Industry Division -- by ownership sector","All establishment sizes",195,1756,1742,1765,3850524,0,0,168
"13015","5","SIC_0G52","29","0",1981,"1","","Bartow County, Georgia","Private","SIC 52 Building Materials and Garden Supplies","County, 2-digit SIC -- by ownership sector","All establishment sizes",13,93,85,84,224220,0,0,197
"13015","5","SIC_0G52","29","0",1981,"2","","Bartow County, Georgia","Private","SIC 52 Building Materials and Garden Supplies","County, 2-digit SIC -- by ownership sector","All establishment sizes",13,91,103,99,210295,0,0,165
"13015","5","SIC_0G52","29","0",1981,"3","","Bartow County, Georgia","Private","SIC 52 Building Materials and Garden Supplies","County, 2-digit SIC -- by ownership sector","All establishment sizes",14,100,96,92,225949,0,0,181
"13015","5","SIC_0G52","29","0",1981,"4","","Bartow County, Georgia","Private","SIC 52 Building Materials and Garden Supplies","County, 2-digit SIC -- by ownership sector","All establishment sizes",15,94,90,92,220434,0,0,184
"13015","5","SIC_0G53","29","0",1981,"1","","Bartow County, Georgia","Private","SIC 53 General Merchandise Stores","County, 2-digit SIC -- by ownership sector","All establishment sizes",8,176,166,173,326519,0,0,146
"13015","5","SIC_0G53","29","0",1981,"2","","Bartow County, Georgia","Private","SIC 53 General Merchandise Stores","County, 2-digit SIC -- by ownership sector","All establishment sizes",8,176,168,174,317123,0,0,141
"13015","5","SIC_0G53","29","0",1981,"3","","Bartow County, Georgia","Private","SIC 53 General Merchandise Stores","County, 2-digit SIC -- by ownership sector","All establishment sizes",8,168,173,180,302987,0,0,134
"13015","5","SIC_0G53","29","0",1981,"4","","Bartow County, Georgia","Private","SIC 53 General Merchandise Stores","County, 2-digit SIC -- by ownership sector","All establishment sizes",8,193,199,215,372418,0,0,141
"13015","5","SIC_0G54","29","0",1981,"1","","Bartow County, Georgia","Private","SIC 54 Food Stores","County, 2-digit SIC -- by ownership sector","All establishment sizes",25,297,292,290,747715,0,0,196
"13015","5","SIC_0G54","29","0",1981,"2","","Bartow County, Georgia","Private","SIC 54 Food Stores","County, 2-digit SIC -- by ownership sector","All establishment sizes",27,292,300,293,712758,0,0,185
"13015","5","SIC_0G54","29","0",1981,"3","","Bartow County, Georgia","Private","SIC 54 Food Stores","County, 2-digit SIC -- by ownership sector","All establishment sizes",30,293,289,292,744813,0,0,196
"13015","5","SIC_0G54","29","0",1981,"4","","Bartow County, Georgia","Private","SIC 54 Food Stores","County, 2-digit SIC -- by ownership sector","All establishment sizes",29,315,311,314,960610,0,0,235
"13015","5","SIC_0G55","29","0",1981,"1","","Bartow County, Georgia","Private","SIC 55 Automotive Dealers and Service Stations","County, 2-digit SIC -- by ownership sector","All establishment sizes",54,400,394,399,980948,0,0,189
"13015","5","SIC_0G55","29","0",1981,"2","","Bartow County, Georgia","Private","SIC 55 Automotive Dealers and Service Stations","County, 2-digit SIC -- by ownership sector","All establishment sizes",54,398,402,408,962877,0,0,183
"13015","5","SIC_0G55","29","0",1981,"3","","Bartow County, Georgia","Private","SIC 55 Automotive Dealers and Service Stations","County, 2-digit SIC -- by ownership sector","All establishment sizes",54,407,400,420,1038586,0,0,195
"13015","5","SIC_0G55","29","0",1981,"4","","Bartow County, Georgia","Private","SIC 55 Automotive Dealers and Service Stations","County, 2-digit SIC -- by ownership sector","All establishment sizes",57,423,428,407,1071516,0,0,196
"13015","5","SIC_0G56","29","0",1981,"1","","Bartow County, Georgia","Private","SIC 56 Apparel and Accessory Stores","County, 2-digit SIC -- by ownership sector","All establishment sizes",12,60,59,58,95847,0,0,124
"13015","5","SIC_0G56","29","0",1981,"2","","Bartow County, Georgia","Private","SIC 56 Apparel and Accessory Stores","County, 2-digit SIC -- by ownership sector","All establishment sizes",13,71,67,66,100281,0,0,113
"13015","5","SIC_0G56","29","0",1981,"3","","Bartow County, Georgia","Private","SIC 56 Apparel and Accessory Stores","County, 2-digit SIC -- by ownership sector","All establishment sizes",13,65,67,62,116933,0,0,139
"13015","5","SIC_0G56","29","0",1981,"4","","Bartow County, Georgia","Private","SIC 56 Apparel and Accessory Stores","County, 2-digit SIC -- by ownership sector","All establishment sizes",12,66,61,77,105392,0,0,119
"13015","5","SIC_0G57","29","0",1981,"1","","Bartow County, Georgia","Private","SIC 57 Furniture and Homefurnishings Stores","County, 2-digit SIC -- by ownership sector","All establishment sizes",14,60,54,55,135948,0,0,185
"13015","5","SIC_0G57","29","0",1981,"2","","Bartow County, Georgia","Private","SIC 57 Furniture and Homefurnishings Stores","County, 2-digit SIC -- by ownership sector","All establishment sizes",14,63,62,57,148927,0,0,188
"13015","5","SIC_0G57","29","0",1981,"3","","Bartow County, Georgia","Private","SIC 57 Furniture and Homefurnishings Stores","County, 2-digit SIC -- by ownership sector","All establishment sizes",14,58,58,58,160156,0,0,212
"13015","5","SIC_0G57","29","0",1981,"4","","Bartow County, Georgia","Private","SIC 57 Furniture and Homefurnishings Stores","County, 2-digit SIC -- by ownership sector","All establishment sizes",14,58,56,57,151942,0,0,205
"13015","5","SIC_0G58","29","0",1981,"1","","Bartow County, Georgia","Private","SIC 58 Eating and Drinking Places","County, 2-digit SIC -- by ownership sector","All establishment sizes",30,466,451,457,610021,0,0,102
"13015","5","SIC_0G58","29","0",1981,"2","","Bartow County, Georgia","Private","SIC 58 Eating and Drinking Places","County, 2-digit SIC -- by ownership sector","All establishment sizes",30,461,456,468,648413,0,0,108
"13015","5","SIC_0G58","29","0",1981,"3","","Bartow County, Georgia","Private","SIC 58 Eating and Drinking Places","County, 2-digit SIC -- by ownership sector","All establishment sizes",29,486,504,483,685772,0,0,107
"13015","5","SIC_0G58","29","0",1981,"4","","Bartow County, Georgia","Private","SIC 58 Eating and Drinking Places","County, 2-digit SIC -- by ownership sector","All establishment sizes",30,450,447,442,596503,0,0,102
"13015","5","SIC_0G59","29","0",1981,"1","","Bartow County, Georgia","Private","SIC 59 Miscellaneous Retail","County, 2-digit SIC -- by ownership sector","All establishment sizes",28,141,147,146,308737,0,0,164
"13015","5","SIC_0G59","29","0",1981,"2","","Bartow County, Georgia","Private","SIC 59 Miscellaneous Retail","County, 2-digit SIC -- by ownership sector","All establishment sizes",26,149,162,155,313763,0,0,155
"13015","5","SIC_0G59","29","0",1981,"3","","Bartow County, Georgia","Private","SIC 59 Miscellaneous Retail","County, 2-digit SIC -- by ownership sector","All establishment sizes",26,145,143,138,306002,0,0,165
"13015","5","SIC_0G59","29","0",1981,"4","","Bartow County, Georgia","Private","SIC 59 Miscellaneous Retail","County, 2-digit SIC -- by ownership sector","All establishment sizes",30,157,150,161,371709,0,0,183
"13015","5","SIC_0H","28","0",1981,"1","","Bartow County, Georgia","Private","Finance, Insurance, and Real Estate Division","County, Industry Division -- by ownership sector","All establishment sizes",36,301,297,301,982839,0,0,252
"13015","5","SIC_0H","28","0",1981,"2","","Bartow County, Georgia","Private","Finance, Insurance, and Real Estate Division","County, Industry Division -- by ownership sector","All establishment sizes",37,311,310,314,1039566,0,0,256
"13015","5","SIC_0H","28","0",1981,"3","","Bartow County, Georgia","Private","Finance, Insurance, and Real Estate Division","County, Industry Division -- by ownership sector","All establishment sizes",38,326,319,324,986157,0,0,234
"13015","5","SIC_0H","28","0",1981,"4","","Bartow County, Georgia","Private","Finance, Insurance, and Real Estate Division","County, Industry Division -- by ownership sector","All establishment sizes",36,314,317,313,1146239,0,0,280
"13015","5","SIC_0H60","29","0",1981,"1","","Bartow County, Georgia","Private","SIC 60 Depository Institutions","County, 2-digit SIC -- by ownership sector","All establishment sizes",5,156,155,160,564402,0,0,276
"13015","5","SIC_0H60","29","0",1981,"2","","Bartow County, Georgia","Private","SIC 60 Depository Institutions","County, 2-digit SIC -- by ownership sector","All establishment sizes",5,161,161,166,513537,0,0,242
"13015","5","SIC_0H60","29","0",1981,"3","","Bartow County, Georgia","Private","SIC 60 Depository Institutions","County, 2-digit SIC -- by ownership sector","All establishment sizes",5,180,179,180,533948,0,0,228
"13015","5","SIC_0H60","29","0",1981,"4","","Bartow County, Georgia","Private","SIC 60 Depository Institutions","County, 2-digit SIC -- by ownership sector","All establishment sizes",5,173,176,175,676675,0,0,298
"13015","5","SIC_0H61","29","0",1981,"1","","Bartow County, Georgia","Private","SIC 61 Nondepository Institutions","County, 2-digit SIC -- by ownership sector","All establishment sizes",9,59,58,60,156091,0,0,203
"13015","5","SIC_0H61","29","0",1981,"2","","Bartow County, Georgia","Private","SIC 61 Nondepository Institutions","County, 2-digit SIC -- by ownership sector","All establishment sizes",9,59,57,57,167545,0,0,223
"13015","5","SIC_0H61","29","0",1981,"3","","Bartow County, Georgia","Private","SIC 61 Nondepository Institutions","County, 2-digit SIC -- by ownership sector","All establishment sizes",10,53,52,54,156970,0,0,227
"13015","5","SIC_0H61","29","0",1981,"4","","Bartow County, Georgia","Private","SIC 61 Nondepository Institutions","County, 2-digit SIC -- by ownership sector","All establishment sizes",10,56,55,55,168715,0,0,234
"13015","5","SIC_0H63","29","0",1981,"1","","Bartow County, Georgia","Private","SIC 63 Insurance Carriers","County, 2-digit SIC -- by ownership sector","All establishment sizes",4,41,41,41,154008,0,0,288
"13015","5","SIC_0H63","29","0",1981,"2","","Bartow County, Georgia","Private","SIC 63 Insurance Carriers","County, 2-digit SIC -- by ownership sector","All establishment sizes",4,44,44,44,161503,0,0,282
"13015","5","SIC_0H63","29","0",1981,"3","","Bartow County, Georgia","Private","SIC 63 Insurance Carriers","County, 2-digit SIC -- by ownership sector","All establishment sizes",4,45,45,45,169383,0,0,289
"13015","5","SIC_0H63","29","0",1981,"4","","Bartow County, Georgia","Private","SIC 63 Insurance Carriers","County, 2-digit SIC -- by ownership sector","All establishment sizes",4,40,40,40,183355,0,0,352
"13015","5","SIC_0H64","29","0",1981,"1","","Bartow County, Georgia","Private","SIC 64 Insurance Agents, Brokers, and Service","County, 2-digit SIC -- by ownership sector","All establishment sizes",11,33,32,29,82685,0,0,202
"13015","5","SIC_0H64","29","0",1981,"2","","Bartow County, Georgia","Private","SIC 64 Insurance Agents, Brokers, and Service","County, 2-digit SIC -- by ownership sector","All establishment sizes",12,35,37,36,167491,0,0,357
"13015","5","SIC_0H64","29","0",1981,"3","","Bartow County, Georgia","Private","SIC 64 Insurance Agents, Brokers, and Service","County, 2-digit SIC -- by ownership sector","All establishment sizes",11,37,32,34,95677,0,0,214
"13015","5","SIC_0H64","29","0",1981,"4","","Bartow County, Georgia","Private","SIC 64 Insurance Agents, Brokers, and Service","County, 2-digit SIC -- by ownership sector","All establishment sizes",9,32,33,30,84617,0,0,205
"13015","5","SIC_0H65","29","0",1981,"1","","Bartow County, Georgia","Private","SIC 65 Real Estate","County, 2-digit SIC -- by ownership sector","All establishment sizes",7,12,11,11,25653,0,0,174
"13015","5","SIC_0H65","29","0",1981,"2","","Bartow County, Georgia","Private","SIC 65 Real Estate","County, 2-digit SIC -- by ownership sector","All establishment sizes",7,12,11,11,29490,0,0,200
"13015","5","SIC_0H65","29","0",1981,"3","","Bartow County, Georgia","Private","SIC 65 Real Estate","County, 2-digit SIC -- by ownership sector","All establishment sizes",8,11,11,11,30179,0,0,211
"13015","5","SIC_0H65","29","0",1981,"4","","Bartow County, Georgia","Private","SIC 65 Real Estate","County, 2-digit SIC -- by ownership sector","All establishment sizes",8,13,13,13,32877,0,0,194
"13015","5","SIC_0I","28","0",1981,"1","","Bartow County, Georgia","Private","Services Division","County, Industry Division -- by ownership sector","All establishment sizes",145,888,890,910,2022744,0,0,173
"13015","5","SIC_0I","28","0",1981,"2","","Bartow County, Georgia","Private","Services Division","County, Industry Division -- by ownership sector","All establishment sizes",146,877,875,857,2002079,0,0,177
"13015","5","SIC_0I","28","0",1981,"3","","Bartow County, Georgia","Private","Services Division","County, Industry Division -- by ownership sector","All establishment sizes",146,930,966,954,2042582,0,0,165
"13015","5","SIC_0I","28","0",1981,"4","","Bartow County, Georgia","Private","Services Division","County, Industry Division -- by ownership sector","All establishment sizes",147,931,919,927,2131027,0,0,177
"13015","5","SIC_0I70","29","0",1981,"1","","Bartow County, Georgia","Private","SIC 70 Hotels and Other Lodging Places","County, 2-digit SIC -- by ownership sector","All establishment sizes",10,201,197,217,335909,0,0,126
"13015","5","SIC_0I70","29","0",1981,"2","","Bartow County, Georgia","Private","SIC 70 Hotels and Other Lodging Places","County, 2-digit SIC -- by ownership sector","All establishment sizes",11,224,207,218,314275,0,0,111
"13015","5","SIC_0I70","29","0",1981,"3","","Bartow County, Georgia","Private","SIC 70 Hotels and Other Lodging Places","County, 2-digit SIC -- by ownership sector","All establishment sizes",11,225,225,212,317308,0,0,110
"13015","5","SIC_0I70","29","0",1981,"4","","Bartow County, Georgia","Private","SIC 70 Hotels and Other Lodging Places","County, 2-digit SIC -- by ownership sector","All establishment sizes",11,204,205,205,354852,0,0,133
"13015","5","SIC_0I72","29","0",1981,"1","","Bartow County, Georgia","Private","SIC 72 Personal Services","County, 2-digit SIC -- by ownership sector","All establishment sizes",24,105,102,101,173567,0,0,130
"13015","5","SIC_0I72","29","0",1981,"2","","Bartow County, Georgia","Private","SIC 72 Personal Services","County, 2-digit SIC -- by ownership sector","All establishment sizes",24,104,105,102,164067,0,0,121
"13015","5","SIC_0I72","29","0",1981,"3","","Bartow County, Georgia","Private","SIC 72 Personal Services","County, 2-digit SIC -- by ownership sector","All establishment sizes",25,104,104,108,171589,0,0,125
"13015","5","SIC_0I72","29","0",1981,"4","","Bartow County, Georgia","Private","SIC 72 Personal Services","County, 2-digit SIC -- by ownership sector","All establishment sizes",24,112,111,111,208098,0,0,143
"13015","5","SIC_0I73","29","0",1981,"1","","Bartow County, Georgia","Private","SIC 73 Business Services","County, 2-digit SIC -- by ownership sector","All establishment sizes",11,78,74,78,173721,0,0,174
"13015","5","SIC_0I73","29","0",1981,"2","","Bartow County, Georgia","Private","SIC 73 Business Services","County, 2-digit SIC -- by ownership sector","All establishment sizes",10,50,46,52,103859,0,0,161
"13015","5","SIC_0I73","29","0",1981,"3","","Bartow County, Georgia","Private","SIC 73 Business Services","County, 2-digit SIC -- by ownership sector","All establishment sizes",11,95,98,106,259854,0,0,200
"13015","5","SIC_0I73","29","0",1981,"4","","Bartow County, Georgia","Private","SIC 73 Business Services","County, 2-digit SIC -- by ownership sector","All establishment sizes",12,88,86,93,191354,0,0,165
"13015","5","SIC_0I75","29","0",1981,"1","","Bartow County, Georgia","Private","SIC 75 Auto Repair, Services, and Parking","County, 2-digit SIC -- by ownership sector","All establishment sizes",15,71,72,72,238354,0,0,255
"13015","5","SIC_0I75","29","0",1981,"2","","Bartow County, Georgia","Private","SIC 75 Auto Repair, Services, and Parking","County, 2-digit SIC -- by ownership sector","All establishment sizes",15,75,74,77,235831,0,0,240
"13015","5","SIC_0I75","29","0",1981,"3","","Bartow County, Georgia","Private","SIC 75 Auto Repair, Services, and Parking","County, 2-digit SIC -- by ownership sector","All establishment sizes",15,71,78,74,221478,0,0,229
"13015","5","SIC_0I75","29","0",1981,"4","","Bartow County, Georgia","Private","SIC 75 Auto Repair, Services, and Parking","County, 2-digit SIC -- by ownership sector","All establishment sizes",16,78,76,75,253357,0,0,255
"13015","5","SIC_0I76","29","0",1981,"1","","Bartow County, Georgia","Private","SIC 76 Miscellaneous Repair Services","County, 2-digit SIC -- by ownership sector","All establishment sizes",3,7,7,7,24609,0,0,270
"13015","5","SIC_0I76","29","0",1981,"2","","Bartow County, Georgia","Private","SIC 76 Miscellaneous Repair Services","County, 2-digit SIC -- by ownership sector","All establishment sizes",3,7,7,6,15768,0,0,181
"13015","5","SIC_0I76","29","0",1981,"3","","Bartow County, Georgia","Private","SIC 76 Miscellaneous Repair Services","County, 2-digit SIC -- by ownership sector","All establishment sizes",3,6,6,6,15466,0,0,198
"13015","5","SIC_0I76","29","0",1981,"4","","Bartow County, Georgia","Private","SIC 76 Miscellaneous Repair Services","County, 2-digit SIC -- by ownership sector","All establishment sizes",4,7,7,7,19657,0,0,216
"13015","5","SIC_0I78","29","0",1981,"1","N","Bartow County, Georgia","Private","SIC 78 Motion Pictures","County, 2-digit SIC -- by ownership sector","All establishment sizes",0,0,0,0,0,0,0,0
"13015","5","SIC_0I78","29","0",1981,"2","N","Bartow County, Georgia","Private","SIC 78 Motion Pictures","County, 2-digit SIC -- by ownership sector","All establishment sizes",0,0,0,0,0,0,0,0
"13015","5","SIC_0I78","29","0",1981,"3","N","Bartow County, Georgia","Private","SIC 78 Motion Pictures","County, 2-digit SIC -- by ownership sector","All establishment sizes",0,0,0,0,0,0,0,0
"13015","5","SIC_0I78","29","0",1981,"4","N","Bartow County, Georgia","Private","SIC 78 Motion Pictures","County, 2-digit SIC -- by ownership sector","All establishment sizes",0,0,0,0,0,0,0,0
"13015","5","SIC_0I79","29","0",1981,"1","","Bartow County, Georgia","Private","SIC 79 Amusement and Recreation Services","County, 2-digit SIC -- by ownership sector","All establishment sizes",5,29,31,34,68319,0,0,167
"13015","5","SIC_0I79","29","0",1981,"2","","Bartow County, Georgia","Private","SIC 79 Amusement and Recreation Services","County, 2-digit SIC -- by ownership sector","All establishment sizes",5,33,43,49,82281,0,0,151
"13015","5","SIC_0I79","29","0",1981,"3","","Bartow County, Georgia","Private","SIC 79 Amusement and Recreation Services","County, 2-digit SIC -- by ownership sector","All establishment sizes",4,50,47,43,88229,0,0,145
"13015","5","SIC_0I79","29","0",1981,"4","","Bartow County, Georgia","Private","SIC 79 Amusement and Recreation Services","County, 2-digit SIC -- by ownership sector","All establishment sizes",4,34,34,33,76774,0,0,175
"13015","5","SIC_0I80","29","0",1981,"1","","Bartow County, Georgia","Private","SIC 80 Health Services","County, 2-digit SIC -- by ownership sector","All establishment sizes",29,195,191,194,619132,0,0,246
"13015","5","SIC_0I80","29","0",1981,"2","","Bartow County, Georgia","Private","SIC 80 Health Services","County, 2-digit SIC -- by ownership sector","All establishment sizes",28,159,158,160,680079,0,0,329
"13015","5","SIC_0I80","29","0",1981,"3","","Bartow County, Georgia","Private","SIC 80 Health Services","County, 2-digit SIC -- by ownership sector","All establishment sizes",27,189,190,189,560150,0,0,227
"13015","5","SIC_0I80","29","0",1981,"4","","Bartow County, Georgia","Private","SIC 80 Health Services","County, 2-digit SIC -- by ownership sector","All establishment sizes",27,196,194,192,578919,0,0,229
"13015","5","SIC_0I81","29","0",1981,"1","","Bartow County, Georgia","Private","SIC 81 Legal Services","County, 2-digit SIC -- by ownership sector","All establishment sizes",15,21,18,19,47026,0,0,187
"13015","5","SIC_0I81","29","0",1981,"2","","Bartow County, Georgia","Private","SIC 81 Legal Services","County, 2-digit SIC -- by ownership sector","All establishment sizes",17,29,30,30,76416,0,0,198
"13015","5","SIC_0I81","29","0",1981,"3","","Bartow County, Georgia","Private","SIC 81 Legal Services","County, 2-digit SIC -- by ownership sector","All establishment sizes",17,32,31,31,79325,0,0,194
"13015","5","SIC_0I81","29","0",1981,"4","","Bartow County, Georgia","Private","SIC 81 Legal Services","County, 2-digit SIC -- by ownership sector","All establishment sizes",17,32,32,33,89128,0,0,212
"13015","5","SIC_0I82","29","0",1981,"1","N","Bartow County, Georgia","Private","SIC 82 Educational Services","County, 2-digit SIC -- by ownership sector","All establishment sizes",0,0,0,0,0,0,0,0
"13015","5","SIC_0I82","29","0",1981,"2","N","Bartow County, Georgia","Private","SIC 82 Educational Services","County, 2-digit SIC -- by ownership sector","All establishment sizes",0,0,0,0,0,0,0,0
"13015","5","SIC_0I82","29","0",1981,"3","N","Bartow County, Georgia","Private","SIC 82 Educational Services","County, 2-digit SIC -- by ownership sector","All establishment sizes",0,0,0,0,0,0,0,0
"13015","5","SIC_0I82","29","0",1981,"4","N","Bartow County, Georgia","Private","SIC 82 Educational Services","County, 2-digit SIC -- by ownership sector","All establishment sizes",0,0,0,0,0,0,0,0
"13015","5","SIC_0I83","29","0",1981,"1","","Bartow County, Georgia","Private","SIC 83 Social Services","County, 2-digit SIC -- by ownership sector","All establishment sizes",4,83,85,80,187241,0,0,174
"13015","5","SIC_0I83","29","0",1981,"2","","Bartow County, Georgia","Private","SIC 83 Social Services","County, 2-digit SIC -- by ownership sector","All establishment sizes",4,99,99,67,173380,0,0,150
"13015","5","SIC_0I83","29","0",1981,"3","","Bartow County, Georgia","Private","SIC 83 Social Services","County, 2-digit SIC -- by ownership sector","All establishment sizes",4,64,83,88,160128,0,0,157
"13015","5","SIC_0I83","29","0",1981,"4","","Bartow County, Georgia","Private","SIC 83 Social Services","County, 2-digit SIC -- by ownership sector","All establishment sizes",4,89,87,92,183568,0,0,158
"13015","5","SIC_0I86","29","0",1981,"1","","Bartow County, Georgia","Private","SIC 86 Membership Organizations","County, 2-digit SIC -- by ownership sector","All establishment sizes",4,15,14,18,16628,0,0,81
"13015","5","SIC_0I86","29","0",1981,"2","","Bartow County, Georgia","Private","SIC 86 Membership Organizations","County, 2-digit SIC -- by ownership sector","All establishment sizes",4,16,18,13,18245,0,0,89
"13015","5","SIC_0I86","29","0",1981,"3","","Bartow County, Georgia","Private","SIC 86 Membership Organizations","County, 2-digit SIC -- by ownership sector","All establishment sizes",5,17,14,14,26780,0,0,137
"13015","5","SIC_0I86","29","0",1981,"4","","Bartow County, Georgia","Private","SIC 86 Membership Organizations","County, 2-digit SIC -- by ownership sector","All establishment sizes",5,17,16,17,28207,0,0,130
"13015","5","SIC_0I88","29","0",1981,"1","","Bartow County, Georgia","Private","SIC 88 Private Households","County, 2-digit SIC -- by ownership sector","All establishment sizes",13,28,27,26,37075,0,0,105
"13015","5","SIC_0I88","29","0",1981,"2","","Bartow County, Georgia","Private","SIC 88 Private Households","County, 2-digit SIC -- by ownership sector","All establishment sizes",13,25,25,25,40197,0,0,123
"13015","5","SIC_0I88","29","0",1981,"3","","Bartow County, Georgia","Private","SIC 88 Private Households","County, 2-digit SIC -- by ownership sector","All establishment sizes",13,27,25,25,41978,0,0,125
"13015","5","SIC_0I88","29","0",1981,"4","","Bartow County, Georgia","Private","SIC 88 Private Households","County, 2-digit SIC -- by ownership sector","All establishment sizes",13,26,24,23,41083,0,0,129
"13015","5","SIC_0I89","29","0",1981,"1","","Bartow County, Georgia","Private","SIC 89 Services, Nec","County, 2-digit SIC -- by ownership sector","All establishment sizes",9,30,47,40,73888,0,0,145
"13015","5","SIC_0I89","29","0",1981,"2","","Bartow County, Georgia","Private","SIC 89 Services, Nec","County, 2-digit SIC -- by ownership sector","All establishment sizes",9,31,40,35,68513,0,0,149
"13015","5","SIC_0I89","29","0",1981,"3","","Bartow County, Georgia","Private","SIC 89 Services, Nec","County, 2-digit SIC -- by ownership sector","All establishment sizes",8,27,43,36,72211,0,0,157
"13015","5","SIC_0I89","29","0",1981,"4","","Bartow County, Georgia","Private","SIC 89 Services, Nec","County, 2-digit SIC -- by ownership sector","All establishment sizes",7,23,22,23,76958,0,0,261
"13015","5","SIC_0K","28","0",1981,"1","N","Bartow County, Georgia","Private","Nonclassifiable Establishments","County, Industry Division -- by ownership sector","All establishment sizes",0,0,0,0,0,0,0,0
"13015","5","SIC_0K","28","0",1981,"2","N","Bartow County, Georgia","Private","Nonclassifiable Establishments","County, Industry Division -- by ownership sector","All establishment sizes",0,0,0,0,0,0,0,0
"13015","5","SIC_0K","28","0",1981,"3","N","Bartow County, Georgia","Private","Nonclassifiable Establishments","County, Industry Division -- by ownership sector","All establishment sizes",0,0,0,0,0,0,0,0
"13015","5","SIC_0K","28","0",1981,"4","N","Bartow County, Georgia","Private","Nonclassifiable Establishments","County, Industry Division -- by ownership sector","All establishment sizes",0,0,0,0,0,0,0,0
"13015","5","SIC_0K99","29","0",1981,"1","N","Bartow County, Georgia","Private","SIC 99 Nonclassifiable Establishments","County, 2-digit SIC -- by ownership sector","All establishment sizes",0,0,0,0,0,0,0,0
"13015","5","SIC_0K99","29","0",1981,"2","N","Bartow County, Georgia","Private","SIC 99 Nonclassifiable Establishments","County, 2-digit SIC -- by ownership sector","All establishment sizes",0,0,0,0,0,0,0,0
"13015","5","SIC_0K99","29","0",1981,"3","N","Bartow County, Georgia","Private","SIC 99 Nonclassifiable Establishments","County, 2-digit SIC -- by ownership sector","All establishment sizes",0,0,0,0,0,0,0,0
"13015","5","SIC_0K99","29","0",1981,"4","N","Bartow County, Georgia","Private","SIC 99 Nonclassifiable Establishments","County, 2-digit SIC -- by ownership sector","All establishment sizes",0,0,0,0,0,0,0,0
