"area_fips","own_code","industry_code","agglvl_code","size_code","year","qtr","disclosure_code","area_title","own_title","industry_title","agglvl_title","size_title","qtrly_estabs_count","month1_emplvl","month2_emplvl","month3_emplvl","total_qtrly_wages","taxable_qtrly_wages","qtrly_contributions","avg_wkly_wage"
"09999","0","SIC_0Z","26","0",1981,"1","","Unknown Or Undefined, Connecticut","Total Covered","All Industries","County, Total Covered","All establishment sizes",3000,16316,16321,16997,93334219,0,0,433
"09999","0","SIC_0Z","26","0",1981,"2","N","Unknown Or Undefined, Connecticut","Total Covered","All Industries","County, Total Covered","All establishment sizes",0,0,0,0,0,0,0,0
"09999","0","SIC_0Z","26","0",1981,"3","","Unknown Or Undefined, Connecticut","Total Covered","All Industries","County, Total Covered","All establishment sizes",3088,18369,18244,18485,93030137,0,0,389
"09999","0","SIC_0Z","26","0",1981,"4","","Unknown Or Undefined, Connecticut","Total Covered","All Industries","County, Total Covered","All establishment sizes",3097,19633,19618,19802,103643991,0,0,405
"09999","1","SIC_0Z","27","0",1981,"1","","Unknown Or Undefined, Connecticut","Federal Government","All Industries","County, Total -- by ownership sector","All establishment sizes",6,67,72,72,265509,0,0,290
"09999","1","SIC_0Z","27","0",1981,"2","","Unknown Or Undefined, Connecticut","Federal Government","All Industries","County, Total -- by ownership sector","All establishment sizes",6,72,72,72,211852,0,0,226
"09999","1","SIC_0Z","27","0",1981,"3","","Unknown Or Undefined, Connecticut","Federal Government","All Industries","County, Total -- by ownership sector","All establishment sizes",6,73,73,54,257428,0,0,297
"09999","1","SIC_0Z","27","0",1981,"4","","Unknown Or Undefined, Connecticut","Federal Government","All Industries","County, Total -- by ownership sector","All establishment sizes",6,50,49,49,212175,0,0,330
"09999","1","SIC_0J","28","0",1981,"1","","Unknown Or Undefined, Connecticut","Federal Government","Public Administration Division","County, Industry Division -- by ownership sector","All establishment sizes",6,67,72,72,265509,0,0,290
"09999","1","SIC_0J","28","0",1981,"2","","Unknown Or Undefined, Connecticut","Federal Government","Public Administration Division","County, Industry Division -- by ownership sector","All establishment sizes",6,72,72,72,211852,0,0,226
"09999","1","SIC_0J","28","0",1981,"3","","Unknown Or Undefined, Connecticut","Federal Government","Public Administration Division","County, Industry Division -- by ownership sector","All establishment sizes",6,73,73,54,257428,0,0,297
"09999","1","SIC_0J","28","0",1981,"4","","Unknown Or Undefined, Connecticut","Federal Government","Public Administration Division","County, Industry Division -- by ownership sector","All establishment sizes",6,50,49,49,212175,0,0,330
"09999","1","SIC_0J94","29","0",1981,"1","","Unknown Or Undefined, Connecticut","Federal Government","SIC 94 Administration of Human Resources","County, 2-digit SIC -- by ownership sector","All establishment sizes",6,67,72,72,265509,0,0,290
"09999","1","SIC_0J94","29","0",1981,"2","","Unknown Or Undefined, Connecticut","Federal Government","SIC 94 Administration of Human Resources","County, 2-digit SIC -- by ownership sector","All establishment sizes",6,72,72,72,211852,0,0,226
"09999","1","SIC_0J94","29","0",1981,"3","","Unknown Or Undefined, Connecticut","Federal Government","SIC 94 Administration of Human Resources","County, 2-digit SIC -- by ownership sector","All establishment sizes",6,73,73,54,257428,0,0,297
"09999","1","SIC_0J94","29","0",1981,"4","","Unknown Or Undefined, Connecticut","Federal Government","SIC 94 Administration of Human Resources","County, 2-digit SIC -- by ownership sector","All establishment sizes",6,50,49,49,212175,0,0,330
"09999","2","SIC_0Z","27","0",1981,"1","","Unknown Or Undefined, Connecticut","State Government","All Industries","County, Total -- by ownership sector","All establishment sizes",0,0,0,0,0,0,0,0
"09999","2","SIC_0Z","27","0",1981,"2","N","Unknown Or Undefined, Connecticut","State Government","All Industries","County, Total -- by ownership sector","All establishment sizes",0,0,0,0,0,0,0,0
"09999","2","SIC_0Z","27","0",1981,"3","","Unknown Or Undefined, Connecticut","State Government","All Industries","County, Total -- by ownership sector","All establishment sizes",0,0,0,0,0,0,0,0
"09999","2","SIC_0Z","27","0",1981,"4","","Unknown Or Undefined, Connecticut","State Government","All Industries","County, Total -- by ownership sector","All establishment sizes",0,0,0,0,0,0,0,0
"09999","2","SIC_0J","28","0",1981,"1","","Unknown Or Undefined, Connecticut","State Government","Public Administration Division","County, Industry Division -- by ownership sector","All establishment sizes",0,0,0,0,0,0,0,0
"09999","2","SIC_0J","28","0",1981,"2","N","Unknown Or Undefined, Connecticut","State Government","Public Administration Division","County, Industry Division -- by ownership sector","All establishment sizes",0,0,0,0,0,0,0,0
"09999","2","SIC_0J","28","0",1981,"3","","Unknown Or Undefined, Connecticut","State Government","Public Administration Division","County, Industry Division -- by ownership sector","All establishment sizes",0,0,0,0,0,0,0,0
"09999","2","SIC_0J","28","0",1981,"4","","Unknown Or Undefined, Connecticut","State Government","Public Administration Division","County, Industry Division -- by ownership sector","All establishment sizes",0,0,0,0,0,0,0,0
"09999","2","SIC_0J92","29","0",1981,"1","","Unknown Or Undefined, Connecticut","State Government","SIC 92 Justice, Public Order, and Safety","County, 2-digit SIC -- by ownership sector","All establishment sizes",0,0,0,0,0,0,0,0
"09999","2","SIC_0J92","29","0",1981,"2","N","Unknown Or Undefined, Connecticut","State Government","SIC 92 Justice, Public Order, and Safety","County, 2-digit SIC -- by ownership sector","All establishment sizes",0,0,0,0,0,0,0,0
"09999","2","SIC_0J92","29","0",1981,"3","","Unknown Or Undefined, Connecticut","State Government","SIC 92 Justice, Public Order, and Safety","County, 2-digit SIC -- by ownership sector","All establishment sizes",0,0,0,0,0,0,0,0
"09999","2","SIC_0J92","29","0",1981,"4","","Unknown Or Undefined, Connecticut","State Government","SIC 92 Justice, Public Order, and Safety","County, 2-digit SIC -- by ownership sector","All establishment sizes",0,0,0,0,0,0,0,0
"09999","5","SIC_0Z","27","0",1981,"1","","Unknown Or Undefined, Connecticut","Private","All Industries","County, Total -- by ownership sector","All establishment sizes",2994,16249,16249,16925,93068710,0,0,434
"09999","5","SIC_0Z","27","0",1981,"2","","Unknown Or Undefined, Connecticut","Private","All Industries","County, Total -- by ownership sector","All establishment sizes",3050,17162,17634,18025,90064783,0,0,393
"09999","5","SIC_0Z","27","0",1981,"3","","Unknown Or Undefined, Connecticut","Private","All Industries","County, Total -- by ownership sector","All establishment sizes",3082,18296,18171,18431,92772709,0,0,389
"09999","5","SIC_0Z","27","0",1981,"4","","Unknown Or Undefined, Connecticut","Private","All Industries","County, Total -- by ownership sector","All establishment sizes",3091,19583,19569,19753,103431816,0,0,405
"09999","5","SIC_0A","28","0",1981,"1","N","Unknown Or Undefined, Connecticut","Private","Agriculture, Forestry, and Fishing Division","County, Industry Division -- by ownership sector","All establishment sizes",0,0,0,0,0,0,0,0
"09999","5","SIC_0A","28","0",1981,"2","","Unknown Or Undefined, Connecticut","Private","Agriculture, Forestry, and Fishing Division","County, Industry Division -- by ownership sector","All establishment sizes",9,128,167,187,491010,0,0,235
"09999","5","SIC_0A","28","0",1981,"3","","Unknown Or Undefined, Connecticut","Private","Agriculture, Forestry, and Fishing Division","County, Industry Division -- by ownership sector","All establishment sizes",8,182,195,193,577187,0,0,233
"09999","5","SIC_0A","28","0",1981,"4","N","Unknown Or Undefined, Connecticut","Private","Agriculture, Forestry, and Fishing Division","County, Industry Division -- by ownership sector","All establishment sizes",0,0,0,0,0,0,0,0
"09999","5","SIC_0A07","29","0",1981,"1","N","Unknown Or Undefined, Connecticut","Private","SIC 07 Agricultural Services","County, 2-digit SIC -- by ownership sector","All establishment sizes",0,0,0,0,0,0,0,0
"09999","5","SIC_0A07","29","0",1981,"2","","Unknown Or Undefined, Connecticut","Private","SIC 07 Agricultural Services","County, 2-digit SIC -- by ownership sector","All establishment sizes",9,128,167,187,491010,0,0,235
"09999","5","SIC_0A07","29","0",1981,"3","","Unknown Or Undefined, Connecticut","Private","SIC 07 Agricultural Services","County, 2-digit SIC -- by ownership sector","All establishment sizes",8,182,195,193,577187,0,0,233
"09999","5","SIC_0A07","29","0",1981,"4","N","Unknown Or Undefined, Connecticut","Private","SIC 07 Agricultural Services","County, 2-digit SIC -- by ownership sector","All establishment sizes",0,0,0,0,0,0,0,0
"09999","5","SIC_0B","28","0",1981,"1","N","Unknown Or Undefined, Connecticut","Private","Mining Division","County, Industry Division -- by ownership sector","All establishment sizes",0,0,0,0,0,0,0,0
"09999","5","SIC_0B","28","0",1981,"2","N","Unknown Or Undefined, Connecticut","Private","Mining Division","County, Industry Division -- by ownership sector","All establishment sizes",0,0,0,0,0,0,0,0
"09999","5","SIC_0B","28","0",1981,"3","N","Unknown Or Undefined, Connecticut","Private","Mining Division","County, Industry Division -- by ownership sector","All establishment sizes",0,0,0,0,0,0,0,0
"09999","5","SIC_0B","28","0",1981,"4","","Unknown Or Undefined, Connecticut","Private","Mining Division","County, Industry Division -- by ownership sector","All establishment sizes",0,0,0,0,0,0,0,0
"09999","5","SIC_0B13","29","0",1981,"1","N","Unknown Or Undefined, Connecticut","Private","SIC 13 Oil and Gas Extraction","County, 2-digit SIC -- by ownership sector","All establishment sizes",0,0,0,0,0,0,0,0
"09999","5","SIC_0B13","29","0",1981,"2","N","Unknown Or Undefined, Connecticut","Private","SIC 13 Oil and Gas Extraction","County, 2-digit SIC -- by ownership sector","All establishment sizes",0,0,0,0,0,0,0,0
"09999","5","SIC_0B13","29","0",1981,"3","N","Unknown Or Undefined, Connecticut","Private","SIC 13 Oil and Gas Extraction","County, 2-digit SIC -- by ownership sector","All establishment sizes",0,0,0,0,0,0,0,0
"09999","5","SIC_0B13","29","0",1981,"4","","Unknown Or Undefined, Connecticut","Private","SIC 13 Oil and Gas Extraction","County, 2-digit SIC -- by ownership sector","All establishment sizes",0,0,0,0,0,0,0,0
"09999","5","SIC_0C","28","0",1981,"1","","Unknown Or Undefined, Connecticut","Private","Construction Division","County, Industry Division -- by ownership sector","All establishment sizes",486,1463,1504,1589,7955124,0,0,402
"09999","5","SIC_0C","28","0",1981,"2","","Unknown Or Undefined, Connecticut","Private","Construction Division","County, Industry Division -- by ownership sector","All establishment sizes",496,1740,1865,2006,10161129,0,0,417
"09999","5","SIC_0C","28","0",1981,"3","","Unknown Or Undefined, Connecticut","Private","Construction Division","County, Industry Division -- by ownership sector","All establishment sizes",495,2142,2140,2122,12197236,0,0,439
"09999","5","SIC_0C","28","0",1981,"4","","Unknown Or Undefined, Connecticut","Private","Construction Division","County, Industry Division -- by ownership sector","All establishment sizes",490,2149,2097,1923,11862115,0,0,443
"09999","5","SIC_0C15","29","0",1981,"1","","Unknown Or Undefined, Connecticut","Private","SIC 15 General Building Contractors","County, 2-digit SIC -- by ownership sector","All establishment sizes",75,305,297,310,1728381,0,0,437
"09999","5","SIC_0C15","29","0",1981,"2","","Unknown Or Undefined, Connecticut","Private","SIC 15 General Building Contractors","County, 2-digit SIC -- by ownership sector","All establishment sizes",76,359,389,435,2137585,0,0,416
"09999","5","SIC_0C15","29","0",1981,"3","","Unknown Or Undefined, Connecticut","Private","SIC 15 General Building Contractors","County, 2-digit SIC -- by ownership sector","All establishment sizes",75,474,532,504,2952640,0,0,451
"09999","5","SIC_0C15","29","0",1981,"4","","Unknown Or Undefined, Connecticut","Private","SIC 15 General Building Contractors","County, 2-digit SIC -- by ownership sector","All establishment sizes",75,548,613,549,3051514,0,0,411
"09999","5","SIC_0C16","29","0",1981,"1","","Unknown Or Undefined, Connecticut","Private","SIC 16 Heavy Construction, ex. Building","County, 2-digit SIC -- by ownership sector","All establishment sizes",54,179,196,224,856062,0,0,329
"09999","5","SIC_0C16","29","0",1981,"2","","Unknown Or Undefined, Connecticut","Private","SIC 16 Heavy Construction, ex. Building","County, 2-digit SIC -- by ownership sector","All establishment sizes",56,169,292,309,1512861,0,0,453
"09999","5","SIC_0C16","29","0",1981,"3","","Unknown Or Undefined, Connecticut","Private","SIC 16 Heavy Construction, ex. Building","County, 2-digit SIC -- by ownership sector","All establishment sizes",57,365,367,367,2028752,0,0,425
"09999","5","SIC_0C16","29","0",1981,"4","","Unknown Or Undefined, Connecticut","Private","SIC 16 Heavy Construction, ex. Building","County, 2-digit SIC -- by ownership sector","All establishment sizes",55,319,277,203,1563606,0,0,451
"09999","5","SIC_0C17","29","0",1981,"1","","Unknown Or Undefined, Connecticut","Private","SIC 17 Special Trade Contractors","County, 2-digit SIC -- by ownership sector","All establishment sizes",357,979,1011,1055,5370681,0,0,407
"09999","5","SIC_0C17","29","0",1981,"2","","Unknown Or Undefined, Connecticut","Private","SIC 17 Special Trade Contractors","County, 2-digit SIC -- by ownership sector","All establishment sizes",364,1212,1184,1262,6510683,0,0,410
"09999","5","SIC_0C17","29","0",1981,"3","","Unknown Or Undefined, Connecticut","Private","SIC 17 Special Trade Contractors","County, 2-digit SIC -- by ownership sector","All establishment sizes",363,1303,1241,1251,7215844,0,0,438
"09999","5","SIC_0C17","29","0",1981,"4","","Unknown Or Undefined, Connecticut","Private","SIC 17 Special Trade Contractors","County, 2-digit SIC -- by ownership sector","All establishment sizes",360,1282,1207,1171,7246995,0,0,456
"09999","5","SIC_0D","28","0",1981,"1","","Unknown Or Undefined, Connecticut","Private","Manufacturing Division","County, Industry Division -- by ownership sector","All establishment sizes",3,105,100,102,690313,0,0,518
"09999","5","SIC_0D","28","0",1981,"2","","Unknown Or Undefined, Connecticut","Private","Manufacturing Division","County, Industry Division -- by ownership sector","All establishment sizes",5,109,110,107,666424,0,0,471
"09999","5","SIC_0D","28","0",1981,"3","N","Unknown Or Undefined, Connecticut","Private","Manufacturing Division","County, Industry Division -- by ownership sector","All establishment sizes",0,0,0,0,0,0,0,0
"09999","5","SIC_0D","28","0",1981,"4","N","Unknown Or Undefined, Connecticut","Private","Manufacturing Division","County, Industry Division -- by ownership sector","All establishment sizes",0,0,0,0,0,0,0,0
"09999","5","SIC_0D34","29","0",1981,"1","N","Unknown Or Undefined, Connecticut","Private","SIC 34 Fabricated Metal Products","County, 2-digit SIC -- by ownership sector","All establishment sizes",0,0,0,0,0,0,0,0
"09999","5","SIC_0D34","29","0",1981,"2","N","Unknown Or Undefined, Connecticut","Private","SIC 34 Fabricated Metal Products","County, 2-digit SIC -- by ownership sector","All establishment sizes",0,0,0,0,0,0,0,0
"09999","5","SIC_0D34","29","0",1981,"3","N","Unknown Or Undefined, Connecticut","Private","SIC 34 Fabricated Metal Products","County, 2-digit SIC -- by ownership sector","All establishment sizes",0,0,0,0,0,0,0,0
"09999","5","SIC_0D34","29","0",1981,"4","N","Unknown Or Undefined, Connecticut","Private","SIC 34 Fabricated Metal Products","County, 2-digit SIC -- by ownership sector","All establishment sizes",0,0,0,0,0,0,0,0
"09999","5","SIC_0D36","29","0",1981,"1","N","Unknown Or Undefined, Connecticut","Private","SIC 36 Electronic and Other Electric Equipment","County, 2-digit SIC -- by ownership sector","All establishment sizes",0,0,0,0,0,0,0,0
"09999","5","SIC_0D36","29","0",1981,"2","N","Unknown Or Undefined, Connecticut","Private","SIC 36 Electronic and Other Electric Equipment","County, 2-digit SIC -- by ownership sector","All establishment sizes",0,0,0,0,0,0,0,0
"09999","5","SIC_0D36","29","0",1981,"3","","Unknown Or Undefined, Connecticut","Private","SIC 36 Electronic and Other Electric Equipment","County, 2-digit SIC -- by ownership sector","All establishment sizes",0,0,0,0,0,0,0,0
"09999","5","SIC_0D36","29","0",1981,"4","","Unknown Or Undefined, Connecticut","Private","SIC 36 Electronic and Other Electric Equipment","County, 2-digit SIC -- by ownership sector","All establishment sizes",0,0,0,0,0,0,0,0
"09999","5","SIC_0D37","29","0",1981,"1","N","Unknown Or Undefined, Connecticut","Private","SIC 37 Transportation Equipment","County, 2-digit SIC -- by ownership sector","All establishment sizes",0,0,0,0,0,0,0,0
"09999","5","SIC_0D37","29","0",1981,"2","","Unknown Or Undefined, Connecticut","Private","SIC 37 Transportation Equipment","County, 2-digit SIC -- by ownership sector","All establishment sizes",3,2,2,2,17693,0,0,680
"09999","5","SIC_0D37","29","0",1981,"3","N","Unknown Or Undefined, Connecticut","Private","SIC 37 Transportation Equipment","County, 2-digit SIC -- by ownership sector","All establishment sizes",0,0,0,0,0,0,0,0
"09999","5","SIC_0D37","29","0",1981,"4","N","Unknown Or Undefined, Connecticut","Private","SIC 37 Transportation Equipment","County, 2-digit SIC -- by ownership sector","All establishment sizes",0,0,0,0,0,0,0,0
"09999","5","SIC_0E","28","0",1981,"1","N","Unknown Or Undefined, Connecticut","Private","Transportation and Public Utilities Division","County, Industry Division -- by ownership sector","All establishment sizes",0,0,0,0,0,0,0,0
"09999","5","SIC_0E","28","0",1981,"2","N","Unknown Or Undefined, Connecticut","Private","Transportation and Public Utilities Division","County, Industry Division -- by ownership sector","All establishment sizes",0,0,0,0,0,0,0,0
"09999","5","SIC_0E","28","0",1981,"3","","Unknown Or Undefined, Connecticut","Private","Transportation and Public Utilities Division","County, Industry Division -- by ownership sector","All establishment sizes",73,206,212,209,1063367,0,0,391
"09999","5","SIC_0E","28","0",1981,"4","","Unknown Or Undefined, Connecticut","Private","Transportation and Public Utilities Division","County, Industry Division -- by ownership sector","All establishment sizes",75,219,221,229,1301685,0,0,449
"09999","5","SIC_0E41","29","0",1981,"1","","Unknown Or Undefined, Connecticut","Private","SIC 41 Local And Interurban Passenger Transit","County, 2-digit SIC -- by ownership sector","All establishment sizes",4,3,2,2,5627,0,0,185
"09999","5","SIC_0E41","29","0",1981,"2","N","Unknown Or Undefined, Connecticut","Private","SIC 41 Local And Interurban Passenger Transit","County, 2-digit SIC -- by ownership sector","All establishment sizes",0,0,0,0,0,0,0,0
"09999","5","SIC_0E41","29","0",1981,"3","N","Unknown Or Undefined, Connecticut","Private","SIC 41 Local And Interurban Passenger Transit","County, 2-digit SIC -- by ownership sector","All establishment sizes",0,0,0,0,0,0,0,0
"09999","5","SIC_0E41","29","0",1981,"4","N","Unknown Or Undefined, Connecticut","Private","SIC 41 Local And Interurban Passenger Transit","County, 2-digit SIC -- by ownership sector","All establishment sizes",0,0,0,0,0,0,0,0
"09999","5","SIC_0E42","29","0",1981,"1","","Unknown Or Undefined, Connecticut","Private","SIC 42 Trucking And Warehousing","County, 2-digit SIC -- by ownership sector","All establishment sizes",26,71,77,75,455815,0,0,471
"09999","5","SIC_0E42","29","0",1981,"2","","Unknown Or Undefined, Connecticut","Private","SIC 42 Trucking And Warehousing","County, 2-digit SIC -- by ownership sector","All establishment sizes",30,74,75,79,421965,0,0,427
"09999","5","SIC_0E42","29","0",1981,"3","","Unknown Or Undefined, Connecticut","Private","SIC 42 Trucking And Warehousing","County, 2-digit SIC -- by ownership sector","All establishment sizes",34,93,101,96,448835,0,0,357
"09999","5","SIC_0E42","29","0",1981,"4","","Unknown Or Undefined, Connecticut","Private","SIC 42 Trucking And Warehousing","County, 2-digit SIC -- by ownership sector","All establishment sizes",34,100,103,105,614799,0,0,460
"09999","5","SIC_0E44","29","0",1981,"1","N","Unknown Or Undefined, Connecticut","Private","SIC 44 Water Transportation","County, 2-digit SIC -- by ownership sector","All establishment sizes",0,0,0,0,0,0,0,0
"09999","5","SIC_0E44","29","0",1981,"2","N","Unknown Or Undefined, Connecticut","Private","SIC 44 Water Transportation","County, 2-digit SIC -- by ownership sector","All establishment sizes",0,0,0,0,0,0,0,0
"09999","5","SIC_0E44","29","0",1981,"3","N","Unknown Or Undefined, Connecticut","Private","SIC 44 Water Transportation","County, 2-digit SIC -- by ownership sector","All establishment sizes",0,0,0,0,0,0,0,0
"09999","5","SIC_0E44","29","0",1981,"4","N","Unknown Or Undefined, Connecticut","Private","SIC 44 Water Transportation","County, 2-digit SIC -- by ownership sector","All establishment sizes",0,0,0,0,0,0,0,0
"09999","5","SIC_0E45","29","0",1981,"1","","Unknown Or Undefined, Connecticut","Private","SIC 45 Transportation By Air","County, 2-digit SIC -- by ownership sector","All establishment sizes",9,7,7,7,66096,0,0,726
"09999","5","SIC_0E45","29","0",1981,"2","","Unknown Or Undefined, Connecticut","Private","SIC 45 Transportation By Air","County, 2-digit SIC -- by ownership sector","All establishment sizes",8,7,7,7,68742,0,0,755
"09999","5","SIC_0E45","29","0",1981,"3","","Unknown Or Undefined, Connecticut","Private","SIC 45 Transportation By Air","County, 2-digit SIC -- by ownership sector","All establishment sizes",7,7,7,7,81963,0,0,900
"09999","5","SIC_0E45","29","0",1981,"4","","Unknown Or Undefined, Connecticut","Private","SIC 45 Transportation By Air","County, 2-digit SIC -- by ownership sector","All establishment sizes",8,12,12,14,93508,0,0,567
"09999","5","SIC_0E47","29","0",1981,"1","","Unknown Or Undefined, Connecticut","Private","SIC 47 Transportation Services","County, 2-digit SIC -- by ownership sector","All establishment sizes",13,24,21,22,111060,0,0,382
"09999","5","SIC_0E47","29","0",1981,"2","","Unknown Or Undefined, Connecticut","Private","SIC 47 Transportation Services","County, 2-digit SIC -- by ownership sector","All establishment sizes",15,24,25,28,120198,0,0,360
"09999","5","SIC_0E47","29","0",1981,"3","","Unknown Or Undefined, Connecticut","Private","SIC 47 Transportation Services","County, 2-digit SIC -- by ownership sector","All establishment sizes",14,26,26,27,129173,0,0,377
"09999","5","SIC_0E47","29","0",1981,"4","","Unknown Or Undefined, Connecticut","Private","SIC 47 Transportation Services","County, 2-digit SIC -- by ownership sector","All establishment sizes",14,29,27,31,173144,0,0,459
"09999","5","SIC_0E48","29","0",1981,"1","N","Unknown Or Undefined, Connecticut","Private","SIC 48 Communication","County, 2-digit SIC -- by ownership sector","All establishment sizes",0,0,0,0,0,0,0,0
"09999","5","SIC_0E48","29","0",1981,"2","","Unknown Or Undefined, Connecticut","Private","SIC 48 Communication","County, 2-digit SIC -- by ownership sector","All establishment sizes",6,48,50,49,239091,0,0,375
"09999","5","SIC_0E48","29","0",1981,"3","","Unknown Or Undefined, Connecticut","Private","SIC 48 Communication","County, 2-digit SIC -- by ownership sector","All establishment sizes",5,48,47,51,243807,0,0,385
"09999","5","SIC_0E48","29","0",1981,"4","","Unknown Or Undefined, Connecticut","Private","SIC 48 Communication","County, 2-digit SIC -- by ownership sector","All establishment sizes",6,50,50,50,246087,0,0,378
"09999","5","SIC_0E49","29","0",1981,"1","","Unknown Or Undefined, Connecticut","Private","SIC 49 Electric, Gas, And Sanitary Services","County, 2-digit SIC -- by ownership sector","All establishment sizes",4,19,18,18,113929,0,0,478
"09999","5","SIC_0E49","29","0",1981,"2","","Unknown Or Undefined, Connecticut","Private","SIC 49 Electric, Gas, And Sanitary Services","County, 2-digit SIC -- by ownership sector","All establishment sizes",3,17,17,20,101523,0,0,433
"09999","5","SIC_0E49","29","0",1981,"3","","Unknown Or Undefined, Connecticut","Private","SIC 49 Electric, Gas, And Sanitary Services","County, 2-digit SIC -- by ownership sector","All establishment sizes",3,17,15,13,89501,0,0,458
"09999","5","SIC_0E49","29","0",1981,"4","","Unknown Or Undefined, Connecticut","Private","SIC 49 Electric, Gas, And Sanitary Services","County, 2-digit SIC -- by ownership sector","All establishment sizes",3,12,13,13,96161,0,0,583
"09999","5","SIC_0F","28","0",1981,"1","","Unknown Or Undefined, Connecticut","Private","Wholesale Trade Division","County, Industry Division -- by ownership sector","All establishment sizes",1804,8588,8539,8744,54738898,0,0,488
"09999","5","SIC_0F","28","0",1981,"2","","Unknown Or Undefined, Connecticut","Private","Wholesale Trade Division","County, Industry Division -- by ownership sector","All establishment sizes",1825,9345,9321,9334,53813115,0,0,443
"09999","5","SIC_0F","28","0",1981,"3","","Unknown Or Undefined, Connecticut","Private","Wholesale Trade Division","County, Industry Division -- by ownership sector","All establishment sizes",1842,9644,9594,9755,55329644,0,0,440
"09999","5","SIC_0F","28","0",1981,"4","","Unknown Or Undefined, Connecticut","Private","Wholesale Trade Division","County, Industry Division -- by ownership sector","All establishment sizes",1844,9654,9603,9860,59358439,0,0,470
"09999","5","SIC_0F50","29","0",1981,"1","","Unknown Or Undefined, Connecticut","Private","SIC 50 Wholesale Trade Durable Goods","County, 2-digit SIC -- by ownership sector","All establishment sizes",970,4574,4545,4657,28795770,0,0,482
"09999","5","SIC_0F50","29","0",1981,"2","","Unknown Or Undefined, Connecticut","Private","SIC 50 Wholesale Trade Durable Goods","County, 2-digit SIC -- by ownership sector","All establishment sizes",966,5068,5048,4992,30783577,0,0,470
"09999","5","SIC_0F50","29","0",1981,"3","","Unknown Or Undefined, Connecticut","Private","SIC 50 Wholesale Trade Durable Goods","County, 2-digit SIC -- by ownership sector","All establishment sizes",979,5057,5057,5238,30338818,0,0,456
"09999","5","SIC_0F50","29","0",1981,"4","","Unknown Or Undefined, Connecticut","Private","SIC 50 Wholesale Trade Durable Goods","County, 2-digit SIC -- by ownership sector","All establishment sizes",983,5072,5074,5333,32009965,0,0,477
"09999","5","SIC_0F51","29","0",1981,"1","","Unknown Or Undefined, Connecticut","Private","SIC 51 Wholesale Trade Nondurable Goods","County, 2-digit SIC -- by ownership sector","All establishment sizes",834,4014,3994,4087,25943128,0,0,494
"09999","5","SIC_0F51","29","0",1981,"2","","Unknown Or Undefined, Connecticut","Private","SIC 51 Wholesale Trade Nondurable Goods","County, 2-digit SIC -- by ownership sector","All establishment sizes",859,4277,4273,4342,23029538,0,0,412
"09999","5","SIC_0F51","29","0",1981,"3","","Unknown Or Undefined, Connecticut","Private","SIC 51 Wholesale Trade Nondurable Goods","County, 2-digit SIC -- by ownership sector","All establishment sizes",863,4587,4537,4517,24990826,0,0,422
"09999","5","SIC_0F51","29","0",1981,"4","","Unknown Or Undefined, Connecticut","Private","SIC 51 Wholesale Trade Nondurable Goods","County, 2-digit SIC -- by ownership sector","All establishment sizes",861,4582,4529,4527,27348474,0,0,462
"09999","5","SIC_0G","28","0",1981,"1","","Unknown Or Undefined, Connecticut","Private","Retail Trade Division","County, Industry Division -- by ownership sector","All establishment sizes",74,1387,1417,1453,3467993,0,0,187
"09999","5","SIC_0G","28","0",1981,"2","","Unknown Or Undefined, Connecticut","Private","Retail Trade Division","County, Industry Division -- by ownership sector","All establishment sizes",75,1409,1470,1564,3541314,0,0,183
"09999","5","SIC_0G","28","0",1981,"3","","Unknown Or Undefined, Connecticut","Private","Retail Trade Division","County, Industry Division -- by ownership sector","All establishment sizes",76,1485,1485,1474,3516001,0,0,182
"09999","5","SIC_0G","28","0",1981,"4","","Unknown Or Undefined, Connecticut","Private","Retail Trade Division","County, Industry Division -- by ownership sector","All establishment sizes",76,1334,1375,1398,3940606,0,0,221
"09999","5","SIC_0G52","29","0",1981,"1","N","Unknown Or Undefined, Connecticut","Private","SIC 52 Building Materials and Garden Supplies","County, 2-digit SIC -- by ownership sector","All establishment sizes",0,0,0,0,0,0,0,0
"09999","5","SIC_0G52","29","0",1981,"2","N","Unknown Or Undefined, Connecticut","Private","SIC 52 Building Materials and Garden Supplies","County, 2-digit SIC -- by ownership sector","All establishment sizes",0,0,0,0,0,0,0,0
"09999","5","SIC_0G52","29","0",1981,"3","","Unknown Or Undefined, Connecticut","Private","SIC 52 Building Materials and Garden Supplies","County, 2-digit SIC -- by ownership sector","All establishment sizes",4,19,21,21,30778,0,0,116
"09999","5","SIC_0G52","29","0",1981,"4","","Unknown Or Undefined, Connecticut","Private","SIC 52 Building Materials and Garden Supplies","County, 2-digit SIC -- by ownership sector","All establishment sizes",4,16,19,21,44343,0,0,182
"09999","5","SIC_0G53","29","0",1981,"1","","Unknown Or Undefined, Connecticut","Private","SIC 53 General Merchandise Stores","County, 2-digit SIC -- by ownership sector","All establishment sizes",5,289,273,271,1034812,0,0,286
"09999","5","SIC_0G53","29","0",1981,"2","","Unknown Or Undefined, Connecticut","Private","SIC 53 General Merchandise Stores","County, 2-digit SIC -- by ownership sector","All establishment sizes",5,216,219,251,1048612,0,0,352
"09999","5","SIC_0G53","29","0",1981,"3","","Unknown Or Undefined, Connecticut","Private","SIC 53 General Merchandise Stores","County, 2-digit SIC -- by ownership sector","All establishment sizes",5,223,223,226,917650,0,0,315
"09999","5","SIC_0G53","29","0",1981,"4","","Unknown Or Undefined, Connecticut","Private","SIC 53 General Merchandise Stores","County, 2-digit SIC -- by ownership sector","All establishment sizes",4,226,227,231,1008208,0,0,340
"09999","5","SIC_0G54","29","0",1981,"1","","Unknown Or Undefined, Connecticut","Private","SIC 54 Food Stores","County, 2-digit SIC -- by ownership sector","All establishment sizes",3,59,56,59,204467,0,0,271
"09999","5","SIC_0G54","29","0",1981,"2","N","Unknown Or Undefined, Connecticut","Private","SIC 54 Food Stores","County, 2-digit SIC -- by ownership sector","All establishment sizes",0,0,0,0,0,0,0,0
"09999","5","SIC_0G54","29","0",1981,"3","","Unknown Or Undefined, Connecticut","Private","SIC 54 Food Stores","County, 2-digit SIC -- by ownership sector","All establishment sizes",3,44,41,41,185262,0,0,339
"09999","5","SIC_0G54","29","0",1981,"4","","Unknown Or Undefined, Connecticut","Private","SIC 54 Food Stores","County, 2-digit SIC -- by ownership sector","All establishment sizes",3,41,45,46,199785,0,0,349
"09999","5","SIC_0G55","29","0",1981,"1","","Unknown Or Undefined, Connecticut","Private","SIC 55 Automotive Dealers and Service Stations","County, 2-digit SIC -- by ownership sector","All establishment sizes",5,89,115,121,202033,0,0,143
"09999","5","SIC_0G55","29","0",1981,"2","","Unknown Or Undefined, Connecticut","Private","SIC 55 Automotive Dealers and Service Stations","County, 2-digit SIC -- by ownership sector","All establishment sizes",5,88,77,90,190099,0,0,172
"09999","5","SIC_0G55","29","0",1981,"3","","Unknown Or Undefined, Connecticut","Private","SIC 55 Automotive Dealers and Service Stations","County, 2-digit SIC -- by ownership sector","All establishment sizes",5,100,116,113,223704,0,0,156
"09999","5","SIC_0G55","29","0",1981,"4","","Unknown Or Undefined, Connecticut","Private","SIC 55 Automotive Dealers and Service Stations","County, 2-digit SIC -- by ownership sector","All establishment sizes",5,101,103,105,243701,0,0,182
"09999","5","SIC_0G56","29","0",1981,"1","","Unknown Or Undefined, Connecticut","Private","SIC 56 Apparel and Accessory Stores","County, 2-digit SIC -- by ownership sector","All establishment sizes",13,106,100,110,434673,0,0,317
"09999","5","SIC_0G56","29","0",1981,"2","","Unknown Or Undefined, Connecticut","Private","SIC 56 Apparel and Accessory Stores","County, 2-digit SIC -- by ownership sector","All establishment sizes",12,105,104,105,437183,0,0,321
"09999","5","SIC_0G56","29","0",1981,"3","","Unknown Or Undefined, Connecticut","Private","SIC 56 Apparel and Accessory Stores","County, 2-digit SIC -- by ownership sector","All establishment sizes",13,98,100,104,477841,0,0,365
"09999","5","SIC_0G56","29","0",1981,"4","","Unknown Or Undefined, Connecticut","Private","SIC 56 Apparel and Accessory Stores","County, 2-digit SIC -- by ownership sector","All establishment sizes",14,105,103,102,517202,0,0,385
"09999","5","SIC_0G57","29","0",1981,"1","N","Unknown Or Undefined, Connecticut","Private","SIC 57 Furniture and Homefurnishings Stores","County, 2-digit SIC -- by ownership sector","All establishment sizes",0,0,0,0,0,0,0,0
"09999","5","SIC_0G57","29","0",1981,"2","","Unknown Or Undefined, Connecticut","Private","SIC 57 Furniture and Homefurnishings Stores","County, 2-digit SIC -- by ownership sector","All establishment sizes",3,12,35,28,77531,0,0,238
"09999","5","SIC_0G57","29","0",1981,"3","","Unknown Or Undefined, Connecticut","Private","SIC 57 Furniture and Homefurnishings Stores","County, 2-digit SIC -- by ownership sector","All establishment sizes",3,27,26,28,85060,0,0,242
"09999","5","SIC_0G57","29","0",1981,"4","","Unknown Or Undefined, Connecticut","Private","SIC 57 Furniture and Homefurnishings Stores","County, 2-digit SIC -- by ownership sector","All establishment sizes",3,26,25,27,94473,0,0,279
"09999","5","SIC_0G58","29","0",1981,"1","","Unknown Or Undefined, Connecticut","Private","SIC 58 Eating and Drinking Places","County, 2-digit SIC -- by ownership sector","All establishment sizes",15,447,450,443,609321,0,0,104
"09999","5","SIC_0G58","29","0",1981,"2","","Unknown Or Undefined, Connecticut","Private","SIC 58 Eating and Drinking Places","County, 2-digit SIC -- by ownership sector","All establishment sizes",15,582,613,650,644763,0,0,80
"09999","5","SIC_0G58","29","0",1981,"3","","Unknown Or Undefined, Connecticut","Private","SIC 58 Eating and Drinking Places","County, 2-digit SIC -- by ownership sector","All establishment sizes",15,561,538,528,635450,0,0,90
"09999","5","SIC_0G58","29","0",1981,"4","","Unknown Or Undefined, Connecticut","Private","SIC 58 Eating and Drinking Places","County, 2-digit SIC -- by ownership sector","All establishment sizes",14,444,476,489,737239,0,0,120
"09999","5","SIC_0G59","29","0",1981,"1","","Unknown Or Undefined, Connecticut","Private","SIC 59 Miscellaneous Retail","County, 2-digit SIC -- by ownership sector","All establishment sizes",27,388,412,433,937325,0,0,175
"09999","5","SIC_0G59","29","0",1981,"2","","Unknown Or Undefined, Connecticut","Private","SIC 59 Miscellaneous Retail","County, 2-digit SIC -- by ownership sector","All establishment sizes",30,357,375,399,978314,0,0,199
"09999","5","SIC_0G59","29","0",1981,"3","","Unknown Or Undefined, Connecticut","Private","SIC 59 Miscellaneous Retail","County, 2-digit SIC -- by ownership sector","All establishment sizes",28,413,420,413,960256,0,0,177
"09999","5","SIC_0G59","29","0",1981,"4","","Unknown Or Undefined, Connecticut","Private","SIC 59 Miscellaneous Retail","County, 2-digit SIC -- by ownership sector","All establishment sizes",29,375,377,377,1095655,0,0,223
"09999","5","SIC_0H","28","0",1981,"1","","Unknown Or Undefined, Connecticut","Private","Finance, Insurance, and Real Estate Division","County, Industry Division -- by ownership sector","All establishment sizes",91,436,437,442,3187951,0,0,559
"09999","5","SIC_0H","28","0",1981,"2","","Unknown Or Undefined, Connecticut","Private","Finance, Insurance, and Real Estate Division","County, Industry Division -- by ownership sector","All establishment sizes",95,469,481,504,3334989,0,0,529
"09999","5","SIC_0H","28","0",1981,"3","","Unknown Or Undefined, Connecticut","Private","Finance, Insurance, and Real Estate Division","County, Industry Division -- by ownership sector","All establishment sizes",91,516,522,513,3628855,0,0,539
"09999","5","SIC_0H","28","0",1981,"4","","Unknown Or Undefined, Connecticut","Private","Finance, Insurance, and Real Estate Division","County, Industry Division -- by ownership sector","All establishment sizes",97,587,576,590,3968958,0,0,522
"09999","5","SIC_0H60","29","0",1981,"1","N","Unknown Or Undefined, Connecticut","Private","SIC 60 Depository Institutions","County, 2-digit SIC -- by ownership sector","All establishment sizes",0,0,0,0,0,0,0,0
"09999","5","SIC_0H60","29","0",1981,"2","","Unknown Or Undefined, Connecticut","Private","SIC 60 Depository Institutions","County, 2-digit SIC -- by ownership sector","All establishment sizes",3,58,62,64,138005,0,0,173
"09999","5","SIC_0H60","29","0",1981,"3","","Unknown Or Undefined, Connecticut","Private","SIC 60 Depository Institutions","County, 2-digit SIC -- by ownership sector","All establishment sizes",3,62,66,61,181044,0,0,221
"09999","5","SIC_0H60","29","0",1981,"4","","Unknown Or Undefined, Connecticut","Private","SIC 60 Depository Institutions","County, 2-digit SIC -- by ownership sector","All establishment sizes",3,70,72,72,247796,0,0,267
"09999","5","SIC_0H61","29","0",1981,"1","","Unknown Or Undefined, Connecticut","Private","SIC 61 Nondepository Institutions","County, 2-digit SIC -- by ownership sector","All establishment sizes",16,115,109,107,780371,0,0,544
"09999","5","SIC_0H61","29","0",1981,"2","","Unknown Or Undefined, Connecticut","Private","SIC 61 Nondepository Institutions","County, 2-digit SIC -- by ownership sector","All establishment sizes",16,112,112,107,931608,0,0,649
"09999","5","SIC_0H61","29","0",1981,"3","","Unknown Or Undefined, Connecticut","Private","SIC 61 Nondepository Institutions","County, 2-digit SIC -- by ownership sector","All establishment sizes",15,153,153,157,1242980,0,0,619
"09999","5","SIC_0H61","29","0",1981,"4","","Unknown Or Undefined, Connecticut","Private","SIC 61 Nondepository Institutions","County, 2-digit SIC -- by ownership sector","All establishment sizes",15,160,161,162,1078109,0,0,515
"09999","5","SIC_0H62","29","0",1981,"1","","Unknown Or Undefined, Connecticut","Private","SIC 62 Security and Commodity Brokers","County, 2-digit SIC -- by ownership sector","All establishment sizes",12,73,78,78,1106148,0,0,1114
"09999","5","SIC_0H62","29","0",1981,"2","","Unknown Or Undefined, Connecticut","Private","SIC 62 Security and Commodity Brokers","County, 2-digit SIC -- by ownership sector","All establishment sizes",11,92,96,102,1100096,0,0,875
"09999","5","SIC_0H62","29","0",1981,"3","","Unknown Or Undefined, Connecticut","Private","SIC 62 Security and Commodity Brokers","County, 2-digit SIC -- by ownership sector","All establishment sizes",10,109,103,105,929507,0,0,676
"09999","5","SIC_0H62","29","0",1981,"4","","Unknown Or Undefined, Connecticut","Private","SIC 62 Security and Commodity Brokers","County, 2-digit SIC -- by ownership sector","All establishment sizes",12,97,108,112,1180444,0,0,859
"09999","5","SIC_0H63","29","0",1981,"1","","Unknown Or Undefined, Connecticut","Private","SIC 63 Insurance Carriers","County, 2-digit SIC -- by ownership sector","All establishment sizes",21,119,119,119,712299,0,0,460
"09999","5","SIC_0H63","29","0",1981,"2","","Unknown Or Undefined, Connecticut","Private","SIC 63 Insurance Carriers","County, 2-digit SIC -- by ownership sector","All establishment sizes",23,124,125,149,683490,0,0,396
"09999","5","SIC_0H63","29","0",1981,"3","","Unknown Or Undefined, Connecticut","Private","SIC 63 Insurance Carriers","County, 2-digit SIC -- by ownership sector","All establishment sizes",24,112,116,104,761643,0,0,529
"09999","5","SIC_0H63","29","0",1981,"4","","Unknown Or Undefined, Connecticut","Private","SIC 63 Insurance Carriers","County, 2-digit SIC -- by ownership sector","All establishment sizes",24,136,113,116,830756,0,0,525
"09999","5","SIC_0H64","29","0",1981,"1","","Unknown Or Undefined, Connecticut","Private","SIC 64 Insurance Agents, Brokers, and Service","County, 2-digit SIC -- by ownership sector","All establishment sizes",18,47,47,47,267499,0,0,437
"09999","5","SIC_0H64","29","0",1981,"2","","Unknown Or Undefined, Connecticut","Private","SIC 64 Insurance Agents, Brokers, and Service","County, 2-digit SIC -- by ownership sector","All establishment sizes",18,46,47,45,251943,0,0,421
"09999","5","SIC_0H64","29","0",1981,"3","","Unknown Or Undefined, Connecticut","Private","SIC 64 Insurance Agents, Brokers, and Service","County, 2-digit SIC -- by ownership sector","All establishment sizes",18,43,47,45,262532,0,0,448
"09999","5","SIC_0H64","29","0",1981,"4","","Unknown Or Undefined, Connecticut","Private","SIC 64 Insurance Agents, Brokers, and Service","County, 2-digit SIC -- by ownership sector","All establishment sizes",19,49,50,52,308271,0,0,471
"09999","5","SIC_0H65","29","0",1981,"1","","Unknown Or Undefined, Connecticut","Private","SIC 65 Real Estate","County, 2-digit SIC -- by ownership sector","All establishment sizes",16,34,34,36,222357,0,0,493
"09999","5","SIC_0H65","29","0",1981,"2","N","Unknown Or Undefined, Connecticut","Private","SIC 65 Real Estate","County, 2-digit SIC -- by ownership sector","All establishment sizes",0,0,0,0,0,0,0,0
"09999","5","SIC_0H65","29","0",1981,"3","","Unknown Or Undefined, Connecticut","Private","SIC 65 Real Estate","County, 2-digit SIC -- by ownership sector","All establishment sizes",15,30,30,32,187495,0,0,470
"09999","5","SIC_0H65","29","0",1981,"4","","Unknown Or Undefined, Connecticut","Private","SIC 65 Real Estate","County, 2-digit SIC -- by ownership sector","All establishment sizes",17,66,63,67,226518,0,0,266
"09999","5","SIC_0H67","29","0",1981,"1","N","Unknown Or Undefined, Connecticut","Private","SIC 67 Holding and Other Investment Offices","County, 2-digit SIC -- by ownership sector","All establishment sizes",0,0,0,0,0,0,0,0
"09999","5","SIC_0H67","29","0",1981,"2","N","Unknown Or Undefined, Connecticut","Private","SIC 67 Holding and Other Investment Offices","County, 2-digit SIC -- by ownership sector","All establishment sizes",0,0,0,0,0,0,0,0
"09999","5","SIC_0H67","29","0",1981,"3","","Unknown Or Undefined, Connecticut","Private","SIC 67 Holding and Other Investment Offices","County, 2-digit SIC -- by ownership sector","All establishment sizes",6,7,7,9,63654,0,0,638
"09999","5","SIC_0H67","29","0",1981,"4","","Unknown Or Undefined, Connecticut","Private","SIC 67 Holding and Other Investment Offices","County, 2-digit SIC -- by ownership sector","All establishment sizes",7,9,9,9,97064,0,0,829
"09999","5","SIC_0I","28","0",1981,"1","","Unknown Or Undefined, Connecticut","Private","Services Division","County, Industry Division -- by ownership sector","All establishment sizes",456,3861,3892,4224,21231131,0,0,409
"09999","5","SIC_0I","28","0",1981,"2","","Unknown Or Undefined, Connecticut","Private","Services Division","County, Industry Division -- by ownership sector","All establishment sizes",471,3739,3990,4082,16914465,0,0,330
"09999","5","SIC_0I","28","0",1981,"3","","Unknown Or Undefined, Connecticut","Private","Services Division","County, Industry Division -- by ownership sector","All establishment sizes",492,4067,3970,4112,16104160,0,0,305
"09999","5","SIC_0I","28","0",1981,"4","","Unknown Or Undefined, Connecticut","Private","Services Division","County, Industry Division -- by ownership sector","All establishment sizes",500,5399,5476,5522,21819142,0,0,307
"09999","5","SIC_0I70","29","0",1981,"1","N","Unknown Or Undefined, Connecticut","Private","SIC 70 Hotels and Other Lodging Places","County, 2-digit SIC -- by ownership sector","All establishment sizes",0,0,0,0,0,0,0,0
"09999","5","SIC_0I70","29","0",1981,"2","N","Unknown Or Undefined, Connecticut","Private","SIC 70 Hotels and Other Lodging Places","County, 2-digit SIC -- by ownership sector","All establishment sizes",0,0,0,0,0,0,0,0
"09999","5","SIC_0I70","29","0",1981,"3","N","Unknown Or Undefined, Connecticut","Private","SIC 70 Hotels and Other Lodging Places","County, 2-digit SIC -- by ownership sector","All establishment sizes",0,0,0,0,0,0,0,0
"09999","5","SIC_0I70","29","0",1981,"4","N","Unknown Or Undefined, Connecticut","Private","SIC 70 Hotels and Other Lodging Places","County, 2-digit SIC -- by ownership sector","All establishment sizes",0,0,0,0,0,0,0,0
"09999","5","SIC_0I72","29","0",1981,"1","","Unknown Or Undefined, Connecticut","Private","SIC 72 Personal Services","County, 2-digit SIC -- by ownership sector","All establishment sizes",3,14,17,17,33677,0,0,161
"09999","5","SIC_0I72","29","0",1981,"2","","Unknown Or Undefined, Connecticut","Private","SIC 72 Personal Services","County, 2-digit SIC -- by ownership sector","All establishment sizes",4,13,15,15,46198,0,0,247
"09999","5","SIC_0I72","29","0",1981,"3","","Unknown Or Undefined, Connecticut","Private","SIC 72 Personal Services","County, 2-digit SIC -- by ownership sector","All establishment sizes",4,25,26,21,46539,0,0,149
"09999","5","SIC_0I72","29","0",1981,"4","","Unknown Or Undefined, Connecticut","Private","SIC 72 Personal Services","County, 2-digit SIC -- by ownership sector","All establishment sizes",3,6,5,6,10115,0,0,137
"09999","5","SIC_0I73","29","0",1981,"1","","Unknown Or Undefined, Connecticut","Private","SIC 73 Business Services","County, 2-digit SIC -- by ownership sector","All establishment sizes",268,3164,3182,3513,18280761,0,0,427
"09999","5","SIC_0I73","29","0",1981,"2","","Unknown Or Undefined, Connecticut","Private","SIC 73 Business Services","County, 2-digit SIC -- by ownership sector","All establishment sizes",273,3066,3256,3333,13492358,0,0,322
"09999","5","SIC_0I73","29","0",1981,"3","","Unknown Or Undefined, Connecticut","Private","SIC 73 Business Services","County, 2-digit SIC -- by ownership sector","All establishment sizes",287,3182,3203,3341,13244692,0,0,314
"09999","5","SIC_0I73","29","0",1981,"4","","Unknown Or Undefined, Connecticut","Private","SIC 73 Business Services","County, 2-digit SIC -- by ownership sector","All establishment sizes",298,3755,3908,3983,17276430,0,0,342
"09999","5","SIC_0I75","29","0",1981,"1","","Unknown Or Undefined, Connecticut","Private","SIC 75 Auto Repair, Services, and Parking","County, 2-digit SIC -- by ownership sector","All establishment sizes",7,24,23,23,42268,0,0,139
"09999","5","SIC_0I75","29","0",1981,"2","","Unknown Or Undefined, Connecticut","Private","SIC 75 Auto Repair, Services, and Parking","County, 2-digit SIC -- by ownership sector","All establishment sizes",7,10,10,9,38960,0,0,310
"09999","5","SIC_0I75","29","0",1981,"3","","Unknown Or Undefined, Connecticut","Private","SIC 75 Auto Repair, Services, and Parking","County, 2-digit SIC -- by ownership sector","All establishment sizes",8,12,11,10,29463,0,0,206
"09999","5","SIC_0I75","29","0",1981,"4","","Unknown Or Undefined, Connecticut","Private","SIC 75 Auto Repair, Services, and Parking","County, 2-digit SIC -- by ownership sector","All establishment sizes",9,10,9,10,44367,0,0,353
"09999","5","SIC_0I76","29","0",1981,"1","","Unknown Or Undefined, Connecticut","Private","SIC 76 Miscellaneous Repair Services","County, 2-digit SIC -- by ownership sector","All establishment sizes",8,138,139,138,606164,0,0,337
"09999","5","SIC_0I76","29","0",1981,"2","","Unknown Or Undefined, Connecticut","Private","SIC 76 Miscellaneous Repair Services","County, 2-digit SIC -- by ownership sector","All establishment sizes",9,133,141,138,692365,0,0,387
"09999","5","SIC_0I76","29","0",1981,"3","","Unknown Or Undefined, Connecticut","Private","SIC 76 Miscellaneous Repair Services","County, 2-digit SIC -- by ownership sector","All establishment sizes",10,130,139,142,630994,0,0,354
"09999","5","SIC_0I76","29","0",1981,"4","","Unknown Or Undefined, Connecticut","Private","SIC 76 Miscellaneous Repair Services","County, 2-digit SIC -- by ownership sector","All establishment sizes",10,144,145,140,731990,0,0,393
"09999","5","SIC_0I78","29","0",1981,"1","","Unknown Or Undefined, Connecticut","Private","SIC 78 Motion Pictures","County, 2-digit SIC -- by ownership sector","All establishment sizes",18,85,75,71,328346,0,0,328
"09999","5","SIC_0I78","29","0",1981,"2","","Unknown Or Undefined, Connecticut","Private","SIC 78 Motion Pictures","County, 2-digit SIC -- by ownership sector","All establishment sizes",16,97,96,104,549137,0,0,426
"09999","5","SIC_0I78","29","0",1981,"3","","Unknown Or Undefined, Connecticut","Private","SIC 78 Motion Pictures","County, 2-digit SIC -- by ownership sector","All establishment sizes",17,261,163,155,249880,0,0,99
"09999","5","SIC_0I78","29","0",1981,"4","","Unknown Or Undefined, Connecticut","Private","SIC 78 Motion Pictures","County, 2-digit SIC -- by ownership sector","All establishment sizes",18,121,127,107,274325,0,0,178
"09999","5","SIC_0I79","29","0",1981,"1","","Unknown Or Undefined, Connecticut","Private","SIC 79 Amusement and Recreation Services","County, 2-digit SIC -- by ownership sector","All establishment sizes",20,68,82,89,161454,0,0,155
"09999","5","SIC_0I79","29","0",1981,"2","","Unknown Or Undefined, Connecticut","Private","SIC 79 Amusement and Recreation Services","County, 2-digit SIC -- by ownership sector","All establishment sizes",21,56,97,98,203454,0,0,187
"09999","5","SIC_0I79","29","0",1981,"3","","Unknown Or Undefined, Connecticut","Private","SIC 79 Amusement and Recreation Services","County, 2-digit SIC -- by ownership sector","All establishment sizes",23,65,64,71,173205,0,0,199
"09999","5","SIC_0I79","29","0",1981,"4","","Unknown Or Undefined, Connecticut","Private","SIC 79 Amusement and Recreation Services","County, 2-digit SIC -- by ownership sector","All establishment sizes",24,953,881,893,1271858,0,0,107
"09999","5","SIC_0I80","29","0",1981,"1","","Unknown Or Undefined, Connecticut","Private","SIC 80 Health Services","County, 2-digit SIC -- by ownership sector","All establishment sizes",3,9,10,10,26828,0,0,213
"09999","5","SIC_0I80","29","0",1981,"2","","Unknown Or Undefined, Connecticut","Private","SIC 80 Health Services","County, 2-digit SIC -- by ownership sector","All establishment sizes",3,11,11,11,28748,0,0,201
"09999","5","SIC_0I80","29","0",1981,"3","","Unknown Or Undefined, Connecticut","Private","SIC 80 Health Services","County, 2-digit SIC -- by ownership sector","All establishment sizes",4,10,10,10,21768,0,0,167
"09999","5","SIC_0I80","29","0",1981,"4","","Unknown Or Undefined, Connecticut","Private","SIC 80 Health Services","County, 2-digit SIC -- by ownership sector","All establishment sizes",4,17,17,19,159501,0,0,694
"09999","5","SIC_0I81","29","0",1981,"1","N","Unknown Or Undefined, Connecticut","Private","SIC 81 Legal Services","County, 2-digit SIC -- by ownership sector","All establishment sizes",0,0,0,0,0,0,0,0
"09999","5","SIC_0I81","29","0",1981,"2","N","Unknown Or Undefined, Connecticut","Private","SIC 81 Legal Services","County, 2-digit SIC -- by ownership sector","All establishment sizes",0,0,0,0,0,0,0,0
"09999","5","SIC_0I81","29","0",1981,"3","N","Unknown Or Undefined, Connecticut","Private","SIC 81 Legal Services","County, 2-digit SIC -- by ownership sector","All establishment sizes",0,0,0,0,0,0,0,0
"09999","5","SIC_0I81","29","0",1981,"4","N","Unknown Or Undefined, Connecticut","Private","SIC 81 Legal Services","County, 2-digit SIC -- by ownership sector","All establishment sizes",0,0,0,0,0,0,0,0
"09999","5","SIC_0I82","29","0",1981,"1","","Unknown Or Undefined, Connecticut","Private","SIC 82 Educational Services","County, 2-digit SIC -- by ownership sector","All establishment sizes",4,2,3,4,7323,0,0,187
"09999","5","SIC_0I82","29","0",1981,"2","","Unknown Or Undefined, Connecticut","Private","SIC 82 Educational Services","County, 2-digit SIC -- by ownership sector","All establishment sizes",4,3,3,4,10445,0,0,241
"09999","5","SIC_0I82","29","0",1981,"3","","Unknown Or Undefined, Connecticut","Private","SIC 82 Educational Services","County, 2-digit SIC -- by ownership sector","All establishment sizes",4,2,2,4,5815,0,0,167
"09999","5","SIC_0I82","29","0",1981,"4","","Unknown Or Undefined, Connecticut","Private","SIC 82 Educational Services","County, 2-digit SIC -- by ownership sector","All establishment sizes",4,8,9,9,13622,0,0,120
"09999","5","SIC_0I83","29","0",1981,"1","","Unknown Or Undefined, Connecticut","Private","SIC 83 Social Services","County, 2-digit SIC -- by ownership sector","All establishment sizes",7,52,54,49,83168,0,0,123
"09999","5","SIC_0I83","29","0",1981,"2","","Unknown Or Undefined, Connecticut","Private","SIC 83 Social Services","County, 2-digit SIC -- by ownership sector","All establishment sizes",7,18,19,23,66293,0,0,254
"09999","5","SIC_0I83","29","0",1981,"3","","Unknown Or Undefined, Connecticut","Private","SIC 83 Social Services","County, 2-digit SIC -- by ownership sector","All establishment sizes",5,19,16,13,53145,0,0,255
"09999","5","SIC_0I83","29","0",1981,"4","","Unknown Or Undefined, Connecticut","Private","SIC 83 Social Services","County, 2-digit SIC -- by ownership sector","All establishment sizes",5,12,11,11,44300,0,0,300
"09999","5","SIC_0I86","29","0",1981,"1","","Unknown Or Undefined, Connecticut","Private","SIC 86 Membership Organizations","County, 2-digit SIC -- by ownership sector","All establishment sizes",32,71,75,77,395686,0,0,409
"09999","5","SIC_0I86","29","0",1981,"2","","Unknown Or Undefined, Connecticut","Private","SIC 86 Membership Organizations","County, 2-digit SIC -- by ownership sector","All establishment sizes",31,76,77,90,437574,0,0,415
"09999","5","SIC_0I86","29","0",1981,"3","","Unknown Or Undefined, Connecticut","Private","SIC 86 Membership Organizations","County, 2-digit SIC -- by ownership sector","All establishment sizes",30,89,84,77,461140,0,0,425
"09999","5","SIC_0I86","29","0",1981,"4","","Unknown Or Undefined, Connecticut","Private","SIC 86 Membership Organizations","County, 2-digit SIC -- by ownership sector","All establishment sizes",29,108,93,69,439675,0,0,375
"09999","5","SIC_0I88","29","0",1981,"1","","Unknown Or Undefined, Connecticut","Private","SIC 88 Private Households","County, 2-digit SIC -- by ownership sector","All establishment sizes",31,48,47,45,89282,0,0,147
"09999","5","SIC_0I88","29","0",1981,"2","N","Unknown Or Undefined, Connecticut","Private","SIC 88 Private Households","County, 2-digit SIC -- by ownership sector","All establishment sizes",0,0,0,0,0,0,0,0
"09999","5","SIC_0I88","29","0",1981,"3","","Unknown Or Undefined, Connecticut","Private","SIC 88 Private Households","County, 2-digit SIC -- by ownership sector","All establishment sizes",37,45,46,45,95122,0,0,161
"09999","5","SIC_0I88","29","0",1981,"4","","Unknown Or Undefined, Connecticut","Private","SIC 88 Private Households","County, 2-digit SIC -- by ownership sector","All establishment sizes",37,47,46,46,94312,0,0,156
"09999","5","SIC_0I89","29","0",1981,"1","","Unknown Or Undefined, Connecticut","Private","SIC 89 Services, Nec","County, 2-digit SIC -- by ownership sector","All establishment sizes",52,182,181,184,1164612,0,0,491
"09999","5","SIC_0I89","29","0",1981,"2","","Unknown Or Undefined, Connecticut","Private","SIC 89 Services, Nec","County, 2-digit SIC -- by ownership sector","All establishment sizes",56,174,177,171,1198769,0,0,529
"09999","5","SIC_0I89","29","0",1981,"3","","Unknown Or Undefined, Connecticut","Private","SIC 89 Services, Nec","County, 2-digit SIC -- by ownership sector","All establishment sizes",59,190,160,174,1025850,0,0,451
"09999","5","SIC_0I89","29","0",1981,"4","","Unknown Or Undefined, Connecticut","Private","SIC 89 Services, Nec","County, 2-digit SIC -- by ownership sector","All establishment sizes",55,179,192,200,1406621,0,0,568
