"area_fips","own_code","industry_code","agglvl_code","size_code","year","qtr","disclosure_code","area_title","own_title","industry_title","agglvl_title","size_title","qtrly_estabs_count","month1_emplvl","month2_emplvl","month3_emplvl","total_qtrly_wages","taxable_qtrly_wages","qtrly_contributions","avg_wkly_wage"
"10005","0","SIC_0Z","26","0",1981,"1","","Sussex County, Delaware","Total Covered","All Industries","County, Total Covered","All establishment sizes",1993,30989,31073,31620,94155153,0,0,231
"10005","0","SIC_0Z","26","0",1981,"2","","Sussex County, Delaware","Total Covered","All Industries","County, Total Covered","All establishment sizes",2194,33105,34420,36946,102982796,0,0,227
"10005","0","SIC_0Z","26","0",1981,"3","","Sussex County, Delaware","Total Covered","All Industries","County, Total Covered","All establishment sizes",2225,36709,36859,35451,110898453,0,0,234
"10005","0","SIC_0Z","26","0",1981,"4","","Sussex County, Delaware","Total Covered","All Industries","County, Total Covered","All establishment sizes",2137,33209,32587,32360,105919339,0,0,249
"10005","1","SIC_0Z","27","0",1981,"1","","Sussex County, Delaware","Federal Government","All Industries","County, Total -- by ownership sector","All establishment sizes",28,461,454,449,2197789,0,0,371
"10005","1","SIC_0Z","27","0",1981,"2","","Sussex County, Delaware","Federal Government","All Industries","County, Total -- by ownership sector","All establishment sizes",28,454,449,448,2114482,0,0,361
"10005","1","SIC_0Z","27","0",1981,"3","","Sussex County, Delaware","Federal Government","All Industries","County, Total -- by ownership sector","All establishment sizes",28,450,454,454,2276655,0,0,386
"10005","1","SIC_0Z","27","0",1981,"4","","Sussex County, Delaware","Federal Government","All Industries","County, Total -- by ownership sector","All establishment sizes",31,442,444,441,2297263,0,0,399
"10005","1","SIC_0A","28","0",1981,"1","","Sussex County, Delaware","Federal Government","Agriculture, Forestry, and Fishing Division","County, Industry Division -- by ownership sector","All establishment sizes",1,3,3,3,16580,0,0,425
"10005","1","SIC_0A","28","0",1981,"2","","Sussex County, Delaware","Federal Government","Agriculture, Forestry, and Fishing Division","County, Industry Division -- by ownership sector","All establishment sizes",1,3,3,3,14823,0,0,380
"10005","1","SIC_0A","28","0",1981,"3","","Sussex County, Delaware","Federal Government","Agriculture, Forestry, and Fishing Division","County, Industry Division -- by ownership sector","All establishment sizes",1,3,3,3,15027,0,0,385
"10005","1","SIC_0A","28","0",1981,"4","","Sussex County, Delaware","Federal Government","Agriculture, Forestry, and Fishing Division","County, Industry Division -- by ownership sector","All establishment sizes",1,3,3,3,14606,0,0,374
"10005","1","SIC_0A09","29","0",1981,"1","","Sussex County, Delaware","Federal Government","SIC 09 Fishing, Hunting, and Trapping","County, 2-digit SIC -- by ownership sector","All establishment sizes",1,3,3,3,16580,0,0,425
"10005","1","SIC_0A09","29","0",1981,"2","","Sussex County, Delaware","Federal Government","SIC 09 Fishing, Hunting, and Trapping","County, 2-digit SIC -- by ownership sector","All establishment sizes",1,3,3,3,14823,0,0,380
"10005","1","SIC_0A09","29","0",1981,"3","","Sussex County, Delaware","Federal Government","SIC 09 Fishing, Hunting, and Trapping","County, 2-digit SIC -- by ownership sector","All establishment sizes",1,3,3,3,15027,0,0,385
"10005","1","SIC_0A09","29","0",1981,"4","","Sussex County, Delaware","Federal Government","SIC 09 Fishing, Hunting, and Trapping","County, 2-digit SIC -- by ownership sector","All establishment sizes",1,3,3,3,14606,0,0,374
"10005","1","SIC_0E","28","0",1981,"1","","Sussex County, Delaware","Federal Government","Transportation and Public Utilities Division","County, Industry Division -- by ownership sector","All establishment sizes",10,220,217,217,1134049,0,0,400
"10005","1","SIC_0E","28","0",1981,"2","","Sussex County, Delaware","Federal Government","Transportation and Public Utilities Division","County, Industry Division -- by ownership sector","All establishment sizes",10,223,221,225,971802,0,0,335
"10005","1","SIC_0E","28","0",1981,"3","","Sussex County, Delaware","Federal Government","Transportation and Public Utilities Division","County, Industry Division -- by ownership sector","All establishment sizes",10,225,228,231,1193682,0,0,402
"10005","1","SIC_0E","28","0",1981,"4","","Sussex County, Delaware","Federal Government","Transportation and Public Utilities Division","County, Industry Division -- by ownership sector","All establishment sizes",10,227,227,232,1203563,0,0,404
"10005","1","SIC_0E43","29","0",1981,"1","","Sussex County, Delaware","Federal Government","SIC 43 U.S. Postal Service","County, 2-digit SIC -- by ownership sector","All establishment sizes",10,220,217,217,1134049,0,0,400
"10005","1","SIC_0E43","29","0",1981,"2","","Sussex County, Delaware","Federal Government","SIC 43 U.S. Postal Service","County, 2-digit SIC -- by ownership sector","All establishment sizes",10,223,221,225,971802,0,0,335
"10005","1","SIC_0E43","29","0",1981,"3","","Sussex County, Delaware","Federal Government","SIC 43 U.S. Postal Service","County, 2-digit SIC -- by ownership sector","All establishment sizes",10,225,228,231,1193682,0,0,402
"10005","1","SIC_0E43","29","0",1981,"4","","Sussex County, Delaware","Federal Government","SIC 43 U.S. Postal Service","County, 2-digit SIC -- by ownership sector","All establishment sizes",10,227,227,232,1203563,0,0,404
"10005","1","SIC_0H","28","0",1981,"1","","Sussex County, Delaware","Federal Government","Finance, Insurance, and Real Estate Division","County, Industry Division -- by ownership sector","All establishment sizes",2,16,16,14,38482,0,0,193
"10005","1","SIC_0H","28","0",1981,"2","","Sussex County, Delaware","Federal Government","Finance, Insurance, and Real Estate Division","County, Industry Division -- by ownership sector","All establishment sizes",2,16,15,13,46751,0,0,245
"10005","1","SIC_0H","28","0",1981,"3","","Sussex County, Delaware","Federal Government","Finance, Insurance, and Real Estate Division","County, Industry Division -- by ownership sector","All establishment sizes",2,16,16,14,41861,0,0,210
"10005","1","SIC_0H","28","0",1981,"4","","Sussex County, Delaware","Federal Government","Finance, Insurance, and Real Estate Division","County, Industry Division -- by ownership sector","All establishment sizes",2,13,17,13,51730,0,0,277
"10005","1","SIC_0H61","29","0",1981,"1","","Sussex County, Delaware","Federal Government","SIC 61 Nondepository Institutions","County, 2-digit SIC -- by ownership sector","All establishment sizes",2,16,16,14,38482,0,0,193
"10005","1","SIC_0H61","29","0",1981,"2","","Sussex County, Delaware","Federal Government","SIC 61 Nondepository Institutions","County, 2-digit SIC -- by ownership sector","All establishment sizes",2,16,15,13,46751,0,0,245
"10005","1","SIC_0H61","29","0",1981,"3","","Sussex County, Delaware","Federal Government","SIC 61 Nondepository Institutions","County, 2-digit SIC -- by ownership sector","All establishment sizes",2,16,16,14,41861,0,0,210
"10005","1","SIC_0H61","29","0",1981,"4","","Sussex County, Delaware","Federal Government","SIC 61 Nondepository Institutions","County, 2-digit SIC -- by ownership sector","All establishment sizes",2,13,17,13,51730,0,0,277
"10005","1","SIC_0I","28","0",1981,"1","","Sussex County, Delaware","Federal Government","Services Division","County, Industry Division -- by ownership sector","All establishment sizes",1,13,13,13,68653,0,0,406
"10005","1","SIC_0I","28","0",1981,"2","","Sussex County, Delaware","Federal Government","Services Division","County, Industry Division -- by ownership sector","All establishment sizes",1,10,10,10,56790,0,0,436
"10005","1","SIC_0I","28","0",1981,"3","","Sussex County, Delaware","Federal Government","Services Division","County, Industry Division -- by ownership sector","All establishment sizes",1,9,9,9,50913,0,0,435
"10005","1","SIC_0I","28","0",1981,"4","","Sussex County, Delaware","Federal Government","Services Division","County, Industry Division -- by ownership sector","All establishment sizes",0,0,0,0,0,0,0,0
"10005","1","SIC_0I89","29","0",1981,"1","","Sussex County, Delaware","Federal Government","SIC 89 Services, Nec","County, 2-digit SIC -- by ownership sector","All establishment sizes",1,13,13,13,68653,0,0,406
"10005","1","SIC_0I89","29","0",1981,"2","","Sussex County, Delaware","Federal Government","SIC 89 Services, Nec","County, 2-digit SIC -- by ownership sector","All establishment sizes",1,10,10,10,56790,0,0,436
"10005","1","SIC_0I89","29","0",1981,"3","","Sussex County, Delaware","Federal Government","SIC 89 Services, Nec","County, 2-digit SIC -- by ownership sector","All establishment sizes",1,9,9,9,50913,0,0,435
"10005","1","SIC_0I89","29","0",1981,"4","","Sussex County, Delaware","Federal Government","SIC 89 Services, Nec","County, 2-digit SIC -- by ownership sector","All establishment sizes",0,0,0,0,0,0,0,0
"10005","1","SIC_0J","28","0",1981,"1","","Sussex County, Delaware","Federal Government","Public Administration Division","County, Industry Division -- by ownership sector","All establishment sizes",14,209,205,202,940025,0,0,352
"10005","1","SIC_0J","28","0",1981,"2","","Sussex County, Delaware","Federal Government","Public Administration Division","County, Industry Division -- by ownership sector","All establishment sizes",14,202,200,197,1024316,0,0,394
"10005","1","SIC_0J","28","0",1981,"3","","Sussex County, Delaware","Federal Government","Public Administration Division","County, Industry Division -- by ownership sector","All establishment sizes",14,197,198,197,975172,0,0,380
"10005","1","SIC_0J","28","0",1981,"4","","Sussex County, Delaware","Federal Government","Public Administration Division","County, Industry Division -- by ownership sector","All establishment sizes",18,199,197,193,1027364,0,0,402
"10005","1","SIC_0J93","29","0",1981,"1","","Sussex County, Delaware","Federal Government","SIC 93 Finance, Taxation, and Monetary Policy","County, 2-digit SIC -- by ownership sector","All establishment sizes",1,16,16,16,95748,0,0,460
"10005","1","SIC_0J93","29","0",1981,"2","","Sussex County, Delaware","Federal Government","SIC 93 Finance, Taxation, and Monetary Policy","County, 2-digit SIC -- by ownership sector","All establishment sizes",1,15,15,14,77416,0,0,406
"10005","1","SIC_0J93","29","0",1981,"3","","Sussex County, Delaware","Federal Government","SIC 93 Finance, Taxation, and Monetary Policy","County, 2-digit SIC -- by ownership sector","All establishment sizes",1,13,13,13,83690,0,0,495
"10005","1","SIC_0J93","29","0",1981,"4","","Sussex County, Delaware","Federal Government","SIC 93 Finance, Taxation, and Monetary Policy","County, 2-digit SIC -- by ownership sector","All establishment sizes",1,13,14,14,76404,0,0,430
"10005","1","SIC_0J94","29","0",1981,"1","","Sussex County, Delaware","Federal Government","SIC 94 Administration of Human Resources","County, 2-digit SIC -- by ownership sector","All establishment sizes",1,17,17,17,108504,0,0,490
"10005","1","SIC_0J94","29","0",1981,"2","","Sussex County, Delaware","Federal Government","SIC 94 Administration of Human Resources","County, 2-digit SIC -- by ownership sector","All establishment sizes",1,17,18,18,83687,0,0,364
"10005","1","SIC_0J94","29","0",1981,"3","","Sussex County, Delaware","Federal Government","SIC 94 Administration of Human Resources","County, 2-digit SIC -- by ownership sector","All establishment sizes",1,19,20,20,110053,0,0,430
"10005","1","SIC_0J94","29","0",1981,"4","","Sussex County, Delaware","Federal Government","SIC 94 Administration of Human Resources","County, 2-digit SIC -- by ownership sector","All establishment sizes",1,21,21,22,99587,0,0,359
"10005","1","SIC_0J95","29","0",1981,"1","","Sussex County, Delaware","Federal Government","SIC 95 Environmental Quality and Housing","County, 2-digit SIC -- by ownership sector","All establishment sizes",2,26,25,25,86717,0,0,263
"10005","1","SIC_0J95","29","0",1981,"2","","Sussex County, Delaware","Federal Government","SIC 95 Environmental Quality and Housing","County, 2-digit SIC -- by ownership sector","All establishment sizes",2,25,25,26,102654,0,0,311
"10005","1","SIC_0J95","29","0",1981,"3","","Sussex County, Delaware","Federal Government","SIC 95 Environmental Quality and Housing","County, 2-digit SIC -- by ownership sector","All establishment sizes",2,27,26,25,92829,0,0,274
"10005","1","SIC_0J95","29","0",1981,"4","","Sussex County, Delaware","Federal Government","SIC 95 Environmental Quality and Housing","County, 2-digit SIC -- by ownership sector","All establishment sizes",2,21,21,21,97544,0,0,357
"10005","1","SIC_0J96","29","0",1981,"1","","Sussex County, Delaware","Federal Government","SIC 96 Administration of Economic Programs","County, 2-digit SIC -- by ownership sector","All establishment sizes",9,112,109,106,472356,0,0,333
"10005","1","SIC_0J96","29","0",1981,"2","","Sussex County, Delaware","Federal Government","SIC 96 Administration of Economic Programs","County, 2-digit SIC -- by ownership sector","All establishment sizes",9,105,102,99,548439,0,0,413
"10005","1","SIC_0J96","29","0",1981,"3","","Sussex County, Delaware","Federal Government","SIC 96 Administration of Economic Programs","County, 2-digit SIC -- by ownership sector","All establishment sizes",9,100,101,101,486706,0,0,371
"10005","1","SIC_0J96","29","0",1981,"4","","Sussex County, Delaware","Federal Government","SIC 96 Administration of Economic Programs","County, 2-digit SIC -- by ownership sector","All establishment sizes",13,110,107,102,595049,0,0,430
"10005","1","SIC_0J97","29","0",1981,"1","","Sussex County, Delaware","Federal Government","SIC 97 National Security and Intl. Affairs","County, 2-digit SIC -- by ownership sector","All establishment sizes",1,38,38,38,176700,0,0,357
"10005","1","SIC_0J97","29","0",1981,"2","","Sussex County, Delaware","Federal Government","SIC 97 National Security and Intl. Affairs","County, 2-digit SIC -- by ownership sector","All establishment sizes",1,40,40,40,212120,0,0,407
"10005","1","SIC_0J97","29","0",1981,"3","","Sussex County, Delaware","Federal Government","SIC 97 National Security and Intl. Affairs","County, 2-digit SIC -- by ownership sector","All establishment sizes",1,38,38,38,201894,0,0,408
"10005","1","SIC_0J97","29","0",1981,"4","","Sussex County, Delaware","Federal Government","SIC 97 National Security and Intl. Affairs","County, 2-digit SIC -- by ownership sector","All establishment sizes",1,34,34,34,158780,0,0,359
"10005","2","SIC_0Z","27","0",1981,"1","","Sussex County, Delaware","State Government","All Industries","County, Total -- by ownership sector","All establishment sizes",11,1378,1342,1299,4067520,0,0,233
"10005","2","SIC_0Z","27","0",1981,"2","","Sussex County, Delaware","State Government","All Industries","County, Total -- by ownership sector","All establishment sizes",11,1335,1328,1355,4108602,0,0,235
"10005","2","SIC_0Z","27","0",1981,"3","","Sussex County, Delaware","State Government","All Industries","County, Total -- by ownership sector","All establishment sizes",9,1300,1280,1254,4410162,0,0,265
"10005","2","SIC_0Z","27","0",1981,"4","","Sussex County, Delaware","State Government","All Industries","County, Total -- by ownership sector","All establishment sizes",9,1355,1356,1401,4410818,0,0,247
"10005","2","SIC_0C","28","0",1981,"1","N","Sussex County, Delaware","State Government","Construction Division","County, Industry Division -- by ownership sector","All establishment sizes",0,0,0,0,0,0,0,0
"10005","2","SIC_0C","28","0",1981,"2","N","Sussex County, Delaware","State Government","Construction Division","County, Industry Division -- by ownership sector","All establishment sizes",0,0,0,0,0,0,0,0
"10005","2","SIC_0C","28","0",1981,"3","N","Sussex County, Delaware","State Government","Construction Division","County, Industry Division -- by ownership sector","All establishment sizes",0,0,0,0,0,0,0,0
"10005","2","SIC_0C","28","0",1981,"4","N","Sussex County, Delaware","State Government","Construction Division","County, Industry Division -- by ownership sector","All establishment sizes",0,0,0,0,0,0,0,0
"10005","2","SIC_0C16","29","0",1981,"1","N","Sussex County, Delaware","State Government","SIC 16 Heavy Construction, ex. Building","County, 2-digit SIC -- by ownership sector","All establishment sizes",0,0,0,0,0,0,0,0
"10005","2","SIC_0C16","29","0",1981,"2","N","Sussex County, Delaware","State Government","SIC 16 Heavy Construction, ex. Building","County, 2-digit SIC -- by ownership sector","All establishment sizes",0,0,0,0,0,0,0,0
"10005","2","SIC_0C16","29","0",1981,"3","N","Sussex County, Delaware","State Government","SIC 16 Heavy Construction, ex. Building","County, 2-digit SIC -- by ownership sector","All establishment sizes",0,0,0,0,0,0,0,0
"10005","2","SIC_0C16","29","0",1981,"4","N","Sussex County, Delaware","State Government","SIC 16 Heavy Construction, ex. Building","County, 2-digit SIC -- by ownership sector","All establishment sizes",0,0,0,0,0,0,0,0
"10005","2","SIC_0I","28","0",1981,"1","","Sussex County, Delaware","State Government","Services Division","County, Industry Division -- by ownership sector","All establishment sizes",6,1044,1011,970,2938002,0,0,224
"10005","2","SIC_0I","28","0",1981,"2","","Sussex County, Delaware","State Government","Services Division","County, Industry Division -- by ownership sector","All establishment sizes",6,1006,997,1022,2988720,0,0,228
"10005","2","SIC_0I","28","0",1981,"3","","Sussex County, Delaware","State Government","Services Division","County, Industry Division -- by ownership sector","All establishment sizes",4,968,952,934,3187962,0,0,257
"10005","2","SIC_0I","28","0",1981,"4","","Sussex County, Delaware","State Government","Services Division","County, Industry Division -- by ownership sector","All establishment sizes",4,1031,1035,1078,3225490,0,0,236
"10005","2","SIC_0I80","29","0",1981,"1","N","Sussex County, Delaware","State Government","SIC 80 Health Services","County, 2-digit SIC -- by ownership sector","All establishment sizes",0,0,0,0,0,0,0,0
"10005","2","SIC_0I80","29","0",1981,"2","N","Sussex County, Delaware","State Government","SIC 80 Health Services","County, 2-digit SIC -- by ownership sector","All establishment sizes",0,0,0,0,0,0,0,0
"10005","2","SIC_0I80","29","0",1981,"3","N","Sussex County, Delaware","State Government","SIC 80 Health Services","County, 2-digit SIC -- by ownership sector","All establishment sizes",0,0,0,0,0,0,0,0
"10005","2","SIC_0I80","29","0",1981,"4","N","Sussex County, Delaware","State Government","SIC 80 Health Services","County, 2-digit SIC -- by ownership sector","All establishment sizes",0,0,0,0,0,0,0,0
"10005","2","SIC_0I82","29","0",1981,"1","N","Sussex County, Delaware","State Government","SIC 82 Educational Services","County, 2-digit SIC -- by ownership sector","All establishment sizes",0,0,0,0,0,0,0,0
"10005","2","SIC_0I82","29","0",1981,"2","N","Sussex County, Delaware","State Government","SIC 82 Educational Services","County, 2-digit SIC -- by ownership sector","All establishment sizes",0,0,0,0,0,0,0,0
"10005","2","SIC_0I82","29","0",1981,"3","N","Sussex County, Delaware","State Government","SIC 82 Educational Services","County, 2-digit SIC -- by ownership sector","All establishment sizes",0,0,0,0,0,0,0,0
"10005","2","SIC_0I82","29","0",1981,"4","N","Sussex County, Delaware","State Government","SIC 82 Educational Services","County, 2-digit SIC -- by ownership sector","All establishment sizes",0,0,0,0,0,0,0,0
"10005","2","SIC_0J","28","0",1981,"1","N","Sussex County, Delaware","State Government","Public Administration Division","County, Industry Division -- by ownership sector","All establishment sizes",0,0,0,0,0,0,0,0
"10005","2","SIC_0J","28","0",1981,"2","N","Sussex County, Delaware","State Government","Public Administration Division","County, Industry Division -- by ownership sector","All establishment sizes",0,0,0,0,0,0,0,0
"10005","2","SIC_0J","28","0",1981,"3","N","Sussex County, Delaware","State Government","Public Administration Division","County, Industry Division -- by ownership sector","All establishment sizes",0,0,0,0,0,0,0,0
"10005","2","SIC_0J","28","0",1981,"4","N","Sussex County, Delaware","State Government","Public Administration Division","County, Industry Division -- by ownership sector","All establishment sizes",0,0,0,0,0,0,0,0
"10005","2","SIC_0J91","29","0",1981,"1","N","Sussex County, Delaware","State Government","SIC 91 Executive, Legislative, and General","County, 2-digit SIC -- by ownership sector","All establishment sizes",0,0,0,0,0,0,0,0
"10005","2","SIC_0J91","29","0",1981,"2","N","Sussex County, Delaware","State Government","SIC 91 Executive, Legislative, and General","County, 2-digit SIC -- by ownership sector","All establishment sizes",0,0,0,0,0,0,0,0
"10005","2","SIC_0J91","29","0",1981,"3","N","Sussex County, Delaware","State Government","SIC 91 Executive, Legislative, and General","County, 2-digit SIC -- by ownership sector","All establishment sizes",0,0,0,0,0,0,0,0
"10005","2","SIC_0J91","29","0",1981,"4","N","Sussex County, Delaware","State Government","SIC 91 Executive, Legislative, and General","County, 2-digit SIC -- by ownership sector","All establishment sizes",0,0,0,0,0,0,0,0
"10005","2","SIC_0J94","29","0",1981,"1","N","Sussex County, Delaware","State Government","SIC 94 Administration of Human Resources","County, 2-digit SIC -- by ownership sector","All establishment sizes",0,0,0,0,0,0,0,0
"10005","2","SIC_0J94","29","0",1981,"2","N","Sussex County, Delaware","State Government","SIC 94 Administration of Human Resources","County, 2-digit SIC -- by ownership sector","All establishment sizes",0,0,0,0,0,0,0,0
"10005","2","SIC_0J94","29","0",1981,"3","N","Sussex County, Delaware","State Government","SIC 94 Administration of Human Resources","County, 2-digit SIC -- by ownership sector","All establishment sizes",0,0,0,0,0,0,0,0
"10005","2","SIC_0J94","29","0",1981,"4","N","Sussex County, Delaware","State Government","SIC 94 Administration of Human Resources","County, 2-digit SIC -- by ownership sector","All establishment sizes",0,0,0,0,0,0,0,0
"10005","2","SIC_0J95","29","0",1981,"1","N","Sussex County, Delaware","State Government","SIC 95 Environmental Quality and Housing","County, 2-digit SIC -- by ownership sector","All establishment sizes",0,0,0,0,0,0,0,0
"10005","2","SIC_0J95","29","0",1981,"2","N","Sussex County, Delaware","State Government","SIC 95 Environmental Quality and Housing","County, 2-digit SIC -- by ownership sector","All establishment sizes",0,0,0,0,0,0,0,0
"10005","2","SIC_0J95","29","0",1981,"3","N","Sussex County, Delaware","State Government","SIC 95 Environmental Quality and Housing","County, 2-digit SIC -- by ownership sector","All establishment sizes",0,0,0,0,0,0,0,0
"10005","2","SIC_0J95","29","0",1981,"4","N","Sussex County, Delaware","State Government","SIC 95 Environmental Quality and Housing","County, 2-digit SIC -- by ownership sector","All establishment sizes",0,0,0,0,0,0,0,0
"10005","3","SIC_0Z","27","0",1981,"1","","Sussex County, Delaware","Local Government","All Industries","County, Total -- by ownership sector","All establishment sizes",35,2771,2788,2808,7899572,0,0,217
"10005","3","SIC_0Z","27","0",1981,"2","","Sussex County, Delaware","Local Government","All Industries","County, Total -- by ownership sector","All establishment sizes",36,2792,2824,2946,8177155,0,0,220
"10005","3","SIC_0Z","27","0",1981,"3","","Sussex County, Delaware","Local Government","All Industries","County, Total -- by ownership sector","All establishment sizes",32,2475,2452,2597,7836570,0,0,240
"10005","3","SIC_0Z","27","0",1981,"4","","Sussex County, Delaware","Local Government","All Industries","County, Total -- by ownership sector","All establishment sizes",33,2604,2637,2645,8293999,0,0,242
"10005","3","SIC_0I","28","0",1981,"1","N","Sussex County, Delaware","Local Government","Services Division","County, Industry Division -- by ownership sector","All establishment sizes",0,0,0,0,0,0,0,0
"10005","3","SIC_0I","28","0",1981,"2","","Sussex County, Delaware","Local Government","Services Division","County, Industry Division -- by ownership sector","All establishment sizes",10,2161,2129,2149,6566738,0,0,235
"10005","3","SIC_0I","28","0",1981,"3","N","Sussex County, Delaware","Local Government","Services Division","County, Industry Division -- by ownership sector","All establishment sizes",0,0,0,0,0,0,0,0
"10005","3","SIC_0I","28","0",1981,"4","N","Sussex County, Delaware","Local Government","Services Division","County, Industry Division -- by ownership sector","All establishment sizes",0,0,0,0,0,0,0,0
"10005","3","SIC_0I82","29","0",1981,"1","N","Sussex County, Delaware","Local Government","SIC 82 Educational Services","County, 2-digit SIC -- by ownership sector","All establishment sizes",0,0,0,0,0,0,0,0
"10005","3","SIC_0I82","29","0",1981,"2","","Sussex County, Delaware","Local Government","SIC 82 Educational Services","County, 2-digit SIC -- by ownership sector","All establishment sizes",10,2161,2129,2149,6566738,0,0,235
"10005","3","SIC_0I82","29","0",1981,"3","N","Sussex County, Delaware","Local Government","SIC 82 Educational Services","County, 2-digit SIC -- by ownership sector","All establishment sizes",0,0,0,0,0,0,0,0
"10005","3","SIC_0I82","29","0",1981,"4","N","Sussex County, Delaware","Local Government","SIC 82 Educational Services","County, 2-digit SIC -- by ownership sector","All establishment sizes",0,0,0,0,0,0,0,0
"10005","3","SIC_0J","28","0",1981,"1","N","Sussex County, Delaware","Local Government","Public Administration Division","County, Industry Division -- by ownership sector","All establishment sizes",0,0,0,0,0,0,0,0
"10005","3","SIC_0J","28","0",1981,"2","","Sussex County, Delaware","Local Government","Public Administration Division","County, Industry Division -- by ownership sector","All establishment sizes",26,631,695,797,1610417,0,0,175
"10005","3","SIC_0J","28","0",1981,"3","N","Sussex County, Delaware","Local Government","Public Administration Division","County, Industry Division -- by ownership sector","All establishment sizes",0,0,0,0,0,0,0,0
"10005","3","SIC_0J","28","0",1981,"4","N","Sussex County, Delaware","Local Government","Public Administration Division","County, Industry Division -- by ownership sector","All establishment sizes",0,0,0,0,0,0,0,0
"10005","3","SIC_0J91","29","0",1981,"1","N","Sussex County, Delaware","Local Government","SIC 91 Executive, Legislative, and General","County, 2-digit SIC -- by ownership sector","All establishment sizes",0,0,0,0,0,0,0,0
"10005","3","SIC_0J91","29","0",1981,"2","N","Sussex County, Delaware","Local Government","SIC 91 Executive, Legislative, and General","County, 2-digit SIC -- by ownership sector","All establishment sizes",0,0,0,0,0,0,0,0
"10005","3","SIC_0J91","29","0",1981,"3","N","Sussex County, Delaware","Local Government","SIC 91 Executive, Legislative, and General","County, 2-digit SIC -- by ownership sector","All establishment sizes",0,0,0,0,0,0,0,0
"10005","3","SIC_0J91","29","0",1981,"4","N","Sussex County, Delaware","Local Government","SIC 91 Executive, Legislative, and General","County, 2-digit SIC -- by ownership sector","All establishment sizes",0,0,0,0,0,0,0,0
"10005","3","SIC_0J92","29","0",1981,"1","N","Sussex County, Delaware","Local Government","SIC 92 Justice, Public Order, and Safety","County, 2-digit SIC -- by ownership sector","All establishment sizes",0,0,0,0,0,0,0,0
"10005","3","SIC_0J92","29","0",1981,"2","N","Sussex County, Delaware","Local Government","SIC 92 Justice, Public Order, and Safety","County, 2-digit SIC -- by ownership sector","All establishment sizes",0,0,0,0,0,0,0,0
"10005","3","SIC_0J92","29","0",1981,"3","N","Sussex County, Delaware","Local Government","SIC 92 Justice, Public Order, and Safety","County, 2-digit SIC -- by ownership sector","All establishment sizes",0,0,0,0,0,0,0,0
"10005","3","SIC_0J92","29","0",1981,"4","N","Sussex County, Delaware","Local Government","SIC 92 Justice, Public Order, and Safety","County, 2-digit SIC -- by ownership sector","All establishment sizes",0,0,0,0,0,0,0,0
"10005","5","SIC_0Z","27","0",1981,"1","","Sussex County, Delaware","Private","All Industries","County, Total -- by ownership sector","All establishment sizes",1919,26379,26489,27064,79990272,0,0,230
"10005","5","SIC_0Z","27","0",1981,"2","","Sussex County, Delaware","Private","All Industries","County, Total -- by ownership sector","All establishment sizes",2119,28524,29819,32197,88582557,0,0,225
"10005","5","SIC_0Z","27","0",1981,"3","","Sussex County, Delaware","Private","All Industries","County, Total -- by ownership sector","All establishment sizes",2156,32484,32673,31146,96375066,0,0,230
"10005","5","SIC_0Z","27","0",1981,"4","","Sussex County, Delaware","Private","All Industries","County, Total -- by ownership sector","All establishment sizes",2064,28808,28150,27873,90917259,0,0,247
"10005","5","SIC_0A","28","0",1981,"1","","Sussex County, Delaware","Private","Agriculture, Forestry, and Fishing Division","County, Industry Division -- by ownership sector","All establishment sizes",64,999,993,1118,2689923,0,0,199
"10005","5","SIC_0A","28","0",1981,"2","","Sussex County, Delaware","Private","Agriculture, Forestry, and Fishing Division","County, Industry Division -- by ownership sector","All establishment sizes",64,1113,1115,1211,3061296,0,0,205
"10005","5","SIC_0A","28","0",1981,"3","","Sussex County, Delaware","Private","Agriculture, Forestry, and Fishing Division","County, Industry Division -- by ownership sector","All establishment sizes",67,1226,1150,1205,3210031,0,0,206
"10005","5","SIC_0A","28","0",1981,"4","","Sussex County, Delaware","Private","Agriculture, Forestry, and Fishing Division","County, Industry Division -- by ownership sector","All establishment sizes",70,1130,1135,1077,3576843,0,0,246
"10005","5","SIC_0A01","29","0",1981,"1","N","Sussex County, Delaware","Private","SIC 01 Agricultural Production Crops","County, 2-digit SIC -- by ownership sector","All establishment sizes",0,0,0,0,0,0,0,0
"10005","5","SIC_0A01","29","0",1981,"2","","Sussex County, Delaware","Private","SIC 01 Agricultural Production Crops","County, 2-digit SIC -- by ownership sector","All establishment sizes",20,320,318,390,717123,0,0,160
"10005","5","SIC_0A01","29","0",1981,"3","","Sussex County, Delaware","Private","SIC 01 Agricultural Production Crops","County, 2-digit SIC -- by ownership sector","All establishment sizes",20,403,351,382,745387,0,0,151
"10005","5","SIC_0A01","29","0",1981,"4","","Sussex County, Delaware","Private","SIC 01 Agricultural Production Crops","County, 2-digit SIC -- by ownership sector","All establishment sizes",21,358,349,281,1021787,0,0,238
"10005","5","SIC_0A02","29","0",1981,"1","","Sussex County, Delaware","Private","SIC 02 Agricultural Production Livestock","County, 2-digit SIC -- by ownership sector","All establishment sizes",8,515,516,507,1525862,0,0,228
"10005","5","SIC_0A02","29","0",1981,"2","","Sussex County, Delaware","Private","SIC 02 Agricultural Production Livestock","County, 2-digit SIC -- by ownership sector","All establishment sizes",8,518,501,510,1599008,0,0,241
"10005","5","SIC_0A02","29","0",1981,"3","","Sussex County, Delaware","Private","SIC 02 Agricultural Production Livestock","County, 2-digit SIC -- by ownership sector","All establishment sizes",8,495,479,493,1610272,0,0,253
"10005","5","SIC_0A02","29","0",1981,"4","","Sussex County, Delaware","Private","SIC 02 Agricultural Production Livestock","County, 2-digit SIC -- by ownership sector","All establishment sizes",9,507,528,518,1838378,0,0,273
"10005","5","SIC_0A07","29","0",1981,"1","","Sussex County, Delaware","Private","SIC 07 Agricultural Services","County, 2-digit SIC -- by ownership sector","All establishment sizes",34,246,249,255,609117,0,0,187
"10005","5","SIC_0A07","29","0",1981,"2","N","Sussex County, Delaware","Private","SIC 07 Agricultural Services","County, 2-digit SIC -- by ownership sector","All establishment sizes",0,0,0,0,0,0,0,0
"10005","5","SIC_0A07","29","0",1981,"3","N","Sussex County, Delaware","Private","SIC 07 Agricultural Services","County, 2-digit SIC -- by ownership sector","All establishment sizes",0,0,0,0,0,0,0,0
"10005","5","SIC_0A07","29","0",1981,"4","N","Sussex County, Delaware","Private","SIC 07 Agricultural Services","County, 2-digit SIC -- by ownership sector","All establishment sizes",0,0,0,0,0,0,0,0
"10005","5","SIC_0A08","29","0",1981,"1","N","Sussex County, Delaware","Private","SIC 08 Forestry","County, 2-digit SIC -- by ownership sector","All establishment sizes",0,0,0,0,0,0,0,0
"10005","5","SIC_0A08","29","0",1981,"2","N","Sussex County, Delaware","Private","SIC 08 Forestry","County, 2-digit SIC -- by ownership sector","All establishment sizes",0,0,0,0,0,0,0,0
"10005","5","SIC_0A08","29","0",1981,"3","N","Sussex County, Delaware","Private","SIC 08 Forestry","County, 2-digit SIC -- by ownership sector","All establishment sizes",0,0,0,0,0,0,0,0
"10005","5","SIC_0A08","29","0",1981,"4","N","Sussex County, Delaware","Private","SIC 08 Forestry","County, 2-digit SIC -- by ownership sector","All establishment sizes",0,0,0,0,0,0,0,0
"10005","5","SIC_0C","28","0",1981,"1","","Sussex County, Delaware","Private","Construction Division","County, Industry Division -- by ownership sector","All establishment sizes",280,1974,1969,2088,6214419,0,0,237
"10005","5","SIC_0C","28","0",1981,"2","","Sussex County, Delaware","Private","Construction Division","County, Industry Division -- by ownership sector","All establishment sizes",292,2209,2260,2304,6941281,0,0,236
"10005","5","SIC_0C","28","0",1981,"3","","Sussex County, Delaware","Private","Construction Division","County, Industry Division -- by ownership sector","All establishment sizes",292,2362,2405,2321,7669014,0,0,249
"10005","5","SIC_0C","28","0",1981,"4","","Sussex County, Delaware","Private","Construction Division","County, Industry Division -- by ownership sector","All establishment sizes",291,2304,2260,2212,8140089,0,0,277
"10005","5","SIC_0C15","29","0",1981,"1","","Sussex County, Delaware","Private","SIC 15 General Building Contractors","County, 2-digit SIC -- by ownership sector","All establishment sizes",104,817,834,864,2522575,0,0,231
"10005","5","SIC_0C15","29","0",1981,"2","","Sussex County, Delaware","Private","SIC 15 General Building Contractors","County, 2-digit SIC -- by ownership sector","All establishment sizes",107,927,944,962,2766975,0,0,225
"10005","5","SIC_0C15","29","0",1981,"3","","Sussex County, Delaware","Private","SIC 15 General Building Contractors","County, 2-digit SIC -- by ownership sector","All establishment sizes",107,996,1015,993,3023295,0,0,232
"10005","5","SIC_0C15","29","0",1981,"4","","Sussex County, Delaware","Private","SIC 15 General Building Contractors","County, 2-digit SIC -- by ownership sector","All establishment sizes",108,950,874,870,2984594,0,0,255
"10005","5","SIC_0C16","29","0",1981,"1","","Sussex County, Delaware","Private","SIC 16 Heavy Construction, ex. Building","County, 2-digit SIC -- by ownership sector","All establishment sizes",19,250,247,301,1075851,0,0,311
"10005","5","SIC_0C16","29","0",1981,"2","","Sussex County, Delaware","Private","SIC 16 Heavy Construction, ex. Building","County, 2-digit SIC -- by ownership sector","All establishment sizes",21,299,318,310,1245166,0,0,309
"10005","5","SIC_0C16","29","0",1981,"3","","Sussex County, Delaware","Private","SIC 16 Heavy Construction, ex. Building","County, 2-digit SIC -- by ownership sector","All establishment sizes",20,343,381,373,1786121,0,0,375
"10005","5","SIC_0C16","29","0",1981,"4","","Sussex County, Delaware","Private","SIC 16 Heavy Construction, ex. Building","County, 2-digit SIC -- by ownership sector","All establishment sizes",20,400,405,405,2190315,0,0,417
"10005","5","SIC_0C17","29","0",1981,"1","","Sussex County, Delaware","Private","SIC 17 Special Trade Contractors","County, 2-digit SIC -- by ownership sector","All establishment sizes",157,907,888,923,2615993,0,0,222
"10005","5","SIC_0C17","29","0",1981,"2","","Sussex County, Delaware","Private","SIC 17 Special Trade Contractors","County, 2-digit SIC -- by ownership sector","All establishment sizes",164,983,998,1032,2929140,0,0,224
"10005","5","SIC_0C17","29","0",1981,"3","","Sussex County, Delaware","Private","SIC 17 Special Trade Contractors","County, 2-digit SIC -- by ownership sector","All establishment sizes",165,1023,1009,955,2859598,0,0,220
"10005","5","SIC_0C17","29","0",1981,"4","","Sussex County, Delaware","Private","SIC 17 Special Trade Contractors","County, 2-digit SIC -- by ownership sector","All establishment sizes",163,954,981,937,2965180,0,0,238
"10005","5","SIC_0D","28","0",1981,"1","","Sussex County, Delaware","Private","Manufacturing Division","County, Industry Division -- by ownership sector","All establishment sizes",119,10692,10883,10971,37462136,0,0,265
"10005","5","SIC_0D","28","0",1981,"2","","Sussex County, Delaware","Private","Manufacturing Division","County, Industry Division -- by ownership sector","All establishment sizes",121,11188,11259,11827,41262114,0,0,277
"10005","5","SIC_0D","28","0",1981,"3","","Sussex County, Delaware","Private","Manufacturing Division","County, Industry Division -- by ownership sector","All establishment sizes",120,11624,11583,11226,42448342,0,0,284
"10005","5","SIC_0D","28","0",1981,"4","","Sussex County, Delaware","Private","Manufacturing Division","County, Industry Division -- by ownership sector","All establishment sizes",120,10911,10839,10763,39322994,0,0,279
"10005","5","SIC_0D20","29","0",1981,"1","","Sussex County, Delaware","Private","SIC 20 Food and Kindred Products","County, 2-digit SIC -- by ownership sector","All establishment sizes",26,4275,4466,4485,10739268,0,0,187
"10005","5","SIC_0D20","29","0",1981,"2","","Sussex County, Delaware","Private","SIC 20 Food and Kindred Products","County, 2-digit SIC -- by ownership sector","All establishment sizes",26,4669,4777,5360,12242355,0,0,190
"10005","5","SIC_0D20","29","0",1981,"3","","Sussex County, Delaware","Private","SIC 20 Food and Kindred Products","County, 2-digit SIC -- by ownership sector","All establishment sizes",27,5285,5448,5181,13986451,0,0,202
"10005","5","SIC_0D20","29","0",1981,"4","","Sussex County, Delaware","Private","SIC 20 Food and Kindred Products","County, 2-digit SIC -- by ownership sector","All establishment sizes",25,5108,5102,5030,13504659,0,0,204
"10005","5","SIC_0D22","29","0",1981,"1","","Sussex County, Delaware","Private","SIC 22 Textile Mill Products","County, 2-digit SIC -- by ownership sector","All establishment sizes",5,201,205,203,544002,0,0,206
"10005","5","SIC_0D22","29","0",1981,"2","","Sussex County, Delaware","Private","SIC 22 Textile Mill Products","County, 2-digit SIC -- by ownership sector","All establishment sizes",5,200,176,179,536781,0,0,223
"10005","5","SIC_0D22","29","0",1981,"3","","Sussex County, Delaware","Private","SIC 22 Textile Mill Products","County, 2-digit SIC -- by ownership sector","All establishment sizes",5,187,186,188,487960,0,0,200
"10005","5","SIC_0D22","29","0",1981,"4","","Sussex County, Delaware","Private","SIC 22 Textile Mill Products","County, 2-digit SIC -- by ownership sector","All establishment sizes",5,177,173,182,501848,0,0,217
"10005","5","SIC_0D23","29","0",1981,"1","","Sussex County, Delaware","Private","SIC 23 Apparel and Other Textile Products","County, 2-digit SIC -- by ownership sector","All establishment sizes",12,548,549,595,1003230,0,0,136
"10005","5","SIC_0D23","29","0",1981,"2","","Sussex County, Delaware","Private","SIC 23 Apparel and Other Textile Products","County, 2-digit SIC -- by ownership sector","All establishment sizes",13,582,591,592,1222898,0,0,159
"10005","5","SIC_0D23","29","0",1981,"3","","Sussex County, Delaware","Private","SIC 23 Apparel and Other Textile Products","County, 2-digit SIC -- by ownership sector","All establishment sizes",12,575,546,570,1055274,0,0,144
"10005","5","SIC_0D23","29","0",1981,"4","","Sussex County, Delaware","Private","SIC 23 Apparel and Other Textile Products","County, 2-digit SIC -- by ownership sector","All establishment sizes",11,527,541,554,1139779,0,0,162
"10005","5","SIC_0D24","29","0",1981,"1","","Sussex County, Delaware","Private","SIC 24 Lumber and Wood Products","County, 2-digit SIC -- by ownership sector","All establishment sizes",20,472,448,468,1349929,0,0,224
"10005","5","SIC_0D24","29","0",1981,"2","","Sussex County, Delaware","Private","SIC 24 Lumber and Wood Products","County, 2-digit SIC -- by ownership sector","All establishment sizes",20,464,444,454,1344255,0,0,227
"10005","5","SIC_0D24","29","0",1981,"3","","Sussex County, Delaware","Private","SIC 24 Lumber and Wood Products","County, 2-digit SIC -- by ownership sector","All establishment sizes",21,450,446,411,1248226,0,0,220
"10005","5","SIC_0D24","29","0",1981,"4","","Sussex County, Delaware","Private","SIC 24 Lumber and Wood Products","County, 2-digit SIC -- by ownership sector","All establishment sizes",21,380,380,378,1287164,0,0,261
"10005","5","SIC_0D25","29","0",1981,"1","N","Sussex County, Delaware","Private","SIC 25 Furniture and Fixtures","County, 2-digit SIC -- by ownership sector","All establishment sizes",0,0,0,0,0,0,0,0
"10005","5","SIC_0D25","29","0",1981,"2","N","Sussex County, Delaware","Private","SIC 25 Furniture and Fixtures","County, 2-digit SIC -- by ownership sector","All establishment sizes",0,0,0,0,0,0,0,0
"10005","5","SIC_0D25","29","0",1981,"3","N","Sussex County, Delaware","Private","SIC 25 Furniture and Fixtures","County, 2-digit SIC -- by ownership sector","All establishment sizes",0,0,0,0,0,0,0,0
"10005","5","SIC_0D25","29","0",1981,"4","N","Sussex County, Delaware","Private","SIC 25 Furniture and Fixtures","County, 2-digit SIC -- by ownership sector","All establishment sizes",0,0,0,0,0,0,0,0
"10005","5","SIC_0D26","29","0",1981,"1","N","Sussex County, Delaware","Private","SIC 26 Paper and Allied Products","County, 2-digit SIC -- by ownership sector","All establishment sizes",0,0,0,0,0,0,0,0
"10005","5","SIC_0D26","29","0",1981,"2","N","Sussex County, Delaware","Private","SIC 26 Paper and Allied Products","County, 2-digit SIC -- by ownership sector","All establishment sizes",0,0,0,0,0,0,0,0
"10005","5","SIC_0D26","29","0",1981,"3","N","Sussex County, Delaware","Private","SIC 26 Paper and Allied Products","County, 2-digit SIC -- by ownership sector","All establishment sizes",0,0,0,0,0,0,0,0
"10005","5","SIC_0D26","29","0",1981,"4","","Sussex County, Delaware","Private","SIC 26 Paper and Allied Products","County, 2-digit SIC -- by ownership sector","All establishment sizes",0,0,0,0,0,0,0,0
"10005","5","SIC_0D27","29","0",1981,"1","","Sussex County, Delaware","Private","SIC 27 Printing and Publishing","County, 2-digit SIC -- by ownership sector","All establishment sizes",12,304,306,306,736493,0,0,185
"10005","5","SIC_0D27","29","0",1981,"2","","Sussex County, Delaware","Private","SIC 27 Printing and Publishing","County, 2-digit SIC -- by ownership sector","All establishment sizes",12,298,303,298,765756,0,0,196
"10005","5","SIC_0D27","29","0",1981,"3","","Sussex County, Delaware","Private","SIC 27 Printing and Publishing","County, 2-digit SIC -- by ownership sector","All establishment sizes",11,220,214,224,490615,0,0,172
"10005","5","SIC_0D27","29","0",1981,"4","","Sussex County, Delaware","Private","SIC 27 Printing and Publishing","County, 2-digit SIC -- by ownership sector","All establishment sizes",12,283,282,283,786763,0,0,214
"10005","5","SIC_0D28","29","0",1981,"1","","Sussex County, Delaware","Private","SIC 28 Chemicals and Allied Products","County, 2-digit SIC -- by ownership sector","All establishment sizes",9,3271,3273,3273,18170790,0,0,427
"10005","5","SIC_0D28","29","0",1981,"2","","Sussex County, Delaware","Private","SIC 28 Chemicals and Allied Products","County, 2-digit SIC -- by ownership sector","All establishment sizes",8,3327,3340,3354,19958052,0,0,459
"10005","5","SIC_0D28","29","0",1981,"3","","Sussex County, Delaware","Private","SIC 28 Chemicals and Allied Products","County, 2-digit SIC -- by ownership sector","All establishment sizes",8,3349,3326,3319,20285280,0,0,468
"10005","5","SIC_0D28","29","0",1981,"4","","Sussex County, Delaware","Private","SIC 28 Chemicals and Allied Products","County, 2-digit SIC -- by ownership sector","All establishment sizes",8,3307,3300,3297,18033079,0,0,420
"10005","5","SIC_0D29","29","0",1981,"1","N","Sussex County, Delaware","Private","SIC 29 Petroleum and Coal Products","County, 2-digit SIC -- by ownership sector","All establishment sizes",0,0,0,0,0,0,0,0
"10005","5","SIC_0D29","29","0",1981,"2","N","Sussex County, Delaware","Private","SIC 29 Petroleum and Coal Products","County, 2-digit SIC -- by ownership sector","All establishment sizes",0,0,0,0,0,0,0,0
"10005","5","SIC_0D29","29","0",1981,"3","N","Sussex County, Delaware","Private","SIC 29 Petroleum and Coal Products","County, 2-digit SIC -- by ownership sector","All establishment sizes",0,0,0,0,0,0,0,0
"10005","5","SIC_0D29","29","0",1981,"4","N","Sussex County, Delaware","Private","SIC 29 Petroleum and Coal Products","County, 2-digit SIC -- by ownership sector","All establishment sizes",0,0,0,0,0,0,0,0
"10005","5","SIC_0D30","29","0",1981,"1","","Sussex County, Delaware","Private","SIC 30 Rubber and Misc. Plastics Products","County, 2-digit SIC -- by ownership sector","All establishment sizes",3,109,106,101,310624,0,0,226
"10005","5","SIC_0D30","29","0",1981,"2","","Sussex County, Delaware","Private","SIC 30 Rubber and Misc. Plastics Products","County, 2-digit SIC -- by ownership sector","All establishment sizes",3,104,105,103,314289,0,0,232
"10005","5","SIC_0D30","29","0",1981,"3","","Sussex County, Delaware","Private","SIC 30 Rubber and Misc. Plastics Products","County, 2-digit SIC -- by ownership sector","All establishment sizes",3,102,102,110,331747,0,0,243
"10005","5","SIC_0D30","29","0",1981,"4","","Sussex County, Delaware","Private","SIC 30 Rubber and Misc. Plastics Products","County, 2-digit SIC -- by ownership sector","All establishment sizes",3,115,115,114,382670,0,0,256
"10005","5","SIC_0D32","29","0",1981,"1","","Sussex County, Delaware","Private","SIC 32 Stone, Clay, and Glass Products","County, 2-digit SIC -- by ownership sector","All establishment sizes",10,173,172,176,457504,0,0,202
"10005","5","SIC_0D32","29","0",1981,"2","","Sussex County, Delaware","Private","SIC 32 Stone, Clay, and Glass Products","County, 2-digit SIC -- by ownership sector","All establishment sizes",10,173,172,149,497472,0,0,232
"10005","5","SIC_0D32","29","0",1981,"3","","Sussex County, Delaware","Private","SIC 32 Stone, Clay, and Glass Products","County, 2-digit SIC -- by ownership sector","All establishment sizes",9,145,146,142,464951,0,0,247
"10005","5","SIC_0D32","29","0",1981,"4","","Sussex County, Delaware","Private","SIC 32 Stone, Clay, and Glass Products","County, 2-digit SIC -- by ownership sector","All establishment sizes",11,152,136,137,508637,0,0,276
"10005","5","SIC_0D34","29","0",1981,"1","","Sussex County, Delaware","Private","SIC 34 Fabricated Metal Products","County, 2-digit SIC -- by ownership sector","All establishment sizes",4,199,208,220,633827,0,0,233
"10005","5","SIC_0D34","29","0",1981,"2","","Sussex County, Delaware","Private","SIC 34 Fabricated Metal Products","County, 2-digit SIC -- by ownership sector","All establishment sizes",6,264,270,271,872350,0,0,250
"10005","5","SIC_0D34","29","0",1981,"3","","Sussex County, Delaware","Private","SIC 34 Fabricated Metal Products","County, 2-digit SIC -- by ownership sector","All establishment sizes",5,269,261,271,811943,0,0,233
"10005","5","SIC_0D34","29","0",1981,"4","","Sussex County, Delaware","Private","SIC 34 Fabricated Metal Products","County, 2-digit SIC -- by ownership sector","All establishment sizes",5,239,232,226,837500,0,0,277
"10005","5","SIC_0D35","29","0",1981,"1","N","Sussex County, Delaware","Private","SIC 35 Industrial Machinery and Equipment","County, 2-digit SIC -- by ownership sector","All establishment sizes",0,0,0,0,0,0,0,0
"10005","5","SIC_0D35","29","0",1981,"2","N","Sussex County, Delaware","Private","SIC 35 Industrial Machinery and Equipment","County, 2-digit SIC -- by ownership sector","All establishment sizes",0,0,0,0,0,0,0,0
"10005","5","SIC_0D35","29","0",1981,"3","N","Sussex County, Delaware","Private","SIC 35 Industrial Machinery and Equipment","County, 2-digit SIC -- by ownership sector","All establishment sizes",0,0,0,0,0,0,0,0
"10005","5","SIC_0D35","29","0",1981,"4","N","Sussex County, Delaware","Private","SIC 35 Industrial Machinery and Equipment","County, 2-digit SIC -- by ownership sector","All establishment sizes",0,0,0,0,0,0,0,0
"10005","5","SIC_0D36","29","0",1981,"1","N","Sussex County, Delaware","Private","SIC 36 Electronic and Other Electric Equipment","County, 2-digit SIC -- by ownership sector","All establishment sizes",0,0,0,0,0,0,0,0
"10005","5","SIC_0D36","29","0",1981,"2","N","Sussex County, Delaware","Private","SIC 36 Electronic and Other Electric Equipment","County, 2-digit SIC -- by ownership sector","All establishment sizes",0,0,0,0,0,0,0,0
"10005","5","SIC_0D36","29","0",1981,"3","N","Sussex County, Delaware","Private","SIC 36 Electronic and Other Electric Equipment","County, 2-digit SIC -- by ownership sector","All establishment sizes",0,0,0,0,0,0,0,0
"10005","5","SIC_0D36","29","0",1981,"4","N","Sussex County, Delaware","Private","SIC 36 Electronic and Other Electric Equipment","County, 2-digit SIC -- by ownership sector","All establishment sizes",0,0,0,0,0,0,0,0
"10005","5","SIC_0D37","29","0",1981,"1","N","Sussex County, Delaware","Private","SIC 37 Transportation Equipment","County, 2-digit SIC -- by ownership sector","All establishment sizes",0,0,0,0,0,0,0,0
"10005","5","SIC_0D37","29","0",1981,"2","N","Sussex County, Delaware","Private","SIC 37 Transportation Equipment","County, 2-digit SIC -- by ownership sector","All establishment sizes",0,0,0,0,0,0,0,0
"10005","5","SIC_0D37","29","0",1981,"3","N","Sussex County, Delaware","Private","SIC 37 Transportation Equipment","County, 2-digit SIC -- by ownership sector","All establishment sizes",0,0,0,0,0,0,0,0
"10005","5","SIC_0D37","29","0",1981,"4","N","Sussex County, Delaware","Private","SIC 37 Transportation Equipment","County, 2-digit SIC -- by ownership sector","All establishment sizes",0,0,0,0,0,0,0,0
"10005","5","SIC_0D38","29","0",1981,"1","N","Sussex County, Delaware","Private","SIC 38 Instruments and Related Products","County, 2-digit SIC -- by ownership sector","All establishment sizes",0,0,0,0,0,0,0,0
"10005","5","SIC_0D38","29","0",1981,"2","N","Sussex County, Delaware","Private","SIC 38 Instruments and Related Products","County, 2-digit SIC -- by ownership sector","All establishment sizes",0,0,0,0,0,0,0,0
"10005","5","SIC_0D38","29","0",1981,"3","N","Sussex County, Delaware","Private","SIC 38 Instruments and Related Products","County, 2-digit SIC -- by ownership sector","All establishment sizes",0,0,0,0,0,0,0,0
"10005","5","SIC_0D38","29","0",1981,"4","N","Sussex County, Delaware","Private","SIC 38 Instruments and Related Products","County, 2-digit SIC -- by ownership sector","All establishment sizes",0,0,0,0,0,0,0,0
"10005","5","SIC_0D39","29","0",1981,"1","N","Sussex County, Delaware","Private","SIC 39 Miscellaneous Manufacturing Industries","County, 2-digit SIC -- by ownership sector","All establishment sizes",0,0,0,0,0,0,0,0
"10005","5","SIC_0D39","29","0",1981,"2","N","Sussex County, Delaware","Private","SIC 39 Miscellaneous Manufacturing Industries","County, 2-digit SIC -- by ownership sector","All establishment sizes",0,0,0,0,0,0,0,0
"10005","5","SIC_0D39","29","0",1981,"3","N","Sussex County, Delaware","Private","SIC 39 Miscellaneous Manufacturing Industries","County, 2-digit SIC -- by ownership sector","All establishment sizes",0,0,0,0,0,0,0,0
"10005","5","SIC_0D39","29","0",1981,"4","N","Sussex County, Delaware","Private","SIC 39 Miscellaneous Manufacturing Industries","County, 2-digit SIC -- by ownership sector","All establishment sizes",0,0,0,0,0,0,0,0
"10005","5","SIC_0E","28","0",1981,"1","","Sussex County, Delaware","Private","Transportation and Public Utilities Division","County, Industry Division -- by ownership sector","All establishment sizes",131,1241,1240,1252,4455364,0,0,275
"10005","5","SIC_0E","28","0",1981,"2","","Sussex County, Delaware","Private","Transportation and Public Utilities Division","County, Industry Division -- by ownership sector","All establishment sizes",131,1256,1287,1284,4657670,0,0,280
"10005","5","SIC_0E","28","0",1981,"3","","Sussex County, Delaware","Private","Transportation and Public Utilities Division","County, Industry Division -- by ownership sector","All establishment sizes",133,1225,1201,1282,5052791,0,0,314
"10005","5","SIC_0E","28","0",1981,"4","","Sussex County, Delaware","Private","Transportation and Public Utilities Division","County, Industry Division -- by ownership sector","All establishment sizes",129,1252,1270,1237,5247314,0,0,322
"10005","5","SIC_0E41","29","0",1981,"1","","Sussex County, Delaware","Private","SIC 41 Local And Interurban Passenger Transit","County, 2-digit SIC -- by ownership sector","All establishment sizes",51,183,183,185,172026,0,0,72
"10005","5","SIC_0E41","29","0",1981,"2","","Sussex County, Delaware","Private","SIC 41 Local And Interurban Passenger Transit","County, 2-digit SIC -- by ownership sector","All establishment sizes",50,181,181,170,170385,0,0,73
"10005","5","SIC_0E41","29","0",1981,"3","","Sussex County, Delaware","Private","SIC 41 Local And Interurban Passenger Transit","County, 2-digit SIC -- by ownership sector","All establishment sizes",52,87,77,159,116926,0,0,83
"10005","5","SIC_0E41","29","0",1981,"4","","Sussex County, Delaware","Private","SIC 41 Local And Interurban Passenger Transit","County, 2-digit SIC -- by ownership sector","All establishment sizes",51,170,164,164,183108,0,0,84
"10005","5","SIC_0E42","29","0",1981,"1","","Sussex County, Delaware","Private","SIC 42 Trucking And Warehousing","County, 2-digit SIC -- by ownership sector","All establishment sizes",55,447,452,451,1282000,0,0,219
"10005","5","SIC_0E42","29","0",1981,"2","","Sussex County, Delaware","Private","SIC 42 Trucking And Warehousing","County, 2-digit SIC -- by ownership sector","All establishment sizes",55,452,468,463,1314997,0,0,219
"10005","5","SIC_0E42","29","0",1981,"3","","Sussex County, Delaware","Private","SIC 42 Trucking And Warehousing","County, 2-digit SIC -- by ownership sector","All establishment sizes",54,477,474,480,1506647,0,0,242
"10005","5","SIC_0E42","29","0",1981,"4","","Sussex County, Delaware","Private","SIC 42 Trucking And Warehousing","County, 2-digit SIC -- by ownership sector","All establishment sizes",52,456,458,436,1581049,0,0,270
"10005","5","SIC_0E44","29","0",1981,"1","N","Sussex County, Delaware","Private","SIC 44 Water Transportation","County, 2-digit SIC -- by ownership sector","All establishment sizes",0,0,0,0,0,0,0,0
"10005","5","SIC_0E44","29","0",1981,"2","","Sussex County, Delaware","Private","SIC 44 Water Transportation","County, 2-digit SIC -- by ownership sector","All establishment sizes",7,25,33,39,72098,0,0,171
"10005","5","SIC_0E44","29","0",1981,"3","","Sussex County, Delaware","Private","SIC 44 Water Transportation","County, 2-digit SIC -- by ownership sector","All establishment sizes",7,42,39,30,78579,0,0,163
"10005","5","SIC_0E44","29","0",1981,"4","","Sussex County, Delaware","Private","SIC 44 Water Transportation","County, 2-digit SIC -- by ownership sector","All establishment sizes",7,35,32,22,70854,0,0,183
"10005","5","SIC_0E45","29","0",1981,"1","","Sussex County, Delaware","Private","SIC 45 Transportation By Air","County, 2-digit SIC -- by ownership sector","All establishment sizes",4,17,17,18,21913,0,0,97
"10005","5","SIC_0E45","29","0",1981,"2","","Sussex County, Delaware","Private","SIC 45 Transportation By Air","County, 2-digit SIC -- by ownership sector","All establishment sizes",4,24,23,27,31007,0,0,96
"10005","5","SIC_0E45","29","0",1981,"3","N","Sussex County, Delaware","Private","SIC 45 Transportation By Air","County, 2-digit SIC -- by ownership sector","All establishment sizes",0,0,0,0,0,0,0,0
"10005","5","SIC_0E45","29","0",1981,"4","","Sussex County, Delaware","Private","SIC 45 Transportation By Air","County, 2-digit SIC -- by ownership sector","All establishment sizes",4,23,25,29,25950,0,0,77
"10005","5","SIC_0E47","29","0",1981,"1","N","Sussex County, Delaware","Private","SIC 47 Transportation Services","County, 2-digit SIC -- by ownership sector","All establishment sizes",0,0,0,0,0,0,0,0
"10005","5","SIC_0E47","29","0",1981,"2","N","Sussex County, Delaware","Private","SIC 47 Transportation Services","County, 2-digit SIC -- by ownership sector","All establishment sizes",0,0,0,0,0,0,0,0
"10005","5","SIC_0E47","29","0",1981,"3","","Sussex County, Delaware","Private","SIC 47 Transportation Services","County, 2-digit SIC -- by ownership sector","All establishment sizes",4,16,19,20,44650,0,0,187
"10005","5","SIC_0E47","29","0",1981,"4","N","Sussex County, Delaware","Private","SIC 47 Transportation Services","County, 2-digit SIC -- by ownership sector","All establishment sizes",0,0,0,0,0,0,0,0
"10005","5","SIC_0E48","29","0",1981,"1","N","Sussex County, Delaware","Private","SIC 48 Communication","County, 2-digit SIC -- by ownership sector","All establishment sizes",0,0,0,0,0,0,0,0
"10005","5","SIC_0E48","29","0",1981,"2","N","Sussex County, Delaware","Private","SIC 48 Communication","County, 2-digit SIC -- by ownership sector","All establishment sizes",0,0,0,0,0,0,0,0
"10005","5","SIC_0E48","29","0",1981,"3","N","Sussex County, Delaware","Private","SIC 48 Communication","County, 2-digit SIC -- by ownership sector","All establishment sizes",0,0,0,0,0,0,0,0
"10005","5","SIC_0E48","29","0",1981,"4","N","Sussex County, Delaware","Private","SIC 48 Communication","County, 2-digit SIC -- by ownership sector","All establishment sizes",0,0,0,0,0,0,0,0
"10005","5","SIC_0E49","29","0",1981,"1","","Sussex County, Delaware","Private","SIC 49 Electric, Gas, And Sanitary Services","County, 2-digit SIC -- by ownership sector","All establishment sizes",5,336,336,337,1837071,0,0,420
"10005","5","SIC_0E49","29","0",1981,"2","","Sussex County, Delaware","Private","SIC 49 Electric, Gas, And Sanitary Services","County, 2-digit SIC -- by ownership sector","All establishment sizes",5,338,339,342,1892770,0,0,428
"10005","5","SIC_0E49","29","0",1981,"3","","Sussex County, Delaware","Private","SIC 49 Electric, Gas, And Sanitary Services","County, 2-digit SIC -- by ownership sector","All establishment sizes",5,340,340,342,2108307,0,0,476
"10005","5","SIC_0E49","29","0",1981,"4","","Sussex County, Delaware","Private","SIC 49 Electric, Gas, And Sanitary Services","County, 2-digit SIC -- by ownership sector","All establishment sizes",5,341,344,344,2131915,0,0,478
"10005","5","SIC_0F","28","0",1981,"1","","Sussex County, Delaware","Private","Wholesale Trade Division","County, Industry Division -- by ownership sector","All establishment sizes",133,1410,1397,1414,5043249,0,0,275
"10005","5","SIC_0F","28","0",1981,"2","","Sussex County, Delaware","Private","Wholesale Trade Division","County, Industry Division -- by ownership sector","All establishment sizes",131,1439,1448,1478,5118135,0,0,270
"10005","5","SIC_0F","28","0",1981,"3","","Sussex County, Delaware","Private","Wholesale Trade Division","County, Industry Division -- by ownership sector","All establishment sizes",130,1476,1526,1463,5603432,0,0,289
"10005","5","SIC_0F","28","0",1981,"4","","Sussex County, Delaware","Private","Wholesale Trade Division","County, Industry Division -- by ownership sector","All establishment sizes",131,1449,1415,1432,5935667,0,0,318
"10005","5","SIC_0F50","29","0",1981,"1","","Sussex County, Delaware","Private","SIC 50 Wholesale Trade Durable Goods","County, 2-digit SIC -- by ownership sector","All establishment sizes",71,638,630,634,2065259,0,0,250
"10005","5","SIC_0F50","29","0",1981,"2","","Sussex County, Delaware","Private","SIC 50 Wholesale Trade Durable Goods","County, 2-digit SIC -- by ownership sector","All establishment sizes",69,649,651,654,2086718,0,0,246
"10005","5","SIC_0F50","29","0",1981,"3","","Sussex County, Delaware","Private","SIC 50 Wholesale Trade Durable Goods","County, 2-digit SIC -- by ownership sector","All establishment sizes",66,654,654,648,2111510,0,0,249
"10005","5","SIC_0F50","29","0",1981,"4","","Sussex County, Delaware","Private","SIC 50 Wholesale Trade Durable Goods","County, 2-digit SIC -- by ownership sector","All establishment sizes",68,659,640,653,2456018,0,0,290
"10005","5","SIC_0F51","29","0",1981,"1","","Sussex County, Delaware","Private","SIC 51 Wholesale Trade Nondurable Goods","County, 2-digit SIC -- by ownership sector","All establishment sizes",62,772,767,780,2977990,0,0,296
"10005","5","SIC_0F51","29","0",1981,"2","","Sussex County, Delaware","Private","SIC 51 Wholesale Trade Nondurable Goods","County, 2-digit SIC -- by ownership sector","All establishment sizes",62,790,797,824,3031417,0,0,290
"10005","5","SIC_0F51","29","0",1981,"3","","Sussex County, Delaware","Private","SIC 51 Wholesale Trade Nondurable Goods","County, 2-digit SIC -- by ownership sector","All establishment sizes",64,822,872,815,3491922,0,0,321
"10005","5","SIC_0F51","29","0",1981,"4","","Sussex County, Delaware","Private","SIC 51 Wholesale Trade Nondurable Goods","County, 2-digit SIC -- by ownership sector","All establishment sizes",63,790,775,779,3479649,0,0,342
"10005","5","SIC_0G","28","0",1981,"1","","Sussex County, Delaware","Private","Retail Trade Division","County, Industry Division -- by ownership sector","All establishment sizes",598,5357,5229,5384,11403531,0,0,164
"10005","5","SIC_0G","28","0",1981,"2","","Sussex County, Delaware","Private","Retail Trade Division","County, Industry Division -- by ownership sector","All establishment sizes",723,6326,7227,8412,13473550,0,0,141
"10005","5","SIC_0G","28","0",1981,"3","","Sussex County, Delaware","Private","Retail Trade Division","County, Industry Division -- by ownership sector","All establishment sizes",743,8681,8873,8026,16713911,0,0,150
"10005","5","SIC_0G","28","0",1981,"4","","Sussex County, Delaware","Private","Retail Trade Division","County, Industry Division -- by ownership sector","All establishment sizes",668,6451,6085,5997,13486497,0,0,167
"10005","5","SIC_0G52","29","0",1981,"1","","Sussex County, Delaware","Private","SIC 52 Building Materials and Garden Supplies","County, 2-digit SIC -- by ownership sector","All establishment sizes",51,435,431,460,1344113,0,0,233
"10005","5","SIC_0G52","29","0",1981,"2","","Sussex County, Delaware","Private","SIC 52 Building Materials and Garden Supplies","County, 2-digit SIC -- by ownership sector","All establishment sizes",59,478,488,504,1309248,0,0,205
"10005","5","SIC_0G52","29","0",1981,"3","","Sussex County, Delaware","Private","SIC 52 Building Materials and Garden Supplies","County, 2-digit SIC -- by ownership sector","All establishment sizes",61,510,499,484,1432031,0,0,221
"10005","5","SIC_0G52","29","0",1981,"4","","Sussex County, Delaware","Private","SIC 52 Building Materials and Garden Supplies","County, 2-digit SIC -- by ownership sector","All establishment sizes",60,481,488,476,1470609,0,0,234
"10005","5","SIC_0G53","29","0",1981,"1","","Sussex County, Delaware","Private","SIC 53 General Merchandise Stores","County, 2-digit SIC -- by ownership sector","All establishment sizes",18,550,556,571,1017191,0,0,139
"10005","5","SIC_0G53","29","0",1981,"2","","Sussex County, Delaware","Private","SIC 53 General Merchandise Stores","County, 2-digit SIC -- by ownership sector","All establishment sizes",24,612,641,700,1110831,0,0,131
"10005","5","SIC_0G53","29","0",1981,"3","","Sussex County, Delaware","Private","SIC 53 General Merchandise Stores","County, 2-digit SIC -- by ownership sector","All establishment sizes",24,700,681,649,1223895,0,0,139
"10005","5","SIC_0G53","29","0",1981,"4","","Sussex County, Delaware","Private","SIC 53 General Merchandise Stores","County, 2-digit SIC -- by ownership sector","All establishment sizes",19,601,634,659,1170529,0,0,142
"10005","5","SIC_0G54","29","0",1981,"1","","Sussex County, Delaware","Private","SIC 54 Food Stores","County, 2-digit SIC -- by ownership sector","All establishment sizes",67,1149,1138,1155,2971085,0,0,199
"10005","5","SIC_0G54","29","0",1981,"2","","Sussex County, Delaware","Private","SIC 54 Food Stores","County, 2-digit SIC -- by ownership sector","All establishment sizes",82,1246,1330,1459,3377688,0,0,193
"10005","5","SIC_0G54","29","0",1981,"3","","Sussex County, Delaware","Private","SIC 54 Food Stores","County, 2-digit SIC -- by ownership sector","All establishment sizes",87,1556,1578,1496,4085329,0,0,203
"10005","5","SIC_0G54","29","0",1981,"4","","Sussex County, Delaware","Private","SIC 54 Food Stores","County, 2-digit SIC -- by ownership sector","All establishment sizes",80,1328,1270,1240,3614201,0,0,217
"10005","5","SIC_0G55","29","0",1981,"1","","Sussex County, Delaware","Private","SIC 55 Automotive Dealers and Service Stations","County, 2-digit SIC -- by ownership sector","All establishment sizes",104,547,522,542,1333029,0,0,190
"10005","5","SIC_0G55","29","0",1981,"2","","Sussex County, Delaware","Private","SIC 55 Automotive Dealers and Service Stations","County, 2-digit SIC -- by ownership sector","All establishment sizes",109,568,595,632,1425698,0,0,183
"10005","5","SIC_0G55","29","0",1981,"3","","Sussex County, Delaware","Private","SIC 55 Automotive Dealers and Service Stations","County, 2-digit SIC -- by ownership sector","All establishment sizes",111,648,646,607,1562836,0,0,189
"10005","5","SIC_0G55","29","0",1981,"4","","Sussex County, Delaware","Private","SIC 55 Automotive Dealers and Service Stations","County, 2-digit SIC -- by ownership sector","All establishment sizes",102,584,569,558,1535782,0,0,207
"10005","5","SIC_0G56","29","0",1981,"1","","Sussex County, Delaware","Private","SIC 56 Apparel and Accessory Stores","County, 2-digit SIC -- by ownership sector","All establishment sizes",55,244,238,243,622615,0,0,198
"10005","5","SIC_0G56","29","0",1981,"2","","Sussex County, Delaware","Private","SIC 56 Apparel and Accessory Stores","County, 2-digit SIC -- by ownership sector","All establishment sizes",71,318,392,510,729222,0,0,137
"10005","5","SIC_0G56","29","0",1981,"3","","Sussex County, Delaware","Private","SIC 56 Apparel and Accessory Stores","County, 2-digit SIC -- by ownership sector","All establishment sizes",72,506,504,407,902929,0,0,147
"10005","5","SIC_0G56","29","0",1981,"4","","Sussex County, Delaware","Private","SIC 56 Apparel and Accessory Stores","County, 2-digit SIC -- by ownership sector","All establishment sizes",62,316,305,330,668831,0,0,162
"10005","5","SIC_0G57","29","0",1981,"1","","Sussex County, Delaware","Private","SIC 57 Furniture and Homefurnishings Stores","County, 2-digit SIC -- by ownership sector","All establishment sizes",48,244,245,250,797779,0,0,249
"10005","5","SIC_0G57","29","0",1981,"2","","Sussex County, Delaware","Private","SIC 57 Furniture and Homefurnishings Stores","County, 2-digit SIC -- by ownership sector","All establishment sizes",50,272,261,276,747118,0,0,213
"10005","5","SIC_0G57","29","0",1981,"3","","Sussex County, Delaware","Private","SIC 57 Furniture and Homefurnishings Stores","County, 2-digit SIC -- by ownership sector","All establishment sizes",48,274,266,254,769716,0,0,223
"10005","5","SIC_0G57","29","0",1981,"4","","Sussex County, Delaware","Private","SIC 57 Furniture and Homefurnishings Stores","County, 2-digit SIC -- by ownership sector","All establishment sizes",48,253,250,253,780341,0,0,238
"10005","5","SIC_0G58","29","0",1981,"1","","Sussex County, Delaware","Private","SIC 58 Eating and Drinking Places","County, 2-digit SIC -- by ownership sector","All establishment sizes",107,1422,1335,1388,1714539,0,0,95
"10005","5","SIC_0G58","29","0",1981,"2","","Sussex County, Delaware","Private","SIC 58 Eating and Drinking Places","County, 2-digit SIC -- by ownership sector","All establishment sizes",160,2043,2675,3434,3099504,0,0,87
"10005","5","SIC_0G58","29","0",1981,"3","","Sussex County, Delaware","Private","SIC 58 Eating and Drinking Places","County, 2-digit SIC -- by ownership sector","All establishment sizes",167,3594,3811,3288,4886143,0,0,105
"10005","5","SIC_0G58","29","0",1981,"4","","Sussex County, Delaware","Private","SIC 58 Eating and Drinking Places","County, 2-digit SIC -- by ownership sector","All establishment sizes",137,2039,1739,1643,2310688,0,0,98
"10005","5","SIC_0G59","29","0",1981,"1","","Sussex County, Delaware","Private","SIC 59 Miscellaneous Retail","County, 2-digit SIC -- by ownership sector","All establishment sizes",148,766,764,775,1603180,0,0,160
"10005","5","SIC_0G59","29","0",1981,"2","","Sussex County, Delaware","Private","SIC 59 Miscellaneous Retail","County, 2-digit SIC -- by ownership sector","All establishment sizes",168,789,845,897,1674241,0,0,152
"10005","5","SIC_0G59","29","0",1981,"3","","Sussex County, Delaware","Private","SIC 59 Miscellaneous Retail","County, 2-digit SIC -- by ownership sector","All establishment sizes",173,893,888,841,1851032,0,0,162
"10005","5","SIC_0G59","29","0",1981,"4","","Sussex County, Delaware","Private","SIC 59 Miscellaneous Retail","County, 2-digit SIC -- by ownership sector","All establishment sizes",160,849,830,838,1935516,0,0,177
"10005","5","SIC_0H","28","0",1981,"1","N","Sussex County, Delaware","Private","Finance, Insurance, and Real Estate Division","County, Industry Division -- by ownership sector","All establishment sizes",0,0,0,0,0,0,0,0
"10005","5","SIC_0H","28","0",1981,"2","N","Sussex County, Delaware","Private","Finance, Insurance, and Real Estate Division","County, Industry Division -- by ownership sector","All establishment sizes",0,0,0,0,0,0,0,0
"10005","5","SIC_0H","28","0",1981,"3","N","Sussex County, Delaware","Private","Finance, Insurance, and Real Estate Division","County, Industry Division -- by ownership sector","All establishment sizes",0,0,0,0,0,0,0,0
"10005","5","SIC_0H","28","0",1981,"4","N","Sussex County, Delaware","Private","Finance, Insurance, and Real Estate Division","County, Industry Division -- by ownership sector","All establishment sizes",0,0,0,0,0,0,0,0
"10005","5","SIC_0H60","29","0",1981,"1","","Sussex County, Delaware","Private","SIC 60 Depository Institutions","County, 2-digit SIC -- by ownership sector","All establishment sizes",8,326,325,320,972585,0,0,231
"10005","5","SIC_0H60","29","0",1981,"2","","Sussex County, Delaware","Private","SIC 60 Depository Institutions","County, 2-digit SIC -- by ownership sector","All establishment sizes",8,320,329,341,950372,0,0,221
"10005","5","SIC_0H60","29","0",1981,"3","","Sussex County, Delaware","Private","SIC 60 Depository Institutions","County, 2-digit SIC -- by ownership sector","All establishment sizes",8,340,336,330,982646,0,0,225
"10005","5","SIC_0H60","29","0",1981,"4","","Sussex County, Delaware","Private","SIC 60 Depository Institutions","County, 2-digit SIC -- by ownership sector","All establishment sizes",8,329,334,332,1133431,0,0,262
"10005","5","SIC_0H61","29","0",1981,"1","N","Sussex County, Delaware","Private","SIC 61 Nondepository Institutions","County, 2-digit SIC -- by ownership sector","All establishment sizes",0,0,0,0,0,0,0,0
"10005","5","SIC_0H61","29","0",1981,"2","N","Sussex County, Delaware","Private","SIC 61 Nondepository Institutions","County, 2-digit SIC -- by ownership sector","All establishment sizes",0,0,0,0,0,0,0,0
"10005","5","SIC_0H61","29","0",1981,"3","N","Sussex County, Delaware","Private","SIC 61 Nondepository Institutions","County, 2-digit SIC -- by ownership sector","All establishment sizes",0,0,0,0,0,0,0,0
"10005","5","SIC_0H61","29","0",1981,"4","N","Sussex County, Delaware","Private","SIC 61 Nondepository Institutions","County, 2-digit SIC -- by ownership sector","All establishment sizes",0,0,0,0,0,0,0,0
"10005","5","SIC_0H62","29","0",1981,"1","N","Sussex County, Delaware","Private","SIC 62 Security and Commodity Brokers","County, 2-digit SIC -- by ownership sector","All establishment sizes",0,0,0,0,0,0,0,0
"10005","5","SIC_0H62","29","0",1981,"2","N","Sussex County, Delaware","Private","SIC 62 Security and Commodity Brokers","County, 2-digit SIC -- by ownership sector","All establishment sizes",0,0,0,0,0,0,0,0
"10005","5","SIC_0H62","29","0",1981,"3","N","Sussex County, Delaware","Private","SIC 62 Security and Commodity Brokers","County, 2-digit SIC -- by ownership sector","All establishment sizes",0,0,0,0,0,0,0,0
"10005","5","SIC_0H62","29","0",1981,"4","N","Sussex County, Delaware","Private","SIC 62 Security and Commodity Brokers","County, 2-digit SIC -- by ownership sector","All establishment sizes",0,0,0,0,0,0,0,0
"10005","5","SIC_0H63","29","0",1981,"1","","Sussex County, Delaware","Private","SIC 63 Insurance Carriers","County, 2-digit SIC -- by ownership sector","All establishment sizes",7,26,27,25,87340,0,0,258
"10005","5","SIC_0H63","29","0",1981,"2","","Sussex County, Delaware","Private","SIC 63 Insurance Carriers","County, 2-digit SIC -- by ownership sector","All establishment sizes",7,24,24,24,90978,0,0,291
"10005","5","SIC_0H63","29","0",1981,"3","","Sussex County, Delaware","Private","SIC 63 Insurance Carriers","County, 2-digit SIC -- by ownership sector","All establishment sizes",7,24,24,24,87392,0,0,280
"10005","5","SIC_0H63","29","0",1981,"4","","Sussex County, Delaware","Private","SIC 63 Insurance Carriers","County, 2-digit SIC -- by ownership sector","All establishment sizes",7,24,24,25,99815,0,0,315
"10005","5","SIC_0H64","29","0",1981,"1","","Sussex County, Delaware","Private","SIC 64 Insurance Agents, Brokers, and Service","County, 2-digit SIC -- by ownership sector","All establishment sizes",34,139,140,141,398138,0,0,218
"10005","5","SIC_0H64","29","0",1981,"2","","Sussex County, Delaware","Private","SIC 64 Insurance Agents, Brokers, and Service","County, 2-digit SIC -- by ownership sector","All establishment sizes",35,144,144,144,386582,0,0,206
"10005","5","SIC_0H64","29","0",1981,"3","","Sussex County, Delaware","Private","SIC 64 Insurance Agents, Brokers, and Service","County, 2-digit SIC -- by ownership sector","All establishment sizes",36,147,146,147,458319,0,0,240
"10005","5","SIC_0H64","29","0",1981,"4","","Sussex County, Delaware","Private","SIC 64 Insurance Agents, Brokers, and Service","County, 2-digit SIC -- by ownership sector","All establishment sizes",34,150,146,148,449073,0,0,233
"10005","5","SIC_0H65","29","0",1981,"1","","Sussex County, Delaware","Private","SIC 65 Real Estate","County, 2-digit SIC -- by ownership sector","All establishment sizes",82,224,233,241,683206,0,0,225
"10005","5","SIC_0H65","29","0",1981,"2","","Sussex County, Delaware","Private","SIC 65 Real Estate","County, 2-digit SIC -- by ownership sector","All establishment sizes",88,255,272,345,790582,0,0,209
"10005","5","SIC_0H65","29","0",1981,"3","","Sussex County, Delaware","Private","SIC 65 Real Estate","County, 2-digit SIC -- by ownership sector","All establishment sizes",91,354,373,320,968611,0,0,213
"10005","5","SIC_0H65","29","0",1981,"4","","Sussex County, Delaware","Private","SIC 65 Real Estate","County, 2-digit SIC -- by ownership sector","All establishment sizes",84,278,248,251,915660,0,0,271
"10005","5","SIC_0H66","29","0",1981,"1","N","Sussex County, Delaware","Private","1972 SIC 66 Combined Real Estate, Insurance, Etc","County, 2-digit SIC -- by ownership sector","All establishment sizes",0,0,0,0,0,0,0,0
"10005","5","SIC_0H66","29","0",1981,"2","N","Sussex County, Delaware","Private","1972 SIC 66 Combined Real Estate, Insurance, Etc","County, 2-digit SIC -- by ownership sector","All establishment sizes",0,0,0,0,0,0,0,0
"10005","5","SIC_0H66","29","0",1981,"3","N","Sussex County, Delaware","Private","1972 SIC 66 Combined Real Estate, Insurance, Etc","County, 2-digit SIC -- by ownership sector","All establishment sizes",0,0,0,0,0,0,0,0
"10005","5","SIC_0H66","29","0",1981,"4","N","Sussex County, Delaware","Private","1972 SIC 66 Combined Real Estate, Insurance, Etc","County, 2-digit SIC -- by ownership sector","All establishment sizes",0,0,0,0,0,0,0,0
"10005","5","SIC_0H67","29","0",1981,"1","N","Sussex County, Delaware","Private","SIC 67 Holding and Other Investment Offices","County, 2-digit SIC -- by ownership sector","All establishment sizes",0,0,0,0,0,0,0,0
"10005","5","SIC_0H67","29","0",1981,"2","N","Sussex County, Delaware","Private","SIC 67 Holding and Other Investment Offices","County, 2-digit SIC -- by ownership sector","All establishment sizes",0,0,0,0,0,0,0,0
"10005","5","SIC_0H67","29","0",1981,"3","N","Sussex County, Delaware","Private","SIC 67 Holding and Other Investment Offices","County, 2-digit SIC -- by ownership sector","All establishment sizes",0,0,0,0,0,0,0,0
"10005","5","SIC_0H67","29","0",1981,"4","N","Sussex County, Delaware","Private","SIC 67 Holding and Other Investment Offices","County, 2-digit SIC -- by ownership sector","All establishment sizes",0,0,0,0,0,0,0,0
"10005","5","SIC_0I","28","0",1981,"1","","Sussex County, Delaware","Private","Services Division","County, Industry Division -- by ownership sector","All establishment sizes",451,3946,4008,4063,10415742,0,0,200
"10005","5","SIC_0I","28","0",1981,"2","","Sussex County, Delaware","Private","Services Division","County, Industry Division -- by ownership sector","All establishment sizes",507,4206,4406,4781,11674941,0,0,201
"10005","5","SIC_0I","28","0",1981,"3","","Sussex County, Delaware","Private","Services Division","County, Industry Division -- by ownership sector","All establishment sizes",517,4956,4987,4732,12860139,0,0,202
"10005","5","SIC_0I","28","0",1981,"4","","Sussex County, Delaware","Private","Services Division","County, Industry Division -- by ownership sector","All establishment sizes",509,4456,4321,4326,12293337,0,0,216
"10005","5","SIC_0I70","29","0",1981,"1","","Sussex County, Delaware","Private","SIC 70 Hotels and Other Lodging Places","County, 2-digit SIC -- by ownership sector","All establishment sizes",31,70,79,87,120298,0,0,117
"10005","5","SIC_0I70","29","0",1981,"2","","Sussex County, Delaware","Private","SIC 70 Hotels and Other Lodging Places","County, 2-digit SIC -- by ownership sector","All establishment sizes",53,170,283,405,461975,0,0,124
"10005","5","SIC_0I70","29","0",1981,"3","","Sussex County, Delaware","Private","SIC 70 Hotels and Other Lodging Places","County, 2-digit SIC -- by ownership sector","All establishment sizes",57,455,469,388,744797,0,0,131
"10005","5","SIC_0I70","29","0",1981,"4","","Sussex County, Delaware","Private","SIC 70 Hotels and Other Lodging Places","County, 2-digit SIC -- by ownership sector","All establishment sizes",51,241,134,101,291938,0,0,141
"10005","5","SIC_0I72","29","0",1981,"1","N","Sussex County, Delaware","Private","SIC 72 Personal Services","County, 2-digit SIC -- by ownership sector","All establishment sizes",0,0,0,0,0,0,0,0
"10005","5","SIC_0I72","29","0",1981,"2","N","Sussex County, Delaware","Private","SIC 72 Personal Services","County, 2-digit SIC -- by ownership sector","All establishment sizes",0,0,0,0,0,0,0,0
"10005","5","SIC_0I72","29","0",1981,"3","N","Sussex County, Delaware","Private","SIC 72 Personal Services","County, 2-digit SIC -- by ownership sector","All establishment sizes",0,0,0,0,0,0,0,0
"10005","5","SIC_0I72","29","0",1981,"4","N","Sussex County, Delaware","Private","SIC 72 Personal Services","County, 2-digit SIC -- by ownership sector","All establishment sizes",0,0,0,0,0,0,0,0
"10005","5","SIC_0I73","29","0",1981,"1","","Sussex County, Delaware","Private","SIC 73 Business Services","County, 2-digit SIC -- by ownership sector","All establishment sizes",35,310,320,328,665908,0,0,160
"10005","5","SIC_0I73","29","0",1981,"2","","Sussex County, Delaware","Private","SIC 73 Business Services","County, 2-digit SIC -- by ownership sector","All establishment sizes",40,350,375,396,859148,0,0,176
"10005","5","SIC_0I73","29","0",1981,"3","","Sussex County, Delaware","Private","SIC 73 Business Services","County, 2-digit SIC -- by ownership sector","All establishment sizes",43,485,497,553,1014770,0,0,152
"10005","5","SIC_0I73","29","0",1981,"4","","Sussex County, Delaware","Private","SIC 73 Business Services","County, 2-digit SIC -- by ownership sector","All establishment sizes",42,485,493,514,1129683,0,0,174
"10005","5","SIC_0I75","29","0",1981,"1","N","Sussex County, Delaware","Private","SIC 75 Auto Repair, Services, and Parking","County, 2-digit SIC -- by ownership sector","All establishment sizes",0,0,0,0,0,0,0,0
"10005","5","SIC_0I75","29","0",1981,"2","N","Sussex County, Delaware","Private","SIC 75 Auto Repair, Services, and Parking","County, 2-digit SIC -- by ownership sector","All establishment sizes",0,0,0,0,0,0,0,0
"10005","5","SIC_0I75","29","0",1981,"3","N","Sussex County, Delaware","Private","SIC 75 Auto Repair, Services, and Parking","County, 2-digit SIC -- by ownership sector","All establishment sizes",0,0,0,0,0,0,0,0
"10005","5","SIC_0I75","29","0",1981,"4","N","Sussex County, Delaware","Private","SIC 75 Auto Repair, Services, and Parking","County, 2-digit SIC -- by ownership sector","All establishment sizes",0,0,0,0,0,0,0,0
"10005","5","SIC_0I76","29","0",1981,"1","","Sussex County, Delaware","Private","SIC 76 Miscellaneous Repair Services","County, 2-digit SIC -- by ownership sector","All establishment sizes",24,67,68,70,168298,0,0,189
"10005","5","SIC_0I76","29","0",1981,"2","","Sussex County, Delaware","Private","SIC 76 Miscellaneous Repair Services","County, 2-digit SIC -- by ownership sector","All establishment sizes",27,72,74,80,188527,0,0,192
"10005","5","SIC_0I76","29","0",1981,"3","","Sussex County, Delaware","Private","SIC 76 Miscellaneous Repair Services","County, 2-digit SIC -- by ownership sector","All establishment sizes",29,87,92,86,222754,0,0,193
"10005","5","SIC_0I76","29","0",1981,"4","","Sussex County, Delaware","Private","SIC 76 Miscellaneous Repair Services","County, 2-digit SIC -- by ownership sector","All establishment sizes",29,83,84,86,229272,0,0,209
"10005","5","SIC_0I78","29","0",1981,"1","N","Sussex County, Delaware","Private","SIC 78 Motion Pictures","County, 2-digit SIC -- by ownership sector","All establishment sizes",0,0,0,0,0,0,0,0
"10005","5","SIC_0I78","29","0",1981,"2","N","Sussex County, Delaware","Private","SIC 78 Motion Pictures","County, 2-digit SIC -- by ownership sector","All establishment sizes",0,0,0,0,0,0,0,0
"10005","5","SIC_0I78","29","0",1981,"3","N","Sussex County, Delaware","Private","SIC 78 Motion Pictures","County, 2-digit SIC -- by ownership sector","All establishment sizes",0,0,0,0,0,0,0,0
"10005","5","SIC_0I78","29","0",1981,"4","N","Sussex County, Delaware","Private","SIC 78 Motion Pictures","County, 2-digit SIC -- by ownership sector","All establishment sizes",0,0,0,0,0,0,0,0
"10005","5","SIC_0I79","29","0",1981,"1","N","Sussex County, Delaware","Private","SIC 79 Amusement and Recreation Services","County, 2-digit SIC -- by ownership sector","All establishment sizes",0,0,0,0,0,0,0,0
"10005","5","SIC_0I79","29","0",1981,"2","","Sussex County, Delaware","Private","SIC 79 Amusement and Recreation Services","County, 2-digit SIC -- by ownership sector","All establishment sizes",38,201,259,384,522488,0,0,142
"10005","5","SIC_0I79","29","0",1981,"3","N","Sussex County, Delaware","Private","SIC 79 Amusement and Recreation Services","County, 2-digit SIC -- by ownership sector","All establishment sizes",0,0,0,0,0,0,0,0
"10005","5","SIC_0I79","29","0",1981,"4","N","Sussex County, Delaware","Private","SIC 79 Amusement and Recreation Services","County, 2-digit SIC -- by ownership sector","All establishment sizes",0,0,0,0,0,0,0,0
"10005","5","SIC_0I80","29","0",1981,"1","","Sussex County, Delaware","Private","SIC 80 Health Services","County, 2-digit SIC -- by ownership sector","All establishment sizes",104,1964,1983,2006,6254636,0,0,242
"10005","5","SIC_0I80","29","0",1981,"2","","Sussex County, Delaware","Private","SIC 80 Health Services","County, 2-digit SIC -- by ownership sector","All establishment sizes",105,1969,1981,2065,6447182,0,0,247
"10005","5","SIC_0I80","29","0",1981,"3","","Sussex County, Delaware","Private","SIC 80 Health Services","County, 2-digit SIC -- by ownership sector","All establishment sizes",111,2143,2149,2124,7166366,0,0,257
"10005","5","SIC_0I80","29","0",1981,"4","","Sussex County, Delaware","Private","SIC 80 Health Services","County, 2-digit SIC -- by ownership sector","All establishment sizes",109,2131,2142,2148,7080049,0,0,254
"10005","5","SIC_0I81","29","0",1981,"1","","Sussex County, Delaware","Private","SIC 81 Legal Services","County, 2-digit SIC -- by ownership sector","All establishment sizes",22,139,136,133,439958,0,0,248
"10005","5","SIC_0I81","29","0",1981,"2","","Sussex County, Delaware","Private","SIC 81 Legal Services","County, 2-digit SIC -- by ownership sector","All establishment sizes",22,137,138,140,573902,0,0,319
"10005","5","SIC_0I81","29","0",1981,"3","","Sussex County, Delaware","Private","SIC 81 Legal Services","County, 2-digit SIC -- by ownership sector","All establishment sizes",20,136,140,137,464741,0,0,259
"10005","5","SIC_0I81","29","0",1981,"4","","Sussex County, Delaware","Private","SIC 81 Legal Services","County, 2-digit SIC -- by ownership sector","All establishment sizes",22,138,144,143,586320,0,0,318
"10005","5","SIC_0I82","29","0",1981,"1","N","Sussex County, Delaware","Private","SIC 82 Educational Services","County, 2-digit SIC -- by ownership sector","All establishment sizes",0,0,0,0,0,0,0,0
"10005","5","SIC_0I82","29","0",1981,"2","N","Sussex County, Delaware","Private","SIC 82 Educational Services","County, 2-digit SIC -- by ownership sector","All establishment sizes",0,0,0,0,0,0,0,0
"10005","5","SIC_0I82","29","0",1981,"3","N","Sussex County, Delaware","Private","SIC 82 Educational Services","County, 2-digit SIC -- by ownership sector","All establishment sizes",0,0,0,0,0,0,0,0
"10005","5","SIC_0I82","29","0",1981,"4","N","Sussex County, Delaware","Private","SIC 82 Educational Services","County, 2-digit SIC -- by ownership sector","All establishment sizes",0,0,0,0,0,0,0,0
"10005","5","SIC_0I83","29","0",1981,"1","","Sussex County, Delaware","Private","SIC 83 Social Services","County, 2-digit SIC -- by ownership sector","All establishment sizes",23,538,542,538,849851,0,0,121
"10005","5","SIC_0I83","29","0",1981,"2","","Sussex County, Delaware","Private","SIC 83 Social Services","County, 2-digit SIC -- by ownership sector","All establishment sizes",23,556,553,551,920583,0,0,127
"10005","5","SIC_0I83","29","0",1981,"3","N","Sussex County, Delaware","Private","SIC 83 Social Services","County, 2-digit SIC -- by ownership sector","All establishment sizes",0,0,0,0,0,0,0,0
"10005","5","SIC_0I83","29","0",1981,"4","","Sussex County, Delaware","Private","SIC 83 Social Services","County, 2-digit SIC -- by ownership sector","All establishment sizes",23,402,390,385,757566,0,0,148
"10005","5","SIC_0I86","29","0",1981,"1","","Sussex County, Delaware","Private","SIC 86 Membership Organizations","County, 2-digit SIC -- by ownership sector","All establishment sizes",21,51,53,59,111503,0,0,157
"10005","5","SIC_0I86","29","0",1981,"2","","Sussex County, Delaware","Private","SIC 86 Membership Organizations","County, 2-digit SIC -- by ownership sector","All establishment sizes",20,52,55,63,118331,0,0,160
"10005","5","SIC_0I86","29","0",1981,"3","","Sussex County, Delaware","Private","SIC 86 Membership Organizations","County, 2-digit SIC -- by ownership sector","All establishment sizes",20,68,69,58,140386,0,0,166
"10005","5","SIC_0I86","29","0",1981,"4","N","Sussex County, Delaware","Private","SIC 86 Membership Organizations","County, 2-digit SIC -- by ownership sector","All establishment sizes",0,0,0,0,0,0,0,0
"10005","5","SIC_0I88","29","0",1981,"1","","Sussex County, Delaware","Private","SIC 88 Private Households","County, 2-digit SIC -- by ownership sector","All establishment sizes",36,65,64,66,93899,0,0,111
"10005","5","SIC_0I88","29","0",1981,"2","","Sussex County, Delaware","Private","SIC 88 Private Households","County, 2-digit SIC -- by ownership sector","All establishment sizes",35,72,73,72,101818,0,0,108
"10005","5","SIC_0I88","29","0",1981,"3","","Sussex County, Delaware","Private","SIC 88 Private Households","County, 2-digit SIC -- by ownership sector","All establishment sizes",35,83,85,77,103938,0,0,97
"10005","5","SIC_0I88","29","0",1981,"4","N","Sussex County, Delaware","Private","SIC 88 Private Households","County, 2-digit SIC -- by ownership sector","All establishment sizes",0,0,0,0,0,0,0,0
"10005","5","SIC_0I89","29","0",1981,"1","","Sussex County, Delaware","Private","SIC 89 Services, Nec","County, 2-digit SIC -- by ownership sector","All establishment sizes",26,190,195,201,690319,0,0,271
"10005","5","SIC_0I89","29","0",1981,"2","","Sussex County, Delaware","Private","SIC 89 Services, Nec","County, 2-digit SIC -- by ownership sector","All establishment sizes",27,188,180,172,682582,0,0,291
"10005","5","SIC_0I89","29","0",1981,"3","","Sussex County, Delaware","Private","SIC 89 Services, Nec","County, 2-digit SIC -- by ownership sector","All establishment sizes",27,177,172,167,628219,0,0,280
"10005","5","SIC_0I89","29","0",1981,"4","","Sussex County, Delaware","Private","SIC 89 Services, Nec","County, 2-digit SIC -- by ownership sector","All establishment sizes",25,181,180,187,663389,0,0,279
"10005","5","SIC_0K","28","0",1981,"1","N","Sussex County, Delaware","Private","Nonclassifiable Establishments","County, Industry Division -- by ownership sector","All establishment sizes",0,0,0,0,0,0,0,0
"10005","5","SIC_0K","28","0",1981,"2","N","Sussex County, Delaware","Private","Nonclassifiable Establishments","County, Industry Division -- by ownership sector","All establishment sizes",0,0,0,0,0,0,0,0
"10005","5","SIC_0K","28","0",1981,"3","N","Sussex County, Delaware","Private","Nonclassifiable Establishments","County, Industry Division -- by ownership sector","All establishment sizes",0,0,0,0,0,0,0,0
"10005","5","SIC_0K","28","0",1981,"4","N","Sussex County, Delaware","Private","Nonclassifiable Establishments","County, Industry Division -- by ownership sector","All establishment sizes",0,0,0,0,0,0,0,0
"10005","5","SIC_0K99","29","0",1981,"1","N","Sussex County, Delaware","Private","SIC 99 Nonclassifiable Establishments","County, 2-digit SIC -- by ownership sector","All establishment sizes",0,0,0,0,0,0,0,0
"10005","5","SIC_0K99","29","0",1981,"2","N","Sussex County, Delaware","Private","SIC 99 Nonclassifiable Establishments","County, 2-digit SIC -- by ownership sector","All establishment sizes",0,0,0,0,0,0,0,0
"10005","5","SIC_0K99","29","0",1981,"3","N","Sussex County, Delaware","Private","SIC 99 Nonclassifiable Establishments","County, 2-digit SIC -- by ownership sector","All establishment sizes",0,0,0,0,0,0,0,0
"10005","5","SIC_0K99","29","0",1981,"4","N","Sussex County, Delaware","Private","SIC 99 Nonclassifiable Establishments","County, 2-digit SIC -- by ownership sector","All establishment sizes",0,0,0,0,0,0,0,0
