"area_fips","own_code","industry_code","agglvl_code","size_code","year","qtr","disclosure_code","area_title","own_title","industry_title","agglvl_title","size_title","qtrly_estabs_count","month1_emplvl","month2_emplvl","month3_emplvl","total_qtrly_wages","taxable_qtrly_wages","qtrly_contributions","avg_wkly_wage"
"13045","0","SIC_0Z","26","0",1981,"1","","Carroll County, Georgia","Total Covered","All Industries","County, Total Covered","All establishment sizes",900,20216,20275,20362,56994383,0,0,216
"13045","0","SIC_0Z","26","0",1981,"2","","Carroll County, Georgia","Total Covered","All Industries","County, Total Covered","All establishment sizes",895,20798,20709,20656,62372536,0,0,231
"13045","0","SIC_0Z","26","0",1981,"3","","Carroll County, Georgia","Total Covered","All Industries","County, Total Covered","All establishment sizes",901,20460,20529,20962,59552787,0,0,221
"13045","0","SIC_0Z","26","0",1981,"4","","Carroll County, Georgia","Total Covered","All Industries","County, Total Covered","All establishment sizes",884,20963,20891,20598,65636508,0,0,242
"13045","1","SIC_0Z","27","0",1981,"1","","Carroll County, Georgia","Federal Government","All Industries","County, Total -- by ownership sector","All establishment sizes",9,146,139,141,708497,0,0,383
"13045","1","SIC_0Z","27","0",1981,"2","","Carroll County, Georgia","Federal Government","All Industries","County, Total -- by ownership sector","All establishment sizes",9,142,140,148,651956,0,0,349
"13045","1","SIC_0Z","27","0",1981,"3","","Carroll County, Georgia","Federal Government","All Industries","County, Total -- by ownership sector","All establishment sizes",8,142,144,145,733250,0,0,392
"13045","1","SIC_0Z","27","0",1981,"4","","Carroll County, Georgia","Federal Government","All Industries","County, Total -- by ownership sector","All establishment sizes",9,145,144,145,763798,0,0,406
"13045","1","SIC_0E","28","0",1981,"1","","Carroll County, Georgia","Federal Government","Transportation and Public Utilities Division","County, Industry Division -- by ownership sector","All establishment sizes",3,93,90,92,458664,0,0,384
"13045","1","SIC_0E","28","0",1981,"2","","Carroll County, Georgia","Federal Government","Transportation and Public Utilities Division","County, Industry Division -- by ownership sector","All establishment sizes",3,89,89,95,388332,0,0,328
"13045","1","SIC_0E","28","0",1981,"3","","Carroll County, Georgia","Federal Government","Transportation and Public Utilities Division","County, Industry Division -- by ownership sector","All establishment sizes",3,93,94,94,494309,0,0,405
"13045","1","SIC_0E","28","0",1981,"4","","Carroll County, Georgia","Federal Government","Transportation and Public Utilities Division","County, Industry Division -- by ownership sector","All establishment sizes",3,93,92,93,478818,0,0,397
"13045","1","SIC_0E43","29","0",1981,"1","","Carroll County, Georgia","Federal Government","SIC 43 U.S. Postal Service","County, 2-digit SIC -- by ownership sector","All establishment sizes",3,93,90,92,458664,0,0,384
"13045","1","SIC_0E43","29","0",1981,"2","","Carroll County, Georgia","Federal Government","SIC 43 U.S. Postal Service","County, 2-digit SIC -- by ownership sector","All establishment sizes",3,89,89,95,388332,0,0,328
"13045","1","SIC_0E43","29","0",1981,"3","","Carroll County, Georgia","Federal Government","SIC 43 U.S. Postal Service","County, 2-digit SIC -- by ownership sector","All establishment sizes",3,93,94,94,494309,0,0,405
"13045","1","SIC_0E43","29","0",1981,"4","","Carroll County, Georgia","Federal Government","SIC 43 U.S. Postal Service","County, 2-digit SIC -- by ownership sector","All establishment sizes",3,93,92,93,478818,0,0,397
"13045","1","SIC_0H","28","0",1981,"1","","Carroll County, Georgia","Federal Government","Finance, Insurance, and Real Estate Division","County, Industry Division -- by ownership sector","All establishment sizes",1,5,2,2,10472,0,0,268
"13045","1","SIC_0H","28","0",1981,"2","","Carroll County, Georgia","Federal Government","Finance, Insurance, and Real Estate Division","County, Industry Division -- by ownership sector","All establishment sizes",1,5,4,3,13893,0,0,267
"13045","1","SIC_0H","28","0",1981,"3","","Carroll County, Georgia","Federal Government","Finance, Insurance, and Real Estate Division","County, Industry Division -- by ownership sector","All establishment sizes",0,0,0,0,0,0,0,0
"13045","1","SIC_0H","28","0",1981,"4","","Carroll County, Georgia","Federal Government","Finance, Insurance, and Real Estate Division","County, Industry Division -- by ownership sector","All establishment sizes",1,3,3,3,15361,0,0,393
"13045","1","SIC_0H61","29","0",1981,"1","","Carroll County, Georgia","Federal Government","SIC 61 Nondepository Institutions","County, 2-digit SIC -- by ownership sector","All establishment sizes",1,5,2,2,10472,0,0,268
"13045","1","SIC_0H61","29","0",1981,"2","","Carroll County, Georgia","Federal Government","SIC 61 Nondepository Institutions","County, 2-digit SIC -- by ownership sector","All establishment sizes",1,5,4,3,13893,0,0,267
"13045","1","SIC_0H61","29","0",1981,"3","","Carroll County, Georgia","Federal Government","SIC 61 Nondepository Institutions","County, 2-digit SIC -- by ownership sector","All establishment sizes",0,0,0,0,0,0,0,0
"13045","1","SIC_0H61","29","0",1981,"4","","Carroll County, Georgia","Federal Government","SIC 61 Nondepository Institutions","County, 2-digit SIC -- by ownership sector","All establishment sizes",1,3,3,3,15361,0,0,393
"13045","1","SIC_0J","28","0",1981,"1","","Carroll County, Georgia","Federal Government","Public Administration Division","County, Industry Division -- by ownership sector","All establishment sizes",5,48,47,47,239361,0,0,388
"13045","1","SIC_0J","28","0",1981,"2","","Carroll County, Georgia","Federal Government","Public Administration Division","County, Industry Division -- by ownership sector","All establishment sizes",5,48,47,50,249731,0,0,397
"13045","1","SIC_0J","28","0",1981,"3","","Carroll County, Georgia","Federal Government","Public Administration Division","County, Industry Division -- by ownership sector","All establishment sizes",5,49,50,51,238941,0,0,367
"13045","1","SIC_0J","28","0",1981,"4","","Carroll County, Georgia","Federal Government","Public Administration Division","County, Industry Division -- by ownership sector","All establishment sizes",5,49,49,49,269619,0,0,423
"13045","1","SIC_0J94","29","0",1981,"1","","Carroll County, Georgia","Federal Government","SIC 94 Administration of Human Resources","County, 2-digit SIC -- by ownership sector","All establishment sizes",1,14,14,13,71521,0,0,402
"13045","1","SIC_0J94","29","0",1981,"2","","Carroll County, Georgia","Federal Government","SIC 94 Administration of Human Resources","County, 2-digit SIC -- by ownership sector","All establishment sizes",1,13,14,14,51457,0,0,289
"13045","1","SIC_0J94","29","0",1981,"3","","Carroll County, Georgia","Federal Government","SIC 94 Administration of Human Resources","County, 2-digit SIC -- by ownership sector","All establishment sizes",1,14,14,14,62577,0,0,343
"13045","1","SIC_0J94","29","0",1981,"4","","Carroll County, Georgia","Federal Government","SIC 94 Administration of Human Resources","County, 2-digit SIC -- by ownership sector","All establishment sizes",1,13,13,13,52768,0,0,312
"13045","1","SIC_0J95","29","0",1981,"1","","Carroll County, Georgia","Federal Government","SIC 95 Environmental Quality and Housing","County, 2-digit SIC -- by ownership sector","All establishment sizes",2,11,11,11,58300,0,0,407
"13045","1","SIC_0J95","29","0",1981,"2","","Carroll County, Georgia","Federal Government","SIC 95 Environmental Quality and Housing","County, 2-digit SIC -- by ownership sector","All establishment sizes",2,12,11,12,68069,0,0,448
"13045","1","SIC_0J95","29","0",1981,"3","","Carroll County, Georgia","Federal Government","SIC 95 Environmental Quality and Housing","County, 2-digit SIC -- by ownership sector","All establishment sizes",2,12,12,12,63859,0,0,409
"13045","1","SIC_0J95","29","0",1981,"4","","Carroll County, Georgia","Federal Government","SIC 95 Environmental Quality and Housing","County, 2-digit SIC -- by ownership sector","All establishment sizes",2,11,11,11,70727,0,0,494
"13045","1","SIC_0J96","29","0",1981,"1","","Carroll County, Georgia","Federal Government","SIC 96 Administration of Economic Programs","County, 2-digit SIC -- by ownership sector","All establishment sizes",2,23,22,23,109540,0,0,371
"13045","1","SIC_0J96","29","0",1981,"2","","Carroll County, Georgia","Federal Government","SIC 96 Administration of Economic Programs","County, 2-digit SIC -- by ownership sector","All establishment sizes",2,23,22,24,130205,0,0,435
"13045","1","SIC_0J96","29","0",1981,"3","","Carroll County, Georgia","Federal Government","SIC 96 Administration of Economic Programs","County, 2-digit SIC -- by ownership sector","All establishment sizes",2,23,24,25,112505,0,0,360
"13045","1","SIC_0J96","29","0",1981,"4","","Carroll County, Georgia","Federal Government","SIC 96 Administration of Economic Programs","County, 2-digit SIC -- by ownership sector","All establishment sizes",2,25,25,25,146124,0,0,449
"13045","2","SIC_0Z","27","0",1981,"1","","Carroll County, Georgia","State Government","All Industries","County, Total -- by ownership sector","All establishment sizes",18,891,882,888,3213288,0,0,278
"13045","2","SIC_0Z","27","0",1981,"2","","Carroll County, Georgia","State Government","All Industries","County, Total -- by ownership sector","All establishment sizes",19,913,897,940,4036821,0,0,338
"13045","2","SIC_0Z","27","0",1981,"3","","Carroll County, Georgia","State Government","All Industries","County, Total -- by ownership sector","All establishment sizes",19,807,818,902,3238915,0,0,295
"13045","2","SIC_0Z","27","0",1981,"4","","Carroll County, Georgia","State Government","All Industries","County, Total -- by ownership sector","All establishment sizes",17,935,904,903,3639974,0,0,306
"13045","2","SIC_0A","28","0",1981,"1","N","Carroll County, Georgia","State Government","Agriculture, Forestry, and Fishing Division","County, Industry Division -- by ownership sector","All establishment sizes",0,0,0,0,0,0,0,0
"13045","2","SIC_0A","28","0",1981,"2","N","Carroll County, Georgia","State Government","Agriculture, Forestry, and Fishing Division","County, Industry Division -- by ownership sector","All establishment sizes",0,0,0,0,0,0,0,0
"13045","2","SIC_0A","28","0",1981,"3","N","Carroll County, Georgia","State Government","Agriculture, Forestry, and Fishing Division","County, Industry Division -- by ownership sector","All establishment sizes",0,0,0,0,0,0,0,0
"13045","2","SIC_0A","28","0",1981,"4","N","Carroll County, Georgia","State Government","Agriculture, Forestry, and Fishing Division","County, Industry Division -- by ownership sector","All establishment sizes",0,0,0,0,0,0,0,0
"13045","2","SIC_0A08","29","0",1981,"1","N","Carroll County, Georgia","State Government","SIC 08 Forestry","County, 2-digit SIC -- by ownership sector","All establishment sizes",0,0,0,0,0,0,0,0
"13045","2","SIC_0A08","29","0",1981,"2","N","Carroll County, Georgia","State Government","SIC 08 Forestry","County, 2-digit SIC -- by ownership sector","All establishment sizes",0,0,0,0,0,0,0,0
"13045","2","SIC_0A08","29","0",1981,"3","N","Carroll County, Georgia","State Government","SIC 08 Forestry","County, 2-digit SIC -- by ownership sector","All establishment sizes",0,0,0,0,0,0,0,0
"13045","2","SIC_0A08","29","0",1981,"4","N","Carroll County, Georgia","State Government","SIC 08 Forestry","County, 2-digit SIC -- by ownership sector","All establishment sizes",0,0,0,0,0,0,0,0
"13045","2","SIC_0C","28","0",1981,"1","N","Carroll County, Georgia","State Government","Construction Division","County, Industry Division -- by ownership sector","All establishment sizes",0,0,0,0,0,0,0,0
"13045","2","SIC_0C","28","0",1981,"2","N","Carroll County, Georgia","State Government","Construction Division","County, Industry Division -- by ownership sector","All establishment sizes",0,0,0,0,0,0,0,0
"13045","2","SIC_0C","28","0",1981,"3","N","Carroll County, Georgia","State Government","Construction Division","County, Industry Division -- by ownership sector","All establishment sizes",0,0,0,0,0,0,0,0
"13045","2","SIC_0C","28","0",1981,"4","N","Carroll County, Georgia","State Government","Construction Division","County, Industry Division -- by ownership sector","All establishment sizes",0,0,0,0,0,0,0,0
"13045","2","SIC_0C16","29","0",1981,"1","N","Carroll County, Georgia","State Government","SIC 16 Heavy Construction, ex. Building","County, 2-digit SIC -- by ownership sector","All establishment sizes",0,0,0,0,0,0,0,0
"13045","2","SIC_0C16","29","0",1981,"2","N","Carroll County, Georgia","State Government","SIC 16 Heavy Construction, ex. Building","County, 2-digit SIC -- by ownership sector","All establishment sizes",0,0,0,0,0,0,0,0
"13045","2","SIC_0C16","29","0",1981,"3","N","Carroll County, Georgia","State Government","SIC 16 Heavy Construction, ex. Building","County, 2-digit SIC -- by ownership sector","All establishment sizes",0,0,0,0,0,0,0,0
"13045","2","SIC_0C16","29","0",1981,"4","N","Carroll County, Georgia","State Government","SIC 16 Heavy Construction, ex. Building","County, 2-digit SIC -- by ownership sector","All establishment sizes",0,0,0,0,0,0,0,0
"13045","2","SIC_0I","28","0",1981,"1","","Carroll County, Georgia","State Government","Services Division","County, Industry Division -- by ownership sector","All establishment sizes",11,800,789,795,2911920,0,0,281
"13045","2","SIC_0I","28","0",1981,"2","","Carroll County, Georgia","State Government","Services Division","County, Industry Division -- by ownership sector","All establishment sizes",11,826,811,854,3741092,0,0,346
"13045","2","SIC_0I","28","0",1981,"3","","Carroll County, Georgia","State Government","Services Division","County, Industry Division -- by ownership sector","All establishment sizes",11,722,735,824,2931586,0,0,296
"13045","2","SIC_0I","28","0",1981,"4","","Carroll County, Georgia","State Government","Services Division","County, Industry Division -- by ownership sector","All establishment sizes",11,860,834,833,3358832,0,0,306
"13045","2","SIC_0I79","29","0",1981,"1","N","Carroll County, Georgia","State Government","SIC 79 Amusement and Recreation Services","County, 2-digit SIC -- by ownership sector","All establishment sizes",0,0,0,0,0,0,0,0
"13045","2","SIC_0I79","29","0",1981,"2","N","Carroll County, Georgia","State Government","SIC 79 Amusement and Recreation Services","County, 2-digit SIC -- by ownership sector","All establishment sizes",0,0,0,0,0,0,0,0
"13045","2","SIC_0I79","29","0",1981,"3","N","Carroll County, Georgia","State Government","SIC 79 Amusement and Recreation Services","County, 2-digit SIC -- by ownership sector","All establishment sizes",0,0,0,0,0,0,0,0
"13045","2","SIC_0I79","29","0",1981,"4","N","Carroll County, Georgia","State Government","SIC 79 Amusement and Recreation Services","County, 2-digit SIC -- by ownership sector","All establishment sizes",0,0,0,0,0,0,0,0
"13045","2","SIC_0I80","29","0",1981,"1","","Carroll County, Georgia","State Government","SIC 80 Health Services","County, 2-digit SIC -- by ownership sector","All establishment sizes",3,43,43,42,114804,0,0,206
"13045","2","SIC_0I80","29","0",1981,"2","","Carroll County, Georgia","State Government","SIC 80 Health Services","County, 2-digit SIC -- by ownership sector","All establishment sizes",3,41,39,40,104332,0,0,200
"13045","2","SIC_0I80","29","0",1981,"3","","Carroll County, Georgia","State Government","SIC 80 Health Services","County, 2-digit SIC -- by ownership sector","All establishment sizes",3,43,45,43,124181,0,0,218
"13045","2","SIC_0I80","29","0",1981,"4","","Carroll County, Georgia","State Government","SIC 80 Health Services","County, 2-digit SIC -- by ownership sector","All establishment sizes",3,42,42,41,118799,0,0,219
"13045","2","SIC_0I82","29","0",1981,"1","N","Carroll County, Georgia","State Government","SIC 82 Educational Services","County, 2-digit SIC -- by ownership sector","All establishment sizes",0,0,0,0,0,0,0,0
"13045","2","SIC_0I82","29","0",1981,"2","N","Carroll County, Georgia","State Government","SIC 82 Educational Services","County, 2-digit SIC -- by ownership sector","All establishment sizes",0,0,0,0,0,0,0,0
"13045","2","SIC_0I82","29","0",1981,"3","N","Carroll County, Georgia","State Government","SIC 82 Educational Services","County, 2-digit SIC -- by ownership sector","All establishment sizes",0,0,0,0,0,0,0,0
"13045","2","SIC_0I82","29","0",1981,"4","N","Carroll County, Georgia","State Government","SIC 82 Educational Services","County, 2-digit SIC -- by ownership sector","All establishment sizes",0,0,0,0,0,0,0,0
"13045","2","SIC_0I83","29","0",1981,"1","","Carroll County, Georgia","State Government","SIC 83 Social Services","County, 2-digit SIC -- by ownership sector","All establishment sizes",5,48,48,47,160684,0,0,259
"13045","2","SIC_0I83","29","0",1981,"2","","Carroll County, Georgia","State Government","SIC 83 Social Services","County, 2-digit SIC -- by ownership sector","All establishment sizes",5,48,49,49,164712,0,0,260
"13045","2","SIC_0I83","29","0",1981,"3","","Carroll County, Georgia","State Government","SIC 83 Social Services","County, 2-digit SIC -- by ownership sector","All establishment sizes",5,49,48,47,179967,0,0,288
"13045","2","SIC_0I83","29","0",1981,"4","","Carroll County, Georgia","State Government","SIC 83 Social Services","County, 2-digit SIC -- by ownership sector","All establishment sizes",5,49,49,49,187208,0,0,293
"13045","2","SIC_0J","28","0",1981,"1","","Carroll County, Georgia","State Government","Public Administration Division","County, Industry Division -- by ownership sector","All establishment sizes",5,61,61,60,201102,0,0,254
"13045","2","SIC_0J","28","0",1981,"2","","Carroll County, Georgia","State Government","Public Administration Division","County, Industry Division -- by ownership sector","All establishment sizes",6,57,57,58,198527,0,0,266
"13045","2","SIC_0J","28","0",1981,"3","","Carroll County, Georgia","State Government","Public Administration Division","County, Industry Division -- by ownership sector","All establishment sizes",6,57,55,50,205351,0,0,292
"13045","2","SIC_0J","28","0",1981,"4","","Carroll County, Georgia","State Government","Public Administration Division","County, Industry Division -- by ownership sector","All establishment sizes",4,47,43,43,179889,0,0,312
"13045","2","SIC_0J91","29","0",1981,"1","N","Carroll County, Georgia","State Government","SIC 91 Executive, Legislative, and General","County, 2-digit SIC -- by ownership sector","All establishment sizes",0,0,0,0,0,0,0,0
"13045","2","SIC_0J91","29","0",1981,"2","N","Carroll County, Georgia","State Government","SIC 91 Executive, Legislative, and General","County, 2-digit SIC -- by ownership sector","All establishment sizes",0,0,0,0,0,0,0,0
"13045","2","SIC_0J91","29","0",1981,"3","N","Carroll County, Georgia","State Government","SIC 91 Executive, Legislative, and General","County, 2-digit SIC -- by ownership sector","All establishment sizes",0,0,0,0,0,0,0,0
"13045","2","SIC_0J91","29","0",1981,"4","N","Carroll County, Georgia","State Government","SIC 91 Executive, Legislative, and General","County, 2-digit SIC -- by ownership sector","All establishment sizes",0,0,0,0,0,0,0,0
"13045","2","SIC_0J92","29","0",1981,"1","N","Carroll County, Georgia","State Government","SIC 92 Justice, Public Order, and Safety","County, 2-digit SIC -- by ownership sector","All establishment sizes",0,0,0,0,0,0,0,0
"13045","2","SIC_0J92","29","0",1981,"2","N","Carroll County, Georgia","State Government","SIC 92 Justice, Public Order, and Safety","County, 2-digit SIC -- by ownership sector","All establishment sizes",0,0,0,0,0,0,0,0
"13045","2","SIC_0J92","29","0",1981,"3","N","Carroll County, Georgia","State Government","SIC 92 Justice, Public Order, and Safety","County, 2-digit SIC -- by ownership sector","All establishment sizes",0,0,0,0,0,0,0,0
"13045","2","SIC_0J92","29","0",1981,"4","N","Carroll County, Georgia","State Government","SIC 92 Justice, Public Order, and Safety","County, 2-digit SIC -- by ownership sector","All establishment sizes",0,0,0,0,0,0,0,0
"13045","2","SIC_0J94","29","0",1981,"1","N","Carroll County, Georgia","State Government","SIC 94 Administration of Human Resources","County, 2-digit SIC -- by ownership sector","All establishment sizes",0,0,0,0,0,0,0,0
"13045","2","SIC_0J94","29","0",1981,"2","N","Carroll County, Georgia","State Government","SIC 94 Administration of Human Resources","County, 2-digit SIC -- by ownership sector","All establishment sizes",0,0,0,0,0,0,0,0
"13045","2","SIC_0J94","29","0",1981,"3","N","Carroll County, Georgia","State Government","SIC 94 Administration of Human Resources","County, 2-digit SIC -- by ownership sector","All establishment sizes",0,0,0,0,0,0,0,0
"13045","2","SIC_0J94","29","0",1981,"4","N","Carroll County, Georgia","State Government","SIC 94 Administration of Human Resources","County, 2-digit SIC -- by ownership sector","All establishment sizes",0,0,0,0,0,0,0,0
"13045","2","SIC_0J95","29","0",1981,"1","N","Carroll County, Georgia","State Government","SIC 95 Environmental Quality and Housing","County, 2-digit SIC -- by ownership sector","All establishment sizes",0,0,0,0,0,0,0,0
"13045","2","SIC_0J95","29","0",1981,"2","N","Carroll County, Georgia","State Government","SIC 95 Environmental Quality and Housing","County, 2-digit SIC -- by ownership sector","All establishment sizes",0,0,0,0,0,0,0,0
"13045","2","SIC_0J95","29","0",1981,"3","N","Carroll County, Georgia","State Government","SIC 95 Environmental Quality and Housing","County, 2-digit SIC -- by ownership sector","All establishment sizes",0,0,0,0,0,0,0,0
"13045","2","SIC_0J95","29","0",1981,"4","","Carroll County, Georgia","State Government","SIC 95 Environmental Quality and Housing","County, 2-digit SIC -- by ownership sector","All establishment sizes",0,0,0,0,0,0,0,0
"13045","3","SIC_0Z","27","0",1981,"1","","Carroll County, Georgia","Local Government","All Industries","County, Total -- by ownership sector","All establishment sizes",31,2631,2778,2749,6704834,0,0,189
"13045","3","SIC_0Z","27","0",1981,"2","","Carroll County, Georgia","Local Government","All Industries","County, Total -- by ownership sector","All establishment sizes",30,2777,2673,2529,6626773,0,0,191
"13045","3","SIC_0Z","27","0",1981,"3","","Carroll County, Georgia","Local Government","All Industries","County, Total -- by ownership sector","All establishment sizes",28,2273,2341,2574,6603486,0,0,212
"13045","3","SIC_0Z","27","0",1981,"4","","Carroll County, Georgia","Local Government","All Industries","County, Total -- by ownership sector","All establishment sizes",28,2747,2734,2761,7171203,0,0,200
"13045","3","SIC_0A","28","0",1981,"1","N","Carroll County, Georgia","Local Government","Agriculture, Forestry, and Fishing Division","County, Industry Division -- by ownership sector","All establishment sizes",0,0,0,0,0,0,0,0
"13045","3","SIC_0A","28","0",1981,"2","N","Carroll County, Georgia","Local Government","Agriculture, Forestry, and Fishing Division","County, Industry Division -- by ownership sector","All establishment sizes",0,0,0,0,0,0,0,0
"13045","3","SIC_0A","28","0",1981,"3","N","Carroll County, Georgia","Local Government","Agriculture, Forestry, and Fishing Division","County, Industry Division -- by ownership sector","All establishment sizes",0,0,0,0,0,0,0,0
"13045","3","SIC_0A","28","0",1981,"4","N","Carroll County, Georgia","Local Government","Agriculture, Forestry, and Fishing Division","County, Industry Division -- by ownership sector","All establishment sizes",0,0,0,0,0,0,0,0
"13045","3","SIC_0A07","29","0",1981,"1","N","Carroll County, Georgia","Local Government","SIC 07 Agricultural Services","County, 2-digit SIC -- by ownership sector","All establishment sizes",0,0,0,0,0,0,0,0
"13045","3","SIC_0A07","29","0",1981,"2","N","Carroll County, Georgia","Local Government","SIC 07 Agricultural Services","County, 2-digit SIC -- by ownership sector","All establishment sizes",0,0,0,0,0,0,0,0
"13045","3","SIC_0A07","29","0",1981,"3","N","Carroll County, Georgia","Local Government","SIC 07 Agricultural Services","County, 2-digit SIC -- by ownership sector","All establishment sizes",0,0,0,0,0,0,0,0
"13045","3","SIC_0A07","29","0",1981,"4","N","Carroll County, Georgia","Local Government","SIC 07 Agricultural Services","County, 2-digit SIC -- by ownership sector","All establishment sizes",0,0,0,0,0,0,0,0
"13045","3","SIC_0C","28","0",1981,"1","N","Carroll County, Georgia","Local Government","Construction Division","County, Industry Division -- by ownership sector","All establishment sizes",0,0,0,0,0,0,0,0
"13045","3","SIC_0C","28","0",1981,"2","N","Carroll County, Georgia","Local Government","Construction Division","County, Industry Division -- by ownership sector","All establishment sizes",0,0,0,0,0,0,0,0
"13045","3","SIC_0C","28","0",1981,"3","N","Carroll County, Georgia","Local Government","Construction Division","County, Industry Division -- by ownership sector","All establishment sizes",0,0,0,0,0,0,0,0
"13045","3","SIC_0C","28","0",1981,"4","N","Carroll County, Georgia","Local Government","Construction Division","County, Industry Division -- by ownership sector","All establishment sizes",0,0,0,0,0,0,0,0
"13045","3","SIC_0C16","29","0",1981,"1","N","Carroll County, Georgia","Local Government","SIC 16 Heavy Construction, ex. Building","County, 2-digit SIC -- by ownership sector","All establishment sizes",0,0,0,0,0,0,0,0
"13045","3","SIC_0C16","29","0",1981,"2","N","Carroll County, Georgia","Local Government","SIC 16 Heavy Construction, ex. Building","County, 2-digit SIC -- by ownership sector","All establishment sizes",0,0,0,0,0,0,0,0
"13045","3","SIC_0C16","29","0",1981,"3","N","Carroll County, Georgia","Local Government","SIC 16 Heavy Construction, ex. Building","County, 2-digit SIC -- by ownership sector","All establishment sizes",0,0,0,0,0,0,0,0
"13045","3","SIC_0C16","29","0",1981,"4","N","Carroll County, Georgia","Local Government","SIC 16 Heavy Construction, ex. Building","County, 2-digit SIC -- by ownership sector","All establishment sizes",0,0,0,0,0,0,0,0
"13045","3","SIC_0E","28","0",1981,"1","","Carroll County, Georgia","Local Government","Transportation and Public Utilities Division","County, Industry Division -- by ownership sector","All establishment sizes",3,43,43,42,106601,0,0,192
"13045","3","SIC_0E","28","0",1981,"2","","Carroll County, Georgia","Local Government","Transportation and Public Utilities Division","County, Industry Division -- by ownership sector","All establishment sizes",3,42,42,40,112411,0,0,209
"13045","3","SIC_0E","28","0",1981,"3","","Carroll County, Georgia","Local Government","Transportation and Public Utilities Division","County, Industry Division -- by ownership sector","All establishment sizes",3,42,42,42,122156,0,0,223
"13045","3","SIC_0E","28","0",1981,"4","","Carroll County, Georgia","Local Government","Transportation and Public Utilities Division","County, Industry Division -- by ownership sector","All establishment sizes",3,42,41,41,134884,0,0,251
"13045","3","SIC_0E42","29","0",1981,"1","N","Carroll County, Georgia","Local Government","SIC 42 Trucking And Warehousing","County, 2-digit SIC -- by ownership sector","All establishment sizes",0,0,0,0,0,0,0,0
"13045","3","SIC_0E42","29","0",1981,"2","N","Carroll County, Georgia","Local Government","SIC 42 Trucking And Warehousing","County, 2-digit SIC -- by ownership sector","All establishment sizes",0,0,0,0,0,0,0,0
"13045","3","SIC_0E42","29","0",1981,"3","N","Carroll County, Georgia","Local Government","SIC 42 Trucking And Warehousing","County, 2-digit SIC -- by ownership sector","All establishment sizes",0,0,0,0,0,0,0,0
"13045","3","SIC_0E42","29","0",1981,"4","N","Carroll County, Georgia","Local Government","SIC 42 Trucking And Warehousing","County, 2-digit SIC -- by ownership sector","All establishment sizes",0,0,0,0,0,0,0,0
"13045","3","SIC_0E49","29","0",1981,"1","N","Carroll County, Georgia","Local Government","SIC 49 Electric, Gas, And Sanitary Services","County, 2-digit SIC -- by ownership sector","All establishment sizes",0,0,0,0,0,0,0,0
"13045","3","SIC_0E49","29","0",1981,"2","N","Carroll County, Georgia","Local Government","SIC 49 Electric, Gas, And Sanitary Services","County, 2-digit SIC -- by ownership sector","All establishment sizes",0,0,0,0,0,0,0,0
"13045","3","SIC_0E49","29","0",1981,"3","N","Carroll County, Georgia","Local Government","SIC 49 Electric, Gas, And Sanitary Services","County, 2-digit SIC -- by ownership sector","All establishment sizes",0,0,0,0,0,0,0,0
"13045","3","SIC_0E49","29","0",1981,"4","N","Carroll County, Georgia","Local Government","SIC 49 Electric, Gas, And Sanitary Services","County, 2-digit SIC -- by ownership sector","All establishment sizes",0,0,0,0,0,0,0,0
"13045","3","SIC_0H","28","0",1981,"1","","Carroll County, Georgia","Local Government","Finance, Insurance, and Real Estate Division","County, Industry Division -- by ownership sector","All establishment sizes",4,19,19,19,40294,0,0,163
"13045","3","SIC_0H","28","0",1981,"2","","Carroll County, Georgia","Local Government","Finance, Insurance, and Real Estate Division","County, Industry Division -- by ownership sector","All establishment sizes",4,22,22,22,44886,0,0,156
"13045","3","SIC_0H","28","0",1981,"3","","Carroll County, Georgia","Local Government","Finance, Insurance, and Real Estate Division","County, Industry Division -- by ownership sector","All establishment sizes",4,21,24,21,48660,0,0,170
"13045","3","SIC_0H","28","0",1981,"4","","Carroll County, Georgia","Local Government","Finance, Insurance, and Real Estate Division","County, Industry Division -- by ownership sector","All establishment sizes",4,21,20,18,42997,0,0,168
"13045","3","SIC_0H65","29","0",1981,"1","","Carroll County, Georgia","Local Government","SIC 65 Real Estate","County, 2-digit SIC -- by ownership sector","All establishment sizes",4,19,19,19,40294,0,0,163
"13045","3","SIC_0H65","29","0",1981,"2","","Carroll County, Georgia","Local Government","SIC 65 Real Estate","County, 2-digit SIC -- by ownership sector","All establishment sizes",4,22,22,22,44886,0,0,156
"13045","3","SIC_0H65","29","0",1981,"3","","Carroll County, Georgia","Local Government","SIC 65 Real Estate","County, 2-digit SIC -- by ownership sector","All establishment sizes",4,21,24,21,48660,0,0,170
"13045","3","SIC_0H65","29","0",1981,"4","","Carroll County, Georgia","Local Government","SIC 65 Real Estate","County, 2-digit SIC -- by ownership sector","All establishment sizes",4,21,20,18,42997,0,0,168
"13045","3","SIC_0I","28","0",1981,"1","","Carroll County, Georgia","Local Government","Services Division","County, Industry Division -- by ownership sector","All establishment sizes",9,2242,2385,2351,5779597,0,0,191
"13045","3","SIC_0I","28","0",1981,"2","","Carroll County, Georgia","Local Government","Services Division","County, Industry Division -- by ownership sector","All establishment sizes",9,2379,2285,2149,5666108,0,0,191
"13045","3","SIC_0I","28","0",1981,"3","","Carroll County, Georgia","Local Government","Services Division","County, Industry Division -- by ownership sector","All establishment sizes",7,1885,1948,2178,5544206,0,0,212
"13045","3","SIC_0I","28","0",1981,"4","","Carroll County, Georgia","Local Government","Services Division","County, Industry Division -- by ownership sector","All establishment sizes",7,2340,2333,2349,6066715,0,0,199
"13045","3","SIC_0I75","29","0",1981,"1","N","Carroll County, Georgia","Local Government","SIC 75 Auto Repair, Services, and Parking","County, 2-digit SIC -- by ownership sector","All establishment sizes",0,0,0,0,0,0,0,0
"13045","3","SIC_0I75","29","0",1981,"2","N","Carroll County, Georgia","Local Government","SIC 75 Auto Repair, Services, and Parking","County, 2-digit SIC -- by ownership sector","All establishment sizes",0,0,0,0,0,0,0,0
"13045","3","SIC_0I75","29","0",1981,"3","N","Carroll County, Georgia","Local Government","SIC 75 Auto Repair, Services, and Parking","County, 2-digit SIC -- by ownership sector","All establishment sizes",0,0,0,0,0,0,0,0
"13045","3","SIC_0I75","29","0",1981,"4","N","Carroll County, Georgia","Local Government","SIC 75 Auto Repair, Services, and Parking","County, 2-digit SIC -- by ownership sector","All establishment sizes",0,0,0,0,0,0,0,0
"13045","3","SIC_0I79","29","0",1981,"1","N","Carroll County, Georgia","Local Government","SIC 79 Amusement and Recreation Services","County, 2-digit SIC -- by ownership sector","All establishment sizes",0,0,0,0,0,0,0,0
"13045","3","SIC_0I79","29","0",1981,"2","N","Carroll County, Georgia","Local Government","SIC 79 Amusement and Recreation Services","County, 2-digit SIC -- by ownership sector","All establishment sizes",0,0,0,0,0,0,0,0
"13045","3","SIC_0I79","29","0",1981,"3","N","Carroll County, Georgia","Local Government","SIC 79 Amusement and Recreation Services","County, 2-digit SIC -- by ownership sector","All establishment sizes",0,0,0,0,0,0,0,0
"13045","3","SIC_0I79","29","0",1981,"4","N","Carroll County, Georgia","Local Government","SIC 79 Amusement and Recreation Services","County, 2-digit SIC -- by ownership sector","All establishment sizes",0,0,0,0,0,0,0,0
"13045","3","SIC_0I80","29","0",1981,"1","","Carroll County, Georgia","Local Government","SIC 80 Health Services","County, 2-digit SIC -- by ownership sector","All establishment sizes",3,821,838,836,2182912,0,0,201
"13045","3","SIC_0I80","29","0",1981,"2","","Carroll County, Georgia","Local Government","SIC 80 Health Services","County, 2-digit SIC -- by ownership sector","All establishment sizes",3,825,819,799,2120256,0,0,200
"13045","3","SIC_0I80","29","0",1981,"3","","Carroll County, Georgia","Local Government","SIC 80 Health Services","County, 2-digit SIC -- by ownership sector","All establishment sizes",3,754,777,801,2074455,0,0,205
"13045","3","SIC_0I80","29","0",1981,"4","","Carroll County, Georgia","Local Government","SIC 80 Health Services","County, 2-digit SIC -- by ownership sector","All establishment sizes",3,765,783,818,2093527,0,0,204
"13045","3","SIC_0I82","29","0",1981,"1","","Carroll County, Georgia","Local Government","SIC 82 Educational Services","County, 2-digit SIC -- by ownership sector","All establishment sizes",4,1387,1513,1478,3517450,0,0,185
"13045","3","SIC_0I82","29","0",1981,"2","","Carroll County, Georgia","Local Government","SIC 82 Educational Services","County, 2-digit SIC -- by ownership sector","All establishment sizes",4,1519,1428,1284,3458474,0,0,188
"13045","3","SIC_0I82","29","0",1981,"3","N","Carroll County, Georgia","Local Government","SIC 82 Educational Services","County, 2-digit SIC -- by ownership sector","All establishment sizes",0,0,0,0,0,0,0,0
"13045","3","SIC_0I82","29","0",1981,"4","N","Carroll County, Georgia","Local Government","SIC 82 Educational Services","County, 2-digit SIC -- by ownership sector","All establishment sizes",0,0,0,0,0,0,0,0
"13045","3","SIC_0J","28","0",1981,"1","","Carroll County, Georgia","Local Government","Public Administration Division","County, Industry Division -- by ownership sector","All establishment sizes",12,308,312,318,727882,0,0,179
"13045","3","SIC_0J","28","0",1981,"2","","Carroll County, Georgia","Local Government","Public Administration Division","County, Industry Division -- by ownership sector","All establishment sizes",11,315,304,298,748554,0,0,188
"13045","3","SIC_0J","28","0",1981,"3","","Carroll County, Georgia","Local Government","Public Administration Division","County, Industry Division -- by ownership sector","All establishment sizes",11,303,305,311,820081,0,0,205
"13045","3","SIC_0J","28","0",1981,"4","","Carroll County, Georgia","Local Government","Public Administration Division","County, Industry Division -- by ownership sector","All establishment sizes",11,324,319,330,853944,0,0,202
"13045","3","SIC_0J91","29","0",1981,"1","","Carroll County, Georgia","Local Government","SIC 91 Executive, Legislative, and General","County, 2-digit SIC -- by ownership sector","All establishment sizes",8,226,229,233,507346,0,0,170
"13045","3","SIC_0J91","29","0",1981,"2","","Carroll County, Georgia","Local Government","SIC 91 Executive, Legislative, and General","County, 2-digit SIC -- by ownership sector","All establishment sizes",7,231,220,220,522525,0,0,179
"13045","3","SIC_0J91","29","0",1981,"3","","Carroll County, Georgia","Local Government","SIC 91 Executive, Legislative, and General","County, 2-digit SIC -- by ownership sector","All establishment sizes",7,227,227,227,539338,0,0,182
"13045","3","SIC_0J91","29","0",1981,"4","","Carroll County, Georgia","Local Government","SIC 91 Executive, Legislative, and General","County, 2-digit SIC -- by ownership sector","All establishment sizes",7,242,237,248,559678,0,0,177
"13045","3","SIC_0J92","29","0",1981,"1","N","Carroll County, Georgia","Local Government","SIC 92 Justice, Public Order, and Safety","County, 2-digit SIC -- by ownership sector","All establishment sizes",0,0,0,0,0,0,0,0
"13045","3","SIC_0J92","29","0",1981,"2","N","Carroll County, Georgia","Local Government","SIC 92 Justice, Public Order, and Safety","County, 2-digit SIC -- by ownership sector","All establishment sizes",0,0,0,0,0,0,0,0
"13045","3","SIC_0J92","29","0",1981,"3","N","Carroll County, Georgia","Local Government","SIC 92 Justice, Public Order, and Safety","County, 2-digit SIC -- by ownership sector","All establishment sizes",0,0,0,0,0,0,0,0
"13045","3","SIC_0J92","29","0",1981,"4","N","Carroll County, Georgia","Local Government","SIC 92 Justice, Public Order, and Safety","County, 2-digit SIC -- by ownership sector","All establishment sizes",0,0,0,0,0,0,0,0
"13045","3","SIC_0J93","29","0",1981,"1","N","Carroll County, Georgia","Local Government","SIC 93 Finance, Taxation, and Monetary Policy","County, 2-digit SIC -- by ownership sector","All establishment sizes",0,0,0,0,0,0,0,0
"13045","3","SIC_0J93","29","0",1981,"2","N","Carroll County, Georgia","Local Government","SIC 93 Finance, Taxation, and Monetary Policy","County, 2-digit SIC -- by ownership sector","All establishment sizes",0,0,0,0,0,0,0,0
"13045","3","SIC_0J93","29","0",1981,"3","N","Carroll County, Georgia","Local Government","SIC 93 Finance, Taxation, and Monetary Policy","County, 2-digit SIC -- by ownership sector","All establishment sizes",0,0,0,0,0,0,0,0
"13045","3","SIC_0J93","29","0",1981,"4","N","Carroll County, Georgia","Local Government","SIC 93 Finance, Taxation, and Monetary Policy","County, 2-digit SIC -- by ownership sector","All establishment sizes",0,0,0,0,0,0,0,0
"13045","3","SIC_0J95","29","0",1981,"1","N","Carroll County, Georgia","Local Government","SIC 95 Environmental Quality and Housing","County, 2-digit SIC -- by ownership sector","All establishment sizes",0,0,0,0,0,0,0,0
"13045","3","SIC_0J95","29","0",1981,"2","N","Carroll County, Georgia","Local Government","SIC 95 Environmental Quality and Housing","County, 2-digit SIC -- by ownership sector","All establishment sizes",0,0,0,0,0,0,0,0
"13045","3","SIC_0J95","29","0",1981,"3","N","Carroll County, Georgia","Local Government","SIC 95 Environmental Quality and Housing","County, 2-digit SIC -- by ownership sector","All establishment sizes",0,0,0,0,0,0,0,0
"13045","3","SIC_0J95","29","0",1981,"4","N","Carroll County, Georgia","Local Government","SIC 95 Environmental Quality and Housing","County, 2-digit SIC -- by ownership sector","All establishment sizes",0,0,0,0,0,0,0,0
"13045","5","SIC_0Z","27","0",1981,"1","","Carroll County, Georgia","Private","All Industries","County, Total -- by ownership sector","All establishment sizes",842,16548,16476,16584,46367764,0,0,215
"13045","5","SIC_0Z","27","0",1981,"2","","Carroll County, Georgia","Private","All Industries","County, Total -- by ownership sector","All establishment sizes",837,16966,16999,17039,51056986,0,0,231
"13045","5","SIC_0Z","27","0",1981,"3","","Carroll County, Georgia","Private","All Industries","County, Total -- by ownership sector","All establishment sizes",846,17238,17226,17341,48977136,0,0,218
"13045","5","SIC_0Z","27","0",1981,"4","","Carroll County, Georgia","Private","All Industries","County, Total -- by ownership sector","All establishment sizes",830,17136,17109,16789,54061533,0,0,244
"13045","5","SIC_0A","28","0",1981,"1","","Carroll County, Georgia","Private","Agriculture, Forestry, and Fishing Division","County, Industry Division -- by ownership sector","All establishment sizes",7,40,38,41,96062,0,0,186
"13045","5","SIC_0A","28","0",1981,"2","","Carroll County, Georgia","Private","Agriculture, Forestry, and Fishing Division","County, Industry Division -- by ownership sector","All establishment sizes",8,49,54,52,118523,0,0,176
"13045","5","SIC_0A","28","0",1981,"3","","Carroll County, Georgia","Private","Agriculture, Forestry, and Fishing Division","County, Industry Division -- by ownership sector","All establishment sizes",9,49,54,57,129997,0,0,187
"13045","5","SIC_0A","28","0",1981,"4","","Carroll County, Georgia","Private","Agriculture, Forestry, and Fishing Division","County, Industry Division -- by ownership sector","All establishment sizes",8,53,49,50,137966,0,0,209
"13045","5","SIC_0A02","29","0",1981,"1","N","Carroll County, Georgia","Private","SIC 02 Agricultural Production Livestock","County, 2-digit SIC -- by ownership sector","All establishment sizes",0,0,0,0,0,0,0,0
"13045","5","SIC_0A02","29","0",1981,"2","N","Carroll County, Georgia","Private","SIC 02 Agricultural Production Livestock","County, 2-digit SIC -- by ownership sector","All establishment sizes",0,0,0,0,0,0,0,0
"13045","5","SIC_0A02","29","0",1981,"3","N","Carroll County, Georgia","Private","SIC 02 Agricultural Production Livestock","County, 2-digit SIC -- by ownership sector","All establishment sizes",0,0,0,0,0,0,0,0
"13045","5","SIC_0A02","29","0",1981,"4","N","Carroll County, Georgia","Private","SIC 02 Agricultural Production Livestock","County, 2-digit SIC -- by ownership sector","All establishment sizes",0,0,0,0,0,0,0,0
"13045","5","SIC_0A07","29","0",1981,"1","N","Carroll County, Georgia","Private","SIC 07 Agricultural Services","County, 2-digit SIC -- by ownership sector","All establishment sizes",0,0,0,0,0,0,0,0
"13045","5","SIC_0A07","29","0",1981,"2","N","Carroll County, Georgia","Private","SIC 07 Agricultural Services","County, 2-digit SIC -- by ownership sector","All establishment sizes",0,0,0,0,0,0,0,0
"13045","5","SIC_0A07","29","0",1981,"3","N","Carroll County, Georgia","Private","SIC 07 Agricultural Services","County, 2-digit SIC -- by ownership sector","All establishment sizes",0,0,0,0,0,0,0,0
"13045","5","SIC_0A07","29","0",1981,"4","N","Carroll County, Georgia","Private","SIC 07 Agricultural Services","County, 2-digit SIC -- by ownership sector","All establishment sizes",0,0,0,0,0,0,0,0
"13045","5","SIC_0B","28","0",1981,"1","N","Carroll County, Georgia","Private","Mining Division","County, Industry Division -- by ownership sector","All establishment sizes",0,0,0,0,0,0,0,0
"13045","5","SIC_0B","28","0",1981,"2","N","Carroll County, Georgia","Private","Mining Division","County, Industry Division -- by ownership sector","All establishment sizes",0,0,0,0,0,0,0,0
"13045","5","SIC_0B","28","0",1981,"3","N","Carroll County, Georgia","Private","Mining Division","County, Industry Division -- by ownership sector","All establishment sizes",0,0,0,0,0,0,0,0
"13045","5","SIC_0B","28","0",1981,"4","N","Carroll County, Georgia","Private","Mining Division","County, Industry Division -- by ownership sector","All establishment sizes",0,0,0,0,0,0,0,0
"13045","5","SIC_0B14","29","0",1981,"1","N","Carroll County, Georgia","Private","SIC 14 Nonmetallic Minerals, Except Fuels","County, 2-digit SIC -- by ownership sector","All establishment sizes",0,0,0,0,0,0,0,0
"13045","5","SIC_0B14","29","0",1981,"2","N","Carroll County, Georgia","Private","SIC 14 Nonmetallic Minerals, Except Fuels","County, 2-digit SIC -- by ownership sector","All establishment sizes",0,0,0,0,0,0,0,0
"13045","5","SIC_0B14","29","0",1981,"3","N","Carroll County, Georgia","Private","SIC 14 Nonmetallic Minerals, Except Fuels","County, 2-digit SIC -- by ownership sector","All establishment sizes",0,0,0,0,0,0,0,0
"13045","5","SIC_0B14","29","0",1981,"4","N","Carroll County, Georgia","Private","SIC 14 Nonmetallic Minerals, Except Fuels","County, 2-digit SIC -- by ownership sector","All establishment sizes",0,0,0,0,0,0,0,0
"13045","5","SIC_0C","28","0",1981,"1","","Carroll County, Georgia","Private","Construction Division","County, Industry Division -- by ownership sector","All establishment sizes",100,862,878,899,3005867,0,0,262
"13045","5","SIC_0C","28","0",1981,"2","","Carroll County, Georgia","Private","Construction Division","County, Industry Division -- by ownership sector","All establishment sizes",98,963,1070,984,3465908,0,0,265
"13045","5","SIC_0C","28","0",1981,"3","","Carroll County, Georgia","Private","Construction Division","County, Industry Division -- by ownership sector","All establishment sizes",101,1073,1053,979,3581958,0,0,266
"13045","5","SIC_0C","28","0",1981,"4","","Carroll County, Georgia","Private","Construction Division","County, Industry Division -- by ownership sector","All establishment sizes",95,1005,904,919,4010561,0,0,327
"13045","5","SIC_0C15","29","0",1981,"1","","Carroll County, Georgia","Private","SIC 15 General Building Contractors","County, 2-digit SIC -- by ownership sector","All establishment sizes",25,234,238,257,979402,0,0,310
"13045","5","SIC_0C15","29","0",1981,"2","","Carroll County, Georgia","Private","SIC 15 General Building Contractors","County, 2-digit SIC -- by ownership sector","All establishment sizes",27,285,349,243,1233943,0,0,324
"13045","5","SIC_0C15","29","0",1981,"3","","Carroll County, Georgia","Private","SIC 15 General Building Contractors","County, 2-digit SIC -- by ownership sector","All establishment sizes",26,268,257,275,1005647,0,0,290
"13045","5","SIC_0C15","29","0",1981,"4","","Carroll County, Georgia","Private","SIC 15 General Building Contractors","County, 2-digit SIC -- by ownership sector","All establishment sizes",24,338,263,335,1617564,0,0,398
"13045","5","SIC_0C16","29","0",1981,"1","","Carroll County, Georgia","Private","SIC 16 Heavy Construction, ex. Building","County, 2-digit SIC -- by ownership sector","All establishment sizes",6,308,315,309,1232552,0,0,305
"13045","5","SIC_0C16","29","0",1981,"2","","Carroll County, Georgia","Private","SIC 16 Heavy Construction, ex. Building","County, 2-digit SIC -- by ownership sector","All establishment sizes",6,323,367,354,1322946,0,0,292
"13045","5","SIC_0C16","29","0",1981,"3","","Carroll County, Georgia","Private","SIC 16 Heavy Construction, ex. Building","County, 2-digit SIC -- by ownership sector","All establishment sizes",9,404,435,353,1596021,0,0,308
"13045","5","SIC_0C16","29","0",1981,"4","","Carroll County, Georgia","Private","SIC 16 Heavy Construction, ex. Building","County, 2-digit SIC -- by ownership sector","All establishment sizes",9,353,341,303,1562207,0,0,361
"13045","5","SIC_0C17","29","0",1981,"1","","Carroll County, Georgia","Private","SIC 17 Special Trade Contractors","County, 2-digit SIC -- by ownership sector","All establishment sizes",69,320,325,333,793913,0,0,187
"13045","5","SIC_0C17","29","0",1981,"2","","Carroll County, Georgia","Private","SIC 17 Special Trade Contractors","County, 2-digit SIC -- by ownership sector","All establishment sizes",65,355,354,387,909019,0,0,191
"13045","5","SIC_0C17","29","0",1981,"3","","Carroll County, Georgia","Private","SIC 17 Special Trade Contractors","County, 2-digit SIC -- by ownership sector","All establishment sizes",66,401,361,351,980290,0,0,203
"13045","5","SIC_0C17","29","0",1981,"4","","Carroll County, Georgia","Private","SIC 17 Special Trade Contractors","County, 2-digit SIC -- by ownership sector","All establishment sizes",62,314,300,281,830790,0,0,214
"13045","5","SIC_0D","28","0",1981,"1","","Carroll County, Georgia","Private","Manufacturing Division","County, Industry Division -- by ownership sector","All establishment sizes",92,9618,9533,9612,28302901,0,0,227
"13045","5","SIC_0D","28","0",1981,"2","","Carroll County, Georgia","Private","Manufacturing Division","County, Industry Division -- by ownership sector","All establishment sizes",89,9838,9721,9821,31375008,0,0,246
"13045","5","SIC_0D","28","0",1981,"3","","Carroll County, Georgia","Private","Manufacturing Division","County, Industry Division -- by ownership sector","All establishment sizes",89,9756,9917,9886,28817723,0,0,224
"13045","5","SIC_0D","28","0",1981,"4","","Carroll County, Georgia","Private","Manufacturing Division","County, Industry Division -- by ownership sector","All establishment sizes",91,9778,9834,9520,32521491,0,0,257
"13045","5","SIC_0D20","29","0",1981,"1","","Carroll County, Georgia","Private","SIC 20 Food and Kindred Products","County, 2-digit SIC -- by ownership sector","All establishment sizes",11,678,670,672,2055395,0,0,234
"13045","5","SIC_0D20","29","0",1981,"2","","Carroll County, Georgia","Private","SIC 20 Food and Kindred Products","County, 2-digit SIC -- by ownership sector","All establishment sizes",12,759,764,748,2423274,0,0,246
"13045","5","SIC_0D20","29","0",1981,"3","","Carroll County, Georgia","Private","SIC 20 Food and Kindred Products","County, 2-digit SIC -- by ownership sector","All establishment sizes",11,735,799,804,1917761,0,0,189
"13045","5","SIC_0D20","29","0",1981,"4","","Carroll County, Georgia","Private","SIC 20 Food and Kindred Products","County, 2-digit SIC -- by ownership sector","All establishment sizes",11,737,754,784,1881238,0,0,190
"13045","5","SIC_0D22","29","0",1981,"1","","Carroll County, Georgia","Private","SIC 22 Textile Mill Products","County, 2-digit SIC -- by ownership sector","All establishment sizes",19,1416,1422,1431,3052456,0,0,165
"13045","5","SIC_0D22","29","0",1981,"2","","Carroll County, Georgia","Private","SIC 22 Textile Mill Products","County, 2-digit SIC -- by ownership sector","All establishment sizes",18,1490,1476,1496,3462324,0,0,179
"13045","5","SIC_0D22","29","0",1981,"3","","Carroll County, Georgia","Private","SIC 22 Textile Mill Products","County, 2-digit SIC -- by ownership sector","All establishment sizes",18,1519,1552,1526,3547084,0,0,178
"13045","5","SIC_0D22","29","0",1981,"4","","Carroll County, Georgia","Private","SIC 22 Textile Mill Products","County, 2-digit SIC -- by ownership sector","All establishment sizes",18,1440,1455,1269,3119241,0,0,172
"13045","5","SIC_0D23","29","0",1981,"1","","Carroll County, Georgia","Private","SIC 23 Apparel and Other Textile Products","County, 2-digit SIC -- by ownership sector","All establishment sizes",13,2540,2555,2571,5740911,0,0,172
"13045","5","SIC_0D23","29","0",1981,"2","","Carroll County, Georgia","Private","SIC 23 Apparel and Other Textile Products","County, 2-digit SIC -- by ownership sector","All establishment sizes",11,2651,2604,2741,6993846,0,0,201
"13045","5","SIC_0D23","29","0",1981,"3","","Carroll County, Georgia","Private","SIC 23 Apparel and Other Textile Products","County, 2-digit SIC -- by ownership sector","All establishment sizes",11,2753,2809,2865,5797543,0,0,158
"13045","5","SIC_0D23","29","0",1981,"4","","Carroll County, Georgia","Private","SIC 23 Apparel and Other Textile Products","County, 2-digit SIC -- by ownership sector","All establishment sizes",12,2901,2922,2910,7600456,0,0,200
"13045","5","SIC_0D24","29","0",1981,"1","","Carroll County, Georgia","Private","SIC 24 Lumber and Wood Products","County, 2-digit SIC -- by ownership sector","All establishment sizes",15,225,213,218,518327,0,0,182
"13045","5","SIC_0D24","29","0",1981,"2","","Carroll County, Georgia","Private","SIC 24 Lumber and Wood Products","County, 2-digit SIC -- by ownership sector","All establishment sizes",16,196,209,205,597006,0,0,225
"13045","5","SIC_0D24","29","0",1981,"3","","Carroll County, Georgia","Private","SIC 24 Lumber and Wood Products","County, 2-digit SIC -- by ownership sector","All establishment sizes",15,207,203,198,574701,0,0,218
"13045","5","SIC_0D24","29","0",1981,"4","","Carroll County, Georgia","Private","SIC 24 Lumber and Wood Products","County, 2-digit SIC -- by ownership sector","All establishment sizes",14,178,188,185,595626,0,0,249
"13045","5","SIC_0D25","29","0",1981,"1","","Carroll County, Georgia","Private","SIC 25 Furniture and Fixtures","County, 2-digit SIC -- by ownership sector","All establishment sizes",3,115,119,134,281266,0,0,176
"13045","5","SIC_0D25","29","0",1981,"2","","Carroll County, Georgia","Private","SIC 25 Furniture and Fixtures","County, 2-digit SIC -- by ownership sector","All establishment sizes",3,152,155,168,416309,0,0,202
"13045","5","SIC_0D25","29","0",1981,"3","","Carroll County, Georgia","Private","SIC 25 Furniture and Fixtures","County, 2-digit SIC -- by ownership sector","All establishment sizes",3,157,147,154,359958,0,0,181
"13045","5","SIC_0D25","29","0",1981,"4","","Carroll County, Georgia","Private","SIC 25 Furniture and Fixtures","County, 2-digit SIC -- by ownership sector","All establishment sizes",3,172,161,150,463955,0,0,221
"13045","5","SIC_0D27","29","0",1981,"1","","Carroll County, Georgia","Private","SIC 27 Printing and Publishing","County, 2-digit SIC -- by ownership sector","All establishment sizes",8,217,201,196,548244,0,0,206
"13045","5","SIC_0D27","29","0",1981,"2","","Carroll County, Georgia","Private","SIC 27 Printing and Publishing","County, 2-digit SIC -- by ownership sector","All establishment sizes",7,214,217,207,511774,0,0,185
"13045","5","SIC_0D27","29","0",1981,"3","","Carroll County, Georgia","Private","SIC 27 Printing and Publishing","County, 2-digit SIC -- by ownership sector","All establishment sizes",7,209,209,195,579817,0,0,218
"13045","5","SIC_0D27","29","0",1981,"4","","Carroll County, Georgia","Private","SIC 27 Printing and Publishing","County, 2-digit SIC -- by ownership sector","All establishment sizes",7,218,222,222,576525,0,0,200
"13045","5","SIC_0D28","29","0",1981,"1","N","Carroll County, Georgia","Private","SIC 28 Chemicals and Allied Products","County, 2-digit SIC -- by ownership sector","All establishment sizes",0,0,0,0,0,0,0,0
"13045","5","SIC_0D28","29","0",1981,"2","N","Carroll County, Georgia","Private","SIC 28 Chemicals and Allied Products","County, 2-digit SIC -- by ownership sector","All establishment sizes",0,0,0,0,0,0,0,0
"13045","5","SIC_0D28","29","0",1981,"3","N","Carroll County, Georgia","Private","SIC 28 Chemicals and Allied Products","County, 2-digit SIC -- by ownership sector","All establishment sizes",0,0,0,0,0,0,0,0
"13045","5","SIC_0D28","29","0",1981,"4","N","Carroll County, Georgia","Private","SIC 28 Chemicals and Allied Products","County, 2-digit SIC -- by ownership sector","All establishment sizes",0,0,0,0,0,0,0,0
"13045","5","SIC_0D29","29","0",1981,"1","N","Carroll County, Georgia","Private","SIC 29 Petroleum and Coal Products","County, 2-digit SIC -- by ownership sector","All establishment sizes",0,0,0,0,0,0,0,0
"13045","5","SIC_0D29","29","0",1981,"2","N","Carroll County, Georgia","Private","SIC 29 Petroleum and Coal Products","County, 2-digit SIC -- by ownership sector","All establishment sizes",0,0,0,0,0,0,0,0
"13045","5","SIC_0D29","29","0",1981,"3","N","Carroll County, Georgia","Private","SIC 29 Petroleum and Coal Products","County, 2-digit SIC -- by ownership sector","All establishment sizes",0,0,0,0,0,0,0,0
"13045","5","SIC_0D29","29","0",1981,"4","N","Carroll County, Georgia","Private","SIC 29 Petroleum and Coal Products","County, 2-digit SIC -- by ownership sector","All establishment sizes",0,0,0,0,0,0,0,0
"13045","5","SIC_0D30","29","0",1981,"1","N","Carroll County, Georgia","Private","SIC 30 Rubber and Misc. Plastics Products","County, 2-digit SIC -- by ownership sector","All establishment sizes",0,0,0,0,0,0,0,0
"13045","5","SIC_0D30","29","0",1981,"2","N","Carroll County, Georgia","Private","SIC 30 Rubber and Misc. Plastics Products","County, 2-digit SIC -- by ownership sector","All establishment sizes",0,0,0,0,0,0,0,0
"13045","5","SIC_0D30","29","0",1981,"3","N","Carroll County, Georgia","Private","SIC 30 Rubber and Misc. Plastics Products","County, 2-digit SIC -- by ownership sector","All establishment sizes",0,0,0,0,0,0,0,0
"13045","5","SIC_0D30","29","0",1981,"4","N","Carroll County, Georgia","Private","SIC 30 Rubber and Misc. Plastics Products","County, 2-digit SIC -- by ownership sector","All establishment sizes",0,0,0,0,0,0,0,0
"13045","5","SIC_0D32","29","0",1981,"1","","Carroll County, Georgia","Private","SIC 32 Stone, Clay, and Glass Products","County, 2-digit SIC -- by ownership sector","All establishment sizes",4,32,33,38,75635,0,0,169
"13045","5","SIC_0D32","29","0",1981,"2","","Carroll County, Georgia","Private","SIC 32 Stone, Clay, and Glass Products","County, 2-digit SIC -- by ownership sector","All establishment sizes",3,33,32,30,87453,0,0,212
"13045","5","SIC_0D32","29","0",1981,"3","","Carroll County, Georgia","Private","SIC 32 Stone, Clay, and Glass Products","County, 2-digit SIC -- by ownership sector","All establishment sizes",3,33,32,31,94093,0,0,226
"13045","5","SIC_0D32","29","0",1981,"4","","Carroll County, Georgia","Private","SIC 32 Stone, Clay, and Glass Products","County, 2-digit SIC -- by ownership sector","All establishment sizes",4,31,32,30,88460,0,0,219
"13045","5","SIC_0D33","29","0",1981,"1","N","Carroll County, Georgia","Private","SIC 33 Primary Metal Industries","County, 2-digit SIC -- by ownership sector","All establishment sizes",0,0,0,0,0,0,0,0
"13045","5","SIC_0D33","29","0",1981,"2","N","Carroll County, Georgia","Private","SIC 33 Primary Metal Industries","County, 2-digit SIC -- by ownership sector","All establishment sizes",0,0,0,0,0,0,0,0
"13045","5","SIC_0D33","29","0",1981,"3","N","Carroll County, Georgia","Private","SIC 33 Primary Metal Industries","County, 2-digit SIC -- by ownership sector","All establishment sizes",0,0,0,0,0,0,0,0
"13045","5","SIC_0D33","29","0",1981,"4","N","Carroll County, Georgia","Private","SIC 33 Primary Metal Industries","County, 2-digit SIC -- by ownership sector","All establishment sizes",0,0,0,0,0,0,0,0
"13045","5","SIC_0D34","29","0",1981,"1","N","Carroll County, Georgia","Private","SIC 34 Fabricated Metal Products","County, 2-digit SIC -- by ownership sector","All establishment sizes",0,0,0,0,0,0,0,0
"13045","5","SIC_0D34","29","0",1981,"2","N","Carroll County, Georgia","Private","SIC 34 Fabricated Metal Products","County, 2-digit SIC -- by ownership sector","All establishment sizes",0,0,0,0,0,0,0,0
"13045","5","SIC_0D34","29","0",1981,"3","","Carroll County, Georgia","Private","SIC 34 Fabricated Metal Products","County, 2-digit SIC -- by ownership sector","All establishment sizes",4,303,380,384,1239287,0,0,268
"13045","5","SIC_0D34","29","0",1981,"4","","Carroll County, Georgia","Private","SIC 34 Fabricated Metal Products","County, 2-digit SIC -- by ownership sector","All establishment sizes",4,356,353,215,1158595,0,0,289
"13045","5","SIC_0D35","29","0",1981,"1","","Carroll County, Georgia","Private","SIC 35 Industrial Machinery and Equipment","County, 2-digit SIC -- by ownership sector","All establishment sizes",9,87,91,90,288872,0,0,248
"13045","5","SIC_0D35","29","0",1981,"2","","Carroll County, Georgia","Private","SIC 35 Industrial Machinery and Equipment","County, 2-digit SIC -- by ownership sector","All establishment sizes",9,97,102,103,407337,0,0,311
"13045","5","SIC_0D35","29","0",1981,"3","","Carroll County, Georgia","Private","SIC 35 Industrial Machinery and Equipment","County, 2-digit SIC -- by ownership sector","All establishment sizes",9,99,96,88,337777,0,0,275
"13045","5","SIC_0D35","29","0",1981,"4","","Carroll County, Georgia","Private","SIC 35 Industrial Machinery and Equipment","County, 2-digit SIC -- by ownership sector","All establishment sizes",9,97,94,96,399765,0,0,321
"13045","5","SIC_0D36","29","0",1981,"1","N","Carroll County, Georgia","Private","SIC 36 Electronic and Other Electric Equipment","County, 2-digit SIC -- by ownership sector","All establishment sizes",0,0,0,0,0,0,0,0
"13045","5","SIC_0D36","29","0",1981,"2","N","Carroll County, Georgia","Private","SIC 36 Electronic and Other Electric Equipment","County, 2-digit SIC -- by ownership sector","All establishment sizes",0,0,0,0,0,0,0,0
"13045","5","SIC_0D36","29","0",1981,"3","N","Carroll County, Georgia","Private","SIC 36 Electronic and Other Electric Equipment","County, 2-digit SIC -- by ownership sector","All establishment sizes",0,0,0,0,0,0,0,0
"13045","5","SIC_0D36","29","0",1981,"4","N","Carroll County, Georgia","Private","SIC 36 Electronic and Other Electric Equipment","County, 2-digit SIC -- by ownership sector","All establishment sizes",0,0,0,0,0,0,0,0
"13045","5","SIC_0D39","29","0",1981,"1","N","Carroll County, Georgia","Private","SIC 39 Miscellaneous Manufacturing Industries","County, 2-digit SIC -- by ownership sector","All establishment sizes",0,0,0,0,0,0,0,0
"13045","5","SIC_0D39","29","0",1981,"2","N","Carroll County, Georgia","Private","SIC 39 Miscellaneous Manufacturing Industries","County, 2-digit SIC -- by ownership sector","All establishment sizes",0,0,0,0,0,0,0,0
"13045","5","SIC_0D39","29","0",1981,"3","N","Carroll County, Georgia","Private","SIC 39 Miscellaneous Manufacturing Industries","County, 2-digit SIC -- by ownership sector","All establishment sizes",0,0,0,0,0,0,0,0
"13045","5","SIC_0D39","29","0",1981,"4","N","Carroll County, Georgia","Private","SIC 39 Miscellaneous Manufacturing Industries","County, 2-digit SIC -- by ownership sector","All establishment sizes",0,0,0,0,0,0,0,0
"13045","5","SIC_0E","28","0",1981,"1","","Carroll County, Georgia","Private","Transportation and Public Utilities Division","County, Industry Division -- by ownership sector","All establishment sizes",20,597,595,592,2511926,0,0,324
"13045","5","SIC_0E","28","0",1981,"2","","Carroll County, Georgia","Private","Transportation and Public Utilities Division","County, Industry Division -- by ownership sector","All establishment sizes",19,594,594,583,2480155,0,0,323
"13045","5","SIC_0E","28","0",1981,"3","","Carroll County, Georgia","Private","Transportation and Public Utilities Division","County, Industry Division -- by ownership sector","All establishment sizes",20,558,576,589,2569012,0,0,344
"13045","5","SIC_0E","28","0",1981,"4","","Carroll County, Georgia","Private","Transportation and Public Utilities Division","County, Industry Division -- by ownership sector","All establishment sizes",19,583,579,575,2755222,0,0,366
"13045","5","SIC_0E41","29","0",1981,"1","N","Carroll County, Georgia","Private","SIC 41 Local And Interurban Passenger Transit","County, 2-digit SIC -- by ownership sector","All establishment sizes",0,0,0,0,0,0,0,0
"13045","5","SIC_0E41","29","0",1981,"2","N","Carroll County, Georgia","Private","SIC 41 Local And Interurban Passenger Transit","County, 2-digit SIC -- by ownership sector","All establishment sizes",0,0,0,0,0,0,0,0
"13045","5","SIC_0E41","29","0",1981,"3","N","Carroll County, Georgia","Private","SIC 41 Local And Interurban Passenger Transit","County, 2-digit SIC -- by ownership sector","All establishment sizes",0,0,0,0,0,0,0,0
"13045","5","SIC_0E41","29","0",1981,"4","N","Carroll County, Georgia","Private","SIC 41 Local And Interurban Passenger Transit","County, 2-digit SIC -- by ownership sector","All establishment sizes",0,0,0,0,0,0,0,0
"13045","5","SIC_0E42","29","0",1981,"1","","Carroll County, Georgia","Private","SIC 42 Trucking And Warehousing","County, 2-digit SIC -- by ownership sector","All establishment sizes",10,159,157,147,621445,0,0,309
"13045","5","SIC_0E42","29","0",1981,"2","","Carroll County, Georgia","Private","SIC 42 Trucking And Warehousing","County, 2-digit SIC -- by ownership sector","All establishment sizes",9,160,156,147,630305,0,0,314
"13045","5","SIC_0E42","29","0",1981,"3","","Carroll County, Georgia","Private","SIC 42 Trucking And Warehousing","County, 2-digit SIC -- by ownership sector","All establishment sizes",9,151,149,146,606249,0,0,313
"13045","5","SIC_0E42","29","0",1981,"4","","Carroll County, Georgia","Private","SIC 42 Trucking And Warehousing","County, 2-digit SIC -- by ownership sector","All establishment sizes",8,144,136,137,612814,0,0,339
"13045","5","SIC_0E45","29","0",1981,"1","N","Carroll County, Georgia","Private","SIC 45 Transportation By Air","County, 2-digit SIC -- by ownership sector","All establishment sizes",0,0,0,0,0,0,0,0
"13045","5","SIC_0E45","29","0",1981,"2","N","Carroll County, Georgia","Private","SIC 45 Transportation By Air","County, 2-digit SIC -- by ownership sector","All establishment sizes",0,0,0,0,0,0,0,0
"13045","5","SIC_0E45","29","0",1981,"3","N","Carroll County, Georgia","Private","SIC 45 Transportation By Air","County, 2-digit SIC -- by ownership sector","All establishment sizes",0,0,0,0,0,0,0,0
"13045","5","SIC_0E45","29","0",1981,"4","N","Carroll County, Georgia","Private","SIC 45 Transportation By Air","County, 2-digit SIC -- by ownership sector","All establishment sizes",0,0,0,0,0,0,0,0
"13045","5","SIC_0E47","29","0",1981,"1","N","Carroll County, Georgia","Private","SIC 47 Transportation Services","County, 2-digit SIC -- by ownership sector","All establishment sizes",0,0,0,0,0,0,0,0
"13045","5","SIC_0E47","29","0",1981,"2","N","Carroll County, Georgia","Private","SIC 47 Transportation Services","County, 2-digit SIC -- by ownership sector","All establishment sizes",0,0,0,0,0,0,0,0
"13045","5","SIC_0E47","29","0",1981,"3","N","Carroll County, Georgia","Private","SIC 47 Transportation Services","County, 2-digit SIC -- by ownership sector","All establishment sizes",0,0,0,0,0,0,0,0
"13045","5","SIC_0E47","29","0",1981,"4","N","Carroll County, Georgia","Private","SIC 47 Transportation Services","County, 2-digit SIC -- by ownership sector","All establishment sizes",0,0,0,0,0,0,0,0
"13045","5","SIC_0E48","29","0",1981,"1","","Carroll County, Georgia","Private","SIC 48 Communication","County, 2-digit SIC -- by ownership sector","All establishment sizes",4,218,215,218,987572,0,0,350
"13045","5","SIC_0E48","29","0",1981,"2","","Carroll County, Georgia","Private","SIC 48 Communication","County, 2-digit SIC -- by ownership sector","All establishment sizes",4,206,205,209,937611,0,0,348
"13045","5","SIC_0E48","29","0",1981,"3","","Carroll County, Georgia","Private","SIC 48 Communication","County, 2-digit SIC -- by ownership sector","All establishment sizes",5,203,201,214,1000641,0,0,373
"13045","5","SIC_0E48","29","0",1981,"4","","Carroll County, Georgia","Private","SIC 48 Communication","County, 2-digit SIC -- by ownership sector","All establishment sizes",5,207,210,207,1061386,0,0,392
"13045","5","SIC_0E49","29","0",1981,"1","","Carroll County, Georgia","Private","SIC 49 Electric, Gas, And Sanitary Services","County, 2-digit SIC -- by ownership sector","All establishment sizes",3,187,187,186,827522,0,0,341
"13045","5","SIC_0E49","29","0",1981,"2","","Carroll County, Georgia","Private","SIC 49 Electric, Gas, And Sanitary Services","County, 2-digit SIC -- by ownership sector","All establishment sizes",3,185,184,184,824653,0,0,344
"13045","5","SIC_0E49","29","0",1981,"3","","Carroll County, Georgia","Private","SIC 49 Electric, Gas, And Sanitary Services","County, 2-digit SIC -- by ownership sector","All establishment sizes",3,155,184,184,859239,0,0,379
"13045","5","SIC_0E49","29","0",1981,"4","","Carroll County, Georgia","Private","SIC 49 Electric, Gas, And Sanitary Services","County, 2-digit SIC -- by ownership sector","All establishment sizes",3,186,187,186,982082,0,0,405
"13045","5","SIC_0F","28","0",1981,"1","","Carroll County, Georgia","Private","Wholesale Trade Division","County, Industry Division -- by ownership sector","All establishment sizes",55,493,499,503,1773047,0,0,273
"13045","5","SIC_0F","28","0",1981,"2","","Carroll County, Georgia","Private","Wholesale Trade Division","County, Industry Division -- by ownership sector","All establishment sizes",54,502,519,530,1917206,0,0,285
"13045","5","SIC_0F","28","0",1981,"3","","Carroll County, Georgia","Private","Wholesale Trade Division","County, Industry Division -- by ownership sector","All establishment sizes",56,527,518,527,1968617,0,0,288
"13045","5","SIC_0F","28","0",1981,"4","","Carroll County, Georgia","Private","Wholesale Trade Division","County, Industry Division -- by ownership sector","All establishment sizes",54,551,547,551,2334752,0,0,326
"13045","5","SIC_0F50","29","0",1981,"1","","Carroll County, Georgia","Private","SIC 50 Wholesale Trade Durable Goods","County, 2-digit SIC -- by ownership sector","All establishment sizes",26,153,156,157,444996,0,0,220
"13045","5","SIC_0F50","29","0",1981,"2","","Carroll County, Georgia","Private","SIC 50 Wholesale Trade Durable Goods","County, 2-digit SIC -- by ownership sector","All establishment sizes",26,156,159,163,563154,0,0,271
"13045","5","SIC_0F50","29","0",1981,"3","","Carroll County, Georgia","Private","SIC 50 Wholesale Trade Durable Goods","County, 2-digit SIC -- by ownership sector","All establishment sizes",26,159,158,158,475947,0,0,231
"13045","5","SIC_0F50","29","0",1981,"4","","Carroll County, Georgia","Private","SIC 50 Wholesale Trade Durable Goods","County, 2-digit SIC -- by ownership sector","All establishment sizes",26,176,172,174,557206,0,0,246
"13045","5","SIC_0F51","29","0",1981,"1","","Carroll County, Georgia","Private","SIC 51 Wholesale Trade Nondurable Goods","County, 2-digit SIC -- by ownership sector","All establishment sizes",29,340,343,346,1328051,0,0,297
"13045","5","SIC_0F51","29","0",1981,"2","","Carroll County, Georgia","Private","SIC 51 Wholesale Trade Nondurable Goods","County, 2-digit SIC -- by ownership sector","All establishment sizes",28,346,360,367,1354052,0,0,291
"13045","5","SIC_0F51","29","0",1981,"3","","Carroll County, Georgia","Private","SIC 51 Wholesale Trade Nondurable Goods","County, 2-digit SIC -- by ownership sector","All establishment sizes",30,368,360,369,1492670,0,0,314
"13045","5","SIC_0F51","29","0",1981,"4","","Carroll County, Georgia","Private","SIC 51 Wholesale Trade Nondurable Goods","County, 2-digit SIC -- by ownership sector","All establishment sizes",28,375,375,377,1777546,0,0,363
"13045","5","SIC_0G","28","0",1981,"1","","Carroll County, Georgia","Private","Retail Trade Division","County, Industry Division -- by ownership sector","All establishment sizes",275,2644,2608,2599,4735846,0,0,139
"13045","5","SIC_0G","28","0",1981,"2","","Carroll County, Georgia","Private","Retail Trade Division","County, Industry Division -- by ownership sector","All establishment sizes",274,2663,2663,2647,4906567,0,0,142
"13045","5","SIC_0G","28","0",1981,"3","","Carroll County, Georgia","Private","Retail Trade Division","County, Industry Division -- by ownership sector","All establishment sizes",279,2819,2655,2734,5152490,0,0,144
"13045","5","SIC_0G","28","0",1981,"4","","Carroll County, Georgia","Private","Retail Trade Division","County, Industry Division -- by ownership sector","All establishment sizes",267,2709,2687,2777,5317883,0,0,150
"13045","5","SIC_0G52","29","0",1981,"1","","Carroll County, Georgia","Private","SIC 52 Building Materials and Garden Supplies","County, 2-digit SIC -- by ownership sector","All establishment sizes",21,112,109,110,275144,0,0,191
"13045","5","SIC_0G52","29","0",1981,"2","","Carroll County, Georgia","Private","SIC 52 Building Materials and Garden Supplies","County, 2-digit SIC -- by ownership sector","All establishment sizes",22,114,121,121,315413,0,0,204
"13045","5","SIC_0G52","29","0",1981,"3","","Carroll County, Georgia","Private","SIC 52 Building Materials and Garden Supplies","County, 2-digit SIC -- by ownership sector","All establishment sizes",22,125,120,198,318360,0,0,165
"13045","5","SIC_0G52","29","0",1981,"4","","Carroll County, Georgia","Private","SIC 52 Building Materials and Garden Supplies","County, 2-digit SIC -- by ownership sector","All establishment sizes",22,118,114,118,314978,0,0,207
"13045","5","SIC_0G53","29","0",1981,"1","","Carroll County, Georgia","Private","SIC 53 General Merchandise Stores","County, 2-digit SIC -- by ownership sector","All establishment sizes",15,348,331,339,571412,0,0,129
"13045","5","SIC_0G53","29","0",1981,"2","","Carroll County, Georgia","Private","SIC 53 General Merchandise Stores","County, 2-digit SIC -- by ownership sector","All establishment sizes",15,346,350,342,587681,0,0,130
"13045","5","SIC_0G53","29","0",1981,"3","","Carroll County, Georgia","Private","SIC 53 General Merchandise Stores","County, 2-digit SIC -- by ownership sector","All establishment sizes",18,513,356,363,770016,0,0,144
"13045","5","SIC_0G53","29","0",1981,"4","","Carroll County, Georgia","Private","SIC 53 General Merchandise Stores","County, 2-digit SIC -- by ownership sector","All establishment sizes",16,380,389,428,683854,0,0,131
"13045","5","SIC_0G54","29","0",1981,"1","","Carroll County, Georgia","Private","SIC 54 Food Stores","County, 2-digit SIC -- by ownership sector","All establishment sizes",49,477,480,475,1181201,0,0,190
"13045","5","SIC_0G54","29","0",1981,"2","","Carroll County, Georgia","Private","SIC 54 Food Stores","County, 2-digit SIC -- by ownership sector","All establishment sizes",51,475,481,494,1200258,0,0,191
"13045","5","SIC_0G54","29","0",1981,"3","","Carroll County, Georgia","Private","SIC 54 Food Stores","County, 2-digit SIC -- by ownership sector","All establishment sizes",50,493,494,470,1224998,0,0,194
"13045","5","SIC_0G54","29","0",1981,"4","","Carroll County, Georgia","Private","SIC 54 Food Stores","County, 2-digit SIC -- by ownership sector","All establishment sizes",47,487,480,488,1338495,0,0,212
"13045","5","SIC_0G55","29","0",1981,"1","","Carroll County, Georgia","Private","SIC 55 Automotive Dealers and Service Stations","County, 2-digit SIC -- by ownership sector","All establishment sizes",49,256,251,249,686290,0,0,209
"13045","5","SIC_0G55","29","0",1981,"2","","Carroll County, Georgia","Private","SIC 55 Automotive Dealers and Service Stations","County, 2-digit SIC -- by ownership sector","All establishment sizes",45,233,226,229,637626,0,0,213
"13045","5","SIC_0G55","29","0",1981,"3","","Carroll County, Georgia","Private","SIC 55 Automotive Dealers and Service Stations","County, 2-digit SIC -- by ownership sector","All establishment sizes",45,247,237,235,706885,0,0,226
"13045","5","SIC_0G55","29","0",1981,"4","","Carroll County, Georgia","Private","SIC 55 Automotive Dealers and Service Stations","County, 2-digit SIC -- by ownership sector","All establishment sizes",42,251,237,239,700837,0,0,222
"13045","5","SIC_0G56","29","0",1981,"1","","Carroll County, Georgia","Private","SIC 56 Apparel and Accessory Stores","County, 2-digit SIC -- by ownership sector","All establishment sizes",24,145,150,149,233026,0,0,121
"13045","5","SIC_0G56","29","0",1981,"2","","Carroll County, Georgia","Private","SIC 56 Apparel and Accessory Stores","County, 2-digit SIC -- by ownership sector","All establishment sizes",25,155,146,154,230326,0,0,116
"13045","5","SIC_0G56","29","0",1981,"3","","Carroll County, Georgia","Private","SIC 56 Apparel and Accessory Stores","County, 2-digit SIC -- by ownership sector","All establishment sizes",26,143,148,148,234460,0,0,123
"13045","5","SIC_0G56","29","0",1981,"4","","Carroll County, Georgia","Private","SIC 56 Apparel and Accessory Stores","County, 2-digit SIC -- by ownership sector","All establishment sizes",26,141,153,161,249086,0,0,126
"13045","5","SIC_0G57","29","0",1981,"1","","Carroll County, Georgia","Private","SIC 57 Furniture and Homefurnishings Stores","County, 2-digit SIC -- by ownership sector","All establishment sizes",12,62,64,62,143821,0,0,176
"13045","5","SIC_0G57","29","0",1981,"2","","Carroll County, Georgia","Private","SIC 57 Furniture and Homefurnishings Stores","County, 2-digit SIC -- by ownership sector","All establishment sizes",11,61,60,60,138044,0,0,176
"13045","5","SIC_0G57","29","0",1981,"3","","Carroll County, Georgia","Private","SIC 57 Furniture and Homefurnishings Stores","County, 2-digit SIC -- by ownership sector","All establishment sizes",12,65,68,67,148833,0,0,171
"13045","5","SIC_0G57","29","0",1981,"4","","Carroll County, Georgia","Private","SIC 57 Furniture and Homefurnishings Stores","County, 2-digit SIC -- by ownership sector","All establishment sizes",12,71,71,73,154696,0,0,166
"13045","5","SIC_0G58","29","0",1981,"1","","Carroll County, Georgia","Private","SIC 58 Eating and Drinking Places","County, 2-digit SIC -- by ownership sector","All establishment sizes",51,843,836,831,881527,0,0,81
"13045","5","SIC_0G58","29","0",1981,"2","","Carroll County, Georgia","Private","SIC 58 Eating and Drinking Places","County, 2-digit SIC -- by ownership sector","All establishment sizes",50,894,896,871,1000807,0,0,86
"13045","5","SIC_0G58","29","0",1981,"3","","Carroll County, Georgia","Private","SIC 58 Eating and Drinking Places","County, 2-digit SIC -- by ownership sector","All establishment sizes",50,880,870,864,974833,0,0,86
"13045","5","SIC_0G58","29","0",1981,"4","","Carroll County, Georgia","Private","SIC 58 Eating and Drinking Places","County, 2-digit SIC -- by ownership sector","All establishment sizes",49,901,880,890,1035165,0,0,89
"13045","5","SIC_0G59","29","0",1981,"1","","Carroll County, Georgia","Private","SIC 59 Miscellaneous Retail","County, 2-digit SIC -- by ownership sector","All establishment sizes",54,401,387,384,763425,0,0,150
"13045","5","SIC_0G59","29","0",1981,"2","","Carroll County, Georgia","Private","SIC 59 Miscellaneous Retail","County, 2-digit SIC -- by ownership sector","All establishment sizes",55,385,383,376,796412,0,0,160
"13045","5","SIC_0G59","29","0",1981,"3","","Carroll County, Georgia","Private","SIC 59 Miscellaneous Retail","County, 2-digit SIC -- by ownership sector","All establishment sizes",56,353,362,389,774105,0,0,161
"13045","5","SIC_0G59","29","0",1981,"4","","Carroll County, Georgia","Private","SIC 59 Miscellaneous Retail","County, 2-digit SIC -- by ownership sector","All establishment sizes",53,360,363,380,840772,0,0,175
"13045","5","SIC_0H","28","0",1981,"1","","Carroll County, Georgia","Private","Finance, Insurance, and Real Estate Division","County, Industry Division -- by ownership sector","All establishment sizes",55,586,594,605,1671449,0,0,216
"13045","5","SIC_0H","28","0",1981,"2","","Carroll County, Georgia","Private","Finance, Insurance, and Real Estate Division","County, Industry Division -- by ownership sector","All establishment sizes",54,600,623,655,1912487,0,0,235
"13045","5","SIC_0H","28","0",1981,"3","","Carroll County, Georgia","Private","Finance, Insurance, and Real Estate Division","County, Industry Division -- by ownership sector","All establishment sizes",50,658,664,638,2079894,0,0,244
"13045","5","SIC_0H","28","0",1981,"4","","Carroll County, Georgia","Private","Finance, Insurance, and Real Estate Division","County, Industry Division -- by ownership sector","All establishment sizes",51,627,615,610,2355283,0,0,293
"13045","5","SIC_0H60","29","0",1981,"1","","Carroll County, Georgia","Private","SIC 60 Depository Institutions","County, 2-digit SIC -- by ownership sector","All establishment sizes",6,241,241,245,663384,0,0,210
"13045","5","SIC_0H60","29","0",1981,"2","","Carroll County, Georgia","Private","SIC 60 Depository Institutions","County, 2-digit SIC -- by ownership sector","All establishment sizes",6,249,249,254,715527,0,0,219
"13045","5","SIC_0H60","29","0",1981,"3","","Carroll County, Georgia","Private","SIC 60 Depository Institutions","County, 2-digit SIC -- by ownership sector","All establishment sizes",6,261,256,255,704666,0,0,210
"13045","5","SIC_0H60","29","0",1981,"4","","Carroll County, Georgia","Private","SIC 60 Depository Institutions","County, 2-digit SIC -- by ownership sector","All establishment sizes",6,252,254,257,916062,0,0,277
"13045","5","SIC_0H61","29","0",1981,"1","","Carroll County, Georgia","Private","SIC 61 Nondepository Institutions","County, 2-digit SIC -- by ownership sector","All establishment sizes",10,97,97,96,275721,0,0,219
"13045","5","SIC_0H61","29","0",1981,"2","","Carroll County, Georgia","Private","SIC 61 Nondepository Institutions","County, 2-digit SIC -- by ownership sector","All establishment sizes",9,98,97,97,295780,0,0,233
"13045","5","SIC_0H61","29","0",1981,"3","","Carroll County, Georgia","Private","SIC 61 Nondepository Institutions","County, 2-digit SIC -- by ownership sector","All establishment sizes",9,94,95,95,287899,0,0,233
"13045","5","SIC_0H61","29","0",1981,"4","","Carroll County, Georgia","Private","SIC 61 Nondepository Institutions","County, 2-digit SIC -- by ownership sector","All establishment sizes",9,97,97,95,347673,0,0,277
"13045","5","SIC_0H63","29","0",1981,"1","","Carroll County, Georgia","Private","SIC 63 Insurance Carriers","County, 2-digit SIC -- by ownership sector","All establishment sizes",4,50,50,50,282809,0,0,435
"13045","5","SIC_0H63","29","0",1981,"2","","Carroll County, Georgia","Private","SIC 63 Insurance Carriers","County, 2-digit SIC -- by ownership sector","All establishment sizes",4,49,49,49,312820,0,0,491
"13045","5","SIC_0H63","29","0",1981,"3","","Carroll County, Georgia","Private","SIC 63 Insurance Carriers","County, 2-digit SIC -- by ownership sector","All establishment sizes",4,47,47,47,269336,0,0,440
"13045","5","SIC_0H63","29","0",1981,"4","","Carroll County, Georgia","Private","SIC 63 Insurance Carriers","County, 2-digit SIC -- by ownership sector","All establishment sizes",5,54,54,54,355044,0,0,505
"13045","5","SIC_0H64","29","0",1981,"1","","Carroll County, Georgia","Private","SIC 64 Insurance Agents, Brokers, and Service","County, 2-digit SIC -- by ownership sector","All establishment sizes",12,42,41,41,104846,0,0,195
"13045","5","SIC_0H64","29","0",1981,"2","","Carroll County, Georgia","Private","SIC 64 Insurance Agents, Brokers, and Service","County, 2-digit SIC -- by ownership sector","All establishment sizes",13,47,51,50,115587,0,0,180
"13045","5","SIC_0H64","29","0",1981,"3","","Carroll County, Georgia","Private","SIC 64 Insurance Agents, Brokers, and Service","County, 2-digit SIC -- by ownership sector","All establishment sizes",13,44,50,50,110078,0,0,176
"13045","5","SIC_0H64","29","0",1981,"4","","Carroll County, Georgia","Private","SIC 64 Insurance Agents, Brokers, and Service","County, 2-digit SIC -- by ownership sector","All establishment sizes",13,42,43,42,114570,0,0,208
"13045","5","SIC_0H65","29","0",1981,"1","","Carroll County, Georgia","Private","SIC 65 Real Estate","County, 2-digit SIC -- by ownership sector","All establishment sizes",20,146,155,162,314363,0,0,156
"13045","5","SIC_0H65","29","0",1981,"2","","Carroll County, Georgia","Private","SIC 65 Real Estate","County, 2-digit SIC -- by ownership sector","All establishment sizes",19,146,166,194,441485,0,0,201
"13045","5","SIC_0H65","29","0",1981,"3","","Carroll County, Georgia","Private","SIC 65 Real Estate","County, 2-digit SIC -- by ownership sector","All establishment sizes",15,201,205,179,674473,0,0,266
"13045","5","SIC_0H65","29","0",1981,"4","","Carroll County, Georgia","Private","SIC 65 Real Estate","County, 2-digit SIC -- by ownership sector","All establishment sizes",15,170,156,150,551612,0,0,267
"13045","5","SIC_0H66","29","0",1981,"1","","Carroll County, Georgia","Private","1972 SIC 66 Combined Real Estate, Insurance, Etc","County, 2-digit SIC -- by ownership sector","All establishment sizes",3,10,10,11,30326,0,0,225
"13045","5","SIC_0H66","29","0",1981,"2","","Carroll County, Georgia","Private","1972 SIC 66 Combined Real Estate, Insurance, Etc","County, 2-digit SIC -- by ownership sector","All establishment sizes",3,11,11,11,31288,0,0,218
"13045","5","SIC_0H66","29","0",1981,"3","","Carroll County, Georgia","Private","1972 SIC 66 Combined Real Estate, Insurance, Etc","County, 2-digit SIC -- by ownership sector","All establishment sizes",3,11,11,12,33442,0,0,226
"13045","5","SIC_0H66","29","0",1981,"4","","Carroll County, Georgia","Private","1972 SIC 66 Combined Real Estate, Insurance, Etc","County, 2-digit SIC -- by ownership sector","All establishment sizes",3,12,11,12,70322,0,0,463
"13045","5","SIC_0I","28","0",1981,"1","","Carroll County, Georgia","Private","Services Division","County, Industry Division -- by ownership sector","All establishment sizes",236,1698,1718,1720,4245131,0,0,190
"13045","5","SIC_0I","28","0",1981,"2","","Carroll County, Georgia","Private","Services Division","County, Industry Division -- by ownership sector","All establishment sizes",238,1742,1740,1745,4833434,0,0,213
"13045","5","SIC_0I","28","0",1981,"3","","Carroll County, Georgia","Private","Services Division","County, Industry Division -- by ownership sector","All establishment sizes",238,1779,1771,1903,4623067,0,0,195
"13045","5","SIC_0I","28","0",1981,"4","","Carroll County, Georgia","Private","Services Division","County, Industry Division -- by ownership sector","All establishment sizes",240,1801,1865,1754,4565356,0,0,194
"13045","5","SIC_0I70","29","0",1981,"1","","Carroll County, Georgia","Private","SIC 70 Hotels and Other Lodging Places","County, 2-digit SIC -- by ownership sector","All establishment sizes",7,26,26,25,40162,0,0,120
"13045","5","SIC_0I70","29","0",1981,"2","","Carroll County, Georgia","Private","SIC 70 Hotels and Other Lodging Places","County, 2-digit SIC -- by ownership sector","All establishment sizes",8,25,24,25,38064,0,0,118
"13045","5","SIC_0I70","29","0",1981,"3","","Carroll County, Georgia","Private","SIC 70 Hotels and Other Lodging Places","County, 2-digit SIC -- by ownership sector","All establishment sizes",7,28,27,28,46100,0,0,128
"13045","5","SIC_0I70","29","0",1981,"4","","Carroll County, Georgia","Private","SIC 70 Hotels and Other Lodging Places","County, 2-digit SIC -- by ownership sector","All establishment sizes",7,25,25,25,37291,0,0,114
"13045","5","SIC_0I72","29","0",1981,"1","","Carroll County, Georgia","Private","SIC 72 Personal Services","County, 2-digit SIC -- by ownership sector","All establishment sizes",36,133,124,128,236083,0,0,141
"13045","5","SIC_0I72","29","0",1981,"2","","Carroll County, Georgia","Private","SIC 72 Personal Services","County, 2-digit SIC -- by ownership sector","All establishment sizes",36,132,126,125,236884,0,0,142
"13045","5","SIC_0I72","29","0",1981,"3","","Carroll County, Georgia","Private","SIC 72 Personal Services","County, 2-digit SIC -- by ownership sector","All establishment sizes",35,121,121,122,237482,0,0,150
"13045","5","SIC_0I72","29","0",1981,"4","","Carroll County, Georgia","Private","SIC 72 Personal Services","County, 2-digit SIC -- by ownership sector","All establishment sizes",36,124,113,111,227488,0,0,150
"13045","5","SIC_0I73","29","0",1981,"1","","Carroll County, Georgia","Private","SIC 73 Business Services","County, 2-digit SIC -- by ownership sector","All establishment sizes",23,502,508,510,965007,0,0,146
"13045","5","SIC_0I73","29","0",1981,"2","","Carroll County, Georgia","Private","SIC 73 Business Services","County, 2-digit SIC -- by ownership sector","All establishment sizes",23,519,513,514,996492,0,0,148
"13045","5","SIC_0I73","29","0",1981,"3","","Carroll County, Georgia","Private","SIC 73 Business Services","County, 2-digit SIC -- by ownership sector","All establishment sizes",23,510,515,644,1058501,0,0,146
"13045","5","SIC_0I73","29","0",1981,"4","","Carroll County, Georgia","Private","SIC 73 Business Services","County, 2-digit SIC -- by ownership sector","All establishment sizes",22,544,632,512,1128530,0,0,154
"13045","5","SIC_0I75","29","0",1981,"1","","Carroll County, Georgia","Private","SIC 75 Auto Repair, Services, and Parking","County, 2-digit SIC -- by ownership sector","All establishment sizes",27,76,73,76,176509,0,0,181
"13045","5","SIC_0I75","29","0",1981,"2","","Carroll County, Georgia","Private","SIC 75 Auto Repair, Services, and Parking","County, 2-digit SIC -- by ownership sector","All establishment sizes",28,87,85,87,216048,0,0,192
"13045","5","SIC_0I75","29","0",1981,"3","","Carroll County, Georgia","Private","SIC 75 Auto Repair, Services, and Parking","County, 2-digit SIC -- by ownership sector","All establishment sizes",29,82,79,79,212391,0,0,204
"13045","5","SIC_0I75","29","0",1981,"4","","Carroll County, Georgia","Private","SIC 75 Auto Repair, Services, and Parking","County, 2-digit SIC -- by ownership sector","All establishment sizes",28,77,74,76,206947,0,0,210
"13045","5","SIC_0I76","29","0",1981,"1","","Carroll County, Georgia","Private","SIC 76 Miscellaneous Repair Services","County, 2-digit SIC -- by ownership sector","All establishment sizes",13,46,48,50,133201,0,0,213
"13045","5","SIC_0I76","29","0",1981,"2","","Carroll County, Georgia","Private","SIC 76 Miscellaneous Repair Services","County, 2-digit SIC -- by ownership sector","All establishment sizes",12,46,47,49,146429,0,0,237
"13045","5","SIC_0I76","29","0",1981,"3","","Carroll County, Georgia","Private","SIC 76 Miscellaneous Repair Services","County, 2-digit SIC -- by ownership sector","All establishment sizes",11,45,45,43,148339,0,0,257
"13045","5","SIC_0I76","29","0",1981,"4","","Carroll County, Georgia","Private","SIC 76 Miscellaneous Repair Services","County, 2-digit SIC -- by ownership sector","All establishment sizes",12,42,40,41,146558,0,0,274
"13045","5","SIC_0I78","29","0",1981,"1","N","Carroll County, Georgia","Private","SIC 78 Motion Pictures","County, 2-digit SIC -- by ownership sector","All establishment sizes",0,0,0,0,0,0,0,0
"13045","5","SIC_0I78","29","0",1981,"2","N","Carroll County, Georgia","Private","SIC 78 Motion Pictures","County, 2-digit SIC -- by ownership sector","All establishment sizes",0,0,0,0,0,0,0,0
"13045","5","SIC_0I78","29","0",1981,"3","N","Carroll County, Georgia","Private","SIC 78 Motion Pictures","County, 2-digit SIC -- by ownership sector","All establishment sizes",0,0,0,0,0,0,0,0
"13045","5","SIC_0I78","29","0",1981,"4","N","Carroll County, Georgia","Private","SIC 78 Motion Pictures","County, 2-digit SIC -- by ownership sector","All establishment sizes",0,0,0,0,0,0,0,0
"13045","5","SIC_0I79","29","0",1981,"1","","Carroll County, Georgia","Private","SIC 79 Amusement and Recreation Services","County, 2-digit SIC -- by ownership sector","All establishment sizes",6,42,43,43,73320,0,0,132
"13045","5","SIC_0I79","29","0",1981,"2","","Carroll County, Georgia","Private","SIC 79 Amusement and Recreation Services","County, 2-digit SIC -- by ownership sector","All establishment sizes",6,48,52,58,97552,0,0,142
"13045","5","SIC_0I79","29","0",1981,"3","","Carroll County, Georgia","Private","SIC 79 Amusement and Recreation Services","County, 2-digit SIC -- by ownership sector","All establishment sizes",7,75,68,65,119594,0,0,132
"13045","5","SIC_0I79","29","0",1981,"4","","Carroll County, Georgia","Private","SIC 79 Amusement and Recreation Services","County, 2-digit SIC -- by ownership sector","All establishment sizes",7,56,54,61,100504,0,0,135
"13045","5","SIC_0I80","29","0",1981,"1","","Carroll County, Georgia","Private","SIC 80 Health Services","County, 2-digit SIC -- by ownership sector","All establishment sizes",68,624,639,644,1960060,0,0,237
"13045","5","SIC_0I80","29","0",1981,"2","","Carroll County, Georgia","Private","SIC 80 Health Services","County, 2-digit SIC -- by ownership sector","All establishment sizes",67,627,629,643,2493778,0,0,303
"13045","5","SIC_0I80","29","0",1981,"3","","Carroll County, Georgia","Private","SIC 80 Health Services","County, 2-digit SIC -- by ownership sector","All establishment sizes",68,676,664,659,2185339,0,0,252
"13045","5","SIC_0I80","29","0",1981,"4","","Carroll County, Georgia","Private","SIC 80 Health Services","County, 2-digit SIC -- by ownership sector","All establishment sizes",70,671,662,663,2070648,0,0,239
"13045","5","SIC_0I81","29","0",1981,"1","","Carroll County, Georgia","Private","SIC 81 Legal Services","County, 2-digit SIC -- by ownership sector","All establishment sizes",16,41,41,40,216931,0,0,410
"13045","5","SIC_0I81","29","0",1981,"2","","Carroll County, Georgia","Private","SIC 81 Legal Services","County, 2-digit SIC -- by ownership sector","All establishment sizes",16,43,46,47,156397,0,0,265
"13045","5","SIC_0I81","29","0",1981,"3","","Carroll County, Georgia","Private","SIC 81 Legal Services","County, 2-digit SIC -- by ownership sector","All establishment sizes",16,49,46,47,165538,0,0,269
"13045","5","SIC_0I81","29","0",1981,"4","","Carroll County, Georgia","Private","SIC 81 Legal Services","County, 2-digit SIC -- by ownership sector","All establishment sizes",16,49,48,47,181393,0,0,290
"13045","5","SIC_0I82","29","0",1981,"1","N","Carroll County, Georgia","Private","SIC 82 Educational Services","County, 2-digit SIC -- by ownership sector","All establishment sizes",0,0,0,0,0,0,0,0
"13045","5","SIC_0I82","29","0",1981,"2","N","Carroll County, Georgia","Private","SIC 82 Educational Services","County, 2-digit SIC -- by ownership sector","All establishment sizes",0,0,0,0,0,0,0,0
"13045","5","SIC_0I82","29","0",1981,"3","N","Carroll County, Georgia","Private","SIC 82 Educational Services","County, 2-digit SIC -- by ownership sector","All establishment sizes",0,0,0,0,0,0,0,0
"13045","5","SIC_0I82","29","0",1981,"4","N","Carroll County, Georgia","Private","SIC 82 Educational Services","County, 2-digit SIC -- by ownership sector","All establishment sizes",0,0,0,0,0,0,0,0
"13045","5","SIC_0I83","29","0",1981,"1","","Carroll County, Georgia","Private","SIC 83 Social Services","County, 2-digit SIC -- by ownership sector","All establishment sizes",10,67,68,69,98912,0,0,111
"13045","5","SIC_0I83","29","0",1981,"2","","Carroll County, Georgia","Private","SIC 83 Social Services","County, 2-digit SIC -- by ownership sector","All establishment sizes",9,67,69,68,99407,0,0,112
"13045","5","SIC_0I83","29","0",1981,"3","","Carroll County, Georgia","Private","SIC 83 Social Services","County, 2-digit SIC -- by ownership sector","All establishment sizes",10,69,74,78,106373,0,0,111
"13045","5","SIC_0I83","29","0",1981,"4","","Carroll County, Georgia","Private","SIC 83 Social Services","County, 2-digit SIC -- by ownership sector","All establishment sizes",9,79,80,81,114461,0,0,110
"13045","5","SIC_0I86","29","0",1981,"1","","Carroll County, Georgia","Private","SIC 86 Membership Organizations","County, 2-digit SIC -- by ownership sector","All establishment sizes",6,14,14,14,32057,0,0,176
"13045","5","SIC_0I86","29","0",1981,"2","","Carroll County, Georgia","Private","SIC 86 Membership Organizations","County, 2-digit SIC -- by ownership sector","All establishment sizes",7,15,14,14,32283,0,0,173
"13045","5","SIC_0I86","29","0",1981,"3","","Carroll County, Georgia","Private","SIC 86 Membership Organizations","County, 2-digit SIC -- by ownership sector","All establishment sizes",8,13,19,15,38712,0,0,190
"13045","5","SIC_0I86","29","0",1981,"4","","Carroll County, Georgia","Private","SIC 86 Membership Organizations","County, 2-digit SIC -- by ownership sector","All establishment sizes",9,15,15,19,42287,0,0,199
"13045","5","SIC_0I88","29","0",1981,"1","","Carroll County, Georgia","Private","SIC 88 Private Households","County, 2-digit SIC -- by ownership sector","All establishment sizes",9,8,8,8,11326,0,0,108
"13045","5","SIC_0I88","29","0",1981,"2","","Carroll County, Georgia","Private","SIC 88 Private Households","County, 2-digit SIC -- by ownership sector","All establishment sizes",10,10,10,9,11226,0,0,89
"13045","5","SIC_0I88","29","0",1981,"3","","Carroll County, Georgia","Private","SIC 88 Private Households","County, 2-digit SIC -- by ownership sector","All establishment sizes",9,9,9,8,12551,0,0,111
"13045","5","SIC_0I88","29","0",1981,"4","","Carroll County, Georgia","Private","SIC 88 Private Households","County, 2-digit SIC -- by ownership sector","All establishment sizes",9,10,9,9,13079,0,0,107
"13045","5","SIC_0I89","29","0",1981,"1","","Carroll County, Georgia","Private","SIC 89 Services, Nec","County, 2-digit SIC -- by ownership sector","All establishment sizes",11,59,63,57,203731,0,0,262
"13045","5","SIC_0I89","29","0",1981,"2","","Carroll County, Georgia","Private","SIC 89 Services, Nec","County, 2-digit SIC -- by ownership sector","All establishment sizes",12,64,63,60,219164,0,0,270
"13045","5","SIC_0I89","29","0",1981,"3","","Carroll County, Georgia","Private","SIC 89 Services, Nec","County, 2-digit SIC -- by ownership sector","All establishment sizes",11,60,59,59,203185,0,0,263
"13045","5","SIC_0I89","29","0",1981,"4","","Carroll County, Georgia","Private","SIC 89 Services, Nec","County, 2-digit SIC -- by ownership sector","All establishment sizes",11,56,57,54,197409,0,0,272
"13045","5","SIC_0K","28","0",1981,"1","N","Carroll County, Georgia","Private","Nonclassifiable Establishments","County, Industry Division -- by ownership sector","All establishment sizes",0,0,0,0,0,0,0,0
"13045","5","SIC_0K","28","0",1981,"2","N","Carroll County, Georgia","Private","Nonclassifiable Establishments","County, Industry Division -- by ownership sector","All establishment sizes",0,0,0,0,0,0,0,0
"13045","5","SIC_0K","28","0",1981,"3","N","Carroll County, Georgia","Private","Nonclassifiable Establishments","County, Industry Division -- by ownership sector","All establishment sizes",0,0,0,0,0,0,0,0
"13045","5","SIC_0K","28","0",1981,"4","N","Carroll County, Georgia","Private","Nonclassifiable Establishments","County, Industry Division -- by ownership sector","All establishment sizes",0,0,0,0,0,0,0,0
"13045","5","SIC_0K99","29","0",1981,"1","N","Carroll County, Georgia","Private","SIC 99 Nonclassifiable Establishments","County, 2-digit SIC -- by ownership sector","All establishment sizes",0,0,0,0,0,0,0,0
"13045","5","SIC_0K99","29","0",1981,"2","N","Carroll County, Georgia","Private","SIC 99 Nonclassifiable Establishments","County, 2-digit SIC -- by ownership sector","All establishment sizes",0,0,0,0,0,0,0,0
"13045","5","SIC_0K99","29","0",1981,"3","N","Carroll County, Georgia","Private","SIC 99 Nonclassifiable Establishments","County, 2-digit SIC -- by ownership sector","All establishment sizes",0,0,0,0,0,0,0,0
"13045","5","SIC_0K99","29","0",1981,"4","N","Carroll County, Georgia","Private","SIC 99 Nonclassifiable Establishments","County, 2-digit SIC -- by ownership sector","All establishment sizes",0,0,0,0,0,0,0,0
