"area_fips","own_code","industry_code","agglvl_code","size_code","year","qtr","disclosure_code","area_title","own_title","industry_title","agglvl_title","size_title","qtrly_estabs_count","month1_emplvl","month2_emplvl","month3_emplvl","total_qtrly_wages","taxable_qtrly_wages","qtrly_contributions","avg_wkly_wage"
"13199","0","SIC_0Z","26","0",1981,"1","","Meriwether County, Georgia","Total Covered","All Industries","County, Total Covered","All establishment sizes",260,5416,5451,5485,13817815,0,0,195
"13199","0","SIC_0Z","26","0",1981,"2","","Meriwether County, Georgia","Total Covered","All Industries","County, Total Covered","All establishment sizes",262,5583,5655,5680,16095122,0,0,219
"13199","0","SIC_0Z","26","0",1981,"3","","Meriwether County, Georgia","Total Covered","All Industries","County, Total Covered","All establishment sizes",266,5642,5901,5997,15942063,0,0,209
"13199","0","SIC_0Z","26","0",1981,"4","","Meriwether County, Georgia","Total Covered","All Industries","County, Total Covered","All establishment sizes",271,5820,5869,5600,17675810,0,0,235
"13199","1","SIC_0Z","27","0",1981,"1","","Meriwether County, Georgia","Federal Government","All Industries","County, Total -- by ownership sector","All establishment sizes",6,41,41,39,205553,0,0,392
"13199","1","SIC_0Z","27","0",1981,"2","","Meriwether County, Georgia","Federal Government","All Industries","County, Total -- by ownership sector","All establishment sizes",6,38,37,40,168192,0,0,337
"13199","1","SIC_0Z","27","0",1981,"3","","Meriwether County, Georgia","Federal Government","All Industries","County, Total -- by ownership sector","All establishment sizes",6,39,38,39,205334,0,0,408
"13199","1","SIC_0Z","27","0",1981,"4","","Meriwether County, Georgia","Federal Government","All Industries","County, Total -- by ownership sector","All establishment sizes",7,40,40,42,205006,0,0,387
"13199","1","SIC_0E","28","0",1981,"1","","Meriwether County, Georgia","Federal Government","Transportation and Public Utilities Division","County, Industry Division -- by ownership sector","All establishment sizes",4,39,39,37,185812,0,0,372
"13199","1","SIC_0E","28","0",1981,"2","","Meriwether County, Georgia","Federal Government","Transportation and Public Utilities Division","County, Industry Division -- by ownership sector","All establishment sizes",4,36,35,38,151584,0,0,320
"13199","1","SIC_0E","28","0",1981,"3","","Meriwether County, Georgia","Federal Government","Transportation and Public Utilities Division","County, Industry Division -- by ownership sector","All establishment sizes",4,37,36,37,187520,0,0,393
"13199","1","SIC_0E","28","0",1981,"4","","Meriwether County, Georgia","Federal Government","Transportation and Public Utilities Division","County, Industry Division -- by ownership sector","All establishment sizes",4,38,38,39,186472,0,0,374
"13199","1","SIC_0E43","29","0",1981,"1","","Meriwether County, Georgia","Federal Government","SIC 43 U.S. Postal Service","County, 2-digit SIC -- by ownership sector","All establishment sizes",4,39,39,37,185812,0,0,372
"13199","1","SIC_0E43","29","0",1981,"2","","Meriwether County, Georgia","Federal Government","SIC 43 U.S. Postal Service","County, 2-digit SIC -- by ownership sector","All establishment sizes",4,36,35,38,151584,0,0,320
"13199","1","SIC_0E43","29","0",1981,"3","","Meriwether County, Georgia","Federal Government","SIC 43 U.S. Postal Service","County, 2-digit SIC -- by ownership sector","All establishment sizes",4,37,36,37,187520,0,0,393
"13199","1","SIC_0E43","29","0",1981,"4","","Meriwether County, Georgia","Federal Government","SIC 43 U.S. Postal Service","County, 2-digit SIC -- by ownership sector","All establishment sizes",4,38,38,39,186472,0,0,374
"13199","1","SIC_0J","28","0",1981,"1","","Meriwether County, Georgia","Federal Government","Public Administration Division","County, Industry Division -- by ownership sector","All establishment sizes",2,2,2,2,19741,0,0,759
"13199","1","SIC_0J","28","0",1981,"2","","Meriwether County, Georgia","Federal Government","Public Administration Division","County, Industry Division -- by ownership sector","All establishment sizes",2,2,2,2,16608,0,0,638
"13199","1","SIC_0J","28","0",1981,"3","","Meriwether County, Georgia","Federal Government","Public Administration Division","County, Industry Division -- by ownership sector","All establishment sizes",2,2,2,2,17814,0,0,685
"13199","1","SIC_0J","28","0",1981,"4","","Meriwether County, Georgia","Federal Government","Public Administration Division","County, Industry Division -- by ownership sector","All establishment sizes",3,2,2,3,18534,0,0,611
"13199","1","SIC_0J94","29","0",1981,"1","","Meriwether County, Georgia","Federal Government","SIC 94 Administration of Human Resources","County, 2-digit SIC -- by ownership sector","All establishment sizes",1,1,1,1,15417,0,0,1185
"13199","1","SIC_0J94","29","0",1981,"2","","Meriwether County, Georgia","Federal Government","SIC 94 Administration of Human Resources","County, 2-digit SIC -- by ownership sector","All establishment sizes",1,1,1,1,11563,0,0,889
"13199","1","SIC_0J94","29","0",1981,"3","","Meriwether County, Georgia","Federal Government","SIC 94 Administration of Human Resources","County, 2-digit SIC -- by ownership sector","All establishment sizes",1,1,1,1,13490,0,0,1037
"13199","1","SIC_0J94","29","0",1981,"4","","Meriwether County, Georgia","Federal Government","SIC 94 Administration of Human Resources","County, 2-digit SIC -- by ownership sector","All establishment sizes",1,1,1,1,11563,0,0,889
"13199","1","SIC_0J95","29","0",1981,"1","","Meriwether County, Georgia","Federal Government","SIC 95 Environmental Quality and Housing","County, 2-digit SIC -- by ownership sector","All establishment sizes",1,1,1,1,4324,0,0,332
"13199","1","SIC_0J95","29","0",1981,"2","","Meriwether County, Georgia","Federal Government","SIC 95 Environmental Quality and Housing","County, 2-digit SIC -- by ownership sector","All establishment sizes",1,1,1,1,5045,0,0,388
"13199","1","SIC_0J95","29","0",1981,"3","","Meriwether County, Georgia","Federal Government","SIC 95 Environmental Quality and Housing","County, 2-digit SIC -- by ownership sector","All establishment sizes",1,1,1,1,4324,0,0,332
"13199","1","SIC_0J95","29","0",1981,"4","","Meriwether County, Georgia","Federal Government","SIC 95 Environmental Quality and Housing","County, 2-digit SIC -- by ownership sector","All establishment sizes",1,1,1,1,5280,0,0,406
"13199","1","SIC_0J96","29","0",1981,"1","","Meriwether County, Georgia","Federal Government","SIC 96 Administration of Economic Programs","County, 2-digit SIC -- by ownership sector","All establishment sizes",0,0,0,0,0,0,0,0
"13199","1","SIC_0J96","29","0",1981,"2","","Meriwether County, Georgia","Federal Government","SIC 96 Administration of Economic Programs","County, 2-digit SIC -- by ownership sector","All establishment sizes",0,0,0,0,0,0,0,0
"13199","1","SIC_0J96","29","0",1981,"3","","Meriwether County, Georgia","Federal Government","SIC 96 Administration of Economic Programs","County, 2-digit SIC -- by ownership sector","All establishment sizes",0,0,0,0,0,0,0,0
"13199","1","SIC_0J96","29","0",1981,"4","","Meriwether County, Georgia","Federal Government","SIC 96 Administration of Economic Programs","County, 2-digit SIC -- by ownership sector","All establishment sizes",1,0,0,1,1691,0,0,390
"13199","2","SIC_0Z","27","0",1981,"1","","Meriwether County, Georgia","State Government","All Industries","County, Total -- by ownership sector","All establishment sizes",14,557,561,559,1711900,0,0,235
"13199","2","SIC_0Z","27","0",1981,"2","","Meriwether County, Georgia","State Government","All Industries","County, Total -- by ownership sector","All establishment sizes",14,560,571,569,1755652,0,0,238
"13199","2","SIC_0Z","27","0",1981,"3","","Meriwether County, Georgia","State Government","All Industries","County, Total -- by ownership sector","All establishment sizes",14,582,575,572,1927964,0,0,257
"13199","2","SIC_0Z","27","0",1981,"4","","Meriwether County, Georgia","State Government","All Industries","County, Total -- by ownership sector","All establishment sizes",14,575,579,583,2197411,0,0,291
"13199","2","SIC_0A","28","0",1981,"1","N","Meriwether County, Georgia","State Government","Agriculture, Forestry, and Fishing Division","County, Industry Division -- by ownership sector","All establishment sizes",0,0,0,0,0,0,0,0
"13199","2","SIC_0A","28","0",1981,"2","N","Meriwether County, Georgia","State Government","Agriculture, Forestry, and Fishing Division","County, Industry Division -- by ownership sector","All establishment sizes",0,0,0,0,0,0,0,0
"13199","2","SIC_0A","28","0",1981,"3","N","Meriwether County, Georgia","State Government","Agriculture, Forestry, and Fishing Division","County, Industry Division -- by ownership sector","All establishment sizes",0,0,0,0,0,0,0,0
"13199","2","SIC_0A","28","0",1981,"4","N","Meriwether County, Georgia","State Government","Agriculture, Forestry, and Fishing Division","County, Industry Division -- by ownership sector","All establishment sizes",0,0,0,0,0,0,0,0
"13199","2","SIC_0A08","29","0",1981,"1","N","Meriwether County, Georgia","State Government","SIC 08 Forestry","County, 2-digit SIC -- by ownership sector","All establishment sizes",0,0,0,0,0,0,0,0
"13199","2","SIC_0A08","29","0",1981,"2","N","Meriwether County, Georgia","State Government","SIC 08 Forestry","County, 2-digit SIC -- by ownership sector","All establishment sizes",0,0,0,0,0,0,0,0
"13199","2","SIC_0A08","29","0",1981,"3","N","Meriwether County, Georgia","State Government","SIC 08 Forestry","County, 2-digit SIC -- by ownership sector","All establishment sizes",0,0,0,0,0,0,0,0
"13199","2","SIC_0A08","29","0",1981,"4","N","Meriwether County, Georgia","State Government","SIC 08 Forestry","County, 2-digit SIC -- by ownership sector","All establishment sizes",0,0,0,0,0,0,0,0
"13199","2","SIC_0C","28","0",1981,"1","N","Meriwether County, Georgia","State Government","Construction Division","County, Industry Division -- by ownership sector","All establishment sizes",0,0,0,0,0,0,0,0
"13199","2","SIC_0C","28","0",1981,"2","N","Meriwether County, Georgia","State Government","Construction Division","County, Industry Division -- by ownership sector","All establishment sizes",0,0,0,0,0,0,0,0
"13199","2","SIC_0C","28","0",1981,"3","N","Meriwether County, Georgia","State Government","Construction Division","County, Industry Division -- by ownership sector","All establishment sizes",0,0,0,0,0,0,0,0
"13199","2","SIC_0C","28","0",1981,"4","N","Meriwether County, Georgia","State Government","Construction Division","County, Industry Division -- by ownership sector","All establishment sizes",0,0,0,0,0,0,0,0
"13199","2","SIC_0C16","29","0",1981,"1","N","Meriwether County, Georgia","State Government","SIC 16 Heavy Construction, ex. Building","County, 2-digit SIC -- by ownership sector","All establishment sizes",0,0,0,0,0,0,0,0
"13199","2","SIC_0C16","29","0",1981,"2","N","Meriwether County, Georgia","State Government","SIC 16 Heavy Construction, ex. Building","County, 2-digit SIC -- by ownership sector","All establishment sizes",0,0,0,0,0,0,0,0
"13199","2","SIC_0C16","29","0",1981,"3","N","Meriwether County, Georgia","State Government","SIC 16 Heavy Construction, ex. Building","County, 2-digit SIC -- by ownership sector","All establishment sizes",0,0,0,0,0,0,0,0
"13199","2","SIC_0C16","29","0",1981,"4","N","Meriwether County, Georgia","State Government","SIC 16 Heavy Construction, ex. Building","County, 2-digit SIC -- by ownership sector","All establishment sizes",0,0,0,0,0,0,0,0
"13199","2","SIC_0E","28","0",1981,"1","N","Meriwether County, Georgia","State Government","Transportation and Public Utilities Division","County, Industry Division -- by ownership sector","All establishment sizes",0,0,0,0,0,0,0,0
"13199","2","SIC_0E","28","0",1981,"2","N","Meriwether County, Georgia","State Government","Transportation and Public Utilities Division","County, Industry Division -- by ownership sector","All establishment sizes",0,0,0,0,0,0,0,0
"13199","2","SIC_0E","28","0",1981,"3","N","Meriwether County, Georgia","State Government","Transportation and Public Utilities Division","County, Industry Division -- by ownership sector","All establishment sizes",0,0,0,0,0,0,0,0
"13199","2","SIC_0E","28","0",1981,"4","N","Meriwether County, Georgia","State Government","Transportation and Public Utilities Division","County, Industry Division -- by ownership sector","All establishment sizes",0,0,0,0,0,0,0,0
"13199","2","SIC_0E48","29","0",1981,"1","N","Meriwether County, Georgia","State Government","SIC 48 Communication","County, 2-digit SIC -- by ownership sector","All establishment sizes",0,0,0,0,0,0,0,0
"13199","2","SIC_0E48","29","0",1981,"2","N","Meriwether County, Georgia","State Government","SIC 48 Communication","County, 2-digit SIC -- by ownership sector","All establishment sizes",0,0,0,0,0,0,0,0
"13199","2","SIC_0E48","29","0",1981,"3","N","Meriwether County, Georgia","State Government","SIC 48 Communication","County, 2-digit SIC -- by ownership sector","All establishment sizes",0,0,0,0,0,0,0,0
"13199","2","SIC_0E48","29","0",1981,"4","N","Meriwether County, Georgia","State Government","SIC 48 Communication","County, 2-digit SIC -- by ownership sector","All establishment sizes",0,0,0,0,0,0,0,0
"13199","2","SIC_0I","28","0",1981,"1","","Meriwether County, Georgia","State Government","Services Division","County, Industry Division -- by ownership sector","All establishment sizes",8,366,370,367,1057031,0,0,221
"13199","2","SIC_0I","28","0",1981,"2","","Meriwether County, Georgia","State Government","Services Division","County, Industry Division -- by ownership sector","All establishment sizes",8,370,382,379,1081043,0,0,220
"13199","2","SIC_0I","28","0",1981,"3","","Meriwether County, Georgia","State Government","Services Division","County, Industry Division -- by ownership sector","All establishment sizes",8,385,376,378,1178426,0,0,238
"13199","2","SIC_0I","28","0",1981,"4","","Meriwether County, Georgia","State Government","Services Division","County, Industry Division -- by ownership sector","All establishment sizes",8,380,383,387,1370020,0,0,274
"13199","2","SIC_0I79","29","0",1981,"1","N","Meriwether County, Georgia","State Government","SIC 79 Amusement and Recreation Services","County, 2-digit SIC -- by ownership sector","All establishment sizes",0,0,0,0,0,0,0,0
"13199","2","SIC_0I79","29","0",1981,"2","N","Meriwether County, Georgia","State Government","SIC 79 Amusement and Recreation Services","County, 2-digit SIC -- by ownership sector","All establishment sizes",0,0,0,0,0,0,0,0
"13199","2","SIC_0I79","29","0",1981,"3","N","Meriwether County, Georgia","State Government","SIC 79 Amusement and Recreation Services","County, 2-digit SIC -- by ownership sector","All establishment sizes",0,0,0,0,0,0,0,0
"13199","2","SIC_0I79","29","0",1981,"4","N","Meriwether County, Georgia","State Government","SIC 79 Amusement and Recreation Services","County, 2-digit SIC -- by ownership sector","All establishment sizes",0,0,0,0,0,0,0,0
"13199","2","SIC_0I80","29","0",1981,"1","","Meriwether County, Georgia","State Government","SIC 80 Health Services","County, 2-digit SIC -- by ownership sector","All establishment sizes",3,291,291,291,853205,0,0,225
"13199","2","SIC_0I80","29","0",1981,"2","","Meriwether County, Georgia","State Government","SIC 80 Health Services","County, 2-digit SIC -- by ownership sector","All establishment sizes",3,296,304,303,873231,0,0,223
"13199","2","SIC_0I80","29","0",1981,"3","","Meriwether County, Georgia","State Government","SIC 80 Health Services","County, 2-digit SIC -- by ownership sector","All establishment sizes",3,304,297,301,955900,0,0,244
"13199","2","SIC_0I80","29","0",1981,"4","","Meriwether County, Georgia","State Government","SIC 80 Health Services","County, 2-digit SIC -- by ownership sector","All establishment sizes",3,307,311,314,1153207,0,0,285
"13199","2","SIC_0I82","29","0",1981,"1","N","Meriwether County, Georgia","State Government","SIC 82 Educational Services","County, 2-digit SIC -- by ownership sector","All establishment sizes",0,0,0,0,0,0,0,0
"13199","2","SIC_0I82","29","0",1981,"2","N","Meriwether County, Georgia","State Government","SIC 82 Educational Services","County, 2-digit SIC -- by ownership sector","All establishment sizes",0,0,0,0,0,0,0,0
"13199","2","SIC_0I82","29","0",1981,"3","N","Meriwether County, Georgia","State Government","SIC 82 Educational Services","County, 2-digit SIC -- by ownership sector","All establishment sizes",0,0,0,0,0,0,0,0
"13199","2","SIC_0I82","29","0",1981,"4","N","Meriwether County, Georgia","State Government","SIC 82 Educational Services","County, 2-digit SIC -- by ownership sector","All establishment sizes",0,0,0,0,0,0,0,0
"13199","2","SIC_0I83","29","0",1981,"1","","Meriwether County, Georgia","State Government","SIC 83 Social Services","County, 2-digit SIC -- by ownership sector","All establishment sizes",3,35,36,36,129281,0,0,278
"13199","2","SIC_0I83","29","0",1981,"2","","Meriwether County, Georgia","State Government","SIC 83 Social Services","County, 2-digit SIC -- by ownership sector","All establishment sizes",3,36,36,34,130905,0,0,284
"13199","2","SIC_0I83","29","0",1981,"3","","Meriwether County, Georgia","State Government","SIC 83 Social Services","County, 2-digit SIC -- by ownership sector","All establishment sizes",3,36,35,36,136817,0,0,295
"13199","2","SIC_0I83","29","0",1981,"4","","Meriwether County, Georgia","State Government","SIC 83 Social Services","County, 2-digit SIC -- by ownership sector","All establishment sizes",3,36,36,36,144741,0,0,309
"13199","2","SIC_0J","28","0",1981,"1","","Meriwether County, Georgia","State Government","Public Administration Division","County, Industry Division -- by ownership sector","All establishment sizes",3,133,133,134,472113,0,0,272
"13199","2","SIC_0J","28","0",1981,"2","","Meriwether County, Georgia","State Government","Public Administration Division","County, Industry Division -- by ownership sector","All establishment sizes",3,135,133,134,495604,0,0,284
"13199","2","SIC_0J","28","0",1981,"3","","Meriwether County, Georgia","State Government","Public Administration Division","County, Industry Division -- by ownership sector","All establishment sizes",3,140,142,137,552577,0,0,304
"13199","2","SIC_0J","28","0",1981,"4","","Meriwether County, Georgia","State Government","Public Administration Division","County, Industry Division -- by ownership sector","All establishment sizes",3,140,142,141,634633,0,0,346
"13199","2","SIC_0J92","29","0",1981,"1","N","Meriwether County, Georgia","State Government","SIC 92 Justice, Public Order, and Safety","County, 2-digit SIC -- by ownership sector","All establishment sizes",0,0,0,0,0,0,0,0
"13199","2","SIC_0J92","29","0",1981,"2","N","Meriwether County, Georgia","State Government","SIC 92 Justice, Public Order, and Safety","County, 2-digit SIC -- by ownership sector","All establishment sizes",0,0,0,0,0,0,0,0
"13199","2","SIC_0J92","29","0",1981,"3","N","Meriwether County, Georgia","State Government","SIC 92 Justice, Public Order, and Safety","County, 2-digit SIC -- by ownership sector","All establishment sizes",0,0,0,0,0,0,0,0
"13199","2","SIC_0J92","29","0",1981,"4","N","Meriwether County, Georgia","State Government","SIC 92 Justice, Public Order, and Safety","County, 2-digit SIC -- by ownership sector","All establishment sizes",0,0,0,0,0,0,0,0
"13199","2","SIC_0J94","29","0",1981,"1","N","Meriwether County, Georgia","State Government","SIC 94 Administration of Human Resources","County, 2-digit SIC -- by ownership sector","All establishment sizes",0,0,0,0,0,0,0,0
"13199","2","SIC_0J94","29","0",1981,"2","N","Meriwether County, Georgia","State Government","SIC 94 Administration of Human Resources","County, 2-digit SIC -- by ownership sector","All establishment sizes",0,0,0,0,0,0,0,0
"13199","2","SIC_0J94","29","0",1981,"3","N","Meriwether County, Georgia","State Government","SIC 94 Administration of Human Resources","County, 2-digit SIC -- by ownership sector","All establishment sizes",0,0,0,0,0,0,0,0
"13199","2","SIC_0J94","29","0",1981,"4","N","Meriwether County, Georgia","State Government","SIC 94 Administration of Human Resources","County, 2-digit SIC -- by ownership sector","All establishment sizes",0,0,0,0,0,0,0,0
"13199","3","SIC_0Z","27","0",1981,"1","","Meriwether County, Georgia","Local Government","All Industries","County, Total -- by ownership sector","All establishment sizes",14,749,787,791,1965856,0,0,194
"13199","3","SIC_0Z","27","0",1981,"2","","Meriwether County, Georgia","Local Government","All Industries","County, Total -- by ownership sector","All establishment sizes",13,766,764,739,1939536,0,0,197
"13199","3","SIC_0Z","27","0",1981,"3","","Meriwether County, Georgia","Local Government","All Industries","County, Total -- by ownership sector","All establishment sizes",12,733,771,789,1944930,0,0,195
"13199","3","SIC_0Z","27","0",1981,"4","","Meriwether County, Georgia","Local Government","All Industries","County, Total -- by ownership sector","All establishment sizes",12,769,777,801,2079541,0,0,204
"13199","3","SIC_0H","28","0",1981,"1","","Meriwether County, Georgia","Local Government","Finance, Insurance, and Real Estate Division","County, Industry Division -- by ownership sector","All establishment sizes",3,6,5,5,8555,0,0,123
"13199","3","SIC_0H","28","0",1981,"2","","Meriwether County, Georgia","Local Government","Finance, Insurance, and Real Estate Division","County, Industry Division -- by ownership sector","All establishment sizes",3,5,5,4,8289,0,0,136
"13199","3","SIC_0H","28","0",1981,"3","N","Meriwether County, Georgia","Local Government","Finance, Insurance, and Real Estate Division","County, Industry Division -- by ownership sector","All establishment sizes",0,0,0,0,0,0,0,0
"13199","3","SIC_0H","28","0",1981,"4","N","Meriwether County, Georgia","Local Government","Finance, Insurance, and Real Estate Division","County, Industry Division -- by ownership sector","All establishment sizes",0,0,0,0,0,0,0,0
"13199","3","SIC_0H65","29","0",1981,"1","","Meriwether County, Georgia","Local Government","SIC 65 Real Estate","County, 2-digit SIC -- by ownership sector","All establishment sizes",3,6,5,5,8555,0,0,123
"13199","3","SIC_0H65","29","0",1981,"2","","Meriwether County, Georgia","Local Government","SIC 65 Real Estate","County, 2-digit SIC -- by ownership sector","All establishment sizes",3,5,5,4,8289,0,0,136
"13199","3","SIC_0H65","29","0",1981,"3","N","Meriwether County, Georgia","Local Government","SIC 65 Real Estate","County, 2-digit SIC -- by ownership sector","All establishment sizes",0,0,0,0,0,0,0,0
"13199","3","SIC_0H65","29","0",1981,"4","N","Meriwether County, Georgia","Local Government","SIC 65 Real Estate","County, 2-digit SIC -- by ownership sector","All establishment sizes",0,0,0,0,0,0,0,0
"13199","3","SIC_0I","28","0",1981,"1","","Meriwether County, Georgia","Local Government","Services Division","County, Industry Division -- by ownership sector","All establishment sizes",3,533,575,571,1517439,0,0,208
"13199","3","SIC_0I","28","0",1981,"2","","Meriwether County, Georgia","Local Government","Services Division","County, Industry Division -- by ownership sector","All establishment sizes",3,559,559,527,1464812,0,0,205
"13199","3","SIC_0I","28","0",1981,"3","N","Meriwether County, Georgia","Local Government","Services Division","County, Industry Division -- by ownership sector","All establishment sizes",0,0,0,0,0,0,0,0
"13199","3","SIC_0I","28","0",1981,"4","N","Meriwether County, Georgia","Local Government","Services Division","County, Industry Division -- by ownership sector","All establishment sizes",0,0,0,0,0,0,0,0
"13199","3","SIC_0I80","29","0",1981,"1","N","Meriwether County, Georgia","Local Government","SIC 80 Health Services","County, 2-digit SIC -- by ownership sector","All establishment sizes",0,0,0,0,0,0,0,0
"13199","3","SIC_0I80","29","0",1981,"2","N","Meriwether County, Georgia","Local Government","SIC 80 Health Services","County, 2-digit SIC -- by ownership sector","All establishment sizes",0,0,0,0,0,0,0,0
"13199","3","SIC_0I80","29","0",1981,"3","N","Meriwether County, Georgia","Local Government","SIC 80 Health Services","County, 2-digit SIC -- by ownership sector","All establishment sizes",0,0,0,0,0,0,0,0
"13199","3","SIC_0I80","29","0",1981,"4","N","Meriwether County, Georgia","Local Government","SIC 80 Health Services","County, 2-digit SIC -- by ownership sector","All establishment sizes",0,0,0,0,0,0,0,0
"13199","3","SIC_0I82","29","0",1981,"1","N","Meriwether County, Georgia","Local Government","SIC 82 Educational Services","County, 2-digit SIC -- by ownership sector","All establishment sizes",0,0,0,0,0,0,0,0
"13199","3","SIC_0I82","29","0",1981,"2","N","Meriwether County, Georgia","Local Government","SIC 82 Educational Services","County, 2-digit SIC -- by ownership sector","All establishment sizes",0,0,0,0,0,0,0,0
"13199","3","SIC_0I82","29","0",1981,"3","N","Meriwether County, Georgia","Local Government","SIC 82 Educational Services","County, 2-digit SIC -- by ownership sector","All establishment sizes",0,0,0,0,0,0,0,0
"13199","3","SIC_0I82","29","0",1981,"4","N","Meriwether County, Georgia","Local Government","SIC 82 Educational Services","County, 2-digit SIC -- by ownership sector","All establishment sizes",0,0,0,0,0,0,0,0
"13199","3","SIC_0J","28","0",1981,"1","","Meriwether County, Georgia","Local Government","Public Administration Division","County, Industry Division -- by ownership sector","All establishment sizes",8,210,207,215,439862,0,0,160
"13199","3","SIC_0J","28","0",1981,"2","","Meriwether County, Georgia","Local Government","Public Administration Division","County, Industry Division -- by ownership sector","All establishment sizes",7,202,200,208,466435,0,0,176
"13199","3","SIC_0J","28","0",1981,"3","","Meriwether County, Georgia","Local Government","Public Administration Division","County, Industry Division -- by ownership sector","All establishment sizes",7,194,207,201,505120,0,0,193
"13199","3","SIC_0J","28","0",1981,"4","","Meriwether County, Georgia","Local Government","Public Administration Division","County, Industry Division -- by ownership sector","All establishment sizes",7,197,194,196,464731,0,0,182
"13199","3","SIC_0J91","29","0",1981,"1","N","Meriwether County, Georgia","Local Government","SIC 91 Executive, Legislative, and General","County, 2-digit SIC -- by ownership sector","All establishment sizes",0,0,0,0,0,0,0,0
"13199","3","SIC_0J91","29","0",1981,"2","N","Meriwether County, Georgia","Local Government","SIC 91 Executive, Legislative, and General","County, 2-digit SIC -- by ownership sector","All establishment sizes",0,0,0,0,0,0,0,0
"13199","3","SIC_0J91","29","0",1981,"3","N","Meriwether County, Georgia","Local Government","SIC 91 Executive, Legislative, and General","County, 2-digit SIC -- by ownership sector","All establishment sizes",0,0,0,0,0,0,0,0
"13199","3","SIC_0J91","29","0",1981,"4","N","Meriwether County, Georgia","Local Government","SIC 91 Executive, Legislative, and General","County, 2-digit SIC -- by ownership sector","All establishment sizes",0,0,0,0,0,0,0,0
"13199","3","SIC_0J92","29","0",1981,"1","N","Meriwether County, Georgia","Local Government","SIC 92 Justice, Public Order, and Safety","County, 2-digit SIC -- by ownership sector","All establishment sizes",0,0,0,0,0,0,0,0
"13199","3","SIC_0J92","29","0",1981,"2","N","Meriwether County, Georgia","Local Government","SIC 92 Justice, Public Order, and Safety","County, 2-digit SIC -- by ownership sector","All establishment sizes",0,0,0,0,0,0,0,0
"13199","3","SIC_0J92","29","0",1981,"3","N","Meriwether County, Georgia","Local Government","SIC 92 Justice, Public Order, and Safety","County, 2-digit SIC -- by ownership sector","All establishment sizes",0,0,0,0,0,0,0,0
"13199","3","SIC_0J92","29","0",1981,"4","N","Meriwether County, Georgia","Local Government","SIC 92 Justice, Public Order, and Safety","County, 2-digit SIC -- by ownership sector","All establishment sizes",0,0,0,0,0,0,0,0
"13199","5","SIC_0Z","27","0",1981,"1","","Meriwether County, Georgia","Private","All Industries","County, Total -- by ownership sector","All establishment sizes",226,4069,4062,4096,9934506,0,0,187
"13199","5","SIC_0Z","27","0",1981,"2","","Meriwether County, Georgia","Private","All Industries","County, Total -- by ownership sector","All establishment sizes",229,4219,4283,4332,12231742,0,0,219
"13199","5","SIC_0Z","27","0",1981,"3","","Meriwether County, Georgia","Private","All Industries","County, Total -- by ownership sector","All establishment sizes",234,4288,4517,4597,11863835,0,0,204
"13199","5","SIC_0Z","27","0",1981,"4","","Meriwether County, Georgia","Private","All Industries","County, Total -- by ownership sector","All establishment sizes",238,4436,4473,4174,13193852,0,0,232
"13199","5","SIC_0A","28","0",1981,"1","","Meriwether County, Georgia","Private","Agriculture, Forestry, and Fishing Division","County, Industry Division -- by ownership sector","All establishment sizes",7,76,75,83,231424,0,0,228
"13199","5","SIC_0A","28","0",1981,"2","","Meriwether County, Georgia","Private","Agriculture, Forestry, and Fishing Division","County, Industry Division -- by ownership sector","All establishment sizes",7,84,80,80,225243,0,0,213
"13199","5","SIC_0A","28","0",1981,"3","","Meriwether County, Georgia","Private","Agriculture, Forestry, and Fishing Division","County, Industry Division -- by ownership sector","All establishment sizes",7,82,75,79,235134,0,0,229
"13199","5","SIC_0A","28","0",1981,"4","","Meriwether County, Georgia","Private","Agriculture, Forestry, and Fishing Division","County, Industry Division -- by ownership sector","All establishment sizes",7,69,70,70,298332,0,0,329
"13199","5","SIC_0A01","29","0",1981,"1","N","Meriwether County, Georgia","Private","SIC 01 Agricultural Production Crops","County, 2-digit SIC -- by ownership sector","All establishment sizes",0,0,0,0,0,0,0,0
"13199","5","SIC_0A01","29","0",1981,"2","N","Meriwether County, Georgia","Private","SIC 01 Agricultural Production Crops","County, 2-digit SIC -- by ownership sector","All establishment sizes",0,0,0,0,0,0,0,0
"13199","5","SIC_0A01","29","0",1981,"3","N","Meriwether County, Georgia","Private","SIC 01 Agricultural Production Crops","County, 2-digit SIC -- by ownership sector","All establishment sizes",0,0,0,0,0,0,0,0
"13199","5","SIC_0A01","29","0",1981,"4","N","Meriwether County, Georgia","Private","SIC 01 Agricultural Production Crops","County, 2-digit SIC -- by ownership sector","All establishment sizes",0,0,0,0,0,0,0,0
"13199","5","SIC_0A07","29","0",1981,"1","","Meriwether County, Georgia","Private","SIC 07 Agricultural Services","County, 2-digit SIC -- by ownership sector","All establishment sizes",4,38,39,39,131902,0,0,262
"13199","5","SIC_0A07","29","0",1981,"2","","Meriwether County, Georgia","Private","SIC 07 Agricultural Services","County, 2-digit SIC -- by ownership sector","All establishment sizes",4,44,43,44,144654,0,0,254
"13199","5","SIC_0A07","29","0",1981,"3","","Meriwether County, Georgia","Private","SIC 07 Agricultural Services","County, 2-digit SIC -- by ownership sector","All establishment sizes",4,45,42,47,151818,0,0,261
"13199","5","SIC_0A07","29","0",1981,"4","","Meriwether County, Georgia","Private","SIC 07 Agricultural Services","County, 2-digit SIC -- by ownership sector","All establishment sizes",4,41,39,35,174858,0,0,350
"13199","5","SIC_0A08","29","0",1981,"1","N","Meriwether County, Georgia","Private","SIC 08 Forestry","County, 2-digit SIC -- by ownership sector","All establishment sizes",0,0,0,0,0,0,0,0
"13199","5","SIC_0A08","29","0",1981,"2","N","Meriwether County, Georgia","Private","SIC 08 Forestry","County, 2-digit SIC -- by ownership sector","All establishment sizes",0,0,0,0,0,0,0,0
"13199","5","SIC_0A08","29","0",1981,"3","N","Meriwether County, Georgia","Private","SIC 08 Forestry","County, 2-digit SIC -- by ownership sector","All establishment sizes",0,0,0,0,0,0,0,0
"13199","5","SIC_0A08","29","0",1981,"4","N","Meriwether County, Georgia","Private","SIC 08 Forestry","County, 2-digit SIC -- by ownership sector","All establishment sizes",0,0,0,0,0,0,0,0
"13199","5","SIC_0C","28","0",1981,"1","N","Meriwether County, Georgia","Private","Construction Division","County, Industry Division -- by ownership sector","All establishment sizes",0,0,0,0,0,0,0,0
"13199","5","SIC_0C","28","0",1981,"2","N","Meriwether County, Georgia","Private","Construction Division","County, Industry Division -- by ownership sector","All establishment sizes",0,0,0,0,0,0,0,0
"13199","5","SIC_0C","28","0",1981,"3","N","Meriwether County, Georgia","Private","Construction Division","County, Industry Division -- by ownership sector","All establishment sizes",0,0,0,0,0,0,0,0
"13199","5","SIC_0C","28","0",1981,"4","","Meriwether County, Georgia","Private","Construction Division","County, Industry Division -- by ownership sector","All establishment sizes",10,61,51,51,155973,0,0,220
"13199","5","SIC_0C15","29","0",1981,"1","","Meriwether County, Georgia","Private","SIC 15 General Building Contractors","County, 2-digit SIC -- by ownership sector","All establishment sizes",3,23,23,13,53370,0,0,208
"13199","5","SIC_0C15","29","0",1981,"2","N","Meriwether County, Georgia","Private","SIC 15 General Building Contractors","County, 2-digit SIC -- by ownership sector","All establishment sizes",0,0,0,0,0,0,0,0
"13199","5","SIC_0C15","29","0",1981,"3","N","Meriwether County, Georgia","Private","SIC 15 General Building Contractors","County, 2-digit SIC -- by ownership sector","All establishment sizes",0,0,0,0,0,0,0,0
"13199","5","SIC_0C15","29","0",1981,"4","N","Meriwether County, Georgia","Private","SIC 15 General Building Contractors","County, 2-digit SIC -- by ownership sector","All establishment sizes",0,0,0,0,0,0,0,0
"13199","5","SIC_0C16","29","0",1981,"1","N","Meriwether County, Georgia","Private","SIC 16 Heavy Construction, ex. Building","County, 2-digit SIC -- by ownership sector","All establishment sizes",0,0,0,0,0,0,0,0
"13199","5","SIC_0C16","29","0",1981,"2","N","Meriwether County, Georgia","Private","SIC 16 Heavy Construction, ex. Building","County, 2-digit SIC -- by ownership sector","All establishment sizes",0,0,0,0,0,0,0,0
"13199","5","SIC_0C16","29","0",1981,"3","","Meriwether County, Georgia","Private","SIC 16 Heavy Construction, ex. Building","County, 2-digit SIC -- by ownership sector","All establishment sizes",3,44,49,47,145452,0,0,239
"13199","5","SIC_0C16","29","0",1981,"4","","Meriwether County, Georgia","Private","SIC 16 Heavy Construction, ex. Building","County, 2-digit SIC -- by ownership sector","All establishment sizes",4,47,37,37,130759,0,0,249
"13199","5","SIC_0C17","29","0",1981,"1","","Meriwether County, Georgia","Private","SIC 17 Special Trade Contractors","County, 2-digit SIC -- by ownership sector","All establishment sizes",5,11,10,11,14471,0,0,104
"13199","5","SIC_0C17","29","0",1981,"2","","Meriwether County, Georgia","Private","SIC 17 Special Trade Contractors","County, 2-digit SIC -- by ownership sector","All establishment sizes",5,9,11,15,20665,0,0,136
"13199","5","SIC_0C17","29","0",1981,"3","","Meriwether County, Georgia","Private","SIC 17 Special Trade Contractors","County, 2-digit SIC -- by ownership sector","All establishment sizes",4,13,11,12,26158,0,0,167
"13199","5","SIC_0C17","29","0",1981,"4","N","Meriwether County, Georgia","Private","SIC 17 Special Trade Contractors","County, 2-digit SIC -- by ownership sector","All establishment sizes",0,0,0,0,0,0,0,0
"13199","5","SIC_0D","28","0",1981,"1","","Meriwether County, Georgia","Private","Manufacturing Division","County, Industry Division -- by ownership sector","All establishment sizes",31,2630,2632,2648,6463964,0,0,188
"13199","5","SIC_0D","28","0",1981,"2","","Meriwether County, Georgia","Private","Manufacturing Division","County, Industry Division -- by ownership sector","All establishment sizes",29,2737,2765,2817,8577516,0,0,237
"13199","5","SIC_0D","28","0",1981,"3","","Meriwether County, Georgia","Private","Manufacturing Division","County, Industry Division -- by ownership sector","All establishment sizes",29,2801,2996,2994,8085184,0,0,212
"13199","5","SIC_0D","28","0",1981,"4","","Meriwether County, Georgia","Private","Manufacturing Division","County, Industry Division -- by ownership sector","All establishment sizes",30,2930,2922,2654,9158276,0,0,248
"13199","5","SIC_0D20","29","0",1981,"1","","Meriwether County, Georgia","Private","SIC 20 Food and Kindred Products","County, 2-digit SIC -- by ownership sector","All establishment sizes",3,196,170,161,520412,0,0,227
"13199","5","SIC_0D20","29","0",1981,"2","","Meriwether County, Georgia","Private","SIC 20 Food and Kindred Products","County, 2-digit SIC -- by ownership sector","All establishment sizes",3,172,174,175,587862,0,0,260
"13199","5","SIC_0D20","29","0",1981,"3","","Meriwether County, Georgia","Private","SIC 20 Food and Kindred Products","County, 2-digit SIC -- by ownership sector","All establishment sizes",3,197,461,457,1092191,0,0,226
"13199","5","SIC_0D20","29","0",1981,"4","","Meriwether County, Georgia","Private","SIC 20 Food and Kindred Products","County, 2-digit SIC -- by ownership sector","All establishment sizes",3,384,293,134,900778,0,0,256
"13199","5","SIC_0D22","29","0",1981,"1","N","Meriwether County, Georgia","Private","SIC 22 Textile Mill Products","County, 2-digit SIC -- by ownership sector","All establishment sizes",0,0,0,0,0,0,0,0
"13199","5","SIC_0D22","29","0",1981,"2","N","Meriwether County, Georgia","Private","SIC 22 Textile Mill Products","County, 2-digit SIC -- by ownership sector","All establishment sizes",0,0,0,0,0,0,0,0
"13199","5","SIC_0D22","29","0",1981,"3","N","Meriwether County, Georgia","Private","SIC 22 Textile Mill Products","County, 2-digit SIC -- by ownership sector","All establishment sizes",0,0,0,0,0,0,0,0
"13199","5","SIC_0D22","29","0",1981,"4","N","Meriwether County, Georgia","Private","SIC 22 Textile Mill Products","County, 2-digit SIC -- by ownership sector","All establishment sizes",0,0,0,0,0,0,0,0
"13199","5","SIC_0D23","29","0",1981,"1","N","Meriwether County, Georgia","Private","SIC 23 Apparel and Other Textile Products","County, 2-digit SIC -- by ownership sector","All establishment sizes",0,0,0,0,0,0,0,0
"13199","5","SIC_0D23","29","0",1981,"2","N","Meriwether County, Georgia","Private","SIC 23 Apparel and Other Textile Products","County, 2-digit SIC -- by ownership sector","All establishment sizes",0,0,0,0,0,0,0,0
"13199","5","SIC_0D23","29","0",1981,"3","N","Meriwether County, Georgia","Private","SIC 23 Apparel and Other Textile Products","County, 2-digit SIC -- by ownership sector","All establishment sizes",0,0,0,0,0,0,0,0
"13199","5","SIC_0D23","29","0",1981,"4","N","Meriwether County, Georgia","Private","SIC 23 Apparel and Other Textile Products","County, 2-digit SIC -- by ownership sector","All establishment sizes",0,0,0,0,0,0,0,0
"13199","5","SIC_0D24","29","0",1981,"1","","Meriwether County, Georgia","Private","SIC 24 Lumber and Wood Products","County, 2-digit SIC -- by ownership sector","All establishment sizes",12,354,362,364,1168865,0,0,249
"13199","5","SIC_0D24","29","0",1981,"2","","Meriwether County, Georgia","Private","SIC 24 Lumber and Wood Products","County, 2-digit SIC -- by ownership sector","All establishment sizes",10,388,362,367,1172567,0,0,242
"13199","5","SIC_0D24","29","0",1981,"3","","Meriwether County, Georgia","Private","SIC 24 Lumber and Wood Products","County, 2-digit SIC -- by ownership sector","All establishment sizes",10,334,339,328,1079858,0,0,248
"13199","5","SIC_0D24","29","0",1981,"4","","Meriwether County, Georgia","Private","SIC 24 Lumber and Wood Products","County, 2-digit SIC -- by ownership sector","All establishment sizes",11,340,340,317,1138943,0,0,263
"13199","5","SIC_0D25","29","0",1981,"1","N","Meriwether County, Georgia","Private","SIC 25 Furniture and Fixtures","County, 2-digit SIC -- by ownership sector","All establishment sizes",0,0,0,0,0,0,0,0
"13199","5","SIC_0D25","29","0",1981,"2","N","Meriwether County, Georgia","Private","SIC 25 Furniture and Fixtures","County, 2-digit SIC -- by ownership sector","All establishment sizes",0,0,0,0,0,0,0,0
"13199","5","SIC_0D25","29","0",1981,"3","N","Meriwether County, Georgia","Private","SIC 25 Furniture and Fixtures","County, 2-digit SIC -- by ownership sector","All establishment sizes",0,0,0,0,0,0,0,0
"13199","5","SIC_0D25","29","0",1981,"4","N","Meriwether County, Georgia","Private","SIC 25 Furniture and Fixtures","County, 2-digit SIC -- by ownership sector","All establishment sizes",0,0,0,0,0,0,0,0
"13199","5","SIC_0D27","29","0",1981,"1","","Meriwether County, Georgia","Private","SIC 27 Printing and Publishing","County, 2-digit SIC -- by ownership sector","All establishment sizes",6,78,84,84,232176,0,0,217
"13199","5","SIC_0D27","29","0",1981,"2","","Meriwether County, Georgia","Private","SIC 27 Printing and Publishing","County, 2-digit SIC -- by ownership sector","All establishment sizes",6,82,80,84,245991,0,0,230
"13199","5","SIC_0D27","29","0",1981,"3","","Meriwether County, Georgia","Private","SIC 27 Printing and Publishing","County, 2-digit SIC -- by ownership sector","All establishment sizes",6,78,79,79,251016,0,0,245
"13199","5","SIC_0D27","29","0",1981,"4","","Meriwether County, Georgia","Private","SIC 27 Printing and Publishing","County, 2-digit SIC -- by ownership sector","All establishment sizes",6,78,79,80,262143,0,0,255
"13199","5","SIC_0D30","29","0",1981,"1","N","Meriwether County, Georgia","Private","SIC 30 Rubber and Misc. Plastics Products","County, 2-digit SIC -- by ownership sector","All establishment sizes",0,0,0,0,0,0,0,0
"13199","5","SIC_0D30","29","0",1981,"2","N","Meriwether County, Georgia","Private","SIC 30 Rubber and Misc. Plastics Products","County, 2-digit SIC -- by ownership sector","All establishment sizes",0,0,0,0,0,0,0,0
"13199","5","SIC_0D30","29","0",1981,"3","N","Meriwether County, Georgia","Private","SIC 30 Rubber and Misc. Plastics Products","County, 2-digit SIC -- by ownership sector","All establishment sizes",0,0,0,0,0,0,0,0
"13199","5","SIC_0D30","29","0",1981,"4","N","Meriwether County, Georgia","Private","SIC 30 Rubber and Misc. Plastics Products","County, 2-digit SIC -- by ownership sector","All establishment sizes",0,0,0,0,0,0,0,0
"13199","5","SIC_0D32","29","0",1981,"1","N","Meriwether County, Georgia","Private","SIC 32 Stone, Clay, and Glass Products","County, 2-digit SIC -- by ownership sector","All establishment sizes",0,0,0,0,0,0,0,0
"13199","5","SIC_0D32","29","0",1981,"2","N","Meriwether County, Georgia","Private","SIC 32 Stone, Clay, and Glass Products","County, 2-digit SIC -- by ownership sector","All establishment sizes",0,0,0,0,0,0,0,0
"13199","5","SIC_0D32","29","0",1981,"3","N","Meriwether County, Georgia","Private","SIC 32 Stone, Clay, and Glass Products","County, 2-digit SIC -- by ownership sector","All establishment sizes",0,0,0,0,0,0,0,0
"13199","5","SIC_0D32","29","0",1981,"4","N","Meriwether County, Georgia","Private","SIC 32 Stone, Clay, and Glass Products","County, 2-digit SIC -- by ownership sector","All establishment sizes",0,0,0,0,0,0,0,0
"13199","5","SIC_0D34","29","0",1981,"1","N","Meriwether County, Georgia","Private","SIC 34 Fabricated Metal Products","County, 2-digit SIC -- by ownership sector","All establishment sizes",0,0,0,0,0,0,0,0
"13199","5","SIC_0D34","29","0",1981,"2","N","Meriwether County, Georgia","Private","SIC 34 Fabricated Metal Products","County, 2-digit SIC -- by ownership sector","All establishment sizes",0,0,0,0,0,0,0,0
"13199","5","SIC_0D34","29","0",1981,"3","N","Meriwether County, Georgia","Private","SIC 34 Fabricated Metal Products","County, 2-digit SIC -- by ownership sector","All establishment sizes",0,0,0,0,0,0,0,0
"13199","5","SIC_0D34","29","0",1981,"4","N","Meriwether County, Georgia","Private","SIC 34 Fabricated Metal Products","County, 2-digit SIC -- by ownership sector","All establishment sizes",0,0,0,0,0,0,0,0
"13199","5","SIC_0D39","29","0",1981,"1","N","Meriwether County, Georgia","Private","SIC 39 Miscellaneous Manufacturing Industries","County, 2-digit SIC -- by ownership sector","All establishment sizes",0,0,0,0,0,0,0,0
"13199","5","SIC_0D39","29","0",1981,"2","N","Meriwether County, Georgia","Private","SIC 39 Miscellaneous Manufacturing Industries","County, 2-digit SIC -- by ownership sector","All establishment sizes",0,0,0,0,0,0,0,0
"13199","5","SIC_0D39","29","0",1981,"3","N","Meriwether County, Georgia","Private","SIC 39 Miscellaneous Manufacturing Industries","County, 2-digit SIC -- by ownership sector","All establishment sizes",0,0,0,0,0,0,0,0
"13199","5","SIC_0D39","29","0",1981,"4","N","Meriwether County, Georgia","Private","SIC 39 Miscellaneous Manufacturing Industries","County, 2-digit SIC -- by ownership sector","All establishment sizes",0,0,0,0,0,0,0,0
"13199","5","SIC_0E","28","0",1981,"1","","Meriwether County, Georgia","Private","Transportation and Public Utilities Division","County, Industry Division -- by ownership sector","All establishment sizes",6,73,72,66,280476,0,0,306
"13199","5","SIC_0E","28","0",1981,"2","","Meriwether County, Georgia","Private","Transportation and Public Utilities Division","County, Industry Division -- by ownership sector","All establishment sizes",6,64,64,62,306199,0,0,371
"13199","5","SIC_0E","28","0",1981,"3","","Meriwether County, Georgia","Private","Transportation and Public Utilities Division","County, Industry Division -- by ownership sector","All establishment sizes",6,62,64,52,295510,0,0,383
"13199","5","SIC_0E","28","0",1981,"4","N","Meriwether County, Georgia","Private","Transportation and Public Utilities Division","County, Industry Division -- by ownership sector","All establishment sizes",0,0,0,0,0,0,0,0
"13199","5","SIC_0E41","29","0",1981,"1","N","Meriwether County, Georgia","Private","SIC 41 Local And Interurban Passenger Transit","County, 2-digit SIC -- by ownership sector","All establishment sizes",0,0,0,0,0,0,0,0
"13199","5","SIC_0E41","29","0",1981,"2","N","Meriwether County, Georgia","Private","SIC 41 Local And Interurban Passenger Transit","County, 2-digit SIC -- by ownership sector","All establishment sizes",0,0,0,0,0,0,0,0
"13199","5","SIC_0E41","29","0",1981,"3","N","Meriwether County, Georgia","Private","SIC 41 Local And Interurban Passenger Transit","County, 2-digit SIC -- by ownership sector","All establishment sizes",0,0,0,0,0,0,0,0
"13199","5","SIC_0E41","29","0",1981,"4","N","Meriwether County, Georgia","Private","SIC 41 Local And Interurban Passenger Transit","County, 2-digit SIC -- by ownership sector","All establishment sizes",0,0,0,0,0,0,0,0
"13199","5","SIC_0E48","29","0",1981,"1","","Meriwether County, Georgia","Private","SIC 48 Communication","County, 2-digit SIC -- by ownership sector","All establishment sizes",4,40,39,34,130028,0,0,265
"13199","5","SIC_0E48","29","0",1981,"2","","Meriwether County, Georgia","Private","SIC 48 Communication","County, 2-digit SIC -- by ownership sector","All establishment sizes",4,31,31,29,124499,0,0,315
"13199","5","SIC_0E48","29","0",1981,"3","","Meriwether County, Georgia","Private","SIC 48 Communication","County, 2-digit SIC -- by ownership sector","All establishment sizes",4,30,32,20,128728,0,0,362
"13199","5","SIC_0E48","29","0",1981,"4","","Meriwether County, Georgia","Private","SIC 48 Communication","County, 2-digit SIC -- by ownership sector","All establishment sizes",3,19,19,19,101078,0,0,409
"13199","5","SIC_0E49","29","0",1981,"1","N","Meriwether County, Georgia","Private","SIC 49 Electric, Gas, And Sanitary Services","County, 2-digit SIC -- by ownership sector","All establishment sizes",0,0,0,0,0,0,0,0
"13199","5","SIC_0E49","29","0",1981,"2","N","Meriwether County, Georgia","Private","SIC 49 Electric, Gas, And Sanitary Services","County, 2-digit SIC -- by ownership sector","All establishment sizes",0,0,0,0,0,0,0,0
"13199","5","SIC_0E49","29","0",1981,"3","N","Meriwether County, Georgia","Private","SIC 49 Electric, Gas, And Sanitary Services","County, 2-digit SIC -- by ownership sector","All establishment sizes",0,0,0,0,0,0,0,0
"13199","5","SIC_0E49","29","0",1981,"4","N","Meriwether County, Georgia","Private","SIC 49 Electric, Gas, And Sanitary Services","County, 2-digit SIC -- by ownership sector","All establishment sizes",0,0,0,0,0,0,0,0
"13199","5","SIC_0F","28","0",1981,"1","","Meriwether County, Georgia","Private","Wholesale Trade Division","County, Industry Division -- by ownership sector","All establishment sizes",17,238,249,250,553566,0,0,173
"13199","5","SIC_0F","28","0",1981,"2","","Meriwether County, Georgia","Private","Wholesale Trade Division","County, Industry Division -- by ownership sector","All establishment sizes",17,251,251,255,616817,0,0,188
"13199","5","SIC_0F","28","0",1981,"3","","Meriwether County, Georgia","Private","Wholesale Trade Division","County, Industry Division -- by ownership sector","All establishment sizes",16,281,287,336,681284,0,0,173
"13199","5","SIC_0F","28","0",1981,"4","","Meriwether County, Georgia","Private","Wholesale Trade Division","County, Industry Division -- by ownership sector","All establishment sizes",16,283,332,274,702561,0,0,182
"13199","5","SIC_0F50","29","0",1981,"1","","Meriwether County, Georgia","Private","SIC 50 Wholesale Trade Durable Goods","County, 2-digit SIC -- by ownership sector","All establishment sizes",9,30,30,30,130239,0,0,333
"13199","5","SIC_0F50","29","0",1981,"2","","Meriwether County, Georgia","Private","SIC 50 Wholesale Trade Durable Goods","County, 2-digit SIC -- by ownership sector","All establishment sizes",9,34,33,32,141008,0,0,328
"13199","5","SIC_0F50","29","0",1981,"3","","Meriwether County, Georgia","Private","SIC 50 Wholesale Trade Durable Goods","County, 2-digit SIC -- by ownership sector","All establishment sizes",10,66,68,67,209578,0,0,240
"13199","5","SIC_0F50","29","0",1981,"4","","Meriwether County, Georgia","Private","SIC 50 Wholesale Trade Durable Goods","County, 2-digit SIC -- by ownership sector","All establishment sizes",10,66,65,65,204299,0,0,240
"13199","5","SIC_0F51","29","0",1981,"1","","Meriwether County, Georgia","Private","SIC 51 Wholesale Trade Nondurable Goods","County, 2-digit SIC -- by ownership sector","All establishment sizes",8,208,219,220,423327,0,0,150
"13199","5","SIC_0F51","29","0",1981,"2","","Meriwether County, Georgia","Private","SIC 51 Wholesale Trade Nondurable Goods","County, 2-digit SIC -- by ownership sector","All establishment sizes",8,217,218,223,475809,0,0,166
"13199","5","SIC_0F51","29","0",1981,"3","","Meriwether County, Georgia","Private","SIC 51 Wholesale Trade Nondurable Goods","County, 2-digit SIC -- by ownership sector","All establishment sizes",6,215,219,269,471706,0,0,154
"13199","5","SIC_0F51","29","0",1981,"4","","Meriwether County, Georgia","Private","SIC 51 Wholesale Trade Nondurable Goods","County, 2-digit SIC -- by ownership sector","All establishment sizes",6,217,267,209,498262,0,0,165
"13199","5","SIC_0G","28","0",1981,"1","","Meriwether County, Georgia","Private","Retail Trade Division","County, Industry Division -- by ownership sector","All establishment sizes",93,567,555,556,1211389,0,0,166
"13199","5","SIC_0G","28","0",1981,"2","","Meriwether County, Georgia","Private","Retail Trade Division","County, Industry Division -- by ownership sector","All establishment sizes",95,605,630,627,1331233,0,0,164
"13199","5","SIC_0G","28","0",1981,"3","","Meriwether County, Georgia","Private","Retail Trade Division","County, Industry Division -- by ownership sector","All establishment sizes",100,589,637,673,1359373,0,0,165
"13199","5","SIC_0G","28","0",1981,"4","","Meriwether County, Georgia","Private","Retail Trade Division","County, Industry Division -- by ownership sector","All establishment sizes",99,648,640,666,1493258,0,0,176
"13199","5","SIC_0G52","29","0",1981,"1","","Meriwether County, Georgia","Private","SIC 52 Building Materials and Garden Supplies","County, 2-digit SIC -- by ownership sector","All establishment sizes",8,54,56,54,159478,0,0,224
"13199","5","SIC_0G52","29","0",1981,"2","","Meriwether County, Georgia","Private","SIC 52 Building Materials and Garden Supplies","County, 2-digit SIC -- by ownership sector","All establishment sizes",9,58,60,60,173538,0,0,224
"13199","5","SIC_0G52","29","0",1981,"3","","Meriwether County, Georgia","Private","SIC 52 Building Materials and Garden Supplies","County, 2-digit SIC -- by ownership sector","All establishment sizes",10,57,60,59,166172,0,0,217
"13199","5","SIC_0G52","29","0",1981,"4","","Meriwether County, Georgia","Private","SIC 52 Building Materials and Garden Supplies","County, 2-digit SIC -- by ownership sector","All establishment sizes",9,62,60,59,188203,0,0,239
"13199","5","SIC_0G53","29","0",1981,"1","","Meriwether County, Georgia","Private","SIC 53 General Merchandise Stores","County, 2-digit SIC -- by ownership sector","All establishment sizes",6,35,35,44,62491,0,0,126
"13199","5","SIC_0G53","29","0",1981,"2","","Meriwether County, Georgia","Private","SIC 53 General Merchandise Stores","County, 2-digit SIC -- by ownership sector","All establishment sizes",7,37,59,57,110291,0,0,166
"13199","5","SIC_0G53","29","0",1981,"3","","Meriwether County, Georgia","Private","SIC 53 General Merchandise Stores","County, 2-digit SIC -- by ownership sector","All establishment sizes",7,57,57,55,96535,0,0,131
"13199","5","SIC_0G53","29","0",1981,"4","","Meriwether County, Georgia","Private","SIC 53 General Merchandise Stores","County, 2-digit SIC -- by ownership sector","All establishment sizes",7,57,58,65,105986,0,0,135
"13199","5","SIC_0G54","29","0",1981,"1","","Meriwether County, Georgia","Private","SIC 54 Food Stores","County, 2-digit SIC -- by ownership sector","All establishment sizes",18,115,113,111,283749,0,0,193
"13199","5","SIC_0G54","29","0",1981,"2","","Meriwether County, Georgia","Private","SIC 54 Food Stores","County, 2-digit SIC -- by ownership sector","All establishment sizes",19,143,153,135,317107,0,0,169
"13199","5","SIC_0G54","29","0",1981,"3","","Meriwether County, Georgia","Private","SIC 54 Food Stores","County, 2-digit SIC -- by ownership sector","All establishment sizes",20,132,137,145,334244,0,0,186
"13199","5","SIC_0G54","29","0",1981,"4","","Meriwether County, Georgia","Private","SIC 54 Food Stores","County, 2-digit SIC -- by ownership sector","All establishment sizes",22,151,150,151,346727,0,0,177
"13199","5","SIC_0G55","29","0",1981,"1","","Meriwether County, Georgia","Private","SIC 55 Automotive Dealers and Service Stations","County, 2-digit SIC -- by ownership sector","All establishment sizes",14,106,97,97,281498,0,0,216
"13199","5","SIC_0G55","29","0",1981,"2","","Meriwether County, Georgia","Private","SIC 55 Automotive Dealers and Service Stations","County, 2-digit SIC -- by ownership sector","All establishment sizes",14,113,106,107,288615,0,0,204
"13199","5","SIC_0G55","29","0",1981,"3","","Meriwether County, Georgia","Private","SIC 55 Automotive Dealers and Service Stations","County, 2-digit SIC -- by ownership sector","All establishment sizes",14,114,111,117,304874,0,0,205
"13199","5","SIC_0G55","29","0",1981,"4","","Meriwether County, Georgia","Private","SIC 55 Automotive Dealers and Service Stations","County, 2-digit SIC -- by ownership sector","All establishment sizes",14,117,116,117,336206,0,0,221
"13199","5","SIC_0G56","29","0",1981,"1","","Meriwether County, Georgia","Private","SIC 56 Apparel and Accessory Stores","County, 2-digit SIC -- by ownership sector","All establishment sizes",6,23,24,22,35983,0,0,120
"13199","5","SIC_0G56","29","0",1981,"2","","Meriwether County, Georgia","Private","SIC 56 Apparel and Accessory Stores","County, 2-digit SIC -- by ownership sector","All establishment sizes",6,21,21,21,37076,0,0,135
"13199","5","SIC_0G56","29","0",1981,"3","","Meriwether County, Georgia","Private","SIC 56 Apparel and Accessory Stores","County, 2-digit SIC -- by ownership sector","All establishment sizes",7,25,27,26,41217,0,0,121
"13199","5","SIC_0G56","29","0",1981,"4","","Meriwether County, Georgia","Private","SIC 56 Apparel and Accessory Stores","County, 2-digit SIC -- by ownership sector","All establishment sizes",7,25,24,26,40375,0,0,124
"13199","5","SIC_0G57","29","0",1981,"1","","Meriwether County, Georgia","Private","SIC 57 Furniture and Homefurnishings Stores","County, 2-digit SIC -- by ownership sector","All establishment sizes",7,46,43,43,88827,0,0,155
"13199","5","SIC_0G57","29","0",1981,"2","","Meriwether County, Georgia","Private","SIC 57 Furniture and Homefurnishings Stores","County, 2-digit SIC -- by ownership sector","All establishment sizes",6,43,40,40,95785,0,0,179
"13199","5","SIC_0G57","29","0",1981,"3","","Meriwether County, Georgia","Private","SIC 57 Furniture and Homefurnishings Stores","County, 2-digit SIC -- by ownership sector","All establishment sizes",6,38,38,40,101713,0,0,202
"13199","5","SIC_0G57","29","0",1981,"4","","Meriwether County, Georgia","Private","SIC 57 Furniture and Homefurnishings Stores","County, 2-digit SIC -- by ownership sector","All establishment sizes",7,45,43,46,94814,0,0,163
"13199","5","SIC_0G58","29","0",1981,"1","","Meriwether County, Georgia","Private","SIC 58 Eating and Drinking Places","County, 2-digit SIC -- by ownership sector","All establishment sizes",14,106,106,104,119685,0,0,87
"13199","5","SIC_0G58","29","0",1981,"2","","Meriwether County, Georgia","Private","SIC 58 Eating and Drinking Places","County, 2-digit SIC -- by ownership sector","All establishment sizes",15,116,115,130,137690,0,0,88
"13199","5","SIC_0G58","29","0",1981,"3","","Meriwether County, Georgia","Private","SIC 58 Eating and Drinking Places","County, 2-digit SIC -- by ownership sector","All establishment sizes",17,94,138,159,151856,0,0,89
"13199","5","SIC_0G58","29","0",1981,"4","","Meriwether County, Georgia","Private","SIC 58 Eating and Drinking Places","County, 2-digit SIC -- by ownership sector","All establishment sizes",16,126,120,125,177922,0,0,110
"13199","5","SIC_0G59","29","0",1981,"1","","Meriwether County, Georgia","Private","SIC 59 Miscellaneous Retail","County, 2-digit SIC -- by ownership sector","All establishment sizes",20,82,81,81,179678,0,0,169
"13199","5","SIC_0G59","29","0",1981,"2","","Meriwether County, Georgia","Private","SIC 59 Miscellaneous Retail","County, 2-digit SIC -- by ownership sector","All establishment sizes",19,74,76,77,171131,0,0,173
"13199","5","SIC_0G59","29","0",1981,"3","","Meriwether County, Georgia","Private","SIC 59 Miscellaneous Retail","County, 2-digit SIC -- by ownership sector","All establishment sizes",19,72,69,72,162762,0,0,176
"13199","5","SIC_0G59","29","0",1981,"4","","Meriwether County, Georgia","Private","SIC 59 Miscellaneous Retail","County, 2-digit SIC -- by ownership sector","All establishment sizes",17,65,69,77,203025,0,0,222
"13199","5","SIC_0H","28","0",1981,"1","","Meriwether County, Georgia","Private","Finance, Insurance, and Real Estate Division","County, Industry Division -- by ownership sector","All establishment sizes",16,164,162,168,471059,0,0,220
"13199","5","SIC_0H","28","0",1981,"2","","Meriwether County, Georgia","Private","Finance, Insurance, and Real Estate Division","County, Industry Division -- by ownership sector","All establishment sizes",15,167,165,172,462602,0,0,211
"13199","5","SIC_0H","28","0",1981,"3","","Meriwether County, Georgia","Private","Finance, Insurance, and Real Estate Division","County, Industry Division -- by ownership sector","All establishment sizes",15,153,140,138,394661,0,0,211
"13199","5","SIC_0H","28","0",1981,"4","","Meriwether County, Georgia","Private","Finance, Insurance, and Real Estate Division","County, Industry Division -- by ownership sector","All establishment sizes",14,136,134,135,428619,0,0,244
"13199","5","SIC_0H60","29","0",1981,"1","","Meriwether County, Georgia","Private","SIC 60 Depository Institutions","County, 2-digit SIC -- by ownership sector","All establishment sizes",5,101,99,104,273962,0,0,207
"13199","5","SIC_0H60","29","0",1981,"2","","Meriwether County, Georgia","Private","SIC 60 Depository Institutions","County, 2-digit SIC -- by ownership sector","All establishment sizes",5,103,102,105,284578,0,0,211
"13199","5","SIC_0H60","29","0",1981,"3","","Meriwether County, Georgia","Private","SIC 60 Depository Institutions","County, 2-digit SIC -- by ownership sector","All establishment sizes",5,105,108,105,284887,0,0,206
"13199","5","SIC_0H60","29","0",1981,"4","","Meriwether County, Georgia","Private","SIC 60 Depository Institutions","County, 2-digit SIC -- by ownership sector","All establishment sizes",5,105,103,103,343797,0,0,255
"13199","5","SIC_0H61","29","0",1981,"1","","Meriwether County, Georgia","Private","SIC 61 Nondepository Institutions","County, 2-digit SIC -- by ownership sector","All establishment sizes",6,45,45,46,157214,0,0,266
"13199","5","SIC_0H61","29","0",1981,"2","","Meriwether County, Georgia","Private","SIC 61 Nondepository Institutions","County, 2-digit SIC -- by ownership sector","All establishment sizes",6,47,46,49,140288,0,0,227
"13199","5","SIC_0H61","29","0",1981,"3","","Meriwether County, Georgia","Private","SIC 61 Nondepository Institutions","County, 2-digit SIC -- by ownership sector","All establishment sizes",5,29,13,13,62398,0,0,261
"13199","5","SIC_0H61","29","0",1981,"4","","Meriwether County, Georgia","Private","SIC 61 Nondepository Institutions","County, 2-digit SIC -- by ownership sector","All establishment sizes",4,13,13,13,42244,0,0,249
"13199","5","SIC_0H62","29","0",1981,"1","N","Meriwether County, Georgia","Private","SIC 62 Security and Commodity Brokers","County, 2-digit SIC -- by ownership sector","All establishment sizes",0,0,0,0,0,0,0,0
"13199","5","SIC_0H62","29","0",1981,"2","N","Meriwether County, Georgia","Private","SIC 62 Security and Commodity Brokers","County, 2-digit SIC -- by ownership sector","All establishment sizes",0,0,0,0,0,0,0,0
"13199","5","SIC_0H62","29","0",1981,"3","N","Meriwether County, Georgia","Private","SIC 62 Security and Commodity Brokers","County, 2-digit SIC -- by ownership sector","All establishment sizes",0,0,0,0,0,0,0,0
"13199","5","SIC_0H62","29","0",1981,"4","N","Meriwether County, Georgia","Private","SIC 62 Security and Commodity Brokers","County, 2-digit SIC -- by ownership sector","All establishment sizes",0,0,0,0,0,0,0,0
"13199","5","SIC_0H64","29","0",1981,"1","N","Meriwether County, Georgia","Private","SIC 64 Insurance Agents, Brokers, and Service","County, 2-digit SIC -- by ownership sector","All establishment sizes",0,0,0,0,0,0,0,0
"13199","5","SIC_0H64","29","0",1981,"2","N","Meriwether County, Georgia","Private","SIC 64 Insurance Agents, Brokers, and Service","County, 2-digit SIC -- by ownership sector","All establishment sizes",0,0,0,0,0,0,0,0
"13199","5","SIC_0H64","29","0",1981,"3","N","Meriwether County, Georgia","Private","SIC 64 Insurance Agents, Brokers, and Service","County, 2-digit SIC -- by ownership sector","All establishment sizes",0,0,0,0,0,0,0,0
"13199","5","SIC_0H64","29","0",1981,"4","N","Meriwether County, Georgia","Private","SIC 64 Insurance Agents, Brokers, and Service","County, 2-digit SIC -- by ownership sector","All establishment sizes",0,0,0,0,0,0,0,0
"13199","5","SIC_0H65","29","0",1981,"1","N","Meriwether County, Georgia","Private","SIC 65 Real Estate","County, 2-digit SIC -- by ownership sector","All establishment sizes",0,0,0,0,0,0,0,0
"13199","5","SIC_0H65","29","0",1981,"2","N","Meriwether County, Georgia","Private","SIC 65 Real Estate","County, 2-digit SIC -- by ownership sector","All establishment sizes",0,0,0,0,0,0,0,0
"13199","5","SIC_0H65","29","0",1981,"3","N","Meriwether County, Georgia","Private","SIC 65 Real Estate","County, 2-digit SIC -- by ownership sector","All establishment sizes",0,0,0,0,0,0,0,0
"13199","5","SIC_0H65","29","0",1981,"4","N","Meriwether County, Georgia","Private","SIC 65 Real Estate","County, 2-digit SIC -- by ownership sector","All establishment sizes",0,0,0,0,0,0,0,0
"13199","5","SIC_0H66","29","0",1981,"1","N","Meriwether County, Georgia","Private","1972 SIC 66 Combined Real Estate, Insurance, Etc","County, 2-digit SIC -- by ownership sector","All establishment sizes",0,0,0,0,0,0,0,0
"13199","5","SIC_0H66","29","0",1981,"2","N","Meriwether County, Georgia","Private","1972 SIC 66 Combined Real Estate, Insurance, Etc","County, 2-digit SIC -- by ownership sector","All establishment sizes",0,0,0,0,0,0,0,0
"13199","5","SIC_0H66","29","0",1981,"3","N","Meriwether County, Georgia","Private","1972 SIC 66 Combined Real Estate, Insurance, Etc","County, 2-digit SIC -- by ownership sector","All establishment sizes",0,0,0,0,0,0,0,0
"13199","5","SIC_0H66","29","0",1981,"4","N","Meriwether County, Georgia","Private","1972 SIC 66 Combined Real Estate, Insurance, Etc","County, 2-digit SIC -- by ownership sector","All establishment sizes",0,0,0,0,0,0,0,0
"13199","5","SIC_0I","28","0",1981,"1","","Meriwether County, Georgia","Private","Services Division","County, Industry Division -- by ownership sector","All establishment sizes",45,249,255,264,565362,0,0,169
"13199","5","SIC_0I","28","0",1981,"2","","Meriwether County, Georgia","Private","Services Division","County, Industry Division -- by ownership sector","All establishment sizes",50,266,275,265,559590,0,0,160
"13199","5","SIC_0I","28","0",1981,"3","","Meriwether County, Georgia","Private","Services Division","County, Industry Division -- by ownership sector","All establishment sizes",51,257,252,259,629554,0,0,189
"13199","5","SIC_0I","28","0",1981,"4","","Meriwether County, Georgia","Private","Services Division","County, Industry Division -- by ownership sector","All establishment sizes",56,253,268,268,660194,0,0,193
"13199","5","SIC_0I70","29","0",1981,"1","N","Meriwether County, Georgia","Private","SIC 70 Hotels and Other Lodging Places","County, 2-digit SIC -- by ownership sector","All establishment sizes",0,0,0,0,0,0,0,0
"13199","5","SIC_0I70","29","0",1981,"2","N","Meriwether County, Georgia","Private","SIC 70 Hotels and Other Lodging Places","County, 2-digit SIC -- by ownership sector","All establishment sizes",0,0,0,0,0,0,0,0
"13199","5","SIC_0I70","29","0",1981,"3","N","Meriwether County, Georgia","Private","SIC 70 Hotels and Other Lodging Places","County, 2-digit SIC -- by ownership sector","All establishment sizes",0,0,0,0,0,0,0,0
"13199","5","SIC_0I70","29","0",1981,"4","N","Meriwether County, Georgia","Private","SIC 70 Hotels and Other Lodging Places","County, 2-digit SIC -- by ownership sector","All establishment sizes",0,0,0,0,0,0,0,0
"13199","5","SIC_0I72","29","0",1981,"1","","Meriwether County, Georgia","Private","SIC 72 Personal Services","County, 2-digit SIC -- by ownership sector","All establishment sizes",9,27,27,27,45151,0,0,128
"13199","5","SIC_0I72","29","0",1981,"2","","Meriwether County, Georgia","Private","SIC 72 Personal Services","County, 2-digit SIC -- by ownership sector","All establishment sizes",10,28,28,28,47119,0,0,129
"13199","5","SIC_0I72","29","0",1981,"3","","Meriwether County, Georgia","Private","SIC 72 Personal Services","County, 2-digit SIC -- by ownership sector","All establishment sizes",10,26,25,29,44191,0,0,127
"13199","5","SIC_0I72","29","0",1981,"4","","Meriwether County, Georgia","Private","SIC 72 Personal Services","County, 2-digit SIC -- by ownership sector","All establishment sizes",10,28,26,27,46731,0,0,133
"13199","5","SIC_0I73","29","0",1981,"1","N","Meriwether County, Georgia","Private","SIC 73 Business Services","County, 2-digit SIC -- by ownership sector","All establishment sizes",0,0,0,0,0,0,0,0
"13199","5","SIC_0I73","29","0",1981,"2","N","Meriwether County, Georgia","Private","SIC 73 Business Services","County, 2-digit SIC -- by ownership sector","All establishment sizes",0,0,0,0,0,0,0,0
"13199","5","SIC_0I73","29","0",1981,"3","N","Meriwether County, Georgia","Private","SIC 73 Business Services","County, 2-digit SIC -- by ownership sector","All establishment sizes",0,0,0,0,0,0,0,0
"13199","5","SIC_0I73","29","0",1981,"4","N","Meriwether County, Georgia","Private","SIC 73 Business Services","County, 2-digit SIC -- by ownership sector","All establishment sizes",0,0,0,0,0,0,0,0
"13199","5","SIC_0I75","29","0",1981,"1","","Meriwether County, Georgia","Private","SIC 75 Auto Repair, Services, and Parking","County, 2-digit SIC -- by ownership sector","All establishment sizes",4,21,22,22,51378,0,0,182
"13199","5","SIC_0I75","29","0",1981,"2","","Meriwether County, Georgia","Private","SIC 75 Auto Repair, Services, and Parking","County, 2-digit SIC -- by ownership sector","All establishment sizes",4,21,25,25,54819,0,0,178
"13199","5","SIC_0I75","29","0",1981,"3","","Meriwether County, Georgia","Private","SIC 75 Auto Repair, Services, and Parking","County, 2-digit SIC -- by ownership sector","All establishment sizes",4,21,22,21,46563,0,0,167
"13199","5","SIC_0I75","29","0",1981,"4","","Meriwether County, Georgia","Private","SIC 75 Auto Repair, Services, and Parking","County, 2-digit SIC -- by ownership sector","All establishment sizes",6,17,23,22,70235,0,0,261
"13199","5","SIC_0I76","29","0",1981,"1","","Meriwether County, Georgia","Private","SIC 76 Miscellaneous Repair Services","County, 2-digit SIC -- by ownership sector","All establishment sizes",0,0,0,0,0,0,0,0
"13199","5","SIC_0I76","29","0",1981,"2","N","Meriwether County, Georgia","Private","SIC 76 Miscellaneous Repair Services","County, 2-digit SIC -- by ownership sector","All establishment sizes",0,0,0,0,0,0,0,0
"13199","5","SIC_0I76","29","0",1981,"3","","Meriwether County, Georgia","Private","SIC 76 Miscellaneous Repair Services","County, 2-digit SIC -- by ownership sector","All establishment sizes",0,0,0,0,0,0,0,0
"13199","5","SIC_0I76","29","0",1981,"4","","Meriwether County, Georgia","Private","SIC 76 Miscellaneous Repair Services","County, 2-digit SIC -- by ownership sector","All establishment sizes",0,0,0,0,0,0,0,0
"13199","5","SIC_0I79","29","0",1981,"1","N","Meriwether County, Georgia","Private","SIC 79 Amusement and Recreation Services","County, 2-digit SIC -- by ownership sector","All establishment sizes",0,0,0,0,0,0,0,0
"13199","5","SIC_0I79","29","0",1981,"2","","Meriwether County, Georgia","Private","SIC 79 Amusement and Recreation Services","County, 2-digit SIC -- by ownership sector","All establishment sizes",3,5,6,6,6607,0,0,89
"13199","5","SIC_0I79","29","0",1981,"3","","Meriwether County, Georgia","Private","SIC 79 Amusement and Recreation Services","County, 2-digit SIC -- by ownership sector","All establishment sizes",3,4,3,4,6211,0,0,130
"13199","5","SIC_0I79","29","0",1981,"4","","Meriwether County, Georgia","Private","SIC 79 Amusement and Recreation Services","County, 2-digit SIC -- by ownership sector","All establishment sizes",4,5,5,5,8303,0,0,127
"13199","5","SIC_0I80","29","0",1981,"1","","Meriwether County, Georgia","Private","SIC 80 Health Services","County, 2-digit SIC -- by ownership sector","All establishment sizes",9,94,97,100,254739,0,0,202
"13199","5","SIC_0I80","29","0",1981,"2","","Meriwether County, Georgia","Private","SIC 80 Health Services","County, 2-digit SIC -- by ownership sector","All establishment sizes",10,99,98,102,232844,0,0,179
"13199","5","SIC_0I80","29","0",1981,"3","","Meriwether County, Georgia","Private","SIC 80 Health Services","County, 2-digit SIC -- by ownership sector","All establishment sizes",10,104,101,101,298720,0,0,225
"13199","5","SIC_0I80","29","0",1981,"4","","Meriwether County, Georgia","Private","SIC 80 Health Services","County, 2-digit SIC -- by ownership sector","All establishment sizes",12,108,105,104,302084,0,0,219
"13199","5","SIC_0I81","29","0",1981,"1","","Meriwether County, Georgia","Private","SIC 81 Legal Services","County, 2-digit SIC -- by ownership sector","All establishment sizes",5,13,13,13,34077,0,0,201
"13199","5","SIC_0I81","29","0",1981,"2","","Meriwether County, Georgia","Private","SIC 81 Legal Services","County, 2-digit SIC -- by ownership sector","All establishment sizes",5,13,13,12,34319,0,0,208
"13199","5","SIC_0I81","29","0",1981,"3","","Meriwether County, Georgia","Private","SIC 81 Legal Services","County, 2-digit SIC -- by ownership sector","All establishment sizes",5,12,11,11,52830,0,0,358
"13199","5","SIC_0I81","29","0",1981,"4","","Meriwether County, Georgia","Private","SIC 81 Legal Services","County, 2-digit SIC -- by ownership sector","All establishment sizes",5,12,11,11,37306,0,0,253
"13199","5","SIC_0I82","29","0",1981,"1","N","Meriwether County, Georgia","Private","SIC 82 Educational Services","County, 2-digit SIC -- by ownership sector","All establishment sizes",0,0,0,0,0,0,0,0
"13199","5","SIC_0I82","29","0",1981,"2","N","Meriwether County, Georgia","Private","SIC 82 Educational Services","County, 2-digit SIC -- by ownership sector","All establishment sizes",0,0,0,0,0,0,0,0
"13199","5","SIC_0I82","29","0",1981,"3","N","Meriwether County, Georgia","Private","SIC 82 Educational Services","County, 2-digit SIC -- by ownership sector","All establishment sizes",0,0,0,0,0,0,0,0
"13199","5","SIC_0I82","29","0",1981,"4","N","Meriwether County, Georgia","Private","SIC 82 Educational Services","County, 2-digit SIC -- by ownership sector","All establishment sizes",0,0,0,0,0,0,0,0
"13199","5","SIC_0I83","29","0",1981,"1","","Meriwether County, Georgia","Private","SIC 83 Social Services","County, 2-digit SIC -- by ownership sector","All establishment sizes",4,11,14,12,15378,0,0,95
"13199","5","SIC_0I83","29","0",1981,"2","","Meriwether County, Georgia","Private","SIC 83 Social Services","County, 2-digit SIC -- by ownership sector","All establishment sizes",4,14,15,13,15133,0,0,83
"13199","5","SIC_0I83","29","0",1981,"3","","Meriwether County, Georgia","Private","SIC 83 Social Services","County, 2-digit SIC -- by ownership sector","All establishment sizes",4,9,10,14,11892,0,0,83
"13199","5","SIC_0I83","29","0",1981,"4","","Meriwether County, Georgia","Private","SIC 83 Social Services","County, 2-digit SIC -- by ownership sector","All establishment sizes",4,9,9,11,13758,0,0,109
"13199","5","SIC_0I86","29","0",1981,"1","N","Meriwether County, Georgia","Private","SIC 86 Membership Organizations","County, 2-digit SIC -- by ownership sector","All establishment sizes",0,0,0,0,0,0,0,0
"13199","5","SIC_0I86","29","0",1981,"2","N","Meriwether County, Georgia","Private","SIC 86 Membership Organizations","County, 2-digit SIC -- by ownership sector","All establishment sizes",0,0,0,0,0,0,0,0
"13199","5","SIC_0I86","29","0",1981,"3","N","Meriwether County, Georgia","Private","SIC 86 Membership Organizations","County, 2-digit SIC -- by ownership sector","All establishment sizes",0,0,0,0,0,0,0,0
"13199","5","SIC_0I86","29","0",1981,"4","","Meriwether County, Georgia","Private","SIC 86 Membership Organizations","County, 2-digit SIC -- by ownership sector","All establishment sizes",3,2,3,4,5951,0,0,152
"13199","5","SIC_0I88","29","0",1981,"1","","Meriwether County, Georgia","Private","SIC 88 Private Households","County, 2-digit SIC -- by ownership sector","All establishment sizes",4,8,7,8,9604,0,0,96
"13199","5","SIC_0I88","29","0",1981,"2","","Meriwether County, Georgia","Private","SIC 88 Private Households","County, 2-digit SIC -- by ownership sector","All establishment sizes",5,9,9,9,11498,0,0,98
"13199","5","SIC_0I88","29","0",1981,"3","","Meriwether County, Georgia","Private","SIC 88 Private Households","County, 2-digit SIC -- by ownership sector","All establishment sizes",5,8,5,5,9859,0,0,126
"13199","5","SIC_0I88","29","0",1981,"4","","Meriwether County, Georgia","Private","SIC 88 Private Households","County, 2-digit SIC -- by ownership sector","All establishment sizes",5,7,7,7,9982,0,0,109
"13199","5","SIC_0I89","29","0",1981,"1","","Meriwether County, Georgia","Private","SIC 89 Services, Nec","County, 2-digit SIC -- by ownership sector","All establishment sizes",3,13,12,17,34567,0,0,189
"13199","5","SIC_0I89","29","0",1981,"2","","Meriwether County, Georgia","Private","SIC 89 Services, Nec","County, 2-digit SIC -- by ownership sector","All establishment sizes",3,15,17,16,34045,0,0,163
"13199","5","SIC_0I89","29","0",1981,"3","","Meriwether County, Georgia","Private","SIC 89 Services, Nec","County, 2-digit SIC -- by ownership sector","All establishment sizes",4,15,15,16,39305,0,0,197
"13199","5","SIC_0I89","29","0",1981,"4","","Meriwether County, Georgia","Private","SIC 89 Services, Nec","County, 2-digit SIC -- by ownership sector","All establishment sizes",4,14,15,16,39124,0,0,200
"13199","5","SIC_0K","28","0",1981,"1","N","Meriwether County, Georgia","Private","Nonclassifiable Establishments","County, Industry Division -- by ownership sector","All establishment sizes",0,0,0,0,0,0,0,0
"13199","5","SIC_0K","28","0",1981,"2","N","Meriwether County, Georgia","Private","Nonclassifiable Establishments","County, Industry Division -- by ownership sector","All establishment sizes",0,0,0,0,0,0,0,0
"13199","5","SIC_0K","28","0",1981,"3","N","Meriwether County, Georgia","Private","Nonclassifiable Establishments","County, Industry Division -- by ownership sector","All establishment sizes",0,0,0,0,0,0,0,0
"13199","5","SIC_0K","28","0",1981,"4","N","Meriwether County, Georgia","Private","Nonclassifiable Establishments","County, Industry Division -- by ownership sector","All establishment sizes",0,0,0,0,0,0,0,0
"13199","5","SIC_0K99","29","0",1981,"1","N","Meriwether County, Georgia","Private","SIC 99 Nonclassifiable Establishments","County, 2-digit SIC -- by ownership sector","All establishment sizes",0,0,0,0,0,0,0,0
"13199","5","SIC_0K99","29","0",1981,"2","N","Meriwether County, Georgia","Private","SIC 99 Nonclassifiable Establishments","County, 2-digit SIC -- by ownership sector","All establishment sizes",0,0,0,0,0,0,0,0
"13199","5","SIC_0K99","29","0",1981,"3","N","Meriwether County, Georgia","Private","SIC 99 Nonclassifiable Establishments","County, 2-digit SIC -- by ownership sector","All establishment sizes",0,0,0,0,0,0,0,0
"13199","5","SIC_0K99","29","0",1981,"4","N","Meriwether County, Georgia","Private","SIC 99 Nonclassifiable Establishments","County, 2-digit SIC -- by ownership sector","All establishment sizes",0,0,0,0,0,0,0,0
