"area_fips","own_code","industry_code","agglvl_code","size_code","year","qtr","disclosure_code","area_title","own_title","industry_title","agglvl_title","size_title","qtrly_estabs_count","month1_emplvl","month2_emplvl","month3_emplvl","total_qtrly_wages","taxable_qtrly_wages","qtrly_contributions","avg_wkly_wage"
"13009","0","SIC_0Z","26","0",1981,"1","","Baldwin County, Georgia","Total Covered","All Industries","County, Total Covered","All establishment sizes",541,14636,14645,14604,42698572,0,0,224
"13009","0","SIC_0Z","26","0",1981,"2","","Baldwin County, Georgia","Total Covered","All Industries","County, Total Covered","All establishment sizes",540,15080,15145,15215,46839688,0,0,237
"13009","0","SIC_0Z","26","0",1981,"3","","Baldwin County, Georgia","Total Covered","All Industries","County, Total Covered","All establishment sizes",533,14922,14882,15106,48622913,0,0,249
"13009","0","SIC_0Z","26","0",1981,"4","","Baldwin County, Georgia","Total Covered","All Industries","County, Total Covered","All establishment sizes",543,15353,15409,15542,54131869,0,0,269
"13009","1","SIC_0Z","27","0",1981,"1","","Baldwin County, Georgia","Federal Government","All Industries","County, Total -- by ownership sector","All establishment sizes",5,67,65,63,352341,0,0,416
"13009","1","SIC_0Z","27","0",1981,"2","","Baldwin County, Georgia","Federal Government","All Industries","County, Total -- by ownership sector","All establishment sizes",5,63,64,65,312612,0,0,375
"13009","1","SIC_0Z","27","0",1981,"3","","Baldwin County, Georgia","Federal Government","All Industries","County, Total -- by ownership sector","All establishment sizes",5,68,68,70,361783,0,0,405
"13009","1","SIC_0Z","27","0",1981,"4","","Baldwin County, Georgia","Federal Government","All Industries","County, Total -- by ownership sector","All establishment sizes",5,69,69,69,374359,0,0,417
"13009","1","SIC_0E","28","0",1981,"1","","Baldwin County, Georgia","Federal Government","Transportation and Public Utilities Division","County, Industry Division -- by ownership sector","All establishment sizes",2,39,38,36,219825,0,0,448
"13009","1","SIC_0E","28","0",1981,"2","","Baldwin County, Georgia","Federal Government","Transportation and Public Utilities Division","County, Industry Division -- by ownership sector","All establishment sizes",2,37,39,40,200670,0,0,399
"13009","1","SIC_0E","28","0",1981,"3","","Baldwin County, Georgia","Federal Government","Transportation and Public Utilities Division","County, Industry Division -- by ownership sector","All establishment sizes",2,42,42,41,245208,0,0,452
"13009","1","SIC_0E","28","0",1981,"4","","Baldwin County, Georgia","Federal Government","Transportation and Public Utilities Division","County, Industry Division -- by ownership sector","All establishment sizes",2,41,42,43,255499,0,0,467
"13009","1","SIC_0E43","29","0",1981,"1","","Baldwin County, Georgia","Federal Government","SIC 43 U.S. Postal Service","County, 2-digit SIC -- by ownership sector","All establishment sizes",2,39,38,36,219825,0,0,448
"13009","1","SIC_0E43","29","0",1981,"2","","Baldwin County, Georgia","Federal Government","SIC 43 U.S. Postal Service","County, 2-digit SIC -- by ownership sector","All establishment sizes",2,37,39,40,200670,0,0,399
"13009","1","SIC_0E43","29","0",1981,"3","","Baldwin County, Georgia","Federal Government","SIC 43 U.S. Postal Service","County, 2-digit SIC -- by ownership sector","All establishment sizes",2,42,42,41,245208,0,0,452
"13009","1","SIC_0E43","29","0",1981,"4","","Baldwin County, Georgia","Federal Government","SIC 43 U.S. Postal Service","County, 2-digit SIC -- by ownership sector","All establishment sizes",2,41,42,43,255499,0,0,467
"13009","1","SIC_0J","28","0",1981,"1","","Baldwin County, Georgia","Federal Government","Public Administration Division","County, Industry Division -- by ownership sector","All establishment sizes",3,28,27,27,132516,0,0,372
"13009","1","SIC_0J","28","0",1981,"2","","Baldwin County, Georgia","Federal Government","Public Administration Division","County, Industry Division -- by ownership sector","All establishment sizes",3,26,25,25,111942,0,0,339
"13009","1","SIC_0J","28","0",1981,"3","","Baldwin County, Georgia","Federal Government","Public Administration Division","County, Industry Division -- by ownership sector","All establishment sizes",3,26,26,29,116575,0,0,332
"13009","1","SIC_0J","28","0",1981,"4","","Baldwin County, Georgia","Federal Government","Public Administration Division","County, Industry Division -- by ownership sector","All establishment sizes",3,28,27,26,118860,0,0,338
"13009","1","SIC_0J94","29","0",1981,"1","","Baldwin County, Georgia","Federal Government","SIC 94 Administration of Human Resources","County, 2-digit SIC -- by ownership sector","All establishment sizes",1,19,18,18,94357,0,0,395
"13009","1","SIC_0J94","29","0",1981,"2","","Baldwin County, Georgia","Federal Government","SIC 94 Administration of Human Resources","County, 2-digit SIC -- by ownership sector","All establishment sizes",1,17,17,17,67621,0,0,305
"13009","1","SIC_0J94","29","0",1981,"3","","Baldwin County, Georgia","Federal Government","SIC 94 Administration of Human Resources","County, 2-digit SIC -- by ownership sector","All establishment sizes",1,18,18,21,76895,0,0,311
"13009","1","SIC_0J94","29","0",1981,"4","","Baldwin County, Georgia","Federal Government","SIC 94 Administration of Human Resources","County, 2-digit SIC -- by ownership sector","All establishment sizes",1,20,19,18,74222,0,0,300
"13009","1","SIC_0J95","29","0",1981,"1","","Baldwin County, Georgia","Federal Government","SIC 95 Environmental Quality and Housing","County, 2-digit SIC -- by ownership sector","All establishment sizes",2,9,9,9,38159,0,0,326
"13009","1","SIC_0J95","29","0",1981,"2","","Baldwin County, Georgia","Federal Government","SIC 95 Environmental Quality and Housing","County, 2-digit SIC -- by ownership sector","All establishment sizes",2,9,8,8,44321,0,0,409
"13009","1","SIC_0J95","29","0",1981,"3","","Baldwin County, Georgia","Federal Government","SIC 95 Environmental Quality and Housing","County, 2-digit SIC -- by ownership sector","All establishment sizes",2,8,8,8,39680,0,0,381
"13009","1","SIC_0J95","29","0",1981,"4","","Baldwin County, Georgia","Federal Government","SIC 95 Environmental Quality and Housing","County, 2-digit SIC -- by ownership sector","All establishment sizes",2,8,8,8,44638,0,0,429
"13009","2","SIC_0Z","27","0",1981,"1","","Baldwin County, Georgia","State Government","All Industries","County, Total -- by ownership sector","All establishment sizes",33,5416,5447,5448,16796299,0,0,237
"13009","2","SIC_0Z","27","0",1981,"2","","Baldwin County, Georgia","State Government","All Industries","County, Total -- by ownership sector","All establishment sizes",33,5431,5414,5414,17363221,0,0,246
"13009","2","SIC_0Z","27","0",1981,"3","","Baldwin County, Georgia","State Government","All Industries","County, Total -- by ownership sector","All establishment sizes",31,5337,5297,5337,18048492,0,0,260
"13009","2","SIC_0Z","27","0",1981,"4","","Baldwin County, Georgia","State Government","All Industries","County, Total -- by ownership sector","All establishment sizes",32,5397,5413,5406,20749478,0,0,295
"13009","2","SIC_0A","28","0",1981,"1","N","Baldwin County, Georgia","State Government","Agriculture, Forestry, and Fishing Division","County, Industry Division -- by ownership sector","All establishment sizes",0,0,0,0,0,0,0,0
"13009","2","SIC_0A","28","0",1981,"2","N","Baldwin County, Georgia","State Government","Agriculture, Forestry, and Fishing Division","County, Industry Division -- by ownership sector","All establishment sizes",0,0,0,0,0,0,0,0
"13009","2","SIC_0A","28","0",1981,"3","N","Baldwin County, Georgia","State Government","Agriculture, Forestry, and Fishing Division","County, Industry Division -- by ownership sector","All establishment sizes",0,0,0,0,0,0,0,0
"13009","2","SIC_0A","28","0",1981,"4","N","Baldwin County, Georgia","State Government","Agriculture, Forestry, and Fishing Division","County, Industry Division -- by ownership sector","All establishment sizes",0,0,0,0,0,0,0,0
"13009","2","SIC_0A01","29","0",1981,"1","N","Baldwin County, Georgia","State Government","SIC 01 Agricultural Production Crops","County, 2-digit SIC -- by ownership sector","All establishment sizes",0,0,0,0,0,0,0,0
"13009","2","SIC_0A01","29","0",1981,"2","N","Baldwin County, Georgia","State Government","SIC 01 Agricultural Production Crops","County, 2-digit SIC -- by ownership sector","All establishment sizes",0,0,0,0,0,0,0,0
"13009","2","SIC_0A01","29","0",1981,"3","N","Baldwin County, Georgia","State Government","SIC 01 Agricultural Production Crops","County, 2-digit SIC -- by ownership sector","All establishment sizes",0,0,0,0,0,0,0,0
"13009","2","SIC_0A01","29","0",1981,"4","N","Baldwin County, Georgia","State Government","SIC 01 Agricultural Production Crops","County, 2-digit SIC -- by ownership sector","All establishment sizes",0,0,0,0,0,0,0,0
"13009","2","SIC_0A08","29","0",1981,"1","N","Baldwin County, Georgia","State Government","SIC 08 Forestry","County, 2-digit SIC -- by ownership sector","All establishment sizes",0,0,0,0,0,0,0,0
"13009","2","SIC_0A08","29","0",1981,"2","N","Baldwin County, Georgia","State Government","SIC 08 Forestry","County, 2-digit SIC -- by ownership sector","All establishment sizes",0,0,0,0,0,0,0,0
"13009","2","SIC_0A08","29","0",1981,"3","N","Baldwin County, Georgia","State Government","SIC 08 Forestry","County, 2-digit SIC -- by ownership sector","All establishment sizes",0,0,0,0,0,0,0,0
"13009","2","SIC_0A08","29","0",1981,"4","N","Baldwin County, Georgia","State Government","SIC 08 Forestry","County, 2-digit SIC -- by ownership sector","All establishment sizes",0,0,0,0,0,0,0,0
"13009","2","SIC_0C","28","0",1981,"1","N","Baldwin County, Georgia","State Government","Construction Division","County, Industry Division -- by ownership sector","All establishment sizes",0,0,0,0,0,0,0,0
"13009","2","SIC_0C","28","0",1981,"2","N","Baldwin County, Georgia","State Government","Construction Division","County, Industry Division -- by ownership sector","All establishment sizes",0,0,0,0,0,0,0,0
"13009","2","SIC_0C","28","0",1981,"3","N","Baldwin County, Georgia","State Government","Construction Division","County, Industry Division -- by ownership sector","All establishment sizes",0,0,0,0,0,0,0,0
"13009","2","SIC_0C","28","0",1981,"4","N","Baldwin County, Georgia","State Government","Construction Division","County, Industry Division -- by ownership sector","All establishment sizes",0,0,0,0,0,0,0,0
"13009","2","SIC_0C16","29","0",1981,"1","N","Baldwin County, Georgia","State Government","SIC 16 Heavy Construction, ex. Building","County, 2-digit SIC -- by ownership sector","All establishment sizes",0,0,0,0,0,0,0,0
"13009","2","SIC_0C16","29","0",1981,"2","N","Baldwin County, Georgia","State Government","SIC 16 Heavy Construction, ex. Building","County, 2-digit SIC -- by ownership sector","All establishment sizes",0,0,0,0,0,0,0,0
"13009","2","SIC_0C16","29","0",1981,"3","N","Baldwin County, Georgia","State Government","SIC 16 Heavy Construction, ex. Building","County, 2-digit SIC -- by ownership sector","All establishment sizes",0,0,0,0,0,0,0,0
"13009","2","SIC_0C16","29","0",1981,"4","N","Baldwin County, Georgia","State Government","SIC 16 Heavy Construction, ex. Building","County, 2-digit SIC -- by ownership sector","All establishment sizes",0,0,0,0,0,0,0,0
"13009","2","SIC_0D","28","0",1981,"1","N","Baldwin County, Georgia","State Government","Manufacturing Division","County, Industry Division -- by ownership sector","All establishment sizes",0,0,0,0,0,0,0,0
"13009","2","SIC_0D","28","0",1981,"2","N","Baldwin County, Georgia","State Government","Manufacturing Division","County, Industry Division -- by ownership sector","All establishment sizes",0,0,0,0,0,0,0,0
"13009","2","SIC_0D","28","0",1981,"3","N","Baldwin County, Georgia","State Government","Manufacturing Division","County, Industry Division -- by ownership sector","All establishment sizes",0,0,0,0,0,0,0,0
"13009","2","SIC_0D","28","0",1981,"4","N","Baldwin County, Georgia","State Government","Manufacturing Division","County, Industry Division -- by ownership sector","All establishment sizes",0,0,0,0,0,0,0,0
"13009","2","SIC_0D20","29","0",1981,"1","N","Baldwin County, Georgia","State Government","SIC 20 Food and Kindred Products","County, 2-digit SIC -- by ownership sector","All establishment sizes",0,0,0,0,0,0,0,0
"13009","2","SIC_0D20","29","0",1981,"2","N","Baldwin County, Georgia","State Government","SIC 20 Food and Kindred Products","County, 2-digit SIC -- by ownership sector","All establishment sizes",0,0,0,0,0,0,0,0
"13009","2","SIC_0D20","29","0",1981,"3","N","Baldwin County, Georgia","State Government","SIC 20 Food and Kindred Products","County, 2-digit SIC -- by ownership sector","All establishment sizes",0,0,0,0,0,0,0,0
"13009","2","SIC_0D20","29","0",1981,"4","N","Baldwin County, Georgia","State Government","SIC 20 Food and Kindred Products","County, 2-digit SIC -- by ownership sector","All establishment sizes",0,0,0,0,0,0,0,0
"13009","2","SIC_0I","28","0",1981,"1","","Baldwin County, Georgia","State Government","Services Division","County, Industry Division -- by ownership sector","All establishment sizes",18,4794,4817,4824,14717700,0,0,235
"13009","2","SIC_0I","28","0",1981,"2","","Baldwin County, Georgia","State Government","Services Division","County, Industry Division -- by ownership sector","All establishment sizes",18,4801,4792,4794,15274456,0,0,245
"13009","2","SIC_0I","28","0",1981,"3","","Baldwin County, Georgia","State Government","Services Division","County, Industry Division -- by ownership sector","All establishment sizes",16,4712,4667,4707,15766840,0,0,258
"13009","2","SIC_0I","28","0",1981,"4","","Baldwin County, Georgia","State Government","Services Division","County, Industry Division -- by ownership sector","All establishment sizes",16,4722,4704,4682,18151957,0,0,296
"13009","2","SIC_0I80","29","0",1981,"1","","Baldwin County, Georgia","State Government","SIC 80 Health Services","County, 2-digit SIC -- by ownership sector","All establishment sizes",6,4002,4009,4012,12102037,0,0,232
"13009","2","SIC_0I80","29","0",1981,"2","","Baldwin County, Georgia","State Government","SIC 80 Health Services","County, 2-digit SIC -- by ownership sector","All establishment sizes",6,4002,3997,3996,12186596,0,0,234
"13009","2","SIC_0I80","29","0",1981,"3","","Baldwin County, Georgia","State Government","SIC 80 Health Services","County, 2-digit SIC -- by ownership sector","All establishment sizes",6,4005,3991,3944,13138490,0,0,253
"13009","2","SIC_0I80","29","0",1981,"4","","Baldwin County, Georgia","State Government","SIC 80 Health Services","County, 2-digit SIC -- by ownership sector","All establishment sizes",6,3915,3892,3871,15058152,0,0,297
"13009","2","SIC_0I82","29","0",1981,"1","N","Baldwin County, Georgia","State Government","SIC 82 Educational Services","County, 2-digit SIC -- by ownership sector","All establishment sizes",0,0,0,0,0,0,0,0
"13009","2","SIC_0I82","29","0",1981,"2","N","Baldwin County, Georgia","State Government","SIC 82 Educational Services","County, 2-digit SIC -- by ownership sector","All establishment sizes",0,0,0,0,0,0,0,0
"13009","2","SIC_0I82","29","0",1981,"3","N","Baldwin County, Georgia","State Government","SIC 82 Educational Services","County, 2-digit SIC -- by ownership sector","All establishment sizes",0,0,0,0,0,0,0,0
"13009","2","SIC_0I82","29","0",1981,"4","N","Baldwin County, Georgia","State Government","SIC 82 Educational Services","County, 2-digit SIC -- by ownership sector","All establishment sizes",0,0,0,0,0,0,0,0
"13009","2","SIC_0I83","29","0",1981,"1","N","Baldwin County, Georgia","State Government","SIC 83 Social Services","County, 2-digit SIC -- by ownership sector","All establishment sizes",0,0,0,0,0,0,0,0
"13009","2","SIC_0I83","29","0",1981,"2","N","Baldwin County, Georgia","State Government","SIC 83 Social Services","County, 2-digit SIC -- by ownership sector","All establishment sizes",0,0,0,0,0,0,0,0
"13009","2","SIC_0I83","29","0",1981,"3","N","Baldwin County, Georgia","State Government","SIC 83 Social Services","County, 2-digit SIC -- by ownership sector","All establishment sizes",0,0,0,0,0,0,0,0
"13009","2","SIC_0I83","29","0",1981,"4","N","Baldwin County, Georgia","State Government","SIC 83 Social Services","County, 2-digit SIC -- by ownership sector","All establishment sizes",0,0,0,0,0,0,0,0
"13009","2","SIC_0J","28","0",1981,"1","","Baldwin County, Georgia","State Government","Public Administration Division","County, Industry Division -- by ownership sector","All establishment sizes",11,574,581,575,1915352,0,0,255
"13009","2","SIC_0J","28","0",1981,"2","","Baldwin County, Georgia","State Government","Public Administration Division","County, Industry Division -- by ownership sector","All establishment sizes",11,582,574,568,1923526,0,0,257
"13009","2","SIC_0J","28","0",1981,"3","","Baldwin County, Georgia","State Government","Public Administration Division","County, Industry Division -- by ownership sector","All establishment sizes",11,575,581,580,2100673,0,0,279
"13009","2","SIC_0J","28","0",1981,"4","","Baldwin County, Georgia","State Government","Public Administration Division","County, Industry Division -- by ownership sector","All establishment sizes",12,624,658,673,2413562,0,0,284
"13009","2","SIC_0J91","29","0",1981,"1","N","Baldwin County, Georgia","State Government","SIC 91 Executive, Legislative, and General","County, 2-digit SIC -- by ownership sector","All establishment sizes",0,0,0,0,0,0,0,0
"13009","2","SIC_0J91","29","0",1981,"2","N","Baldwin County, Georgia","State Government","SIC 91 Executive, Legislative, and General","County, 2-digit SIC -- by ownership sector","All establishment sizes",0,0,0,0,0,0,0,0
"13009","2","SIC_0J91","29","0",1981,"3","N","Baldwin County, Georgia","State Government","SIC 91 Executive, Legislative, and General","County, 2-digit SIC -- by ownership sector","All establishment sizes",0,0,0,0,0,0,0,0
"13009","2","SIC_0J91","29","0",1981,"4","","Baldwin County, Georgia","State Government","SIC 91 Executive, Legislative, and General","County, 2-digit SIC -- by ownership sector","All establishment sizes",3,51,51,51,209544,0,0,316
"13009","2","SIC_0J92","29","0",1981,"1","","Baldwin County, Georgia","State Government","SIC 92 Justice, Public Order, and Safety","County, 2-digit SIC -- by ownership sector","All establishment sizes",5,483,487,482,1565466,0,0,248
"13009","2","SIC_0J92","29","0",1981,"2","","Baldwin County, Georgia","State Government","SIC 92 Justice, Public Order, and Safety","County, 2-digit SIC -- by ownership sector","All establishment sizes",5,490,485,480,1578141,0,0,250
"13009","2","SIC_0J92","29","0",1981,"3","","Baldwin County, Georgia","State Government","SIC 92 Justice, Public Order, and Safety","County, 2-digit SIC -- by ownership sector","All establishment sizes",5,490,494,496,1743944,0,0,271
"13009","2","SIC_0J92","29","0",1981,"4","","Baldwin County, Georgia","State Government","SIC 92 Justice, Public Order, and Safety","County, 2-digit SIC -- by ownership sector","All establishment sizes",5,517,549,565,1931850,0,0,273
"13009","2","SIC_0J94","29","0",1981,"1","","Baldwin County, Georgia","State Government","SIC 94 Administration of Human Resources","County, 2-digit SIC -- by ownership sector","All establishment sizes",3,39,40,39,156062,0,0,305
"13009","2","SIC_0J94","29","0",1981,"2","","Baldwin County, Georgia","State Government","SIC 94 Administration of Human Resources","County, 2-digit SIC -- by ownership sector","All establishment sizes",3,39,39,40,155748,0,0,304
"13009","2","SIC_0J94","29","0",1981,"3","","Baldwin County, Georgia","State Government","SIC 94 Administration of Human Resources","County, 2-digit SIC -- by ownership sector","All establishment sizes",3,39,38,37,164434,0,0,332
"13009","2","SIC_0J94","29","0",1981,"4","N","Baldwin County, Georgia","State Government","SIC 94 Administration of Human Resources","County, 2-digit SIC -- by ownership sector","All establishment sizes",0,0,0,0,0,0,0,0
"13009","2","SIC_0J95","29","0",1981,"1","N","Baldwin County, Georgia","State Government","SIC 95 Environmental Quality and Housing","County, 2-digit SIC -- by ownership sector","All establishment sizes",0,0,0,0,0,0,0,0
"13009","2","SIC_0J95","29","0",1981,"2","N","Baldwin County, Georgia","State Government","SIC 95 Environmental Quality and Housing","County, 2-digit SIC -- by ownership sector","All establishment sizes",0,0,0,0,0,0,0,0
"13009","2","SIC_0J95","29","0",1981,"3","N","Baldwin County, Georgia","State Government","SIC 95 Environmental Quality and Housing","County, 2-digit SIC -- by ownership sector","All establishment sizes",0,0,0,0,0,0,0,0
"13009","2","SIC_0J95","29","0",1981,"4","N","Baldwin County, Georgia","State Government","SIC 95 Environmental Quality and Housing","County, 2-digit SIC -- by ownership sector","All establishment sizes",0,0,0,0,0,0,0,0
"13009","3","SIC_0Z","27","0",1981,"1","","Baldwin County, Georgia","Local Government","All Industries","County, Total -- by ownership sector","All establishment sizes",29,1625,1661,1649,4351268,0,0,203
"13009","3","SIC_0Z","27","0",1981,"2","","Baldwin County, Georgia","Local Government","All Industries","County, Total -- by ownership sector","All establishment sizes",29,1677,1685,1716,4232020,0,0,192
"13009","3","SIC_0Z","27","0",1981,"3","","Baldwin County, Georgia","Local Government","All Industries","County, Total -- by ownership sector","All establishment sizes",29,1594,1521,1575,4559405,0,0,224
"13009","3","SIC_0Z","27","0",1981,"4","","Baldwin County, Georgia","Local Government","All Industries","County, Total -- by ownership sector","All establishment sizes",29,1672,1669,1678,4723557,0,0,217
"13009","3","SIC_0A","28","0",1981,"1","N","Baldwin County, Georgia","Local Government","Agriculture, Forestry, and Fishing Division","County, Industry Division -- by ownership sector","All establishment sizes",0,0,0,0,0,0,0,0
"13009","3","SIC_0A","28","0",1981,"2","N","Baldwin County, Georgia","Local Government","Agriculture, Forestry, and Fishing Division","County, Industry Division -- by ownership sector","All establishment sizes",0,0,0,0,0,0,0,0
"13009","3","SIC_0A","28","0",1981,"3","N","Baldwin County, Georgia","Local Government","Agriculture, Forestry, and Fishing Division","County, Industry Division -- by ownership sector","All establishment sizes",0,0,0,0,0,0,0,0
"13009","3","SIC_0A","28","0",1981,"4","N","Baldwin County, Georgia","Local Government","Agriculture, Forestry, and Fishing Division","County, Industry Division -- by ownership sector","All establishment sizes",0,0,0,0,0,0,0,0
"13009","3","SIC_0A07","29","0",1981,"1","N","Baldwin County, Georgia","Local Government","SIC 07 Agricultural Services","County, 2-digit SIC -- by ownership sector","All establishment sizes",0,0,0,0,0,0,0,0
"13009","3","SIC_0A07","29","0",1981,"2","N","Baldwin County, Georgia","Local Government","SIC 07 Agricultural Services","County, 2-digit SIC -- by ownership sector","All establishment sizes",0,0,0,0,0,0,0,0
"13009","3","SIC_0A07","29","0",1981,"3","N","Baldwin County, Georgia","Local Government","SIC 07 Agricultural Services","County, 2-digit SIC -- by ownership sector","All establishment sizes",0,0,0,0,0,0,0,0
"13009","3","SIC_0A07","29","0",1981,"4","N","Baldwin County, Georgia","Local Government","SIC 07 Agricultural Services","County, 2-digit SIC -- by ownership sector","All establishment sizes",0,0,0,0,0,0,0,0
"13009","3","SIC_0C","28","0",1981,"1","","Baldwin County, Georgia","Local Government","Construction Division","County, Industry Division -- by ownership sector","All establishment sizes",3,53,54,54,130909,0,0,187
"13009","3","SIC_0C","28","0",1981,"2","","Baldwin County, Georgia","Local Government","Construction Division","County, Industry Division -- by ownership sector","All establishment sizes",3,54,54,55,126617,0,0,179
"13009","3","SIC_0C","28","0",1981,"3","","Baldwin County, Georgia","Local Government","Construction Division","County, Industry Division -- by ownership sector","All establishment sizes",3,54,53,54,237629,0,0,340
"13009","3","SIC_0C","28","0",1981,"4","","Baldwin County, Georgia","Local Government","Construction Division","County, Industry Division -- by ownership sector","All establishment sizes",3,54,53,53,188885,0,0,272
"13009","3","SIC_0C15","29","0",1981,"1","N","Baldwin County, Georgia","Local Government","SIC 15 General Building Contractors","County, 2-digit SIC -- by ownership sector","All establishment sizes",0,0,0,0,0,0,0,0
"13009","3","SIC_0C15","29","0",1981,"2","N","Baldwin County, Georgia","Local Government","SIC 15 General Building Contractors","County, 2-digit SIC -- by ownership sector","All establishment sizes",0,0,0,0,0,0,0,0
"13009","3","SIC_0C15","29","0",1981,"3","N","Baldwin County, Georgia","Local Government","SIC 15 General Building Contractors","County, 2-digit SIC -- by ownership sector","All establishment sizes",0,0,0,0,0,0,0,0
"13009","3","SIC_0C15","29","0",1981,"4","N","Baldwin County, Georgia","Local Government","SIC 15 General Building Contractors","County, 2-digit SIC -- by ownership sector","All establishment sizes",0,0,0,0,0,0,0,0
"13009","3","SIC_0C16","29","0",1981,"1","N","Baldwin County, Georgia","Local Government","SIC 16 Heavy Construction, ex. Building","County, 2-digit SIC -- by ownership sector","All establishment sizes",0,0,0,0,0,0,0,0
"13009","3","SIC_0C16","29","0",1981,"2","N","Baldwin County, Georgia","Local Government","SIC 16 Heavy Construction, ex. Building","County, 2-digit SIC -- by ownership sector","All establishment sizes",0,0,0,0,0,0,0,0
"13009","3","SIC_0C16","29","0",1981,"3","N","Baldwin County, Georgia","Local Government","SIC 16 Heavy Construction, ex. Building","County, 2-digit SIC -- by ownership sector","All establishment sizes",0,0,0,0,0,0,0,0
"13009","3","SIC_0C16","29","0",1981,"4","N","Baldwin County, Georgia","Local Government","SIC 16 Heavy Construction, ex. Building","County, 2-digit SIC -- by ownership sector","All establishment sizes",0,0,0,0,0,0,0,0
"13009","3","SIC_0E","28","0",1981,"1","","Baldwin County, Georgia","Local Government","Transportation and Public Utilities Division","County, Industry Division -- by ownership sector","All establishment sizes",5,66,66,66,188225,0,0,219
"13009","3","SIC_0E","28","0",1981,"2","","Baldwin County, Georgia","Local Government","Transportation and Public Utilities Division","County, Industry Division -- by ownership sector","All establishment sizes",5,62,63,65,183137,0,0,222
"13009","3","SIC_0E","28","0",1981,"3","","Baldwin County, Georgia","Local Government","Transportation and Public Utilities Division","County, Industry Division -- by ownership sector","All establishment sizes",5,65,65,64,173429,0,0,206
"13009","3","SIC_0E","28","0",1981,"4","","Baldwin County, Georgia","Local Government","Transportation and Public Utilities Division","County, Industry Division -- by ownership sector","All establishment sizes",5,65,61,60,160877,0,0,199
"13009","3","SIC_0E42","29","0",1981,"1","N","Baldwin County, Georgia","Local Government","SIC 42 Trucking And Warehousing","County, 2-digit SIC -- by ownership sector","All establishment sizes",0,0,0,0,0,0,0,0
"13009","3","SIC_0E42","29","0",1981,"2","N","Baldwin County, Georgia","Local Government","SIC 42 Trucking And Warehousing","County, 2-digit SIC -- by ownership sector","All establishment sizes",0,0,0,0,0,0,0,0
"13009","3","SIC_0E42","29","0",1981,"3","N","Baldwin County, Georgia","Local Government","SIC 42 Trucking And Warehousing","County, 2-digit SIC -- by ownership sector","All establishment sizes",0,0,0,0,0,0,0,0
"13009","3","SIC_0E42","29","0",1981,"4","N","Baldwin County, Georgia","Local Government","SIC 42 Trucking And Warehousing","County, 2-digit SIC -- by ownership sector","All establishment sizes",0,0,0,0,0,0,0,0
"13009","3","SIC_0E45","29","0",1981,"1","N","Baldwin County, Georgia","Local Government","SIC 45 Transportation By Air","County, 2-digit SIC -- by ownership sector","All establishment sizes",0,0,0,0,0,0,0,0
"13009","3","SIC_0E45","29","0",1981,"2","N","Baldwin County, Georgia","Local Government","SIC 45 Transportation By Air","County, 2-digit SIC -- by ownership sector","All establishment sizes",0,0,0,0,0,0,0,0
"13009","3","SIC_0E45","29","0",1981,"3","N","Baldwin County, Georgia","Local Government","SIC 45 Transportation By Air","County, 2-digit SIC -- by ownership sector","All establishment sizes",0,0,0,0,0,0,0,0
"13009","3","SIC_0E45","29","0",1981,"4","N","Baldwin County, Georgia","Local Government","SIC 45 Transportation By Air","County, 2-digit SIC -- by ownership sector","All establishment sizes",0,0,0,0,0,0,0,0
"13009","3","SIC_0E49","29","0",1981,"1","N","Baldwin County, Georgia","Local Government","SIC 49 Electric, Gas, And Sanitary Services","County, 2-digit SIC -- by ownership sector","All establishment sizes",0,0,0,0,0,0,0,0
"13009","3","SIC_0E49","29","0",1981,"2","N","Baldwin County, Georgia","Local Government","SIC 49 Electric, Gas, And Sanitary Services","County, 2-digit SIC -- by ownership sector","All establishment sizes",0,0,0,0,0,0,0,0
"13009","3","SIC_0E49","29","0",1981,"3","N","Baldwin County, Georgia","Local Government","SIC 49 Electric, Gas, And Sanitary Services","County, 2-digit SIC -- by ownership sector","All establishment sizes",0,0,0,0,0,0,0,0
"13009","3","SIC_0E49","29","0",1981,"4","N","Baldwin County, Georgia","Local Government","SIC 49 Electric, Gas, And Sanitary Services","County, 2-digit SIC -- by ownership sector","All establishment sizes",0,0,0,0,0,0,0,0
"13009","3","SIC_0H","28","0",1981,"1","N","Baldwin County, Georgia","Local Government","Finance, Insurance, and Real Estate Division","County, Industry Division -- by ownership sector","All establishment sizes",0,0,0,0,0,0,0,0
"13009","3","SIC_0H","28","0",1981,"2","N","Baldwin County, Georgia","Local Government","Finance, Insurance, and Real Estate Division","County, Industry Division -- by ownership sector","All establishment sizes",0,0,0,0,0,0,0,0
"13009","3","SIC_0H","28","0",1981,"3","N","Baldwin County, Georgia","Local Government","Finance, Insurance, and Real Estate Division","County, Industry Division -- by ownership sector","All establishment sizes",0,0,0,0,0,0,0,0
"13009","3","SIC_0H","28","0",1981,"4","N","Baldwin County, Georgia","Local Government","Finance, Insurance, and Real Estate Division","County, Industry Division -- by ownership sector","All establishment sizes",0,0,0,0,0,0,0,0
"13009","3","SIC_0H65","29","0",1981,"1","N","Baldwin County, Georgia","Local Government","SIC 65 Real Estate","County, 2-digit SIC -- by ownership sector","All establishment sizes",0,0,0,0,0,0,0,0
"13009","3","SIC_0H65","29","0",1981,"2","N","Baldwin County, Georgia","Local Government","SIC 65 Real Estate","County, 2-digit SIC -- by ownership sector","All establishment sizes",0,0,0,0,0,0,0,0
"13009","3","SIC_0H65","29","0",1981,"3","N","Baldwin County, Georgia","Local Government","SIC 65 Real Estate","County, 2-digit SIC -- by ownership sector","All establishment sizes",0,0,0,0,0,0,0,0
"13009","3","SIC_0H65","29","0",1981,"4","N","Baldwin County, Georgia","Local Government","SIC 65 Real Estate","County, 2-digit SIC -- by ownership sector","All establishment sizes",0,0,0,0,0,0,0,0
"13009","3","SIC_0I","28","0",1981,"1","","Baldwin County, Georgia","Local Government","Services Division","County, Industry Division -- by ownership sector","All establishment sizes",7,1308,1336,1328,3506300,0,0,203
"13009","3","SIC_0I","28","0",1981,"2","","Baldwin County, Georgia","Local Government","Services Division","County, Industry Division -- by ownership sector","All establishment sizes",7,1356,1369,1378,3368296,0,0,189
"13009","3","SIC_0I","28","0",1981,"3","","Baldwin County, Georgia","Local Government","Services Division","County, Industry Division -- by ownership sector","All establishment sizes",7,1263,1195,1255,3484146,0,0,216
"13009","3","SIC_0I","28","0",1981,"4","","Baldwin County, Georgia","Local Government","Services Division","County, Industry Division -- by ownership sector","All establishment sizes",7,1343,1348,1351,3745455,0,0,213
"13009","3","SIC_0I75","29","0",1981,"1","N","Baldwin County, Georgia","Local Government","SIC 75 Auto Repair, Services, and Parking","County, 2-digit SIC -- by ownership sector","All establishment sizes",0,0,0,0,0,0,0,0
"13009","3","SIC_0I75","29","0",1981,"2","N","Baldwin County, Georgia","Local Government","SIC 75 Auto Repair, Services, and Parking","County, 2-digit SIC -- by ownership sector","All establishment sizes",0,0,0,0,0,0,0,0
"13009","3","SIC_0I75","29","0",1981,"3","N","Baldwin County, Georgia","Local Government","SIC 75 Auto Repair, Services, and Parking","County, 2-digit SIC -- by ownership sector","All establishment sizes",0,0,0,0,0,0,0,0
"13009","3","SIC_0I75","29","0",1981,"4","N","Baldwin County, Georgia","Local Government","SIC 75 Auto Repair, Services, and Parking","County, 2-digit SIC -- by ownership sector","All establishment sizes",0,0,0,0,0,0,0,0
"13009","3","SIC_0I79","29","0",1981,"1","N","Baldwin County, Georgia","Local Government","SIC 79 Amusement and Recreation Services","County, 2-digit SIC -- by ownership sector","All establishment sizes",0,0,0,0,0,0,0,0
"13009","3","SIC_0I79","29","0",1981,"2","N","Baldwin County, Georgia","Local Government","SIC 79 Amusement and Recreation Services","County, 2-digit SIC -- by ownership sector","All establishment sizes",0,0,0,0,0,0,0,0
"13009","3","SIC_0I79","29","0",1981,"3","N","Baldwin County, Georgia","Local Government","SIC 79 Amusement and Recreation Services","County, 2-digit SIC -- by ownership sector","All establishment sizes",0,0,0,0,0,0,0,0
"13009","3","SIC_0I79","29","0",1981,"4","N","Baldwin County, Georgia","Local Government","SIC 79 Amusement and Recreation Services","County, 2-digit SIC -- by ownership sector","All establishment sizes",0,0,0,0,0,0,0,0
"13009","3","SIC_0I80","29","0",1981,"1","N","Baldwin County, Georgia","Local Government","SIC 80 Health Services","County, 2-digit SIC -- by ownership sector","All establishment sizes",0,0,0,0,0,0,0,0
"13009","3","SIC_0I80","29","0",1981,"2","N","Baldwin County, Georgia","Local Government","SIC 80 Health Services","County, 2-digit SIC -- by ownership sector","All establishment sizes",0,0,0,0,0,0,0,0
"13009","3","SIC_0I80","29","0",1981,"3","N","Baldwin County, Georgia","Local Government","SIC 80 Health Services","County, 2-digit SIC -- by ownership sector","All establishment sizes",0,0,0,0,0,0,0,0
"13009","3","SIC_0I80","29","0",1981,"4","N","Baldwin County, Georgia","Local Government","SIC 80 Health Services","County, 2-digit SIC -- by ownership sector","All establishment sizes",0,0,0,0,0,0,0,0
"13009","3","SIC_0I82","29","0",1981,"1","N","Baldwin County, Georgia","Local Government","SIC 82 Educational Services","County, 2-digit SIC -- by ownership sector","All establishment sizes",0,0,0,0,0,0,0,0
"13009","3","SIC_0I82","29","0",1981,"2","N","Baldwin County, Georgia","Local Government","SIC 82 Educational Services","County, 2-digit SIC -- by ownership sector","All establishment sizes",0,0,0,0,0,0,0,0
"13009","3","SIC_0I82","29","0",1981,"3","N","Baldwin County, Georgia","Local Government","SIC 82 Educational Services","County, 2-digit SIC -- by ownership sector","All establishment sizes",0,0,0,0,0,0,0,0
"13009","3","SIC_0I82","29","0",1981,"4","N","Baldwin County, Georgia","Local Government","SIC 82 Educational Services","County, 2-digit SIC -- by ownership sector","All establishment sizes",0,0,0,0,0,0,0,0
"13009","3","SIC_0I86","29","0",1981,"1","N","Baldwin County, Georgia","Local Government","SIC 86 Membership Organizations","County, 2-digit SIC -- by ownership sector","All establishment sizes",0,0,0,0,0,0,0,0
"13009","3","SIC_0I86","29","0",1981,"2","N","Baldwin County, Georgia","Local Government","SIC 86 Membership Organizations","County, 2-digit SIC -- by ownership sector","All establishment sizes",0,0,0,0,0,0,0,0
"13009","3","SIC_0I86","29","0",1981,"3","N","Baldwin County, Georgia","Local Government","SIC 86 Membership Organizations","County, 2-digit SIC -- by ownership sector","All establishment sizes",0,0,0,0,0,0,0,0
"13009","3","SIC_0I86","29","0",1981,"4","N","Baldwin County, Georgia","Local Government","SIC 86 Membership Organizations","County, 2-digit SIC -- by ownership sector","All establishment sizes",0,0,0,0,0,0,0,0
"13009","3","SIC_0J","28","0",1981,"1","","Baldwin County, Georgia","Local Government","Public Administration Division","County, Industry Division -- by ownership sector","All establishment sizes",12,180,187,183,484981,0,0,203
"13009","3","SIC_0J","28","0",1981,"2","","Baldwin County, Georgia","Local Government","Public Administration Division","County, Industry Division -- by ownership sector","All establishment sizes",12,187,180,193,502642,0,0,207
"13009","3","SIC_0J","28","0",1981,"3","","Baldwin County, Georgia","Local Government","Public Administration Division","County, Industry Division -- by ownership sector","All establishment sizes",12,186,182,182,610155,0,0,256
"13009","3","SIC_0J","28","0",1981,"4","","Baldwin County, Georgia","Local Government","Public Administration Division","County, Industry Division -- by ownership sector","All establishment sizes",12,190,189,192,576094,0,0,232
"13009","3","SIC_0J91","29","0",1981,"1","","Baldwin County, Georgia","Local Government","SIC 91 Executive, Legislative, and General","County, 2-digit SIC -- by ownership sector","All establishment sizes",3,19,19,19,44453,0,0,179
"13009","3","SIC_0J91","29","0",1981,"2","","Baldwin County, Georgia","Local Government","SIC 91 Executive, Legislative, and General","County, 2-digit SIC -- by ownership sector","All establishment sizes",3,24,24,24,62892,0,0,201
"13009","3","SIC_0J91","29","0",1981,"3","","Baldwin County, Georgia","Local Government","SIC 91 Executive, Legislative, and General","County, 2-digit SIC -- by ownership sector","All establishment sizes",3,25,24,24,69360,0,0,219
"13009","3","SIC_0J91","29","0",1981,"4","","Baldwin County, Georgia","Local Government","SIC 91 Executive, Legislative, and General","County, 2-digit SIC -- by ownership sector","All establishment sizes",3,25,25,25,67386,0,0,207
"13009","3","SIC_0J92","29","0",1981,"1","","Baldwin County, Georgia","Local Government","SIC 92 Justice, Public Order, and Safety","County, 2-digit SIC -- by ownership sector","All establishment sizes",6,142,147,143,386358,0,0,206
"13009","3","SIC_0J92","29","0",1981,"2","","Baldwin County, Georgia","Local Government","SIC 92 Justice, Public Order, and Safety","County, 2-digit SIC -- by ownership sector","All establishment sizes",6,141,143,153,396574,0,0,209
"13009","3","SIC_0J92","29","0",1981,"3","","Baldwin County, Georgia","Local Government","SIC 92 Justice, Public Order, and Safety","County, 2-digit SIC -- by ownership sector","All establishment sizes",6,148,145,145,489690,0,0,258
"13009","3","SIC_0J92","29","0",1981,"4","","Baldwin County, Georgia","Local Government","SIC 92 Justice, Public Order, and Safety","County, 2-digit SIC -- by ownership sector","All establishment sizes",6,150,149,150,466130,0,0,239
"13009","3","SIC_0J93","29","0",1981,"1","N","Baldwin County, Georgia","Local Government","SIC 93 Finance, Taxation, and Monetary Policy","County, 2-digit SIC -- by ownership sector","All establishment sizes",0,0,0,0,0,0,0,0
"13009","3","SIC_0J93","29","0",1981,"2","N","Baldwin County, Georgia","Local Government","SIC 93 Finance, Taxation, and Monetary Policy","County, 2-digit SIC -- by ownership sector","All establishment sizes",0,0,0,0,0,0,0,0
"13009","3","SIC_0J93","29","0",1981,"3","N","Baldwin County, Georgia","Local Government","SIC 93 Finance, Taxation, and Monetary Policy","County, 2-digit SIC -- by ownership sector","All establishment sizes",0,0,0,0,0,0,0,0
"13009","3","SIC_0J93","29","0",1981,"4","N","Baldwin County, Georgia","Local Government","SIC 93 Finance, Taxation, and Monetary Policy","County, 2-digit SIC -- by ownership sector","All establishment sizes",0,0,0,0,0,0,0,0
"13009","3","SIC_0J95","29","0",1981,"1","N","Baldwin County, Georgia","Local Government","SIC 95 Environmental Quality and Housing","County, 2-digit SIC -- by ownership sector","All establishment sizes",0,0,0,0,0,0,0,0
"13009","3","SIC_0J95","29","0",1981,"2","N","Baldwin County, Georgia","Local Government","SIC 95 Environmental Quality and Housing","County, 2-digit SIC -- by ownership sector","All establishment sizes",0,0,0,0,0,0,0,0
"13009","3","SIC_0J95","29","0",1981,"3","N","Baldwin County, Georgia","Local Government","SIC 95 Environmental Quality and Housing","County, 2-digit SIC -- by ownership sector","All establishment sizes",0,0,0,0,0,0,0,0
"13009","3","SIC_0J95","29","0",1981,"4","N","Baldwin County, Georgia","Local Government","SIC 95 Environmental Quality and Housing","County, 2-digit SIC -- by ownership sector","All establishment sizes",0,0,0,0,0,0,0,0
"13009","5","SIC_0Z","27","0",1981,"1","","Baldwin County, Georgia","Private","All Industries","County, Total -- by ownership sector","All establishment sizes",474,7528,7472,7444,21198664,0,0,217
"13009","5","SIC_0Z","27","0",1981,"2","","Baldwin County, Georgia","Private","All Industries","County, Total -- by ownership sector","All establishment sizes",473,7909,7982,8020,24931835,0,0,240
"13009","5","SIC_0Z","27","0",1981,"3","","Baldwin County, Georgia","Private","All Industries","County, Total -- by ownership sector","All establishment sizes",468,7923,7996,8124,25653233,0,0,246
"13009","5","SIC_0Z","27","0",1981,"4","","Baldwin County, Georgia","Private","All Industries","County, Total -- by ownership sector","All establishment sizes",477,8215,8258,8389,28284475,0,0,262
"13009","5","SIC_0A","28","0",1981,"1","","Baldwin County, Georgia","Private","Agriculture, Forestry, and Fishing Division","County, Industry Division -- by ownership sector","All establishment sizes",5,13,13,14,33284,0,0,192
"13009","5","SIC_0A","28","0",1981,"2","","Baldwin County, Georgia","Private","Agriculture, Forestry, and Fishing Division","County, Industry Division -- by ownership sector","All establishment sizes",5,12,13,14,41759,0,0,247
"13009","5","SIC_0A","28","0",1981,"3","","Baldwin County, Georgia","Private","Agriculture, Forestry, and Fishing Division","County, Industry Division -- by ownership sector","All establishment sizes",4,14,14,15,41161,0,0,220
"13009","5","SIC_0A","28","0",1981,"4","","Baldwin County, Georgia","Private","Agriculture, Forestry, and Fishing Division","County, Industry Division -- by ownership sector","All establishment sizes",5,14,14,14,50533,0,0,277
"13009","5","SIC_0A07","29","0",1981,"1","","Baldwin County, Georgia","Private","SIC 07 Agricultural Services","County, 2-digit SIC -- by ownership sector","All establishment sizes",5,13,13,14,33284,0,0,192
"13009","5","SIC_0A07","29","0",1981,"2","","Baldwin County, Georgia","Private","SIC 07 Agricultural Services","County, 2-digit SIC -- by ownership sector","All establishment sizes",5,12,13,14,41759,0,0,247
"13009","5","SIC_0A07","29","0",1981,"3","","Baldwin County, Georgia","Private","SIC 07 Agricultural Services","County, 2-digit SIC -- by ownership sector","All establishment sizes",4,14,14,15,41161,0,0,220
"13009","5","SIC_0A07","29","0",1981,"4","","Baldwin County, Georgia","Private","SIC 07 Agricultural Services","County, 2-digit SIC -- by ownership sector","All establishment sizes",5,14,14,14,50533,0,0,277
"13009","5","SIC_0B","28","0",1981,"1","N","Baldwin County, Georgia","Private","Mining Division","County, Industry Division -- by ownership sector","All establishment sizes",0,0,0,0,0,0,0,0
"13009","5","SIC_0B","28","0",1981,"2","N","Baldwin County, Georgia","Private","Mining Division","County, Industry Division -- by ownership sector","All establishment sizes",0,0,0,0,0,0,0,0
"13009","5","SIC_0B","28","0",1981,"3","N","Baldwin County, Georgia","Private","Mining Division","County, Industry Division -- by ownership sector","All establishment sizes",0,0,0,0,0,0,0,0
"13009","5","SIC_0B","28","0",1981,"4","N","Baldwin County, Georgia","Private","Mining Division","County, Industry Division -- by ownership sector","All establishment sizes",0,0,0,0,0,0,0,0
"13009","5","SIC_0B14","29","0",1981,"1","N","Baldwin County, Georgia","Private","SIC 14 Nonmetallic Minerals, Except Fuels","County, 2-digit SIC -- by ownership sector","All establishment sizes",0,0,0,0,0,0,0,0
"13009","5","SIC_0B14","29","0",1981,"2","N","Baldwin County, Georgia","Private","SIC 14 Nonmetallic Minerals, Except Fuels","County, 2-digit SIC -- by ownership sector","All establishment sizes",0,0,0,0,0,0,0,0
"13009","5","SIC_0B14","29","0",1981,"3","N","Baldwin County, Georgia","Private","SIC 14 Nonmetallic Minerals, Except Fuels","County, 2-digit SIC -- by ownership sector","All establishment sizes",0,0,0,0,0,0,0,0
"13009","5","SIC_0B14","29","0",1981,"4","N","Baldwin County, Georgia","Private","SIC 14 Nonmetallic Minerals, Except Fuels","County, 2-digit SIC -- by ownership sector","All establishment sizes",0,0,0,0,0,0,0,0
"13009","5","SIC_0C","28","0",1981,"1","","Baldwin County, Georgia","Private","Construction Division","County, Industry Division -- by ownership sector","All establishment sizes",38,211,218,181,542405,0,0,205
"13009","5","SIC_0C","28","0",1981,"2","","Baldwin County, Georgia","Private","Construction Division","County, Industry Division -- by ownership sector","All establishment sizes",37,368,386,399,1679541,0,0,336
"13009","5","SIC_0C","28","0",1981,"3","","Baldwin County, Georgia","Private","Construction Division","County, Industry Division -- by ownership sector","All establishment sizes",41,423,469,501,2615724,0,0,433
"13009","5","SIC_0C","28","0",1981,"4","","Baldwin County, Georgia","Private","Construction Division","County, Industry Division -- by ownership sector","All establishment sizes",37,482,531,624,3704151,0,0,522
"13009","5","SIC_0C15","29","0",1981,"1","","Baldwin County, Georgia","Private","SIC 15 General Building Contractors","County, 2-digit SIC -- by ownership sector","All establishment sizes",15,52,55,55,109254,0,0,155
"13009","5","SIC_0C15","29","0",1981,"2","","Baldwin County, Georgia","Private","SIC 15 General Building Contractors","County, 2-digit SIC -- by ownership sector","All establishment sizes",17,64,69,70,138226,0,0,157
"13009","5","SIC_0C15","29","0",1981,"3","","Baldwin County, Georgia","Private","SIC 15 General Building Contractors","County, 2-digit SIC -- by ownership sector","All establishment sizes",19,61,63,101,221839,0,0,227
"13009","5","SIC_0C15","29","0",1981,"4","","Baldwin County, Georgia","Private","SIC 15 General Building Contractors","County, 2-digit SIC -- by ownership sector","All establishment sizes",18,109,109,121,505634,0,0,344
"13009","5","SIC_0C16","29","0",1981,"1","","Baldwin County, Georgia","Private","SIC 16 Heavy Construction, ex. Building","County, 2-digit SIC -- by ownership sector","All establishment sizes",4,44,47,37,106882,0,0,192
"13009","5","SIC_0C16","29","0",1981,"2","","Baldwin County, Georgia","Private","SIC 16 Heavy Construction, ex. Building","County, 2-digit SIC -- by ownership sector","All establishment sizes",5,242,262,274,1390225,0,0,412
"13009","5","SIC_0C16","29","0",1981,"3","","Baldwin County, Georgia","Private","SIC 16 Heavy Construction, ex. Building","County, 2-digit SIC -- by ownership sector","All establishment sizes",5,289,340,341,2230442,0,0,530
"13009","5","SIC_0C16","29","0",1981,"4","","Baldwin County, Georgia","Private","SIC 16 Heavy Construction, ex. Building","County, 2-digit SIC -- by ownership sector","All establishment sizes",5,302,362,441,3022509,0,0,631
"13009","5","SIC_0C17","29","0",1981,"1","","Baldwin County, Georgia","Private","SIC 17 Special Trade Contractors","County, 2-digit SIC -- by ownership sector","All establishment sizes",19,115,116,89,326269,0,0,235
"13009","5","SIC_0C17","29","0",1981,"2","","Baldwin County, Georgia","Private","SIC 17 Special Trade Contractors","County, 2-digit SIC -- by ownership sector","All establishment sizes",15,62,55,55,151090,0,0,202
"13009","5","SIC_0C17","29","0",1981,"3","","Baldwin County, Georgia","Private","SIC 17 Special Trade Contractors","County, 2-digit SIC -- by ownership sector","All establishment sizes",17,73,66,59,163443,0,0,190
"13009","5","SIC_0C17","29","0",1981,"4","","Baldwin County, Georgia","Private","SIC 17 Special Trade Contractors","County, 2-digit SIC -- by ownership sector","All establishment sizes",14,71,60,62,176008,0,0,210
"13009","5","SIC_0D","28","0",1981,"1","","Baldwin County, Georgia","Private","Manufacturing Division","County, Industry Division -- by ownership sector","All establishment sizes",24,3456,3415,3413,12104569,0,0,271
"13009","5","SIC_0D","28","0",1981,"2","","Baldwin County, Georgia","Private","Manufacturing Division","County, Industry Division -- by ownership sector","All establishment sizes",23,3529,3546,3624,13713543,0,0,295
"13009","5","SIC_0D","28","0",1981,"3","","Baldwin County, Georgia","Private","Manufacturing Division","County, Industry Division -- by ownership sector","All establishment sizes",23,3643,3671,3696,13610494,0,0,285
"13009","5","SIC_0D","28","0",1981,"4","","Baldwin County, Georgia","Private","Manufacturing Division","County, Industry Division -- by ownership sector","All establishment sizes",23,3620,3612,3588,14657741,0,0,312
"13009","5","SIC_0D20","29","0",1981,"1","N","Baldwin County, Georgia","Private","SIC 20 Food and Kindred Products","County, 2-digit SIC -- by ownership sector","All establishment sizes",0,0,0,0,0,0,0,0
"13009","5","SIC_0D20","29","0",1981,"2","N","Baldwin County, Georgia","Private","SIC 20 Food and Kindred Products","County, 2-digit SIC -- by ownership sector","All establishment sizes",0,0,0,0,0,0,0,0
"13009","5","SIC_0D20","29","0",1981,"3","N","Baldwin County, Georgia","Private","SIC 20 Food and Kindred Products","County, 2-digit SIC -- by ownership sector","All establishment sizes",0,0,0,0,0,0,0,0
"13009","5","SIC_0D20","29","0",1981,"4","N","Baldwin County, Georgia","Private","SIC 20 Food and Kindred Products","County, 2-digit SIC -- by ownership sector","All establishment sizes",0,0,0,0,0,0,0,0
"13009","5","SIC_0D22","29","0",1981,"1","","Baldwin County, Georgia","Private","SIC 22 Textile Mill Products","County, 2-digit SIC -- by ownership sector","All establishment sizes",4,1256,1255,1273,3839677,0,0,234
"13009","5","SIC_0D22","29","0",1981,"2","","Baldwin County, Georgia","Private","SIC 22 Textile Mill Products","County, 2-digit SIC -- by ownership sector","All establishment sizes",4,1283,1300,1323,4297340,0,0,253
"13009","5","SIC_0D22","29","0",1981,"3","","Baldwin County, Georgia","Private","SIC 22 Textile Mill Products","County, 2-digit SIC -- by ownership sector","All establishment sizes",4,1320,1323,1324,3912564,0,0,227
"13009","5","SIC_0D22","29","0",1981,"4","","Baldwin County, Georgia","Private","SIC 22 Textile Mill Products","County, 2-digit SIC -- by ownership sector","All establishment sizes",4,1256,1234,1242,4122448,0,0,254
"13009","5","SIC_0D23","29","0",1981,"1","N","Baldwin County, Georgia","Private","SIC 23 Apparel and Other Textile Products","County, 2-digit SIC -- by ownership sector","All establishment sizes",0,0,0,0,0,0,0,0
"13009","5","SIC_0D23","29","0",1981,"2","N","Baldwin County, Georgia","Private","SIC 23 Apparel and Other Textile Products","County, 2-digit SIC -- by ownership sector","All establishment sizes",0,0,0,0,0,0,0,0
"13009","5","SIC_0D23","29","0",1981,"3","N","Baldwin County, Georgia","Private","SIC 23 Apparel and Other Textile Products","County, 2-digit SIC -- by ownership sector","All establishment sizes",0,0,0,0,0,0,0,0
"13009","5","SIC_0D23","29","0",1981,"4","N","Baldwin County, Georgia","Private","SIC 23 Apparel and Other Textile Products","County, 2-digit SIC -- by ownership sector","All establishment sizes",0,0,0,0,0,0,0,0
"13009","5","SIC_0D24","29","0",1981,"1","","Baldwin County, Georgia","Private","SIC 24 Lumber and Wood Products","County, 2-digit SIC -- by ownership sector","All establishment sizes",9,92,88,96,288754,0,0,241
"13009","5","SIC_0D24","29","0",1981,"2","","Baldwin County, Georgia","Private","SIC 24 Lumber and Wood Products","County, 2-digit SIC -- by ownership sector","All establishment sizes",9,97,95,96,296291,0,0,237
"13009","5","SIC_0D24","29","0",1981,"3","","Baldwin County, Georgia","Private","SIC 24 Lumber and Wood Products","County, 2-digit SIC -- by ownership sector","All establishment sizes",9,95,98,100,311758,0,0,245
"13009","5","SIC_0D24","29","0",1981,"4","","Baldwin County, Georgia","Private","SIC 24 Lumber and Wood Products","County, 2-digit SIC -- by ownership sector","All establishment sizes",10,101,97,99,297499,0,0,231
"13009","5","SIC_0D27","29","0",1981,"1","N","Baldwin County, Georgia","Private","SIC 27 Printing and Publishing","County, 2-digit SIC -- by ownership sector","All establishment sizes",0,0,0,0,0,0,0,0
"13009","5","SIC_0D27","29","0",1981,"2","N","Baldwin County, Georgia","Private","SIC 27 Printing and Publishing","County, 2-digit SIC -- by ownership sector","All establishment sizes",0,0,0,0,0,0,0,0
"13009","5","SIC_0D27","29","0",1981,"3","N","Baldwin County, Georgia","Private","SIC 27 Printing and Publishing","County, 2-digit SIC -- by ownership sector","All establishment sizes",0,0,0,0,0,0,0,0
"13009","5","SIC_0D27","29","0",1981,"4","N","Baldwin County, Georgia","Private","SIC 27 Printing and Publishing","County, 2-digit SIC -- by ownership sector","All establishment sizes",0,0,0,0,0,0,0,0
"13009","5","SIC_0D28","29","0",1981,"1","N","Baldwin County, Georgia","Private","SIC 28 Chemicals and Allied Products","County, 2-digit SIC -- by ownership sector","All establishment sizes",0,0,0,0,0,0,0,0
"13009","5","SIC_0D28","29","0",1981,"2","N","Baldwin County, Georgia","Private","SIC 28 Chemicals and Allied Products","County, 2-digit SIC -- by ownership sector","All establishment sizes",0,0,0,0,0,0,0,0
"13009","5","SIC_0D28","29","0",1981,"3","N","Baldwin County, Georgia","Private","SIC 28 Chemicals and Allied Products","County, 2-digit SIC -- by ownership sector","All establishment sizes",0,0,0,0,0,0,0,0
"13009","5","SIC_0D28","29","0",1981,"4","N","Baldwin County, Georgia","Private","SIC 28 Chemicals and Allied Products","County, 2-digit SIC -- by ownership sector","All establishment sizes",0,0,0,0,0,0,0,0
"13009","5","SIC_0D32","29","0",1981,"1","","Baldwin County, Georgia","Private","SIC 32 Stone, Clay, and Glass Products","County, 2-digit SIC -- by ownership sector","All establishment sizes",3,82,53,48,513208,0,0,647
"13009","5","SIC_0D32","29","0",1981,"2","","Baldwin County, Georgia","Private","SIC 32 Stone, Clay, and Glass Products","County, 2-digit SIC -- by ownership sector","All establishment sizes",3,39,34,36,180183,0,0,381
"13009","5","SIC_0D32","29","0",1981,"3","","Baldwin County, Georgia","Private","SIC 32 Stone, Clay, and Glass Products","County, 2-digit SIC -- by ownership sector","All establishment sizes",3,35,37,31,143992,0,0,322
"13009","5","SIC_0D32","29","0",1981,"4","N","Baldwin County, Georgia","Private","SIC 32 Stone, Clay, and Glass Products","County, 2-digit SIC -- by ownership sector","All establishment sizes",0,0,0,0,0,0,0,0
"13009","5","SIC_0D33","29","0",1981,"1","N","Baldwin County, Georgia","Private","SIC 33 Primary Metal Industries","County, 2-digit SIC -- by ownership sector","All establishment sizes",0,0,0,0,0,0,0,0
"13009","5","SIC_0D35","29","0",1981,"1","N","Baldwin County, Georgia","Private","SIC 35 Industrial Machinery and Equipment","County, 2-digit SIC -- by ownership sector","All establishment sizes",0,0,0,0,0,0,0,0
"13009","5","SIC_0D35","29","0",1981,"2","N","Baldwin County, Georgia","Private","SIC 35 Industrial Machinery and Equipment","County, 2-digit SIC -- by ownership sector","All establishment sizes",0,0,0,0,0,0,0,0
"13009","5","SIC_0D35","29","0",1981,"3","N","Baldwin County, Georgia","Private","SIC 35 Industrial Machinery and Equipment","County, 2-digit SIC -- by ownership sector","All establishment sizes",0,0,0,0,0,0,0,0
"13009","5","SIC_0D35","29","0",1981,"4","N","Baldwin County, Georgia","Private","SIC 35 Industrial Machinery and Equipment","County, 2-digit SIC -- by ownership sector","All establishment sizes",0,0,0,0,0,0,0,0
"13009","5","SIC_0D37","29","0",1981,"1","N","Baldwin County, Georgia","Private","SIC 37 Transportation Equipment","County, 2-digit SIC -- by ownership sector","All establishment sizes",0,0,0,0,0,0,0,0
"13009","5","SIC_0D37","29","0",1981,"2","N","Baldwin County, Georgia","Private","SIC 37 Transportation Equipment","County, 2-digit SIC -- by ownership sector","All establishment sizes",0,0,0,0,0,0,0,0
"13009","5","SIC_0D37","29","0",1981,"3","N","Baldwin County, Georgia","Private","SIC 37 Transportation Equipment","County, 2-digit SIC -- by ownership sector","All establishment sizes",0,0,0,0,0,0,0,0
"13009","5","SIC_0D37","29","0",1981,"4","N","Baldwin County, Georgia","Private","SIC 37 Transportation Equipment","County, 2-digit SIC -- by ownership sector","All establishment sizes",0,0,0,0,0,0,0,0
"13009","5","SIC_0E","28","0",1981,"1","","Baldwin County, Georgia","Private","Transportation and Public Utilities Division","County, Industry Division -- by ownership sector","All establishment sizes",15,414,428,425,1522519,0,0,277
"13009","5","SIC_0E","28","0",1981,"2","","Baldwin County, Georgia","Private","Transportation and Public Utilities Division","County, Industry Division -- by ownership sector","All establishment sizes",17,417,418,422,1727005,0,0,317
"13009","5","SIC_0E","28","0",1981,"3","","Baldwin County, Georgia","Private","Transportation and Public Utilities Division","County, Industry Division -- by ownership sector","All establishment sizes",17,421,409,411,1707610,0,0,317
"13009","5","SIC_0E","28","0",1981,"4","","Baldwin County, Georgia","Private","Transportation and Public Utilities Division","County, Industry Division -- by ownership sector","All establishment sizes",17,402,393,397,1673865,0,0,324
"13009","5","SIC_0E41","29","0",1981,"1","N","Baldwin County, Georgia","Private","SIC 41 Local And Interurban Passenger Transit","County, 2-digit SIC -- by ownership sector","All establishment sizes",0,0,0,0,0,0,0,0
"13009","5","SIC_0E41","29","0",1981,"2","N","Baldwin County, Georgia","Private","SIC 41 Local And Interurban Passenger Transit","County, 2-digit SIC -- by ownership sector","All establishment sizes",0,0,0,0,0,0,0,0
"13009","5","SIC_0E41","29","0",1981,"3","N","Baldwin County, Georgia","Private","SIC 41 Local And Interurban Passenger Transit","County, 2-digit SIC -- by ownership sector","All establishment sizes",0,0,0,0,0,0,0,0
"13009","5","SIC_0E41","29","0",1981,"4","N","Baldwin County, Georgia","Private","SIC 41 Local And Interurban Passenger Transit","County, 2-digit SIC -- by ownership sector","All establishment sizes",0,0,0,0,0,0,0,0
"13009","5","SIC_0E42","29","0",1981,"1","","Baldwin County, Georgia","Private","SIC 42 Trucking And Warehousing","County, 2-digit SIC -- by ownership sector","All establishment sizes",8,252,263,257,966867,0,0,289
"13009","5","SIC_0E42","29","0",1981,"2","","Baldwin County, Georgia","Private","SIC 42 Trucking And Warehousing","County, 2-digit SIC -- by ownership sector","All establishment sizes",10,250,254,258,1033258,0,0,312
"13009","5","SIC_0E42","29","0",1981,"3","","Baldwin County, Georgia","Private","SIC 42 Trucking And Warehousing","County, 2-digit SIC -- by ownership sector","All establishment sizes",10,255,245,243,1016380,0,0,315
"13009","5","SIC_0E42","29","0",1981,"4","","Baldwin County, Georgia","Private","SIC 42 Trucking And Warehousing","County, 2-digit SIC -- by ownership sector","All establishment sizes",9,238,224,229,989268,0,0,330
"13009","5","SIC_0E44","29","0",1981,"1","N","Baldwin County, Georgia","Private","SIC 44 Water Transportation","County, 2-digit SIC -- by ownership sector","All establishment sizes",0,0,0,0,0,0,0,0
"13009","5","SIC_0E44","29","0",1981,"2","N","Baldwin County, Georgia","Private","SIC 44 Water Transportation","County, 2-digit SIC -- by ownership sector","All establishment sizes",0,0,0,0,0,0,0,0
"13009","5","SIC_0E44","29","0",1981,"3","N","Baldwin County, Georgia","Private","SIC 44 Water Transportation","County, 2-digit SIC -- by ownership sector","All establishment sizes",0,0,0,0,0,0,0,0
"13009","5","SIC_0E44","29","0",1981,"4","N","Baldwin County, Georgia","Private","SIC 44 Water Transportation","County, 2-digit SIC -- by ownership sector","All establishment sizes",0,0,0,0,0,0,0,0
"13009","5","SIC_0E48","29","0",1981,"1","","Baldwin County, Georgia","Private","SIC 48 Communication","County, 2-digit SIC -- by ownership sector","All establishment sizes",3,104,105,109,312658,0,0,226
"13009","5","SIC_0E48","29","0",1981,"2","","Baldwin County, Georgia","Private","SIC 48 Communication","County, 2-digit SIC -- by ownership sector","All establishment sizes",3,105,104,102,384898,0,0,285
"13009","5","SIC_0E48","29","0",1981,"3","","Baldwin County, Georgia","Private","SIC 48 Communication","County, 2-digit SIC -- by ownership sector","All establishment sizes",3,102,99,103,400027,0,0,303
"13009","5","SIC_0E48","29","0",1981,"4","","Baldwin County, Georgia","Private","SIC 48 Communication","County, 2-digit SIC -- by ownership sector","All establishment sizes",4,101,110,108,356451,0,0,257
"13009","5","SIC_0E49","29","0",1981,"1","N","Baldwin County, Georgia","Private","SIC 49 Electric, Gas, And Sanitary Services","County, 2-digit SIC -- by ownership sector","All establishment sizes",0,0,0,0,0,0,0,0
"13009","5","SIC_0E49","29","0",1981,"2","N","Baldwin County, Georgia","Private","SIC 49 Electric, Gas, And Sanitary Services","County, 2-digit SIC -- by ownership sector","All establishment sizes",0,0,0,0,0,0,0,0
"13009","5","SIC_0E49","29","0",1981,"3","N","Baldwin County, Georgia","Private","SIC 49 Electric, Gas, And Sanitary Services","County, 2-digit SIC -- by ownership sector","All establishment sizes",0,0,0,0,0,0,0,0
"13009","5","SIC_0E49","29","0",1981,"4","N","Baldwin County, Georgia","Private","SIC 49 Electric, Gas, And Sanitary Services","County, 2-digit SIC -- by ownership sector","All establishment sizes",0,0,0,0,0,0,0,0
"13009","5","SIC_0F","28","0",1981,"1","","Baldwin County, Georgia","Private","Wholesale Trade Division","County, Industry Division -- by ownership sector","All establishment sizes",17,104,103,106,305176,0,0,225
"13009","5","SIC_0F","28","0",1981,"2","","Baldwin County, Georgia","Private","Wholesale Trade Division","County, Industry Division -- by ownership sector","All establishment sizes",18,105,98,97,320028,0,0,246
"13009","5","SIC_0F","28","0",1981,"3","","Baldwin County, Georgia","Private","Wholesale Trade Division","County, Industry Division -- by ownership sector","All establishment sizes",18,107,107,103,330250,0,0,240
"13009","5","SIC_0F","28","0",1981,"4","","Baldwin County, Georgia","Private","Wholesale Trade Division","County, Industry Division -- by ownership sector","All establishment sizes",18,106,106,107,338908,0,0,245
"13009","5","SIC_0F50","29","0",1981,"1","","Baldwin County, Georgia","Private","SIC 50 Wholesale Trade Durable Goods","County, 2-digit SIC -- by ownership sector","All establishment sizes",8,53,52,55,159046,0,0,229
"13009","5","SIC_0F50","29","0",1981,"2","","Baldwin County, Georgia","Private","SIC 50 Wholesale Trade Durable Goods","County, 2-digit SIC -- by ownership sector","All establishment sizes",9,56,52,50,159086,0,0,232
"13009","5","SIC_0F50","29","0",1981,"3","","Baldwin County, Georgia","Private","SIC 50 Wholesale Trade Durable Goods","County, 2-digit SIC -- by ownership sector","All establishment sizes",10,54,54,51,147849,0,0,214
"13009","5","SIC_0F50","29","0",1981,"4","","Baldwin County, Georgia","Private","SIC 50 Wholesale Trade Durable Goods","County, 2-digit SIC -- by ownership sector","All establishment sizes",10,55,54,54,175384,0,0,248
"13009","5","SIC_0F51","29","0",1981,"1","","Baldwin County, Georgia","Private","SIC 51 Wholesale Trade Nondurable Goods","County, 2-digit SIC -- by ownership sector","All establishment sizes",9,51,51,51,146130,0,0,220
"13009","5","SIC_0F51","29","0",1981,"2","","Baldwin County, Georgia","Private","SIC 51 Wholesale Trade Nondurable Goods","County, 2-digit SIC -- by ownership sector","All establishment sizes",9,49,46,47,160942,0,0,261
"13009","5","SIC_0F51","29","0",1981,"3","","Baldwin County, Georgia","Private","SIC 51 Wholesale Trade Nondurable Goods","County, 2-digit SIC -- by ownership sector","All establishment sizes",8,53,53,52,182401,0,0,266
"13009","5","SIC_0F51","29","0",1981,"4","","Baldwin County, Georgia","Private","SIC 51 Wholesale Trade Nondurable Goods","County, 2-digit SIC -- by ownership sector","All establishment sizes",8,51,52,53,163524,0,0,241
"13009","5","SIC_0G","28","0",1981,"1","","Baldwin County, Georgia","Private","Retail Trade Division","County, Industry Division -- by ownership sector","All establishment sizes",177,1925,1903,1900,3356835,0,0,135
"13009","5","SIC_0G","28","0",1981,"2","","Baldwin County, Georgia","Private","Retail Trade Division","County, Industry Division -- by ownership sector","All establishment sizes",178,2006,2040,1971,3696840,0,0,141
"13009","5","SIC_0G","28","0",1981,"3","","Baldwin County, Georgia","Private","Retail Trade Division","County, Industry Division -- by ownership sector","All establishment sizes",173,1947,1942,1994,3679565,0,0,144
"13009","5","SIC_0G","28","0",1981,"4","","Baldwin County, Georgia","Private","Retail Trade Division","County, Industry Division -- by ownership sector","All establishment sizes",181,2063,2080,2127,3983515,0,0,146
"13009","5","SIC_0G52","29","0",1981,"1","","Baldwin County, Georgia","Private","SIC 52 Building Materials and Garden Supplies","County, 2-digit SIC -- by ownership sector","All establishment sizes",8,78,75,77,210534,0,0,211
"13009","5","SIC_0G52","29","0",1981,"2","","Baldwin County, Georgia","Private","SIC 52 Building Materials and Garden Supplies","County, 2-digit SIC -- by ownership sector","All establishment sizes",9,82,86,88,227570,0,0,205
"13009","5","SIC_0G52","29","0",1981,"3","","Baldwin County, Georgia","Private","SIC 52 Building Materials and Garden Supplies","County, 2-digit SIC -- by ownership sector","All establishment sizes",10,83,78,73,236016,0,0,232
"13009","5","SIC_0G52","29","0",1981,"4","","Baldwin County, Georgia","Private","SIC 52 Building Materials and Garden Supplies","County, 2-digit SIC -- by ownership sector","All establishment sizes",10,74,73,72,268905,0,0,283
"13009","5","SIC_0G53","29","0",1981,"1","","Baldwin County, Georgia","Private","SIC 53 General Merchandise Stores","County, 2-digit SIC -- by ownership sector","All establishment sizes",12,441,422,443,860463,0,0,152
"13009","5","SIC_0G53","29","0",1981,"2","","Baldwin County, Georgia","Private","SIC 53 General Merchandise Stores","County, 2-digit SIC -- by ownership sector","All establishment sizes",12,448,430,419,961612,0,0,171
"13009","5","SIC_0G53","29","0",1981,"3","","Baldwin County, Georgia","Private","SIC 53 General Merchandise Stores","County, 2-digit SIC -- by ownership sector","All establishment sizes",11,417,420,427,874838,0,0,159
"13009","5","SIC_0G53","29","0",1981,"4","","Baldwin County, Georgia","Private","SIC 53 General Merchandise Stores","County, 2-digit SIC -- by ownership sector","All establishment sizes",11,428,438,474,958975,0,0,165
"13009","5","SIC_0G54","29","0",1981,"1","","Baldwin County, Georgia","Private","SIC 54 Food Stores","County, 2-digit SIC -- by ownership sector","All establishment sizes",21,323,325,325,698895,0,0,165
"13009","5","SIC_0G54","29","0",1981,"2","","Baldwin County, Georgia","Private","SIC 54 Food Stores","County, 2-digit SIC -- by ownership sector","All establishment sizes",20,328,347,329,740791,0,0,170
"13009","5","SIC_0G54","29","0",1981,"3","","Baldwin County, Georgia","Private","SIC 54 Food Stores","County, 2-digit SIC -- by ownership sector","All establishment sizes",22,336,335,334,807608,0,0,185
"13009","5","SIC_0G54","29","0",1981,"4","","Baldwin County, Georgia","Private","SIC 54 Food Stores","County, 2-digit SIC -- by ownership sector","All establishment sizes",21,335,334,345,788009,0,0,179
"13009","5","SIC_0G55","29","0",1981,"1","","Baldwin County, Georgia","Private","SIC 55 Automotive Dealers and Service Stations","County, 2-digit SIC -- by ownership sector","All establishment sizes",37,132,135,128,290110,0,0,169
"13009","5","SIC_0G55","29","0",1981,"2","","Baldwin County, Georgia","Private","SIC 55 Automotive Dealers and Service Stations","County, 2-digit SIC -- by ownership sector","All establishment sizes",37,151,162,165,355711,0,0,171
"13009","5","SIC_0G55","29","0",1981,"3","","Baldwin County, Georgia","Private","SIC 55 Automotive Dealers and Service Stations","County, 2-digit SIC -- by ownership sector","All establishment sizes",35,157,157,156,381275,0,0,187
"13009","5","SIC_0G55","29","0",1981,"4","","Baldwin County, Georgia","Private","SIC 55 Automotive Dealers and Service Stations","County, 2-digit SIC -- by ownership sector","All establishment sizes",38,157,157,161,410968,0,0,199
"13009","5","SIC_0G56","29","0",1981,"1","","Baldwin County, Georgia","Private","SIC 56 Apparel and Accessory Stores","County, 2-digit SIC -- by ownership sector","All establishment sizes",18,101,100,99,156593,0,0,120
"13009","5","SIC_0G56","29","0",1981,"2","","Baldwin County, Georgia","Private","SIC 56 Apparel and Accessory Stores","County, 2-digit SIC -- by ownership sector","All establishment sizes",18,110,107,108,151808,0,0,107
"13009","5","SIC_0G56","29","0",1981,"3","","Baldwin County, Georgia","Private","SIC 56 Apparel and Accessory Stores","County, 2-digit SIC -- by ownership sector","All establishment sizes",19,102,110,103,163951,0,0,120
"13009","5","SIC_0G56","29","0",1981,"4","","Baldwin County, Georgia","Private","SIC 56 Apparel and Accessory Stores","County, 2-digit SIC -- by ownership sector","All establishment sizes",19,96,104,112,169594,0,0,125
"13009","5","SIC_0G57","29","0",1981,"1","","Baldwin County, Georgia","Private","SIC 57 Furniture and Homefurnishings Stores","County, 2-digit SIC -- by ownership sector","All establishment sizes",13,59,58,57,108206,0,0,143
"13009","5","SIC_0G57","29","0",1981,"2","","Baldwin County, Georgia","Private","SIC 57 Furniture and Homefurnishings Stores","County, 2-digit SIC -- by ownership sector","All establishment sizes",13,53,56,55,109560,0,0,154
"13009","5","SIC_0G57","29","0",1981,"3","","Baldwin County, Georgia","Private","SIC 57 Furniture and Homefurnishings Stores","County, 2-digit SIC -- by ownership sector","All establishment sizes",12,50,50,49,100601,0,0,155
"13009","5","SIC_0G57","29","0",1981,"4","","Baldwin County, Georgia","Private","SIC 57 Furniture and Homefurnishings Stores","County, 2-digit SIC -- by ownership sector","All establishment sizes",13,52,52,55,107310,0,0,155
"13009","5","SIC_0G58","29","0",1981,"1","","Baldwin County, Georgia","Private","SIC 58 Eating and Drinking Places","County, 2-digit SIC -- by ownership sector","All establishment sizes",36,635,633,616,680106,0,0,83
"13009","5","SIC_0G58","29","0",1981,"2","","Baldwin County, Georgia","Private","SIC 58 Eating and Drinking Places","County, 2-digit SIC -- by ownership sector","All establishment sizes",36,656,673,635,728950,0,0,85
"13009","5","SIC_0G58","29","0",1981,"3","","Baldwin County, Georgia","Private","SIC 58 Eating and Drinking Places","County, 2-digit SIC -- by ownership sector","All establishment sizes",33,635,623,686,755605,0,0,89
"13009","5","SIC_0G58","29","0",1981,"4","","Baldwin County, Georgia","Private","SIC 58 Eating and Drinking Places","County, 2-digit SIC -- by ownership sector","All establishment sizes",36,737,738,720,862344,0,0,90
"13009","5","SIC_0G59","29","0",1981,"1","","Baldwin County, Georgia","Private","SIC 59 Miscellaneous Retail","County, 2-digit SIC -- by ownership sector","All establishment sizes",32,156,155,155,351928,0,0,174
"13009","5","SIC_0G59","29","0",1981,"2","","Baldwin County, Georgia","Private","SIC 59 Miscellaneous Retail","County, 2-digit SIC -- by ownership sector","All establishment sizes",33,178,179,172,420838,0,0,183
"13009","5","SIC_0G59","29","0",1981,"3","","Baldwin County, Georgia","Private","SIC 59 Miscellaneous Retail","County, 2-digit SIC -- by ownership sector","All establishment sizes",31,167,169,166,359671,0,0,165
"13009","5","SIC_0G59","29","0",1981,"4","","Baldwin County, Georgia","Private","SIC 59 Miscellaneous Retail","County, 2-digit SIC -- by ownership sector","All establishment sizes",33,184,184,188,417410,0,0,173
"13009","5","SIC_0H","28","0",1981,"1","","Baldwin County, Georgia","Private","Finance, Insurance, and Real Estate Division","County, Industry Division -- by ownership sector","All establishment sizes",33,296,295,299,903121,0,0,234
"13009","5","SIC_0H","28","0",1981,"2","","Baldwin County, Georgia","Private","Finance, Insurance, and Real Estate Division","County, Industry Division -- by ownership sector","All establishment sizes",33,296,294,296,875036,0,0,227
"13009","5","SIC_0H","28","0",1981,"3","","Baldwin County, Georgia","Private","Finance, Insurance, and Real Estate Division","County, Industry Division -- by ownership sector","All establishment sizes",32,314,313,314,894004,0,0,219
"13009","5","SIC_0H","28","0",1981,"4","","Baldwin County, Georgia","Private","Finance, Insurance, and Real Estate Division","County, Industry Division -- by ownership sector","All establishment sizes",33,350,345,348,958852,0,0,212
"13009","5","SIC_0H60","29","0",1981,"1","","Baldwin County, Georgia","Private","SIC 60 Depository Institutions","County, 2-digit SIC -- by ownership sector","All establishment sizes",3,143,144,145,425091,0,0,227
"13009","5","SIC_0H60","29","0",1981,"2","","Baldwin County, Georgia","Private","SIC 60 Depository Institutions","County, 2-digit SIC -- by ownership sector","All establishment sizes",3,149,146,144,403768,0,0,212
"13009","5","SIC_0H60","29","0",1981,"3","","Baldwin County, Georgia","Private","SIC 60 Depository Institutions","County, 2-digit SIC -- by ownership sector","All establishment sizes",3,148,146,143,410343,0,0,216
"13009","5","SIC_0H60","29","0",1981,"4","","Baldwin County, Georgia","Private","SIC 60 Depository Institutions","County, 2-digit SIC -- by ownership sector","All establishment sizes",3,141,140,143,407920,0,0,222
"13009","5","SIC_0H61","29","0",1981,"1","","Baldwin County, Georgia","Private","SIC 61 Nondepository Institutions","County, 2-digit SIC -- by ownership sector","All establishment sizes",8,48,49,49,150967,0,0,238
"13009","5","SIC_0H61","29","0",1981,"2","","Baldwin County, Georgia","Private","SIC 61 Nondepository Institutions","County, 2-digit SIC -- by ownership sector","All establishment sizes",8,46,46,47,144841,0,0,240
"13009","5","SIC_0H61","29","0",1981,"3","","Baldwin County, Georgia","Private","SIC 61 Nondepository Institutions","County, 2-digit SIC -- by ownership sector","All establishment sizes",7,47,47,49,150492,0,0,242
"13009","5","SIC_0H61","29","0",1981,"4","","Baldwin County, Georgia","Private","SIC 61 Nondepository Institutions","County, 2-digit SIC -- by ownership sector","All establishment sizes",7,47,48,48,163854,0,0,264
"13009","5","SIC_0H63","29","0",1981,"1","N","Baldwin County, Georgia","Private","SIC 63 Insurance Carriers","County, 2-digit SIC -- by ownership sector","All establishment sizes",0,0,0,0,0,0,0,0
"13009","5","SIC_0H63","29","0",1981,"2","N","Baldwin County, Georgia","Private","SIC 63 Insurance Carriers","County, 2-digit SIC -- by ownership sector","All establishment sizes",0,0,0,0,0,0,0,0
"13009","5","SIC_0H63","29","0",1981,"3","N","Baldwin County, Georgia","Private","SIC 63 Insurance Carriers","County, 2-digit SIC -- by ownership sector","All establishment sizes",0,0,0,0,0,0,0,0
"13009","5","SIC_0H63","29","0",1981,"4","N","Baldwin County, Georgia","Private","SIC 63 Insurance Carriers","County, 2-digit SIC -- by ownership sector","All establishment sizes",0,0,0,0,0,0,0,0
"13009","5","SIC_0H64","29","0",1981,"1","","Baldwin County, Georgia","Private","SIC 64 Insurance Agents, Brokers, and Service","County, 2-digit SIC -- by ownership sector","All establishment sizes",7,20,21,22,57951,0,0,212
"13009","5","SIC_0H64","29","0",1981,"2","","Baldwin County, Georgia","Private","SIC 64 Insurance Agents, Brokers, and Service","County, 2-digit SIC -- by ownership sector","All establishment sizes",7,21,21,21,63493,0,0,232
"13009","5","SIC_0H64","29","0",1981,"3","","Baldwin County, Georgia","Private","SIC 64 Insurance Agents, Brokers, and Service","County, 2-digit SIC -- by ownership sector","All establishment sizes",7,22,22,22,57895,0,0,202
"13009","5","SIC_0H64","29","0",1981,"4","","Baldwin County, Georgia","Private","SIC 64 Insurance Agents, Brokers, and Service","County, 2-digit SIC -- by ownership sector","All establishment sizes",8,25,23,25,71058,0,0,224
"13009","5","SIC_0H65","29","0",1981,"1","","Baldwin County, Georgia","Private","SIC 65 Real Estate","County, 2-digit SIC -- by ownership sector","All establishment sizes",11,74,70,72,220278,0,0,235
"13009","5","SIC_0H65","29","0",1981,"2","","Baldwin County, Georgia","Private","SIC 65 Real Estate","County, 2-digit SIC -- by ownership sector","All establishment sizes",11,69,70,73,224254,0,0,244
"13009","5","SIC_0H65","29","0",1981,"3","","Baldwin County, Georgia","Private","SIC 65 Real Estate","County, 2-digit SIC -- by ownership sector","All establishment sizes",11,87,88,90,241140,0,0,209
"13009","5","SIC_0H65","29","0",1981,"4","","Baldwin County, Georgia","Private","SIC 65 Real Estate","County, 2-digit SIC -- by ownership sector","All establishment sizes",12,128,125,124,282555,0,0,172
"13009","5","SIC_0H66","29","0",1981,"1","N","Baldwin County, Georgia","Private","1972 SIC 66 Combined Real Estate, Insurance, Etc","County, 2-digit SIC -- by ownership sector","All establishment sizes",0,0,0,0,0,0,0,0
"13009","5","SIC_0H66","29","0",1981,"2","N","Baldwin County, Georgia","Private","1972 SIC 66 Combined Real Estate, Insurance, Etc","County, 2-digit SIC -- by ownership sector","All establishment sizes",0,0,0,0,0,0,0,0
"13009","5","SIC_0H66","29","0",1981,"3","N","Baldwin County, Georgia","Private","1972 SIC 66 Combined Real Estate, Insurance, Etc","County, 2-digit SIC -- by ownership sector","All establishment sizes",0,0,0,0,0,0,0,0
"13009","5","SIC_0H66","29","0",1981,"4","N","Baldwin County, Georgia","Private","1972 SIC 66 Combined Real Estate, Insurance, Etc","County, 2-digit SIC -- by ownership sector","All establishment sizes",0,0,0,0,0,0,0,0
"13009","5","SIC_0I","28","0",1981,"1","","Baldwin County, Georgia","Private","Services Division","County, Industry Division -- by ownership sector","All establishment sizes",162,1097,1089,1093,2391092,0,0,168
"13009","5","SIC_0I","28","0",1981,"2","","Baldwin County, Georgia","Private","Services Division","County, Industry Division -- by ownership sector","All establishment sizes",159,1157,1166,1177,2795545,0,0,184
"13009","5","SIC_0I","28","0",1981,"3","","Baldwin County, Georgia","Private","Services Division","County, Industry Division -- by ownership sector","All establishment sizes",156,1032,1055,1080,2694263,0,0,196
"13009","5","SIC_0I","28","0",1981,"4","","Baldwin County, Georgia","Private","Services Division","County, Industry Division -- by ownership sector","All establishment sizes",160,1169,1168,1177,2884400,0,0,189
"13009","5","SIC_0I70","29","0",1981,"1","","Baldwin County, Georgia","Private","SIC 70 Hotels and Other Lodging Places","County, 2-digit SIC -- by ownership sector","All establishment sizes",8,107,90,93,143780,0,0,114
"13009","5","SIC_0I70","29","0",1981,"2","","Baldwin County, Georgia","Private","SIC 70 Hotels and Other Lodging Places","County, 2-digit SIC -- by ownership sector","All establishment sizes",7,112,115,120,153440,0,0,102
"13009","5","SIC_0I70","29","0",1981,"3","","Baldwin County, Georgia","Private","SIC 70 Hotels and Other Lodging Places","County, 2-digit SIC -- by ownership sector","All establishment sizes",6,113,114,118,160795,0,0,107
"13009","5","SIC_0I70","29","0",1981,"4","","Baldwin County, Georgia","Private","SIC 70 Hotels and Other Lodging Places","County, 2-digit SIC -- by ownership sector","All establishment sizes",5,98,102,97,142845,0,0,110
"13009","5","SIC_0I72","29","0",1981,"1","","Baldwin County, Georgia","Private","SIC 72 Personal Services","County, 2-digit SIC -- by ownership sector","All establishment sizes",19,65,72,71,101778,0,0,112
"13009","5","SIC_0I72","29","0",1981,"2","","Baldwin County, Georgia","Private","SIC 72 Personal Services","County, 2-digit SIC -- by ownership sector","All establishment sizes",19,69,60,60,100474,0,0,122
"13009","5","SIC_0I72","29","0",1981,"3","","Baldwin County, Georgia","Private","SIC 72 Personal Services","County, 2-digit SIC -- by ownership sector","All establishment sizes",19,66,65,64,92947,0,0,109
"13009","5","SIC_0I72","29","0",1981,"4","","Baldwin County, Georgia","Private","SIC 72 Personal Services","County, 2-digit SIC -- by ownership sector","All establishment sizes",19,67,69,66,115487,0,0,131
"13009","5","SIC_0I73","29","0",1981,"1","","Baldwin County, Georgia","Private","SIC 73 Business Services","County, 2-digit SIC -- by ownership sector","All establishment sizes",7,32,32,35,76427,0,0,178
"13009","5","SIC_0I73","29","0",1981,"2","","Baldwin County, Georgia","Private","SIC 73 Business Services","County, 2-digit SIC -- by ownership sector","All establishment sizes",7,39,37,42,79356,0,0,155
"13009","5","SIC_0I73","29","0",1981,"3","","Baldwin County, Georgia","Private","SIC 73 Business Services","County, 2-digit SIC -- by ownership sector","All establishment sizes",7,36,39,39,100984,0,0,204
"13009","5","SIC_0I73","29","0",1981,"4","","Baldwin County, Georgia","Private","SIC 73 Business Services","County, 2-digit SIC -- by ownership sector","All establishment sizes",9,46,45,45,103722,0,0,175
"13009","5","SIC_0I75","29","0",1981,"1","","Baldwin County, Georgia","Private","SIC 75 Auto Repair, Services, and Parking","County, 2-digit SIC -- by ownership sector","All establishment sizes",17,84,71,75,166063,0,0,166
"13009","5","SIC_0I75","29","0",1981,"2","","Baldwin County, Georgia","Private","SIC 75 Auto Repair, Services, and Parking","County, 2-digit SIC -- by ownership sector","All establishment sizes",17,72,74,72,186243,0,0,197
"13009","5","SIC_0I75","29","0",1981,"3","","Baldwin County, Georgia","Private","SIC 75 Auto Repair, Services, and Parking","County, 2-digit SIC -- by ownership sector","All establishment sizes",17,75,78,76,197013,0,0,198
"13009","5","SIC_0I75","29","0",1981,"4","","Baldwin County, Georgia","Private","SIC 75 Auto Repair, Services, and Parking","County, 2-digit SIC -- by ownership sector","All establishment sizes",17,77,74,75,221760,0,0,226
"13009","5","SIC_0I76","29","0",1981,"1","","Baldwin County, Georgia","Private","SIC 76 Miscellaneous Repair Services","County, 2-digit SIC -- by ownership sector","All establishment sizes",5,13,13,12,25715,0,0,156
"13009","5","SIC_0I76","29","0",1981,"2","","Baldwin County, Georgia","Private","SIC 76 Miscellaneous Repair Services","County, 2-digit SIC -- by ownership sector","All establishment sizes",5,10,11,12,23751,0,0,166
"13009","5","SIC_0I76","29","0",1981,"3","","Baldwin County, Georgia","Private","SIC 76 Miscellaneous Repair Services","County, 2-digit SIC -- by ownership sector","All establishment sizes",5,10,13,11,24964,0,0,169
"13009","5","SIC_0I76","29","0",1981,"4","","Baldwin County, Georgia","Private","SIC 76 Miscellaneous Repair Services","County, 2-digit SIC -- by ownership sector","All establishment sizes",4,9,8,10,21351,0,0,182
"13009","5","SIC_0I78","29","0",1981,"1","N","Baldwin County, Georgia","Private","SIC 78 Motion Pictures","County, 2-digit SIC -- by ownership sector","All establishment sizes",0,0,0,0,0,0,0,0
"13009","5","SIC_0I78","29","0",1981,"2","N","Baldwin County, Georgia","Private","SIC 78 Motion Pictures","County, 2-digit SIC -- by ownership sector","All establishment sizes",0,0,0,0,0,0,0,0
"13009","5","SIC_0I78","29","0",1981,"3","N","Baldwin County, Georgia","Private","SIC 78 Motion Pictures","County, 2-digit SIC -- by ownership sector","All establishment sizes",0,0,0,0,0,0,0,0
"13009","5","SIC_0I78","29","0",1981,"4","N","Baldwin County, Georgia","Private","SIC 78 Motion Pictures","County, 2-digit SIC -- by ownership sector","All establishment sizes",0,0,0,0,0,0,0,0
"13009","5","SIC_0I79","29","0",1981,"1","","Baldwin County, Georgia","Private","SIC 79 Amusement and Recreation Services","County, 2-digit SIC -- by ownership sector","All establishment sizes",7,32,36,36,43802,0,0,97
"13009","5","SIC_0I79","29","0",1981,"2","","Baldwin County, Georgia","Private","SIC 79 Amusement and Recreation Services","County, 2-digit SIC -- by ownership sector","All establishment sizes",8,41,46,46,51340,0,0,89
"13009","5","SIC_0I79","29","0",1981,"3","","Baldwin County, Georgia","Private","SIC 79 Amusement and Recreation Services","County, 2-digit SIC -- by ownership sector","All establishment sizes",6,40,40,37,49453,0,0,97
"13009","5","SIC_0I79","29","0",1981,"4","","Baldwin County, Georgia","Private","SIC 79 Amusement and Recreation Services","County, 2-digit SIC -- by ownership sector","All establishment sizes",6,35,34,36,49612,0,0,109
"13009","5","SIC_0I80","29","0",1981,"1","","Baldwin County, Georgia","Private","SIC 80 Health Services","County, 2-digit SIC -- by ownership sector","All establishment sizes",46,340,345,349,1084240,0,0,241
"13009","5","SIC_0I80","29","0",1981,"2","","Baldwin County, Georgia","Private","SIC 80 Health Services","County, 2-digit SIC -- by ownership sector","All establishment sizes",47,361,362,363,1329000,0,0,282
"13009","5","SIC_0I80","29","0",1981,"3","","Baldwin County, Georgia","Private","SIC 80 Health Services","County, 2-digit SIC -- by ownership sector","All establishment sizes",47,275,284,313,1257507,0,0,332
"13009","5","SIC_0I80","29","0",1981,"4","","Baldwin County, Georgia","Private","SIC 80 Health Services","County, 2-digit SIC -- by ownership sector","All establishment sizes",48,365,360,363,1321656,0,0,280
"13009","5","SIC_0I81","29","0",1981,"1","","Baldwin County, Georgia","Private","SIC 81 Legal Services","County, 2-digit SIC -- by ownership sector","All establishment sizes",9,13,15,14,25041,0,0,137
"13009","5","SIC_0I81","29","0",1981,"2","","Baldwin County, Georgia","Private","SIC 81 Legal Services","County, 2-digit SIC -- by ownership sector","All establishment sizes",8,14,14,15,56760,0,0,304
"13009","5","SIC_0I81","29","0",1981,"3","","Baldwin County, Georgia","Private","SIC 81 Legal Services","County, 2-digit SIC -- by ownership sector","All establishment sizes",7,7,7,9,10674,0,0,107
"13009","5","SIC_0I81","29","0",1981,"4","","Baldwin County, Georgia","Private","SIC 81 Legal Services","County, 2-digit SIC -- by ownership sector","All establishment sizes",10,16,16,18,38838,0,0,179
"13009","5","SIC_0I82","29","0",1981,"1","","Baldwin County, Georgia","Private","SIC 82 Educational Services","County, 2-digit SIC -- by ownership sector","All establishment sizes",5,254,257,248,532202,0,0,161
"13009","5","SIC_0I82","29","0",1981,"2","","Baldwin County, Georgia","Private","SIC 82 Educational Services","County, 2-digit SIC -- by ownership sector","All establishment sizes",4,279,289,278,599472,0,0,163
"13009","5","SIC_0I82","29","0",1981,"3","","Baldwin County, Georgia","Private","SIC 82 Educational Services","County, 2-digit SIC -- by ownership sector","All establishment sizes",4,260,263,263,568403,0,0,166
"13009","5","SIC_0I82","29","0",1981,"4","","Baldwin County, Georgia","Private","SIC 82 Educational Services","County, 2-digit SIC -- by ownership sector","All establishment sizes",4,301,301,304,645736,0,0,164
"13009","5","SIC_0I83","29","0",1981,"1","","Baldwin County, Georgia","Private","SIC 83 Social Services","County, 2-digit SIC -- by ownership sector","All establishment sizes",8,66,66,66,70447,0,0,82
"13009","5","SIC_0I83","29","0",1981,"2","","Baldwin County, Georgia","Private","SIC 83 Social Services","County, 2-digit SIC -- by ownership sector","All establishment sizes",8,69,69,75,74239,0,0,80
"13009","5","SIC_0I83","29","0",1981,"3","","Baldwin County, Georgia","Private","SIC 83 Social Services","County, 2-digit SIC -- by ownership sector","All establishment sizes",9,65,68,61,78432,0,0,93
"13009","5","SIC_0I83","29","0",1981,"4","","Baldwin County, Georgia","Private","SIC 83 Social Services","County, 2-digit SIC -- by ownership sector","All establishment sizes",9,57,59,63,76988,0,0,99
"13009","5","SIC_0I84","29","0",1981,"1","N","Baldwin County, Georgia","Private","SIC 84 Museums, Botanical, Zoological Gardens","County, 2-digit SIC -- by ownership sector","All establishment sizes",0,0,0,0,0,0,0,0
"13009","5","SIC_0I84","29","0",1981,"2","N","Baldwin County, Georgia","Private","SIC 84 Museums, Botanical, Zoological Gardens","County, 2-digit SIC -- by ownership sector","All establishment sizes",0,0,0,0,0,0,0,0
"13009","5","SIC_0I84","29","0",1981,"3","N","Baldwin County, Georgia","Private","SIC 84 Museums, Botanical, Zoological Gardens","County, 2-digit SIC -- by ownership sector","All establishment sizes",0,0,0,0,0,0,0,0
"13009","5","SIC_0I84","29","0",1981,"4","N","Baldwin County, Georgia","Private","SIC 84 Museums, Botanical, Zoological Gardens","County, 2-digit SIC -- by ownership sector","All establishment sizes",0,0,0,0,0,0,0,0
"13009","5","SIC_0I86","29","0",1981,"1","","Baldwin County, Georgia","Private","SIC 86 Membership Organizations","County, 2-digit SIC -- by ownership sector","All establishment sizes",3,6,6,7,12815,0,0,155
"13009","5","SIC_0I86","29","0",1981,"2","","Baldwin County, Georgia","Private","SIC 86 Membership Organizations","County, 2-digit SIC -- by ownership sector","All establishment sizes",3,7,6,6,13344,0,0,162
"13009","5","SIC_0I86","29","0",1981,"3","","Baldwin County, Georgia","Private","SIC 86 Membership Organizations","County, 2-digit SIC -- by ownership sector","All establishment sizes",3,5,5,6,13686,0,0,197
"13009","5","SIC_0I86","29","0",1981,"4","","Baldwin County, Georgia","Private","SIC 86 Membership Organizations","County, 2-digit SIC -- by ownership sector","All establishment sizes",3,5,5,5,15094,0,0,232
"13009","5","SIC_0I88","29","0",1981,"1","","Baldwin County, Georgia","Private","SIC 88 Private Households","County, 2-digit SIC -- by ownership sector","All establishment sizes",14,22,22,21,26967,0,0,95
"13009","5","SIC_0I88","29","0",1981,"2","","Baldwin County, Georgia","Private","SIC 88 Private Households","County, 2-digit SIC -- by ownership sector","All establishment sizes",13,26,25,25,27332,0,0,82
"13009","5","SIC_0I88","29","0",1981,"3","","Baldwin County, Georgia","Private","SIC 88 Private Households","County, 2-digit SIC -- by ownership sector","All establishment sizes",12,25,24,26,27867,0,0,85
"13009","5","SIC_0I88","29","0",1981,"4","","Baldwin County, Georgia","Private","SIC 88 Private Households","County, 2-digit SIC -- by ownership sector","All establishment sizes",13,28,27,27,29991,0,0,84
"13009","5","SIC_0I89","29","0",1981,"1","","Baldwin County, Georgia","Private","SIC 89 Services, Nec","County, 2-digit SIC -- by ownership sector","All establishment sizes",12,39,40,42,55682,0,0,106
"13009","5","SIC_0I89","29","0",1981,"2","","Baldwin County, Georgia","Private","SIC 89 Services, Nec","County, 2-digit SIC -- by ownership sector","All establishment sizes",11,33,33,35,71985,0,0,164
"13009","5","SIC_0I89","29","0",1981,"3","","Baldwin County, Georgia","Private","SIC 89 Services, Nec","County, 2-digit SIC -- by ownership sector","All establishment sizes",12,28,27,28,79750,0,0,221
"13009","5","SIC_0I89","29","0",1981,"4","","Baldwin County, Georgia","Private","SIC 89 Services, Nec","County, 2-digit SIC -- by ownership sector","All establishment sizes",11,39,39,42,70119,0,0,134
"13009","5","SIC_0K","28","0",1981,"1","N","Baldwin County, Georgia","Private","Nonclassifiable Establishments","County, Industry Division -- by ownership sector","All establishment sizes",0,0,0,0,0,0,0,0
"13009","5","SIC_0K","28","0",1981,"2","N","Baldwin County, Georgia","Private","Nonclassifiable Establishments","County, Industry Division -- by ownership sector","All establishment sizes",0,0,0,0,0,0,0,0
"13009","5","SIC_0K","28","0",1981,"3","N","Baldwin County, Georgia","Private","Nonclassifiable Establishments","County, Industry Division -- by ownership sector","All establishment sizes",0,0,0,0,0,0,0,0
"13009","5","SIC_0K","28","0",1981,"4","N","Baldwin County, Georgia","Private","Nonclassifiable Establishments","County, Industry Division -- by ownership sector","All establishment sizes",0,0,0,0,0,0,0,0
"13009","5","SIC_0K99","29","0",1981,"1","N","Baldwin County, Georgia","Private","SIC 99 Nonclassifiable Establishments","County, 2-digit SIC -- by ownership sector","All establishment sizes",0,0,0,0,0,0,0,0
"13009","5","SIC_0K99","29","0",1981,"2","N","Baldwin County, Georgia","Private","SIC 99 Nonclassifiable Establishments","County, 2-digit SIC -- by ownership sector","All establishment sizes",0,0,0,0,0,0,0,0
"13009","5","SIC_0K99","29","0",1981,"3","N","Baldwin County, Georgia","Private","SIC 99 Nonclassifiable Establishments","County, 2-digit SIC -- by ownership sector","All establishment sizes",0,0,0,0,0,0,0,0
"13009","5","SIC_0K99","29","0",1981,"4","N","Baldwin County, Georgia","Private","SIC 99 Nonclassifiable Establishments","County, 2-digit SIC -- by ownership sector","All establishment sizes",0,0,0,0,0,0,0,0
