"area_fips","own_code","industry_code","agglvl_code","size_code","year","qtr","disclosure_code","area_title","own_title","industry_title","agglvl_title","size_title","qtrly_estabs_count","month1_emplvl","month2_emplvl","month3_emplvl","total_qtrly_wages","taxable_qtrly_wages","qtrly_contributions","avg_wkly_wage"
"12129","0","SIC_0Z","26","0",1981,"1","","Wakulla County, Florida","Total Covered","All Industries","County, Total Covered","All establishment sizes",142,1780,1789,1883,5019542,0,0,212
"12129","0","SIC_0Z","26","0",1981,"2","","Wakulla County, Florida","Total Covered","All Industries","County, Total Covered","All establishment sizes",149,1991,2003,2067,5528142,0,0,210
"12129","0","SIC_0Z","26","0",1981,"3","","Wakulla County, Florida","Total Covered","All Industries","County, Total Covered","All establishment sizes",150,1796,1897,2010,5061860,0,0,204
"12129","0","SIC_0Z","26","0",1981,"4","","Wakulla County, Florida","Total Covered","All Industries","County, Total Covered","All establishment sizes",146,2067,2113,2092,5960229,0,0,219
"12129","1","SIC_0Z","27","0",1981,"1","","Wakulla County, Florida","Federal Government","All Industries","County, Total -- by ownership sector","All establishment sizes",3,40,40,39,183784,0,0,356
"12129","1","SIC_0Z","27","0",1981,"2","","Wakulla County, Florida","Federal Government","All Industries","County, Total -- by ownership sector","All establishment sizes",3,42,42,41,172357,0,0,318
"12129","1","SIC_0Z","27","0",1981,"3","","Wakulla County, Florida","Federal Government","All Industries","County, Total -- by ownership sector","All establishment sizes",3,41,39,40,188871,0,0,363
"12129","1","SIC_0Z","27","0",1981,"4","","Wakulla County, Florida","Federal Government","All Industries","County, Total -- by ownership sector","All establishment sizes",3,38,40,39,179760,0,0,354
"12129","1","SIC_0E","28","0",1981,"1","","Wakulla County, Florida","Federal Government","Transportation and Public Utilities Division","County, Industry Division -- by ownership sector","All establishment sizes",1,17,17,16,66181,0,0,305
"12129","1","SIC_0E","28","0",1981,"2","","Wakulla County, Florida","Federal Government","Transportation and Public Utilities Division","County, Industry Division -- by ownership sector","All establishment sizes",1,17,16,17,58344,0,0,269
"12129","1","SIC_0E","28","0",1981,"3","","Wakulla County, Florida","Federal Government","Transportation and Public Utilities Division","County, Industry Division -- by ownership sector","All establishment sizes",1,17,15,17,68695,0,0,323
"12129","1","SIC_0E","28","0",1981,"4","","Wakulla County, Florida","Federal Government","Transportation and Public Utilities Division","County, Industry Division -- by ownership sector","All establishment sizes",1,15,16,17,65430,0,0,314
"12129","1","SIC_0E43","29","0",1981,"1","","Wakulla County, Florida","Federal Government","SIC 43 U.S. Postal Service","County, 2-digit SIC -- by ownership sector","All establishment sizes",1,17,17,16,66181,0,0,305
"12129","1","SIC_0E43","29","0",1981,"2","","Wakulla County, Florida","Federal Government","SIC 43 U.S. Postal Service","County, 2-digit SIC -- by ownership sector","All establishment sizes",1,17,16,17,58344,0,0,269
"12129","1","SIC_0E43","29","0",1981,"3","","Wakulla County, Florida","Federal Government","SIC 43 U.S. Postal Service","County, 2-digit SIC -- by ownership sector","All establishment sizes",1,17,15,17,68695,0,0,323
"12129","1","SIC_0E43","29","0",1981,"4","","Wakulla County, Florida","Federal Government","SIC 43 U.S. Postal Service","County, 2-digit SIC -- by ownership sector","All establishment sizes",1,15,16,17,65430,0,0,314
"12129","1","SIC_0J","28","0",1981,"1","","Wakulla County, Florida","Federal Government","Public Administration Division","County, Industry Division -- by ownership sector","All establishment sizes",2,23,23,23,117603,0,0,393
"12129","1","SIC_0J","28","0",1981,"2","","Wakulla County, Florida","Federal Government","Public Administration Division","County, Industry Division -- by ownership sector","All establishment sizes",2,25,26,24,114013,0,0,350
"12129","1","SIC_0J","28","0",1981,"3","","Wakulla County, Florida","Federal Government","Public Administration Division","County, Industry Division -- by ownership sector","All establishment sizes",2,24,24,23,120176,0,0,390
"12129","1","SIC_0J","28","0",1981,"4","","Wakulla County, Florida","Federal Government","Public Administration Division","County, Industry Division -- by ownership sector","All establishment sizes",2,23,24,22,114330,0,0,382
"12129","1","SIC_0J95","29","0",1981,"1","","Wakulla County, Florida","Federal Government","SIC 95 Environmental Quality and Housing","County, 2-digit SIC -- by ownership sector","All establishment sizes",2,23,23,23,117603,0,0,393
"12129","1","SIC_0J95","29","0",1981,"2","","Wakulla County, Florida","Federal Government","SIC 95 Environmental Quality and Housing","County, 2-digit SIC -- by ownership sector","All establishment sizes",2,25,26,24,114013,0,0,350
"12129","1","SIC_0J95","29","0",1981,"3","","Wakulla County, Florida","Federal Government","SIC 95 Environmental Quality and Housing","County, 2-digit SIC -- by ownership sector","All establishment sizes",2,24,24,23,120176,0,0,390
"12129","1","SIC_0J95","29","0",1981,"4","","Wakulla County, Florida","Federal Government","SIC 95 Environmental Quality and Housing","County, 2-digit SIC -- by ownership sector","All establishment sizes",2,23,24,22,114330,0,0,382
"12129","2","SIC_0Z","27","0",1981,"1","","Wakulla County, Florida","State Government","All Industries","County, Total -- by ownership sector","All establishment sizes",13,67,67,67,202911,0,0,232
"12129","2","SIC_0Z","27","0",1981,"2","","Wakulla County, Florida","State Government","All Industries","County, Total -- by ownership sector","All establishment sizes",14,63,70,63,179210,0,0,211
"12129","2","SIC_0Z","27","0",1981,"3","","Wakulla County, Florida","State Government","All Industries","County, Total -- by ownership sector","All establishment sizes",14,66,67,63,177791,0,0,209
"12129","2","SIC_0Z","27","0",1981,"4","","Wakulla County, Florida","State Government","All Industries","County, Total -- by ownership sector","All establishment sizes",15,58,59,58,183057,0,0,241
"12129","2","SIC_0A","28","0",1981,"1","N","Wakulla County, Florida","State Government","Agriculture, Forestry, and Fishing Division","County, Industry Division -- by ownership sector","All establishment sizes",0,0,0,0,0,0,0,0
"12129","2","SIC_0A","28","0",1981,"2","N","Wakulla County, Florida","State Government","Agriculture, Forestry, and Fishing Division","County, Industry Division -- by ownership sector","All establishment sizes",0,0,0,0,0,0,0,0
"12129","2","SIC_0A","28","0",1981,"3","N","Wakulla County, Florida","State Government","Agriculture, Forestry, and Fishing Division","County, Industry Division -- by ownership sector","All establishment sizes",0,0,0,0,0,0,0,0
"12129","2","SIC_0A","28","0",1981,"4","N","Wakulla County, Florida","State Government","Agriculture, Forestry, and Fishing Division","County, Industry Division -- by ownership sector","All establishment sizes",0,0,0,0,0,0,0,0
"12129","2","SIC_0A08","29","0",1981,"1","N","Wakulla County, Florida","State Government","SIC 08 Forestry","County, 2-digit SIC -- by ownership sector","All establishment sizes",0,0,0,0,0,0,0,0
"12129","2","SIC_0A08","29","0",1981,"2","N","Wakulla County, Florida","State Government","SIC 08 Forestry","County, 2-digit SIC -- by ownership sector","All establishment sizes",0,0,0,0,0,0,0,0
"12129","2","SIC_0A08","29","0",1981,"3","N","Wakulla County, Florida","State Government","SIC 08 Forestry","County, 2-digit SIC -- by ownership sector","All establishment sizes",0,0,0,0,0,0,0,0
"12129","2","SIC_0A08","29","0",1981,"4","N","Wakulla County, Florida","State Government","SIC 08 Forestry","County, 2-digit SIC -- by ownership sector","All establishment sizes",0,0,0,0,0,0,0,0
"12129","2","SIC_0C","28","0",1981,"1","N","Wakulla County, Florida","State Government","Construction Division","County, Industry Division -- by ownership sector","All establishment sizes",0,0,0,0,0,0,0,0
"12129","2","SIC_0C","28","0",1981,"2","N","Wakulla County, Florida","State Government","Construction Division","County, Industry Division -- by ownership sector","All establishment sizes",0,0,0,0,0,0,0,0
"12129","2","SIC_0C","28","0",1981,"3","N","Wakulla County, Florida","State Government","Construction Division","County, Industry Division -- by ownership sector","All establishment sizes",0,0,0,0,0,0,0,0
"12129","2","SIC_0C","28","0",1981,"4","N","Wakulla County, Florida","State Government","Construction Division","County, Industry Division -- by ownership sector","All establishment sizes",0,0,0,0,0,0,0,0
"12129","2","SIC_0C16","29","0",1981,"1","N","Wakulla County, Florida","State Government","SIC 16 Heavy Construction, ex. Building","County, 2-digit SIC -- by ownership sector","All establishment sizes",0,0,0,0,0,0,0,0
"12129","2","SIC_0C16","29","0",1981,"2","N","Wakulla County, Florida","State Government","SIC 16 Heavy Construction, ex. Building","County, 2-digit SIC -- by ownership sector","All establishment sizes",0,0,0,0,0,0,0,0
"12129","2","SIC_0C16","29","0",1981,"3","N","Wakulla County, Florida","State Government","SIC 16 Heavy Construction, ex. Building","County, 2-digit SIC -- by ownership sector","All establishment sizes",0,0,0,0,0,0,0,0
"12129","2","SIC_0C16","29","0",1981,"4","N","Wakulla County, Florida","State Government","SIC 16 Heavy Construction, ex. Building","County, 2-digit SIC -- by ownership sector","All establishment sizes",0,0,0,0,0,0,0,0
"12129","2","SIC_0I","28","0",1981,"1","","Wakulla County, Florida","State Government","Services Division","County, Industry Division -- by ownership sector","All establishment sizes",4,14,14,14,42179,0,0,231
"12129","2","SIC_0I","28","0",1981,"2","","Wakulla County, Florida","State Government","Services Division","County, Industry Division -- by ownership sector","All establishment sizes",4,14,20,12,40270,0,0,202
"12129","2","SIC_0I","28","0",1981,"3","","Wakulla County, Florida","State Government","Services Division","County, Industry Division -- by ownership sector","All establishment sizes",4,18,18,16,45223,0,0,200
"12129","2","SIC_0I","28","0",1981,"4","","Wakulla County, Florida","State Government","Services Division","County, Industry Division -- by ownership sector","All establishment sizes",5,15,15,14,44040,0,0,230
"12129","2","SIC_0I79","29","0",1981,"1","N","Wakulla County, Florida","State Government","SIC 79 Amusement and Recreation Services","County, 2-digit SIC -- by ownership sector","All establishment sizes",0,0,0,0,0,0,0,0
"12129","2","SIC_0I79","29","0",1981,"2","N","Wakulla County, Florida","State Government","SIC 79 Amusement and Recreation Services","County, 2-digit SIC -- by ownership sector","All establishment sizes",0,0,0,0,0,0,0,0
"12129","2","SIC_0I79","29","0",1981,"3","N","Wakulla County, Florida","State Government","SIC 79 Amusement and Recreation Services","County, 2-digit SIC -- by ownership sector","All establishment sizes",0,0,0,0,0,0,0,0
"12129","2","SIC_0I79","29","0",1981,"4","N","Wakulla County, Florida","State Government","SIC 79 Amusement and Recreation Services","County, 2-digit SIC -- by ownership sector","All establishment sizes",0,0,0,0,0,0,0,0
"12129","2","SIC_0I82","29","0",1981,"1","N","Wakulla County, Florida","State Government","SIC 82 Educational Services","County, 2-digit SIC -- by ownership sector","All establishment sizes",0,0,0,0,0,0,0,0
"12129","2","SIC_0I82","29","0",1981,"2","N","Wakulla County, Florida","State Government","SIC 82 Educational Services","County, 2-digit SIC -- by ownership sector","All establishment sizes",0,0,0,0,0,0,0,0
"12129","2","SIC_0I82","29","0",1981,"3","N","Wakulla County, Florida","State Government","SIC 82 Educational Services","County, 2-digit SIC -- by ownership sector","All establishment sizes",0,0,0,0,0,0,0,0
"12129","2","SIC_0I82","29","0",1981,"4","N","Wakulla County, Florida","State Government","SIC 82 Educational Services","County, 2-digit SIC -- by ownership sector","All establishment sizes",0,0,0,0,0,0,0,0
"12129","2","SIC_0I83","29","0",1981,"1","N","Wakulla County, Florida","State Government","SIC 83 Social Services","County, 2-digit SIC -- by ownership sector","All establishment sizes",0,0,0,0,0,0,0,0
"12129","2","SIC_0I83","29","0",1981,"2","N","Wakulla County, Florida","State Government","SIC 83 Social Services","County, 2-digit SIC -- by ownership sector","All establishment sizes",0,0,0,0,0,0,0,0
"12129","2","SIC_0I83","29","0",1981,"3","N","Wakulla County, Florida","State Government","SIC 83 Social Services","County, 2-digit SIC -- by ownership sector","All establishment sizes",0,0,0,0,0,0,0,0
"12129","2","SIC_0I83","29","0",1981,"4","N","Wakulla County, Florida","State Government","SIC 83 Social Services","County, 2-digit SIC -- by ownership sector","All establishment sizes",0,0,0,0,0,0,0,0
"12129","2","SIC_0J","28","0",1981,"1","","Wakulla County, Florida","State Government","Public Administration Division","County, Industry Division -- by ownership sector","All establishment sizes",7,32,32,32,98677,0,0,237
"12129","2","SIC_0J","28","0",1981,"2","","Wakulla County, Florida","State Government","Public Administration Division","County, Industry Division -- by ownership sector","All establishment sizes",8,28,29,30,76682,0,0,203
"12129","2","SIC_0J","28","0",1981,"3","","Wakulla County, Florida","State Government","Public Administration Division","County, Industry Division -- by ownership sector","All establishment sizes",8,28,29,30,79355,0,0,210
"12129","2","SIC_0J","28","0",1981,"4","","Wakulla County, Florida","State Government","Public Administration Division","County, Industry Division -- by ownership sector","All establishment sizes",8,24,24,24,77821,0,0,249
"12129","2","SIC_0J92","29","0",1981,"1","N","Wakulla County, Florida","State Government","SIC 92 Justice, Public Order, and Safety","County, 2-digit SIC -- by ownership sector","All establishment sizes",0,0,0,0,0,0,0,0
"12129","2","SIC_0J92","29","0",1981,"2","N","Wakulla County, Florida","State Government","SIC 92 Justice, Public Order, and Safety","County, 2-digit SIC -- by ownership sector","All establishment sizes",0,0,0,0,0,0,0,0
"12129","2","SIC_0J92","29","0",1981,"3","N","Wakulla County, Florida","State Government","SIC 92 Justice, Public Order, and Safety","County, 2-digit SIC -- by ownership sector","All establishment sizes",0,0,0,0,0,0,0,0
"12129","2","SIC_0J92","29","0",1981,"4","N","Wakulla County, Florida","State Government","SIC 92 Justice, Public Order, and Safety","County, 2-digit SIC -- by ownership sector","All establishment sizes",0,0,0,0,0,0,0,0
"12129","2","SIC_0J94","29","0",1981,"1","","Wakulla County, Florida","State Government","SIC 94 Administration of Human Resources","County, 2-digit SIC -- by ownership sector","All establishment sizes",4,21,21,21,52210,0,0,191
"12129","2","SIC_0J94","29","0",1981,"2","","Wakulla County, Florida","State Government","SIC 94 Administration of Human Resources","County, 2-digit SIC -- by ownership sector","All establishment sizes",5,20,21,22,44918,0,0,164
"12129","2","SIC_0J94","29","0",1981,"3","","Wakulla County, Florida","State Government","SIC 94 Administration of Human Resources","County, 2-digit SIC -- by ownership sector","All establishment sizes",5,20,21,22,44918,0,0,164
"12129","2","SIC_0J94","29","0",1981,"4","","Wakulla County, Florida","State Government","SIC 94 Administration of Human Resources","County, 2-digit SIC -- by ownership sector","All establishment sizes",5,16,16,16,47574,0,0,228
"12129","2","SIC_0J95","29","0",1981,"1","N","Wakulla County, Florida","State Government","SIC 95 Environmental Quality and Housing","County, 2-digit SIC -- by ownership sector","All establishment sizes",0,0,0,0,0,0,0,0
"12129","2","SIC_0J95","29","0",1981,"2","N","Wakulla County, Florida","State Government","SIC 95 Environmental Quality and Housing","County, 2-digit SIC -- by ownership sector","All establishment sizes",0,0,0,0,0,0,0,0
"12129","2","SIC_0J95","29","0",1981,"3","N","Wakulla County, Florida","State Government","SIC 95 Environmental Quality and Housing","County, 2-digit SIC -- by ownership sector","All establishment sizes",0,0,0,0,0,0,0,0
"12129","2","SIC_0J95","29","0",1981,"4","N","Wakulla County, Florida","State Government","SIC 95 Environmental Quality and Housing","County, 2-digit SIC -- by ownership sector","All establishment sizes",0,0,0,0,0,0,0,0
"12129","3","SIC_0Z","27","0",1981,"1","","Wakulla County, Florida","Local Government","All Industries","County, Total -- by ownership sector","All establishment sizes",9,509,504,506,1219097,0,0,185
"12129","3","SIC_0Z","27","0",1981,"2","","Wakulla County, Florida","Local Government","All Industries","County, Total -- by ownership sector","All establishment sizes",9,502,497,558,1282776,0,0,190
"12129","3","SIC_0Z","27","0",1981,"3","","Wakulla County, Florida","Local Government","All Industries","County, Total -- by ownership sector","All establishment sizes",9,264,338,479,786707,0,0,167
"12129","3","SIC_0Z","27","0",1981,"4","","Wakulla County, Florida","Local Government","All Industries","County, Total -- by ownership sector","All establishment sizes",8,509,533,524,1282239,0,0,188
"12129","3","SIC_0I","28","0",1981,"1","N","Wakulla County, Florida","Local Government","Services Division","County, Industry Division -- by ownership sector","All establishment sizes",0,0,0,0,0,0,0,0
"12129","3","SIC_0I","28","0",1981,"2","N","Wakulla County, Florida","Local Government","Services Division","County, Industry Division -- by ownership sector","All establishment sizes",0,0,0,0,0,0,0,0
"12129","3","SIC_0I","28","0",1981,"3","N","Wakulla County, Florida","Local Government","Services Division","County, Industry Division -- by ownership sector","All establishment sizes",0,0,0,0,0,0,0,0
"12129","3","SIC_0I","28","0",1981,"4","N","Wakulla County, Florida","Local Government","Services Division","County, Industry Division -- by ownership sector","All establishment sizes",0,0,0,0,0,0,0,0
"12129","3","SIC_0I82","29","0",1981,"1","N","Wakulla County, Florida","Local Government","SIC 82 Educational Services","County, 2-digit SIC -- by ownership sector","All establishment sizes",0,0,0,0,0,0,0,0
"12129","3","SIC_0I82","29","0",1981,"2","N","Wakulla County, Florida","Local Government","SIC 82 Educational Services","County, 2-digit SIC -- by ownership sector","All establishment sizes",0,0,0,0,0,0,0,0
"12129","3","SIC_0I82","29","0",1981,"3","N","Wakulla County, Florida","Local Government","SIC 82 Educational Services","County, 2-digit SIC -- by ownership sector","All establishment sizes",0,0,0,0,0,0,0,0
"12129","3","SIC_0I82","29","0",1981,"4","N","Wakulla County, Florida","Local Government","SIC 82 Educational Services","County, 2-digit SIC -- by ownership sector","All establishment sizes",0,0,0,0,0,0,0,0
"12129","3","SIC_0J","28","0",1981,"1","N","Wakulla County, Florida","Local Government","Public Administration Division","County, Industry Division -- by ownership sector","All establishment sizes",0,0,0,0,0,0,0,0
"12129","3","SIC_0J","28","0",1981,"2","N","Wakulla County, Florida","Local Government","Public Administration Division","County, Industry Division -- by ownership sector","All establishment sizes",0,0,0,0,0,0,0,0
"12129","3","SIC_0J","28","0",1981,"3","N","Wakulla County, Florida","Local Government","Public Administration Division","County, Industry Division -- by ownership sector","All establishment sizes",0,0,0,0,0,0,0,0
"12129","3","SIC_0J","28","0",1981,"4","N","Wakulla County, Florida","Local Government","Public Administration Division","County, Industry Division -- by ownership sector","All establishment sizes",0,0,0,0,0,0,0,0
"12129","3","SIC_0J91","29","0",1981,"1","","Wakulla County, Florida","Local Government","SIC 91 Executive, Legislative, and General","County, 2-digit SIC -- by ownership sector","All establishment sizes",4,114,109,110,215364,0,0,149
"12129","3","SIC_0J91","29","0",1981,"2","","Wakulla County, Florida","Local Government","SIC 91 Executive, Legislative, and General","County, 2-digit SIC -- by ownership sector","All establishment sizes",4,107,95,86,172860,0,0,138
"12129","3","SIC_0J91","29","0",1981,"3","","Wakulla County, Florida","Local Government","SIC 91 Executive, Legislative, and General","County, 2-digit SIC -- by ownership sector","All establishment sizes",4,86,80,81,172341,0,0,161
"12129","3","SIC_0J91","29","0",1981,"4","","Wakulla County, Florida","Local Government","SIC 91 Executive, Legislative, and General","County, 2-digit SIC -- by ownership sector","All establishment sizes",3,71,76,71,159319,0,0,168
"12129","3","SIC_0J92","29","0",1981,"1","N","Wakulla County, Florida","Local Government","SIC 92 Justice, Public Order, and Safety","County, 2-digit SIC -- by ownership sector","All establishment sizes",0,0,0,0,0,0,0,0
"12129","3","SIC_0J92","29","0",1981,"2","N","Wakulla County, Florida","Local Government","SIC 92 Justice, Public Order, and Safety","County, 2-digit SIC -- by ownership sector","All establishment sizes",0,0,0,0,0,0,0,0
"12129","3","SIC_0J92","29","0",1981,"3","N","Wakulla County, Florida","Local Government","SIC 92 Justice, Public Order, and Safety","County, 2-digit SIC -- by ownership sector","All establishment sizes",0,0,0,0,0,0,0,0
"12129","3","SIC_0J92","29","0",1981,"4","N","Wakulla County, Florida","Local Government","SIC 92 Justice, Public Order, and Safety","County, 2-digit SIC -- by ownership sector","All establishment sizes",0,0,0,0,0,0,0,0
"12129","3","SIC_0J93","29","0",1981,"1","N","Wakulla County, Florida","Local Government","SIC 93 Finance, Taxation, and Monetary Policy","County, 2-digit SIC -- by ownership sector","All establishment sizes",0,0,0,0,0,0,0,0
"12129","3","SIC_0J93","29","0",1981,"2","N","Wakulla County, Florida","Local Government","SIC 93 Finance, Taxation, and Monetary Policy","County, 2-digit SIC -- by ownership sector","All establishment sizes",0,0,0,0,0,0,0,0
"12129","3","SIC_0J93","29","0",1981,"3","N","Wakulla County, Florida","Local Government","SIC 93 Finance, Taxation, and Monetary Policy","County, 2-digit SIC -- by ownership sector","All establishment sizes",0,0,0,0,0,0,0,0
"12129","3","SIC_0J93","29","0",1981,"4","N","Wakulla County, Florida","Local Government","SIC 93 Finance, Taxation, and Monetary Policy","County, 2-digit SIC -- by ownership sector","All establishment sizes",0,0,0,0,0,0,0,0
"12129","5","SIC_0Z","27","0",1981,"1","","Wakulla County, Florida","Private","All Industries","County, Total -- by ownership sector","All establishment sizes",117,1164,1178,1271,3413750,0,0,218
"12129","5","SIC_0Z","27","0",1981,"2","","Wakulla County, Florida","Private","All Industries","County, Total -- by ownership sector","All establishment sizes",123,1384,1394,1405,3893799,0,0,214
"12129","5","SIC_0Z","27","0",1981,"3","","Wakulla County, Florida","Private","All Industries","County, Total -- by ownership sector","All establishment sizes",124,1425,1453,1428,3908491,0,0,209
"12129","5","SIC_0Z","27","0",1981,"4","","Wakulla County, Florida","Private","All Industries","County, Total -- by ownership sector","All establishment sizes",120,1462,1481,1471,4315173,0,0,225
"12129","5","SIC_0A","28","0",1981,"1","","Wakulla County, Florida","Private","Agriculture, Forestry, and Fishing Division","County, Industry Division -- by ownership sector","All establishment sizes",3,35,27,18,38824,0,0,111
"12129","5","SIC_0A","28","0",1981,"2","","Wakulla County, Florida","Private","Agriculture, Forestry, and Fishing Division","County, Industry Division -- by ownership sector","All establishment sizes",5,6,8,9,13180,0,0,132
"12129","5","SIC_0A","28","0",1981,"3","","Wakulla County, Florida","Private","Agriculture, Forestry, and Fishing Division","County, Industry Division -- by ownership sector","All establishment sizes",5,8,8,11,14664,0,0,125
"12129","5","SIC_0A","28","0",1981,"4","","Wakulla County, Florida","Private","Agriculture, Forestry, and Fishing Division","County, Industry Division -- by ownership sector","All establishment sizes",5,13,32,36,45480,0,0,129
"12129","5","SIC_0A07","29","0",1981,"1","N","Wakulla County, Florida","Private","SIC 07 Agricultural Services","County, 2-digit SIC -- by ownership sector","All establishment sizes",0,0,0,0,0,0,0,0
"12129","5","SIC_0A07","29","0",1981,"2","","Wakulla County, Florida","Private","SIC 07 Agricultural Services","County, 2-digit SIC -- by ownership sector","All establishment sizes",3,1,2,2,3920,0,0,180
"12129","5","SIC_0A07","29","0",1981,"3","","Wakulla County, Florida","Private","SIC 07 Agricultural Services","County, 2-digit SIC -- by ownership sector","All establishment sizes",3,2,2,3,3246,0,0,107
"12129","5","SIC_0A07","29","0",1981,"4","","Wakulla County, Florida","Private","SIC 07 Agricultural Services","County, 2-digit SIC -- by ownership sector","All establishment sizes",3,5,23,27,28592,0,0,119
"12129","5","SIC_0A08","29","0",1981,"1","","Wakulla County, Florida","Private","SIC 08 Forestry","County, 2-digit SIC -- by ownership sector","All establishment sizes",0,0,0,0,0,0,0,0
"12129","5","SIC_0A08","29","0",1981,"2","N","Wakulla County, Florida","Private","SIC 08 Forestry","County, 2-digit SIC -- by ownership sector","All establishment sizes",0,0,0,0,0,0,0,0
"12129","5","SIC_0A08","29","0",1981,"3","N","Wakulla County, Florida","Private","SIC 08 Forestry","County, 2-digit SIC -- by ownership sector","All establishment sizes",0,0,0,0,0,0,0,0
"12129","5","SIC_0A08","29","0",1981,"4","N","Wakulla County, Florida","Private","SIC 08 Forestry","County, 2-digit SIC -- by ownership sector","All establishment sizes",0,0,0,0,0,0,0,0
"12129","5","SIC_0A09","29","0",1981,"1","N","Wakulla County, Florida","Private","SIC 09 Fishing, Hunting, and Trapping","County, 2-digit SIC -- by ownership sector","All establishment sizes",0,0,0,0,0,0,0,0
"12129","5","SIC_0A09","29","0",1981,"2","N","Wakulla County, Florida","Private","SIC 09 Fishing, Hunting, and Trapping","County, 2-digit SIC -- by ownership sector","All establishment sizes",0,0,0,0,0,0,0,0
"12129","5","SIC_0A09","29","0",1981,"3","N","Wakulla County, Florida","Private","SIC 09 Fishing, Hunting, and Trapping","County, 2-digit SIC -- by ownership sector","All establishment sizes",0,0,0,0,0,0,0,0
"12129","5","SIC_0A09","29","0",1981,"4","N","Wakulla County, Florida","Private","SIC 09 Fishing, Hunting, and Trapping","County, 2-digit SIC -- by ownership sector","All establishment sizes",0,0,0,0,0,0,0,0
"12129","5","SIC_0C","28","0",1981,"1","","Wakulla County, Florida","Private","Construction Division","County, Industry Division -- by ownership sector","All establishment sizes",12,38,40,41,69343,0,0,134
"12129","5","SIC_0C","28","0",1981,"2","","Wakulla County, Florida","Private","Construction Division","County, Industry Division -- by ownership sector","All establishment sizes",11,38,38,37,66299,0,0,135
"12129","5","SIC_0C","28","0",1981,"3","","Wakulla County, Florida","Private","Construction Division","County, Industry Division -- by ownership sector","All establishment sizes",12,37,30,30,56018,0,0,133
"12129","5","SIC_0C","28","0",1981,"4","","Wakulla County, Florida","Private","Construction Division","County, Industry Division -- by ownership sector","All establishment sizes",10,39,29,34,61554,0,0,139
"12129","5","SIC_0C15","29","0",1981,"1","","Wakulla County, Florida","Private","SIC 15 General Building Contractors","County, 2-digit SIC -- by ownership sector","All establishment sizes",7,24,30,30,45533,0,0,125
"12129","5","SIC_0C15","29","0",1981,"2","","Wakulla County, Florida","Private","SIC 15 General Building Contractors","County, 2-digit SIC -- by ownership sector","All establishment sizes",7,24,25,25,39392,0,0,122
"12129","5","SIC_0C15","29","0",1981,"3","","Wakulla County, Florida","Private","SIC 15 General Building Contractors","County, 2-digit SIC -- by ownership sector","All establishment sizes",7,20,19,20,26590,0,0,104
"12129","5","SIC_0C15","29","0",1981,"4","","Wakulla County, Florida","Private","SIC 15 General Building Contractors","County, 2-digit SIC -- by ownership sector","All establishment sizes",6,28,18,23,34432,0,0,115
"12129","5","SIC_0C16","29","0",1981,"1","N","Wakulla County, Florida","Private","SIC 16 Heavy Construction, ex. Building","County, 2-digit SIC -- by ownership sector","All establishment sizes",0,0,0,0,0,0,0,0
"12129","5","SIC_0C17","29","0",1981,"1","N","Wakulla County, Florida","Private","SIC 17 Special Trade Contractors","County, 2-digit SIC -- by ownership sector","All establishment sizes",0,0,0,0,0,0,0,0
"12129","5","SIC_0C17","29","0",1981,"2","","Wakulla County, Florida","Private","SIC 17 Special Trade Contractors","County, 2-digit SIC -- by ownership sector","All establishment sizes",4,14,13,12,26907,0,0,159
"12129","5","SIC_0C17","29","0",1981,"3","","Wakulla County, Florida","Private","SIC 17 Special Trade Contractors","County, 2-digit SIC -- by ownership sector","All establishment sizes",5,17,11,10,29428,0,0,178
"12129","5","SIC_0C17","29","0",1981,"4","","Wakulla County, Florida","Private","SIC 17 Special Trade Contractors","County, 2-digit SIC -- by ownership sector","All establishment sizes",4,11,11,11,27122,0,0,189
"12129","5","SIC_0D","28","0",1981,"1","","Wakulla County, Florida","Private","Manufacturing Division","County, Industry Division -- by ownership sector","All establishment sizes",12,476,472,557,1963824,0,0,301
"12129","5","SIC_0D","28","0",1981,"2","","Wakulla County, Florida","Private","Manufacturing Division","County, Industry Division -- by ownership sector","All establishment sizes",13,600,602,609,2312565,0,0,294
"12129","5","SIC_0D","28","0",1981,"3","","Wakulla County, Florida","Private","Manufacturing Division","County, Industry Division -- by ownership sector","All establishment sizes",14,612,638,619,2255350,0,0,278
"12129","5","SIC_0D","28","0",1981,"4","","Wakulla County, Florida","Private","Manufacturing Division","County, Industry Division -- by ownership sector","All establishment sizes",12,674,659,649,2604335,0,0,303
"12129","5","SIC_0D20","29","0",1981,"1","","Wakulla County, Florida","Private","SIC 20 Food and Kindred Products","County, 2-digit SIC -- by ownership sector","All establishment sizes",4,45,42,131,138306,0,0,146
"12129","5","SIC_0D20","29","0",1981,"2","","Wakulla County, Florida","Private","SIC 20 Food and Kindred Products","County, 2-digit SIC -- by ownership sector","All establishment sizes",5,170,178,183,237076,0,0,103
"12129","5","SIC_0D20","29","0",1981,"3","","Wakulla County, Florida","Private","SIC 20 Food and Kindred Products","County, 2-digit SIC -- by ownership sector","All establishment sizes",5,194,207,207,308238,0,0,116
"12129","5","SIC_0D20","29","0",1981,"4","","Wakulla County, Florida","Private","SIC 20 Food and Kindred Products","County, 2-digit SIC -- by ownership sector","All establishment sizes",5,221,218,216,279905,0,0,98
"12129","5","SIC_0D24","29","0",1981,"1","","Wakulla County, Florida","Private","SIC 24 Lumber and Wood Products","County, 2-digit SIC -- by ownership sector","All establishment sizes",3,20,20,19,36163,0,0,141
"12129","5","SIC_0D24","29","0",1981,"2","","Wakulla County, Florida","Private","SIC 24 Lumber and Wood Products","County, 2-digit SIC -- by ownership sector","All establishment sizes",3,18,17,18,38680,0,0,168
"12129","5","SIC_0D24","29","0",1981,"3","","Wakulla County, Florida","Private","SIC 24 Lumber and Wood Products","County, 2-digit SIC -- by ownership sector","All establishment sizes",3,18,18,18,40351,0,0,172
"12129","5","SIC_0D24","29","0",1981,"4","N","Wakulla County, Florida","Private","SIC 24 Lumber and Wood Products","County, 2-digit SIC -- by ownership sector","All establishment sizes",0,0,0,0,0,0,0,0
"12129","5","SIC_0D27","29","0",1981,"1","N","Wakulla County, Florida","Private","SIC 27 Printing and Publishing","County, 2-digit SIC -- by ownership sector","All establishment sizes",0,0,0,0,0,0,0,0
"12129","5","SIC_0D27","29","0",1981,"2","N","Wakulla County, Florida","Private","SIC 27 Printing and Publishing","County, 2-digit SIC -- by ownership sector","All establishment sizes",0,0,0,0,0,0,0,0
"12129","5","SIC_0D27","29","0",1981,"3","N","Wakulla County, Florida","Private","SIC 27 Printing and Publishing","County, 2-digit SIC -- by ownership sector","All establishment sizes",0,0,0,0,0,0,0,0
"12129","5","SIC_0D27","29","0",1981,"4","N","Wakulla County, Florida","Private","SIC 27 Printing and Publishing","County, 2-digit SIC -- by ownership sector","All establishment sizes",0,0,0,0,0,0,0,0
"12129","5","SIC_0D28","29","0",1981,"1","N","Wakulla County, Florida","Private","SIC 28 Chemicals and Allied Products","County, 2-digit SIC -- by ownership sector","All establishment sizes",0,0,0,0,0,0,0,0
"12129","5","SIC_0D28","29","0",1981,"2","N","Wakulla County, Florida","Private","SIC 28 Chemicals and Allied Products","County, 2-digit SIC -- by ownership sector","All establishment sizes",0,0,0,0,0,0,0,0
"12129","5","SIC_0D28","29","0",1981,"3","N","Wakulla County, Florida","Private","SIC 28 Chemicals and Allied Products","County, 2-digit SIC -- by ownership sector","All establishment sizes",0,0,0,0,0,0,0,0
"12129","5","SIC_0D28","29","0",1981,"4","N","Wakulla County, Florida","Private","SIC 28 Chemicals and Allied Products","County, 2-digit SIC -- by ownership sector","All establishment sizes",0,0,0,0,0,0,0,0
"12129","5","SIC_0D29","29","0",1981,"1","N","Wakulla County, Florida","Private","SIC 29 Petroleum and Coal Products","County, 2-digit SIC -- by ownership sector","All establishment sizes",0,0,0,0,0,0,0,0
"12129","5","SIC_0D29","29","0",1981,"2","N","Wakulla County, Florida","Private","SIC 29 Petroleum and Coal Products","County, 2-digit SIC -- by ownership sector","All establishment sizes",0,0,0,0,0,0,0,0
"12129","5","SIC_0D29","29","0",1981,"3","N","Wakulla County, Florida","Private","SIC 29 Petroleum and Coal Products","County, 2-digit SIC -- by ownership sector","All establishment sizes",0,0,0,0,0,0,0,0
"12129","5","SIC_0D29","29","0",1981,"4","N","Wakulla County, Florida","Private","SIC 29 Petroleum and Coal Products","County, 2-digit SIC -- by ownership sector","All establishment sizes",0,0,0,0,0,0,0,0
"12129","5","SIC_0D30","29","0",1981,"1","N","Wakulla County, Florida","Private","SIC 30 Rubber and Misc. Plastics Products","County, 2-digit SIC -- by ownership sector","All establishment sizes",0,0,0,0,0,0,0,0
"12129","5","SIC_0D30","29","0",1981,"2","N","Wakulla County, Florida","Private","SIC 30 Rubber and Misc. Plastics Products","County, 2-digit SIC -- by ownership sector","All establishment sizes",0,0,0,0,0,0,0,0
"12129","5","SIC_0D30","29","0",1981,"3","N","Wakulla County, Florida","Private","SIC 30 Rubber and Misc. Plastics Products","County, 2-digit SIC -- by ownership sector","All establishment sizes",0,0,0,0,0,0,0,0
"12129","5","SIC_0D30","29","0",1981,"4","N","Wakulla County, Florida","Private","SIC 30 Rubber and Misc. Plastics Products","County, 2-digit SIC -- by ownership sector","All establishment sizes",0,0,0,0,0,0,0,0
"12129","5","SIC_0E","28","0",1981,"1","","Wakulla County, Florida","Private","Transportation and Public Utilities Division","County, Industry Division -- by ownership sector","All establishment sizes",12,92,101,96,409878,0,0,327
"12129","5","SIC_0E","28","0",1981,"2","","Wakulla County, Florida","Private","Transportation and Public Utilities Division","County, Industry Division -- by ownership sector","All establishment sizes",12,97,94,96,365395,0,0,293
"12129","5","SIC_0E","28","0",1981,"3","","Wakulla County, Florida","Private","Transportation and Public Utilities Division","County, Industry Division -- by ownership sector","All establishment sizes",11,93,93,94,424577,0,0,349
"12129","5","SIC_0E","28","0",1981,"4","","Wakulla County, Florida","Private","Transportation and Public Utilities Division","County, Industry Division -- by ownership sector","All establishment sizes",10,93,99,92,408632,0,0,332
"12129","5","SIC_0E42","29","0",1981,"1","N","Wakulla County, Florida","Private","SIC 42 Trucking And Warehousing","County, 2-digit SIC -- by ownership sector","All establishment sizes",0,0,0,0,0,0,0,0
"12129","5","SIC_0E42","29","0",1981,"2","N","Wakulla County, Florida","Private","SIC 42 Trucking And Warehousing","County, 2-digit SIC -- by ownership sector","All establishment sizes",0,0,0,0,0,0,0,0
"12129","5","SIC_0E42","29","0",1981,"3","N","Wakulla County, Florida","Private","SIC 42 Trucking And Warehousing","County, 2-digit SIC -- by ownership sector","All establishment sizes",0,0,0,0,0,0,0,0
"12129","5","SIC_0E42","29","0",1981,"4","N","Wakulla County, Florida","Private","SIC 42 Trucking And Warehousing","County, 2-digit SIC -- by ownership sector","All establishment sizes",0,0,0,0,0,0,0,0
"12129","5","SIC_0E44","29","0",1981,"1","","Wakulla County, Florida","Private","SIC 44 Water Transportation","County, 2-digit SIC -- by ownership sector","All establishment sizes",6,58,60,58,267068,0,0,350
"12129","5","SIC_0E44","29","0",1981,"2","","Wakulla County, Florida","Private","SIC 44 Water Transportation","County, 2-digit SIC -- by ownership sector","All establishment sizes",6,59,59,61,225216,0,0,290
"12129","5","SIC_0E44","29","0",1981,"3","","Wakulla County, Florida","Private","SIC 44 Water Transportation","County, 2-digit SIC -- by ownership sector","All establishment sizes",5,57,57,58,262365,0,0,352
"12129","5","SIC_0E44","29","0",1981,"4","","Wakulla County, Florida","Private","SIC 44 Water Transportation","County, 2-digit SIC -- by ownership sector","All establishment sizes",5,55,59,56,256680,0,0,348
"12129","5","SIC_0E48","29","0",1981,"1","N","Wakulla County, Florida","Private","SIC 48 Communication","County, 2-digit SIC -- by ownership sector","All establishment sizes",0,0,0,0,0,0,0,0
"12129","5","SIC_0E48","29","0",1981,"2","N","Wakulla County, Florida","Private","SIC 48 Communication","County, 2-digit SIC -- by ownership sector","All establishment sizes",0,0,0,0,0,0,0,0
"12129","5","SIC_0E48","29","0",1981,"3","N","Wakulla County, Florida","Private","SIC 48 Communication","County, 2-digit SIC -- by ownership sector","All establishment sizes",0,0,0,0,0,0,0,0
"12129","5","SIC_0E48","29","0",1981,"4","N","Wakulla County, Florida","Private","SIC 48 Communication","County, 2-digit SIC -- by ownership sector","All establishment sizes",0,0,0,0,0,0,0,0
"12129","5","SIC_0E49","29","0",1981,"1","N","Wakulla County, Florida","Private","SIC 49 Electric, Gas, And Sanitary Services","County, 2-digit SIC -- by ownership sector","All establishment sizes",0,0,0,0,0,0,0,0
"12129","5","SIC_0E49","29","0",1981,"2","N","Wakulla County, Florida","Private","SIC 49 Electric, Gas, And Sanitary Services","County, 2-digit SIC -- by ownership sector","All establishment sizes",0,0,0,0,0,0,0,0
"12129","5","SIC_0E49","29","0",1981,"3","N","Wakulla County, Florida","Private","SIC 49 Electric, Gas, And Sanitary Services","County, 2-digit SIC -- by ownership sector","All establishment sizes",0,0,0,0,0,0,0,0
"12129","5","SIC_0E49","29","0",1981,"4","N","Wakulla County, Florida","Private","SIC 49 Electric, Gas, And Sanitary Services","County, 2-digit SIC -- by ownership sector","All establishment sizes",0,0,0,0,0,0,0,0
"12129","5","SIC_0F","28","0",1981,"1","","Wakulla County, Florida","Private","Wholesale Trade Division","County, Industry Division -- by ownership sector","All establishment sizes",6,55,60,71,70830,0,0,87
"12129","5","SIC_0F","28","0",1981,"2","","Wakulla County, Florida","Private","Wholesale Trade Division","County, Industry Division -- by ownership sector","All establishment sizes",8,66,66,65,123679,0,0,144
"12129","5","SIC_0F","28","0",1981,"3","","Wakulla County, Florida","Private","Wholesale Trade Division","County, Industry Division -- by ownership sector","All establishment sizes",8,97,95,104,154210,0,0,120
"12129","5","SIC_0F","28","0",1981,"4","","Wakulla County, Florida","Private","Wholesale Trade Division","County, Industry Division -- by ownership sector","All establishment sizes",9,76,66,60,128478,0,0,146
"12129","5","SIC_0F50","29","0",1981,"1","N","Wakulla County, Florida","Private","SIC 50 Wholesale Trade Durable Goods","County, 2-digit SIC -- by ownership sector","All establishment sizes",0,0,0,0,0,0,0,0
"12129","5","SIC_0F50","29","0",1981,"2","N","Wakulla County, Florida","Private","SIC 50 Wholesale Trade Durable Goods","County, 2-digit SIC -- by ownership sector","All establishment sizes",0,0,0,0,0,0,0,0
"12129","5","SIC_0F50","29","0",1981,"3","N","Wakulla County, Florida","Private","SIC 50 Wholesale Trade Durable Goods","County, 2-digit SIC -- by ownership sector","All establishment sizes",0,0,0,0,0,0,0,0
"12129","5","SIC_0F50","29","0",1981,"4","N","Wakulla County, Florida","Private","SIC 50 Wholesale Trade Durable Goods","County, 2-digit SIC -- by ownership sector","All establishment sizes",0,0,0,0,0,0,0,0
"12129","5","SIC_0F51","29","0",1981,"1","N","Wakulla County, Florida","Private","SIC 51 Wholesale Trade Nondurable Goods","County, 2-digit SIC -- by ownership sector","All establishment sizes",0,0,0,0,0,0,0,0
"12129","5","SIC_0F51","29","0",1981,"2","N","Wakulla County, Florida","Private","SIC 51 Wholesale Trade Nondurable Goods","County, 2-digit SIC -- by ownership sector","All establishment sizes",0,0,0,0,0,0,0,0
"12129","5","SIC_0F51","29","0",1981,"3","N","Wakulla County, Florida","Private","SIC 51 Wholesale Trade Nondurable Goods","County, 2-digit SIC -- by ownership sector","All establishment sizes",0,0,0,0,0,0,0,0
"12129","5","SIC_0F51","29","0",1981,"4","N","Wakulla County, Florida","Private","SIC 51 Wholesale Trade Nondurable Goods","County, 2-digit SIC -- by ownership sector","All establishment sizes",0,0,0,0,0,0,0,0
"12129","5","SIC_0G","28","0",1981,"1","","Wakulla County, Florida","Private","Retail Trade Division","County, Industry Division -- by ownership sector","All establishment sizes",39,219,213,225,414275,0,0,145
"12129","5","SIC_0G","28","0",1981,"2","","Wakulla County, Florida","Private","Retail Trade Division","County, Industry Division -- by ownership sector","All establishment sizes",41,300,299,289,494712,0,0,128
"12129","5","SIC_0G","28","0",1981,"3","","Wakulla County, Florida","Private","Retail Trade Division","County, Industry Division -- by ownership sector","All establishment sizes",41,274,277,277,465239,0,0,129
"12129","5","SIC_0G","28","0",1981,"4","","Wakulla County, Florida","Private","Retail Trade Division","County, Industry Division -- by ownership sector","All establishment sizes",41,276,292,303,491859,0,0,130
"12129","5","SIC_0G52","29","0",1981,"1","N","Wakulla County, Florida","Private","SIC 52 Building Materials and Garden Supplies","County, 2-digit SIC -- by ownership sector","All establishment sizes",0,0,0,0,0,0,0,0
"12129","5","SIC_0G52","29","0",1981,"2","N","Wakulla County, Florida","Private","SIC 52 Building Materials and Garden Supplies","County, 2-digit SIC -- by ownership sector","All establishment sizes",0,0,0,0,0,0,0,0
"12129","5","SIC_0G52","29","0",1981,"3","N","Wakulla County, Florida","Private","SIC 52 Building Materials and Garden Supplies","County, 2-digit SIC -- by ownership sector","All establishment sizes",0,0,0,0,0,0,0,0
"12129","5","SIC_0G52","29","0",1981,"4","N","Wakulla County, Florida","Private","SIC 52 Building Materials and Garden Supplies","County, 2-digit SIC -- by ownership sector","All establishment sizes",0,0,0,0,0,0,0,0
"12129","5","SIC_0G53","29","0",1981,"1","","Wakulla County, Florida","Private","SIC 53 General Merchandise Stores","County, 2-digit SIC -- by ownership sector","All establishment sizes",5,12,9,11,24009,0,0,173
"12129","5","SIC_0G53","29","0",1981,"2","","Wakulla County, Florida","Private","SIC 53 General Merchandise Stores","County, 2-digit SIC -- by ownership sector","All establishment sizes",4,13,13,12,28638,0,0,173
"12129","5","SIC_0G53","29","0",1981,"3","","Wakulla County, Florida","Private","SIC 53 General Merchandise Stores","County, 2-digit SIC -- by ownership sector","All establishment sizes",4,12,14,15,27210,0,0,153
"12129","5","SIC_0G53","29","0",1981,"4","","Wakulla County, Florida","Private","SIC 53 General Merchandise Stores","County, 2-digit SIC -- by ownership sector","All establishment sizes",4,11,13,14,28632,0,0,173
"12129","5","SIC_0G54","29","0",1981,"1","","Wakulla County, Florida","Private","SIC 54 Food Stores","County, 2-digit SIC -- by ownership sector","All establishment sizes",11,91,93,96,198533,0,0,163
"12129","5","SIC_0G54","29","0",1981,"2","","Wakulla County, Florida","Private","SIC 54 Food Stores","County, 2-digit SIC -- by ownership sector","All establishment sizes",12,104,99,93,216956,0,0,169
"12129","5","SIC_0G54","29","0",1981,"3","","Wakulla County, Florida","Private","SIC 54 Food Stores","County, 2-digit SIC -- by ownership sector","All establishment sizes",12,85,86,92,198571,0,0,174
"12129","5","SIC_0G54","29","0",1981,"4","","Wakulla County, Florida","Private","SIC 54 Food Stores","County, 2-digit SIC -- by ownership sector","All establishment sizes",12,99,105,120,218484,0,0,155
"12129","5","SIC_0G55","29","0",1981,"1","","Wakulla County, Florida","Private","SIC 55 Automotive Dealers and Service Stations","County, 2-digit SIC -- by ownership sector","All establishment sizes",7,16,16,15,35806,0,0,175
"12129","5","SIC_0G55","29","0",1981,"2","","Wakulla County, Florida","Private","SIC 55 Automotive Dealers and Service Stations","County, 2-digit SIC -- by ownership sector","All establishment sizes",6,19,18,17,35889,0,0,153
"12129","5","SIC_0G55","29","0",1981,"3","","Wakulla County, Florida","Private","SIC 55 Automotive Dealers and Service Stations","County, 2-digit SIC -- by ownership sector","All establishment sizes",7,16,15,15,36075,0,0,180
"12129","5","SIC_0G55","29","0",1981,"4","","Wakulla County, Florida","Private","SIC 55 Automotive Dealers and Service Stations","County, 2-digit SIC -- by ownership sector","All establishment sizes",7,22,20,21,42252,0,0,154
"12129","5","SIC_0G56","29","0",1981,"1","","Wakulla County, Florida","Private","SIC 56 Apparel and Accessory Stores","County, 2-digit SIC -- by ownership sector","All establishment sizes",0,0,0,0,0,0,0,0
"12129","5","SIC_0G56","29","0",1981,"2","N","Wakulla County, Florida","Private","SIC 56 Apparel and Accessory Stores","County, 2-digit SIC -- by ownership sector","All establishment sizes",0,0,0,0,0,0,0,0
"12129","5","SIC_0G56","29","0",1981,"3","N","Wakulla County, Florida","Private","SIC 56 Apparel and Accessory Stores","County, 2-digit SIC -- by ownership sector","All establishment sizes",0,0,0,0,0,0,0,0
"12129","5","SIC_0G56","29","0",1981,"4","","Wakulla County, Florida","Private","SIC 56 Apparel and Accessory Stores","County, 2-digit SIC -- by ownership sector","All establishment sizes",0,0,0,0,0,0,0,0
"12129","5","SIC_0G57","29","0",1981,"1","N","Wakulla County, Florida","Private","SIC 57 Furniture and Homefurnishings Stores","County, 2-digit SIC -- by ownership sector","All establishment sizes",0,0,0,0,0,0,0,0
"12129","5","SIC_0G57","29","0",1981,"2","N","Wakulla County, Florida","Private","SIC 57 Furniture and Homefurnishings Stores","County, 2-digit SIC -- by ownership sector","All establishment sizes",0,0,0,0,0,0,0,0
"12129","5","SIC_0G57","29","0",1981,"3","N","Wakulla County, Florida","Private","SIC 57 Furniture and Homefurnishings Stores","County, 2-digit SIC -- by ownership sector","All establishment sizes",0,0,0,0,0,0,0,0
"12129","5","SIC_0G57","29","0",1981,"4","N","Wakulla County, Florida","Private","SIC 57 Furniture and Homefurnishings Stores","County, 2-digit SIC -- by ownership sector","All establishment sizes",0,0,0,0,0,0,0,0
"12129","5","SIC_0G58","29","0",1981,"1","","Wakulla County, Florida","Private","SIC 58 Eating and Drinking Places","County, 2-digit SIC -- by ownership sector","All establishment sizes",10,75,69,76,110515,0,0,115
"12129","5","SIC_0G58","29","0",1981,"2","","Wakulla County, Florida","Private","SIC 58 Eating and Drinking Places","County, 2-digit SIC -- by ownership sector","All establishment sizes",12,135,141,139,166049,0,0,92
"12129","5","SIC_0G58","29","0",1981,"3","","Wakulla County, Florida","Private","SIC 58 Eating and Drinking Places","County, 2-digit SIC -- by ownership sector","All establishment sizes",11,133,136,132,154229,0,0,88
"12129","5","SIC_0G58","29","0",1981,"4","","Wakulla County, Florida","Private","SIC 58 Eating and Drinking Places","County, 2-digit SIC -- by ownership sector","All establishment sizes",11,116,126,120,145796,0,0,92
"12129","5","SIC_0G59","29","0",1981,"1","","Wakulla County, Florida","Private","SIC 59 Miscellaneous Retail","County, 2-digit SIC -- by ownership sector","All establishment sizes",3,12,14,13,20761,0,0,122
"12129","5","SIC_0G59","29","0",1981,"2","","Wakulla County, Florida","Private","SIC 59 Miscellaneous Retail","County, 2-digit SIC -- by ownership sector","All establishment sizes",3,14,13,13,21657,0,0,124
"12129","5","SIC_0G59","29","0",1981,"3","","Wakulla County, Florida","Private","SIC 59 Miscellaneous Retail","County, 2-digit SIC -- by ownership sector","All establishment sizes",3,13,12,10,20636,0,0,136
"12129","5","SIC_0G59","29","0",1981,"4","","Wakulla County, Florida","Private","SIC 59 Miscellaneous Retail","County, 2-digit SIC -- by ownership sector","All establishment sizes",4,15,15,15,29501,0,0,151
"12129","5","SIC_0H","28","0",1981,"1","","Wakulla County, Florida","Private","Finance, Insurance, and Real Estate Division","County, Industry Division -- by ownership sector","All establishment sizes",5,28,28,28,64091,0,0,176
"12129","5","SIC_0H","28","0",1981,"2","","Wakulla County, Florida","Private","Finance, Insurance, and Real Estate Division","County, Industry Division -- by ownership sector","All establishment sizes",6,32,32,32,73012,0,0,175
"12129","5","SIC_0H","28","0",1981,"3","","Wakulla County, Florida","Private","Finance, Insurance, and Real Estate Division","County, Industry Division -- by ownership sector","All establishment sizes",6,33,33,34,74661,0,0,172
"12129","5","SIC_0H","28","0",1981,"4","","Wakulla County, Florida","Private","Finance, Insurance, and Real Estate Division","County, Industry Division -- by ownership sector","All establishment sizes",6,35,34,34,95605,0,0,214
"12129","5","SIC_0H60","29","0",1981,"1","N","Wakulla County, Florida","Private","SIC 60 Depository Institutions","County, 2-digit SIC -- by ownership sector","All establishment sizes",0,0,0,0,0,0,0,0
"12129","5","SIC_0H60","29","0",1981,"2","N","Wakulla County, Florida","Private","SIC 60 Depository Institutions","County, 2-digit SIC -- by ownership sector","All establishment sizes",0,0,0,0,0,0,0,0
"12129","5","SIC_0H60","29","0",1981,"3","N","Wakulla County, Florida","Private","SIC 60 Depository Institutions","County, 2-digit SIC -- by ownership sector","All establishment sizes",0,0,0,0,0,0,0,0
"12129","5","SIC_0H60","29","0",1981,"4","N","Wakulla County, Florida","Private","SIC 60 Depository Institutions","County, 2-digit SIC -- by ownership sector","All establishment sizes",0,0,0,0,0,0,0,0
"12129","5","SIC_0H61","29","0",1981,"1","","Wakulla County, Florida","Private","SIC 61 Nondepository Institutions","County, 2-digit SIC -- by ownership sector","All establishment sizes",0,0,0,0,0,0,0,0
"12129","5","SIC_0H61","29","0",1981,"2","N","Wakulla County, Florida","Private","SIC 61 Nondepository Institutions","County, 2-digit SIC -- by ownership sector","All establishment sizes",0,0,0,0,0,0,0,0
"12129","5","SIC_0H61","29","0",1981,"3","N","Wakulla County, Florida","Private","SIC 61 Nondepository Institutions","County, 2-digit SIC -- by ownership sector","All establishment sizes",0,0,0,0,0,0,0,0
"12129","5","SIC_0H61","29","0",1981,"4","N","Wakulla County, Florida","Private","SIC 61 Nondepository Institutions","County, 2-digit SIC -- by ownership sector","All establishment sizes",0,0,0,0,0,0,0,0
"12129","5","SIC_0H63","29","0",1981,"1","N","Wakulla County, Florida","Private","SIC 63 Insurance Carriers","County, 2-digit SIC -- by ownership sector","All establishment sizes",0,0,0,0,0,0,0,0
"12129","5","SIC_0H63","29","0",1981,"2","N","Wakulla County, Florida","Private","SIC 63 Insurance Carriers","County, 2-digit SIC -- by ownership sector","All establishment sizes",0,0,0,0,0,0,0,0
"12129","5","SIC_0H63","29","0",1981,"3","N","Wakulla County, Florida","Private","SIC 63 Insurance Carriers","County, 2-digit SIC -- by ownership sector","All establishment sizes",0,0,0,0,0,0,0,0
"12129","5","SIC_0H63","29","0",1981,"4","N","Wakulla County, Florida","Private","SIC 63 Insurance Carriers","County, 2-digit SIC -- by ownership sector","All establishment sizes",0,0,0,0,0,0,0,0
"12129","5","SIC_0H64","29","0",1981,"1","N","Wakulla County, Florida","Private","SIC 64 Insurance Agents, Brokers, and Service","County, 2-digit SIC -- by ownership sector","All establishment sizes",0,0,0,0,0,0,0,0
"12129","5","SIC_0H64","29","0",1981,"2","N","Wakulla County, Florida","Private","SIC 64 Insurance Agents, Brokers, and Service","County, 2-digit SIC -- by ownership sector","All establishment sizes",0,0,0,0,0,0,0,0
"12129","5","SIC_0H64","29","0",1981,"3","N","Wakulla County, Florida","Private","SIC 64 Insurance Agents, Brokers, and Service","County, 2-digit SIC -- by ownership sector","All establishment sizes",0,0,0,0,0,0,0,0
"12129","5","SIC_0H64","29","0",1981,"4","N","Wakulla County, Florida","Private","SIC 64 Insurance Agents, Brokers, and Service","County, 2-digit SIC -- by ownership sector","All establishment sizes",0,0,0,0,0,0,0,0
"12129","5","SIC_0H65","29","0",1981,"1","N","Wakulla County, Florida","Private","SIC 65 Real Estate","County, 2-digit SIC -- by ownership sector","All establishment sizes",0,0,0,0,0,0,0,0
"12129","5","SIC_0H65","29","0",1981,"2","N","Wakulla County, Florida","Private","SIC 65 Real Estate","County, 2-digit SIC -- by ownership sector","All establishment sizes",0,0,0,0,0,0,0,0
"12129","5","SIC_0H65","29","0",1981,"3","N","Wakulla County, Florida","Private","SIC 65 Real Estate","County, 2-digit SIC -- by ownership sector","All establishment sizes",0,0,0,0,0,0,0,0
"12129","5","SIC_0H65","29","0",1981,"4","N","Wakulla County, Florida","Private","SIC 65 Real Estate","County, 2-digit SIC -- by ownership sector","All establishment sizes",0,0,0,0,0,0,0,0
"12129","5","SIC_0I","28","0",1981,"1","","Wakulla County, Florida","Private","Services Division","County, Industry Division -- by ownership sector","All establishment sizes",28,221,237,235,382685,0,0,127
"12129","5","SIC_0I","28","0",1981,"2","","Wakulla County, Florida","Private","Services Division","County, Industry Division -- by ownership sector","All establishment sizes",27,245,255,268,444957,0,0,133
"12129","5","SIC_0I","28","0",1981,"3","","Wakulla County, Florida","Private","Services Division","County, Industry Division -- by ownership sector","All establishment sizes",27,271,279,259,463772,0,0,132
"12129","5","SIC_0I","28","0",1981,"4","","Wakulla County, Florida","Private","Services Division","County, Industry Division -- by ownership sector","All establishment sizes",27,256,270,263,479230,0,0,140
"12129","5","SIC_0I70","29","0",1981,"1","","Wakulla County, Florida","Private","SIC 70 Hotels and Other Lodging Places","County, 2-digit SIC -- by ownership sector","All establishment sizes",6,80,82,82,121383,0,0,114
"12129","5","SIC_0I70","29","0",1981,"2","","Wakulla County, Florida","Private","SIC 70 Hotels and Other Lodging Places","County, 2-digit SIC -- by ownership sector","All establishment sizes",7,90,97,111,161421,0,0,125
"12129","5","SIC_0I70","29","0",1981,"3","","Wakulla County, Florida","Private","SIC 70 Hotels and Other Lodging Places","County, 2-digit SIC -- by ownership sector","All establishment sizes",8,116,122,104,171236,0,0,115
"12129","5","SIC_0I70","29","0",1981,"4","","Wakulla County, Florida","Private","SIC 70 Hotels and Other Lodging Places","County, 2-digit SIC -- by ownership sector","All establishment sizes",8,103,105,101,164693,0,0,122
"12129","5","SIC_0I72","29","0",1981,"1","N","Wakulla County, Florida","Private","SIC 72 Personal Services","County, 2-digit SIC -- by ownership sector","All establishment sizes",0,0,0,0,0,0,0,0
"12129","5","SIC_0I73","29","0",1981,"1","N","Wakulla County, Florida","Private","SIC 73 Business Services","County, 2-digit SIC -- by ownership sector","All establishment sizes",0,0,0,0,0,0,0,0
"12129","5","SIC_0I73","29","0",1981,"2","N","Wakulla County, Florida","Private","SIC 73 Business Services","County, 2-digit SIC -- by ownership sector","All establishment sizes",0,0,0,0,0,0,0,0
"12129","5","SIC_0I73","29","0",1981,"3","N","Wakulla County, Florida","Private","SIC 73 Business Services","County, 2-digit SIC -- by ownership sector","All establishment sizes",0,0,0,0,0,0,0,0
"12129","5","SIC_0I73","29","0",1981,"4","N","Wakulla County, Florida","Private","SIC 73 Business Services","County, 2-digit SIC -- by ownership sector","All establishment sizes",0,0,0,0,0,0,0,0
"12129","5","SIC_0I75","29","0",1981,"1","N","Wakulla County, Florida","Private","SIC 75 Auto Repair, Services, and Parking","County, 2-digit SIC -- by ownership sector","All establishment sizes",0,0,0,0,0,0,0,0
"12129","5","SIC_0I75","29","0",1981,"2","N","Wakulla County, Florida","Private","SIC 75 Auto Repair, Services, and Parking","County, 2-digit SIC -- by ownership sector","All establishment sizes",0,0,0,0,0,0,0,0
"12129","5","SIC_0I75","29","0",1981,"3","N","Wakulla County, Florida","Private","SIC 75 Auto Repair, Services, and Parking","County, 2-digit SIC -- by ownership sector","All establishment sizes",0,0,0,0,0,0,0,0
"12129","5","SIC_0I75","29","0",1981,"4","N","Wakulla County, Florida","Private","SIC 75 Auto Repair, Services, and Parking","County, 2-digit SIC -- by ownership sector","All establishment sizes",0,0,0,0,0,0,0,0
"12129","5","SIC_0I76","29","0",1981,"1","","Wakulla County, Florida","Private","SIC 76 Miscellaneous Repair Services","County, 2-digit SIC -- by ownership sector","All establishment sizes",3,13,12,9,32338,0,0,219
"12129","5","SIC_0I76","29","0",1981,"2","","Wakulla County, Florida","Private","SIC 76 Miscellaneous Repair Services","County, 2-digit SIC -- by ownership sector","All establishment sizes",3,9,11,11,28785,0,0,214
"12129","5","SIC_0I76","29","0",1981,"3","","Wakulla County, Florida","Private","SIC 76 Miscellaneous Repair Services","County, 2-digit SIC -- by ownership sector","All establishment sizes",3,13,11,10,31908,0,0,216
"12129","5","SIC_0I76","29","0",1981,"4","","Wakulla County, Florida","Private","SIC 76 Miscellaneous Repair Services","County, 2-digit SIC -- by ownership sector","All establishment sizes",3,10,10,10,34730,0,0,267
"12129","5","SIC_0I80","29","0",1981,"1","","Wakulla County, Florida","Private","SIC 80 Health Services","County, 2-digit SIC -- by ownership sector","All establishment sizes",4,98,105,106,163125,0,0,121
"12129","5","SIC_0I80","29","0",1981,"2","","Wakulla County, Florida","Private","SIC 80 Health Services","County, 2-digit SIC -- by ownership sector","All establishment sizes",4,109,110,110,178372,0,0,125
"12129","5","SIC_0I80","29","0",1981,"3","","Wakulla County, Florida","Private","SIC 80 Health Services","County, 2-digit SIC -- by ownership sector","All establishment sizes",4,109,107,105,193868,0,0,139
"12129","5","SIC_0I80","29","0",1981,"4","","Wakulla County, Florida","Private","SIC 80 Health Services","County, 2-digit SIC -- by ownership sector","All establishment sizes",4,101,111,108,198863,0,0,143
"12129","5","SIC_0I81","29","0",1981,"1","N","Wakulla County, Florida","Private","SIC 81 Legal Services","County, 2-digit SIC -- by ownership sector","All establishment sizes",0,0,0,0,0,0,0,0
"12129","5","SIC_0I81","29","0",1981,"2","N","Wakulla County, Florida","Private","SIC 81 Legal Services","County, 2-digit SIC -- by ownership sector","All establishment sizes",0,0,0,0,0,0,0,0
"12129","5","SIC_0I81","29","0",1981,"3","N","Wakulla County, Florida","Private","SIC 81 Legal Services","County, 2-digit SIC -- by ownership sector","All establishment sizes",0,0,0,0,0,0,0,0
"12129","5","SIC_0I81","29","0",1981,"4","N","Wakulla County, Florida","Private","SIC 81 Legal Services","County, 2-digit SIC -- by ownership sector","All establishment sizes",0,0,0,0,0,0,0,0
"12129","5","SIC_0I83","29","0",1981,"1","N","Wakulla County, Florida","Private","SIC 83 Social Services","County, 2-digit SIC -- by ownership sector","All establishment sizes",0,0,0,0,0,0,0,0
"12129","5","SIC_0I83","29","0",1981,"2","N","Wakulla County, Florida","Private","SIC 83 Social Services","County, 2-digit SIC -- by ownership sector","All establishment sizes",0,0,0,0,0,0,0,0
"12129","5","SIC_0I83","29","0",1981,"3","N","Wakulla County, Florida","Private","SIC 83 Social Services","County, 2-digit SIC -- by ownership sector","All establishment sizes",0,0,0,0,0,0,0,0
"12129","5","SIC_0I83","29","0",1981,"4","N","Wakulla County, Florida","Private","SIC 83 Social Services","County, 2-digit SIC -- by ownership sector","All establishment sizes",0,0,0,0,0,0,0,0
"12129","5","SIC_0I86","29","0",1981,"1","N","Wakulla County, Florida","Private","SIC 86 Membership Organizations","County, 2-digit SIC -- by ownership sector","All establishment sizes",0,0,0,0,0,0,0,0
"12129","5","SIC_0I86","29","0",1981,"2","N","Wakulla County, Florida","Private","SIC 86 Membership Organizations","County, 2-digit SIC -- by ownership sector","All establishment sizes",0,0,0,0,0,0,0,0
"12129","5","SIC_0I86","29","0",1981,"3","N","Wakulla County, Florida","Private","SIC 86 Membership Organizations","County, 2-digit SIC -- by ownership sector","All establishment sizes",0,0,0,0,0,0,0,0
"12129","5","SIC_0I86","29","0",1981,"4","N","Wakulla County, Florida","Private","SIC 86 Membership Organizations","County, 2-digit SIC -- by ownership sector","All establishment sizes",0,0,0,0,0,0,0,0
"12129","5","SIC_0I88","29","0",1981,"1","N","Wakulla County, Florida","Private","SIC 88 Private Households","County, 2-digit SIC -- by ownership sector","All establishment sizes",0,0,0,0,0,0,0,0
"12129","5","SIC_0I88","29","0",1981,"2","N","Wakulla County, Florida","Private","SIC 88 Private Households","County, 2-digit SIC -- by ownership sector","All establishment sizes",0,0,0,0,0,0,0,0
"12129","5","SIC_0I88","29","0",1981,"3","N","Wakulla County, Florida","Private","SIC 88 Private Households","County, 2-digit SIC -- by ownership sector","All establishment sizes",0,0,0,0,0,0,0,0
"12129","5","SIC_0I88","29","0",1981,"4","N","Wakulla County, Florida","Private","SIC 88 Private Households","County, 2-digit SIC -- by ownership sector","All establishment sizes",0,0,0,0,0,0,0,0
"12129","5","SIC_0I89","29","0",1981,"1","","Wakulla County, Florida","Private","SIC 89 Services, Nec","County, 2-digit SIC -- by ownership sector","All establishment sizes",4,15,18,18,33417,0,0,151
"12129","5","SIC_0I89","29","0",1981,"2","","Wakulla County, Florida","Private","SIC 89 Services, Nec","County, 2-digit SIC -- by ownership sector","All establishment sizes",4,17,17,16,42908,0,0,198
"12129","5","SIC_0I89","29","0",1981,"3","","Wakulla County, Florida","Private","SIC 89 Services, Nec","County, 2-digit SIC -- by ownership sector","All establishment sizes",4,12,15,18,29701,0,0,152
"12129","5","SIC_0I89","29","0",1981,"4","","Wakulla County, Florida","Private","SIC 89 Services, Nec","County, 2-digit SIC -- by ownership sector","All establishment sizes",3,17,16,16,27912,0,0,131
