"area_fips","own_code","industry_code","agglvl_code","size_code","year","qtr","disclosure_code","area_title","own_title","industry_title","agglvl_title","size_title","qtrly_estabs_count","month1_emplvl","month2_emplvl","month3_emplvl","total_qtrly_wages","taxable_qtrly_wages","qtrly_contributions","avg_wkly_wage"
"06996","0","SIC_0Z","26","0",1981,"1","","Overseas Locations -- California","Total Covered","All Industries","County, Total Covered","All establishment sizes",11,1165,1205,1220,11463672,0,0,736
"06996","0","SIC_0Z","26","0",1981,"2","","Overseas Locations -- California","Total Covered","All Industries","County, Total Covered","All establishment sizes",10,1270,1281,1310,11436555,0,0,683
"06996","0","SIC_0Z","26","0",1981,"3","","Overseas Locations -- California","Total Covered","All Industries","County, Total Covered","All establishment sizes",12,1401,1419,1451,12737501,0,0,688
"06996","0","SIC_0Z","26","0",1981,"4","","Overseas Locations -- California","Total Covered","All Industries","County, Total Covered","All establishment sizes",11,1274,1283,1303,17540095,0,0,1048
"06996","5","SIC_0Z","27","0",1981,"1","","Overseas Locations -- California","Private","All Industries","County, Total -- by ownership sector","All establishment sizes",11,1165,1205,1220,11463672,0,0,736
"06996","5","SIC_0Z","27","0",1981,"2","","Overseas Locations -- California","Private","All Industries","County, Total -- by ownership sector","All establishment sizes",10,1270,1281,1310,11436555,0,0,683
"06996","5","SIC_0Z","27","0",1981,"3","","Overseas Locations -- California","Private","All Industries","County, Total -- by ownership sector","All establishment sizes",12,1401,1419,1451,12737501,0,0,688
"06996","5","SIC_0Z","27","0",1981,"4","","Overseas Locations -- California","Private","All Industries","County, Total -- by ownership sector","All establishment sizes",11,1274,1283,1303,17540095,0,0,1048
"06996","5","SIC_0A","28","0",1981,"1","N","Overseas Locations -- California","Private","Agriculture, Forestry, and Fishing Division","County, Industry Division -- by ownership sector","All establishment sizes",0,0,0,0,0,0,0,0
"06996","5","SIC_0A","28","0",1981,"2","N","Overseas Locations -- California","Private","Agriculture, Forestry, and Fishing Division","County, Industry Division -- by ownership sector","All establishment sizes",0,0,0,0,0,0,0,0
"06996","5","SIC_0A","28","0",1981,"3","N","Overseas Locations -- California","Private","Agriculture, Forestry, and Fishing Division","County, Industry Division -- by ownership sector","All establishment sizes",0,0,0,0,0,0,0,0
"06996","5","SIC_0A","28","0",1981,"4","N","Overseas Locations -- California","Private","Agriculture, Forestry, and Fishing Division","County, Industry Division -- by ownership sector","All establishment sizes",0,0,0,0,0,0,0,0
"06996","5","SIC_0A09","29","0",1981,"1","N","Overseas Locations -- California","Private","SIC 09 Fishing, Hunting, and Trapping","County, 2-digit SIC -- by ownership sector","All establishment sizes",0,0,0,0,0,0,0,0
"06996","5","SIC_0A09","29","0",1981,"2","N","Overseas Locations -- California","Private","SIC 09 Fishing, Hunting, and Trapping","County, 2-digit SIC -- by ownership sector","All establishment sizes",0,0,0,0,0,0,0,0
"06996","5","SIC_0A09","29","0",1981,"3","N","Overseas Locations -- California","Private","SIC 09 Fishing, Hunting, and Trapping","County, 2-digit SIC -- by ownership sector","All establishment sizes",0,0,0,0,0,0,0,0
"06996","5","SIC_0A09","29","0",1981,"4","N","Overseas Locations -- California","Private","SIC 09 Fishing, Hunting, and Trapping","County, 2-digit SIC -- by ownership sector","All establishment sizes",0,0,0,0,0,0,0,0
"06996","5","SIC_0C","28","0",1981,"1","","Overseas Locations -- California","Private","Construction Division","County, Industry Division -- by ownership sector","All establishment sizes",3,588,617,618,5357123,0,0,678
"06996","5","SIC_0C","28","0",1981,"2","N","Overseas Locations -- California","Private","Construction Division","County, Industry Division -- by ownership sector","All establishment sizes",0,0,0,0,0,0,0,0
"06996","5","SIC_0C","28","0",1981,"3","N","Overseas Locations -- California","Private","Construction Division","County, Industry Division -- by ownership sector","All establishment sizes",0,0,0,0,0,0,0,0
"06996","5","SIC_0C","28","0",1981,"4","N","Overseas Locations -- California","Private","Construction Division","County, Industry Division -- by ownership sector","All establishment sizes",0,0,0,0,0,0,0,0
"06996","5","SIC_0C16","29","0",1981,"1","","Overseas Locations -- California","Private","SIC 16 Heavy Construction, ex. Building","County, 2-digit SIC -- by ownership sector","All establishment sizes",3,588,617,618,5357123,0,0,678
"06996","5","SIC_0C16","29","0",1981,"2","N","Overseas Locations -- California","Private","SIC 16 Heavy Construction, ex. Building","County, 2-digit SIC -- by ownership sector","All establishment sizes",0,0,0,0,0,0,0,0
"06996","5","SIC_0C16","29","0",1981,"3","N","Overseas Locations -- California","Private","SIC 16 Heavy Construction, ex. Building","County, 2-digit SIC -- by ownership sector","All establishment sizes",0,0,0,0,0,0,0,0
"06996","5","SIC_0C16","29","0",1981,"4","N","Overseas Locations -- California","Private","SIC 16 Heavy Construction, ex. Building","County, 2-digit SIC -- by ownership sector","All establishment sizes",0,0,0,0,0,0,0,0
"06996","5","SIC_0D","28","0",1981,"1","N","Overseas Locations -- California","Private","Manufacturing Division","County, Industry Division -- by ownership sector","All establishment sizes",0,0,0,0,0,0,0,0
"06996","5","SIC_0D","28","0",1981,"3","N","Overseas Locations -- California","Private","Manufacturing Division","County, Industry Division -- by ownership sector","All establishment sizes",0,0,0,0,0,0,0,0
"06996","5","SIC_0D","28","0",1981,"4","N","Overseas Locations -- California","Private","Manufacturing Division","County, Industry Division -- by ownership sector","All establishment sizes",0,0,0,0,0,0,0,0
"06996","5","SIC_0D27","29","0",1981,"1","N","Overseas Locations -- California","Private","SIC 27 Printing and Publishing","County, 2-digit SIC -- by ownership sector","All establishment sizes",0,0,0,0,0,0,0,0
"06996","5","SIC_0D27","29","0",1981,"3","N","Overseas Locations -- California","Private","SIC 27 Printing and Publishing","County, 2-digit SIC -- by ownership sector","All establishment sizes",0,0,0,0,0,0,0,0
"06996","5","SIC_0D27","29","0",1981,"4","N","Overseas Locations -- California","Private","SIC 27 Printing and Publishing","County, 2-digit SIC -- by ownership sector","All establishment sizes",0,0,0,0,0,0,0,0
"06996","5","SIC_0E","28","0",1981,"1","N","Overseas Locations -- California","Private","Transportation and Public Utilities Division","County, Industry Division -- by ownership sector","All establishment sizes",0,0,0,0,0,0,0,0
"06996","5","SIC_0E","28","0",1981,"2","","Overseas Locations -- California","Private","Transportation and Public Utilities Division","County, Industry Division -- by ownership sector","All establishment sizes",3,482,480,491,3360738,0,0,533
"06996","5","SIC_0E","28","0",1981,"3","","Overseas Locations -- California","Private","Transportation and Public Utilities Division","County, Industry Division -- by ownership sector","All establishment sizes",3,423,428,435,4392540,0,0,788
"06996","5","SIC_0E","28","0",1981,"4","N","Overseas Locations -- California","Private","Transportation and Public Utilities Division","County, Industry Division -- by ownership sector","All establishment sizes",0,0,0,0,0,0,0,0
"06996","5","SIC_0E44","29","0",1981,"1","N","Overseas Locations -- California","Private","SIC 44 Water Transportation","County, 2-digit SIC -- by ownership sector","All establishment sizes",0,0,0,0,0,0,0,0
"06996","5","SIC_0E44","29","0",1981,"2","N","Overseas Locations -- California","Private","SIC 44 Water Transportation","County, 2-digit SIC -- by ownership sector","All establishment sizes",0,0,0,0,0,0,0,0
"06996","5","SIC_0E44","29","0",1981,"3","N","Overseas Locations -- California","Private","SIC 44 Water Transportation","County, 2-digit SIC -- by ownership sector","All establishment sizes",0,0,0,0,0,0,0,0
"06996","5","SIC_0E44","29","0",1981,"4","N","Overseas Locations -- California","Private","SIC 44 Water Transportation","County, 2-digit SIC -- by ownership sector","All establishment sizes",0,0,0,0,0,0,0,0
"06996","5","SIC_0E47","29","0",1981,"1","","Overseas Locations -- California","Private","SIC 47 Transportation Services","County, 2-digit SIC -- by ownership sector","All establishment sizes",0,0,0,0,0,0,0,0
"06996","5","SIC_0E47","29","0",1981,"2","N","Overseas Locations -- California","Private","SIC 47 Transportation Services","County, 2-digit SIC -- by ownership sector","All establishment sizes",0,0,0,0,0,0,0,0
"06996","5","SIC_0E47","29","0",1981,"3","N","Overseas Locations -- California","Private","SIC 47 Transportation Services","County, 2-digit SIC -- by ownership sector","All establishment sizes",0,0,0,0,0,0,0,0
"06996","5","SIC_0E47","29","0",1981,"4","","Overseas Locations -- California","Private","SIC 47 Transportation Services","County, 2-digit SIC -- by ownership sector","All establishment sizes",0,0,0,0,0,0,0,0
"06996","5","SIC_0F","28","0",1981,"1","N","Overseas Locations -- California","Private","Wholesale Trade Division","County, Industry Division -- by ownership sector","All establishment sizes",0,0,0,0,0,0,0,0
"06996","5","SIC_0F","28","0",1981,"2","N","Overseas Locations -- California","Private","Wholesale Trade Division","County, Industry Division -- by ownership sector","All establishment sizes",0,0,0,0,0,0,0,0
"06996","5","SIC_0F","28","0",1981,"3","N","Overseas Locations -- California","Private","Wholesale Trade Division","County, Industry Division -- by ownership sector","All establishment sizes",0,0,0,0,0,0,0,0
"06996","5","SIC_0F","28","0",1981,"4","N","Overseas Locations -- California","Private","Wholesale Trade Division","County, Industry Division -- by ownership sector","All establishment sizes",0,0,0,0,0,0,0,0
"06996","5","SIC_0F50","29","0",1981,"1","N","Overseas Locations -- California","Private","SIC 50 Wholesale Trade Durable Goods","County, 2-digit SIC -- by ownership sector","All establishment sizes",0,0,0,0,0,0,0,0
"06996","5","SIC_0F50","29","0",1981,"2","N","Overseas Locations -- California","Private","SIC 50 Wholesale Trade Durable Goods","County, 2-digit SIC -- by ownership sector","All establishment sizes",0,0,0,0,0,0,0,0
"06996","5","SIC_0F50","29","0",1981,"3","N","Overseas Locations -- California","Private","SIC 50 Wholesale Trade Durable Goods","County, 2-digit SIC -- by ownership sector","All establishment sizes",0,0,0,0,0,0,0,0
"06996","5","SIC_0F50","29","0",1981,"4","N","Overseas Locations -- California","Private","SIC 50 Wholesale Trade Durable Goods","County, 2-digit SIC -- by ownership sector","All establishment sizes",0,0,0,0,0,0,0,0
"06996","5","SIC_0H","28","0",1981,"1","","Overseas Locations -- California","Private","Finance, Insurance, and Real Estate Division","County, Industry Division -- by ownership sector","All establishment sizes",0,0,0,0,0,0,0,0
"06996","5","SIC_0H","28","0",1981,"2","","Overseas Locations -- California","Private","Finance, Insurance, and Real Estate Division","County, Industry Division -- by ownership sector","All establishment sizes",0,0,0,0,0,0,0,0
"06996","5","SIC_0H","28","0",1981,"3","N","Overseas Locations -- California","Private","Finance, Insurance, and Real Estate Division","County, Industry Division -- by ownership sector","All establishment sizes",0,0,0,0,0,0,0,0
"06996","5","SIC_0H","28","0",1981,"4","N","Overseas Locations -- California","Private","Finance, Insurance, and Real Estate Division","County, Industry Division -- by ownership sector","All establishment sizes",0,0,0,0,0,0,0,0
"06996","5","SIC_0H63","29","0",1981,"1","","Overseas Locations -- California","Private","SIC 63 Insurance Carriers","County, 2-digit SIC -- by ownership sector","All establishment sizes",0,0,0,0,0,0,0,0
"06996","5","SIC_0H63","29","0",1981,"2","","Overseas Locations -- California","Private","SIC 63 Insurance Carriers","County, 2-digit SIC -- by ownership sector","All establishment sizes",0,0,0,0,0,0,0,0
"06996","5","SIC_0H63","29","0",1981,"3","N","Overseas Locations -- California","Private","SIC 63 Insurance Carriers","County, 2-digit SIC -- by ownership sector","All establishment sizes",0,0,0,0,0,0,0,0
"06996","5","SIC_0H63","29","0",1981,"4","N","Overseas Locations -- California","Private","SIC 63 Insurance Carriers","County, 2-digit SIC -- by ownership sector","All establishment sizes",0,0,0,0,0,0,0,0
"06996","5","SIC_0I","28","0",1981,"1","N","Overseas Locations -- California","Private","Services Division","County, Industry Division -- by ownership sector","All establishment sizes",0,0,0,0,0,0,0,0
"06996","5","SIC_0I","28","0",1981,"2","N","Overseas Locations -- California","Private","Services Division","County, Industry Division -- by ownership sector","All establishment sizes",0,0,0,0,0,0,0,0
"06996","5","SIC_0I","28","0",1981,"3","N","Overseas Locations -- California","Private","Services Division","County, Industry Division -- by ownership sector","All establishment sizes",0,0,0,0,0,0,0,0
"06996","5","SIC_0I","28","0",1981,"4","N","Overseas Locations -- California","Private","Services Division","County, Industry Division -- by ownership sector","All establishment sizes",0,0,0,0,0,0,0,0
"06996","5","SIC_0I73","29","0",1981,"1","N","Overseas Locations -- California","Private","SIC 73 Business Services","County, 2-digit SIC -- by ownership sector","All establishment sizes",0,0,0,0,0,0,0,0
"06996","5","SIC_0I73","29","0",1981,"2","N","Overseas Locations -- California","Private","SIC 73 Business Services","County, 2-digit SIC -- by ownership sector","All establishment sizes",0,0,0,0,0,0,0,0
"06996","5","SIC_0I73","29","0",1981,"3","N","Overseas Locations -- California","Private","SIC 73 Business Services","County, 2-digit SIC -- by ownership sector","All establishment sizes",0,0,0,0,0,0,0,0
"06996","5","SIC_0I73","29","0",1981,"4","N","Overseas Locations -- California","Private","SIC 73 Business Services","County, 2-digit SIC -- by ownership sector","All establishment sizes",0,0,0,0,0,0,0,0
"06996","5","SIC_0I80","29","0",1981,"1","N","Overseas Locations -- California","Private","SIC 80 Health Services","County, 2-digit SIC -- by ownership sector","All establishment sizes",0,0,0,0,0,0,0,0
"06996","5","SIC_0I80","29","0",1981,"2","N","Overseas Locations -- California","Private","SIC 80 Health Services","County, 2-digit SIC -- by ownership sector","All establishment sizes",0,0,0,0,0,0,0,0
"06996","5","SIC_0I80","29","0",1981,"3","N","Overseas Locations -- California","Private","SIC 80 Health Services","County, 2-digit SIC -- by ownership sector","All establishment sizes",0,0,0,0,0,0,0,0
"06996","5","SIC_0I80","29","0",1981,"4","N","Overseas Locations -- California","Private","SIC 80 Health Services","County, 2-digit SIC -- by ownership sector","All establishment sizes",0,0,0,0,0,0,0,0
"06996","5","SIC_0K","28","0",1981,"1","N","Overseas Locations -- California","Private","Nonclassifiable Establishments","County, Industry Division -- by ownership sector","All establishment sizes",0,0,0,0,0,0,0,0
"06996","5","SIC_0K","28","0",1981,"2","N","Overseas Locations -- California","Private","Nonclassifiable Establishments","County, Industry Division -- by ownership sector","All establishment sizes",0,0,0,0,0,0,0,0
"06996","5","SIC_0K","28","0",1981,"3","N","Overseas Locations -- California","Private","Nonclassifiable Establishments","County, Industry Division -- by ownership sector","All establishment sizes",0,0,0,0,0,0,0,0
"06996","5","SIC_0K","28","0",1981,"4","N","Overseas Locations -- California","Private","Nonclassifiable Establishments","County, Industry Division -- by ownership sector","All establishment sizes",0,0,0,0,0,0,0,0
"06996","5","SIC_0K99","29","0",1981,"1","N","Overseas Locations -- California","Private","SIC 99 Nonclassifiable Establishments","County, 2-digit SIC -- by ownership sector","All establishment sizes",0,0,0,0,0,0,0,0
"06996","5","SIC_0K99","29","0",1981,"2","N","Overseas Locations -- California","Private","SIC 99 Nonclassifiable Establishments","County, 2-digit SIC -- by ownership sector","All establishment sizes",0,0,0,0,0,0,0,0
"06996","5","SIC_0K99","29","0",1981,"3","N","Overseas Locations -- California","Private","SIC 99 Nonclassifiable Establishments","County, 2-digit SIC -- by ownership sector","All establishment sizes",0,0,0,0,0,0,0,0
"06996","5","SIC_0K99","29","0",1981,"4","N","Overseas Locations -- California","Private","SIC 99 Nonclassifiable Establishments","County, 2-digit SIC -- by ownership sector","All establishment sizes",0,0,0,0,0,0,0,0
