"area_fips","own_code","industry_code","agglvl_code","size_code","year","qtr","disclosure_code","area_title","own_title","industry_title","agglvl_title","size_title","qtrly_estabs_count","month1_emplvl","month2_emplvl","month3_emplvl","total_qtrly_wages","taxable_qtrly_wages","qtrly_contributions","avg_wkly_wage"
"12998","0","SIC_0Z","26","0",1981,"1","","Out-of-State, Florida","Total Covered","All Industries","County, Total Covered","All establishment sizes",12,713,741,758,3320306,0,0,346
"12998","0","SIC_0Z","26","0",1981,"2","","Out-of-State, Florida","Total Covered","All Industries","County, Total Covered","All establishment sizes",12,738,740,735,3691811,0,0,384
"12998","0","SIC_0Z","26","0",1981,"3","","Out-of-State, Florida","Total Covered","All Industries","County, Total Covered","All establishment sizes",16,769,772,809,3431079,0,0,336
"12998","0","SIC_0Z","26","0",1981,"4","","Out-of-State, Florida","Total Covered","All Industries","County, Total Covered","All establishment sizes",15,882,877,904,4065325,0,0,352
"12998","2","SIC_0Z","27","0",1981,"1","","Out-of-State, Florida","State Government","All Industries","County, Total -- by ownership sector","All establishment sizes",8,114,127,140,610205,0,0,369
"12998","2","SIC_0Z","27","0",1981,"2","","Out-of-State, Florida","State Government","All Industries","County, Total -- by ownership sector","All establishment sizes",8,132,146,142,674558,0,0,370
"12998","2","SIC_0Z","27","0",1981,"3","","Out-of-State, Florida","State Government","All Industries","County, Total -- by ownership sector","All establishment sizes",8,142,122,144,531447,0,0,300
"12998","2","SIC_0Z","27","0",1981,"4","","Out-of-State, Florida","State Government","All Industries","County, Total -- by ownership sector","All establishment sizes",8,139,131,140,695005,0,0,391
"12998","2","SIC_0I","28","0",1981,"1","","Out-of-State, Florida","State Government","Services Division","County, Industry Division -- by ownership sector","All establishment sizes",3,39,53,67,250281,0,0,363
"12998","2","SIC_0I","28","0",1981,"2","","Out-of-State, Florida","State Government","Services Division","County, Industry Division -- by ownership sector","All establishment sizes",3,53,66,62,311269,0,0,396
"12998","2","SIC_0I","28","0",1981,"3","","Out-of-State, Florida","State Government","Services Division","County, Industry Division -- by ownership sector","All establishment sizes",3,61,41,62,158466,0,0,222
"12998","2","SIC_0I","28","0",1981,"4","","Out-of-State, Florida","State Government","Services Division","County, Industry Division -- by ownership sector","All establishment sizes",3,56,49,58,295182,0,0,417
"12998","2","SIC_0I82","29","0",1981,"1","","Out-of-State, Florida","State Government","SIC 82 Educational Services","County, 2-digit SIC -- by ownership sector","All establishment sizes",3,39,53,67,250281,0,0,363
"12998","2","SIC_0I82","29","0",1981,"2","","Out-of-State, Florida","State Government","SIC 82 Educational Services","County, 2-digit SIC -- by ownership sector","All establishment sizes",3,53,66,62,311269,0,0,396
"12998","2","SIC_0I82","29","0",1981,"3","","Out-of-State, Florida","State Government","SIC 82 Educational Services","County, 2-digit SIC -- by ownership sector","All establishment sizes",3,61,41,62,158466,0,0,222
"12998","2","SIC_0I82","29","0",1981,"4","","Out-of-State, Florida","State Government","SIC 82 Educational Services","County, 2-digit SIC -- by ownership sector","All establishment sizes",3,56,49,58,295182,0,0,417
"12998","2","SIC_0J","28","0",1981,"1","","Out-of-State, Florida","State Government","Public Administration Division","County, Industry Division -- by ownership sector","All establishment sizes",5,75,74,73,359924,0,0,374
"12998","2","SIC_0J","28","0",1981,"2","","Out-of-State, Florida","State Government","Public Administration Division","County, Industry Division -- by ownership sector","All establishment sizes",5,79,80,80,363289,0,0,350
"12998","2","SIC_0J","28","0",1981,"3","","Out-of-State, Florida","State Government","Public Administration Division","County, Industry Division -- by ownership sector","All establishment sizes",5,81,81,82,372981,0,0,352
"12998","2","SIC_0J","28","0",1981,"4","","Out-of-State, Florida","State Government","Public Administration Division","County, Industry Division -- by ownership sector","All establishment sizes",5,83,82,82,399823,0,0,373
"12998","2","SIC_0J94","29","0",1981,"1","N","Out-of-State, Florida","State Government","SIC 94 Administration of Human Resources","County, 2-digit SIC -- by ownership sector","All establishment sizes",0,0,0,0,0,0,0,0
"12998","2","SIC_0J94","29","0",1981,"2","N","Out-of-State, Florida","State Government","SIC 94 Administration of Human Resources","County, 2-digit SIC -- by ownership sector","All establishment sizes",0,0,0,0,0,0,0,0
"12998","2","SIC_0J94","29","0",1981,"3","N","Out-of-State, Florida","State Government","SIC 94 Administration of Human Resources","County, 2-digit SIC -- by ownership sector","All establishment sizes",0,0,0,0,0,0,0,0
"12998","2","SIC_0J94","29","0",1981,"4","N","Out-of-State, Florida","State Government","SIC 94 Administration of Human Resources","County, 2-digit SIC -- by ownership sector","All establishment sizes",0,0,0,0,0,0,0,0
"12998","2","SIC_0J95","29","0",1981,"1","N","Out-of-State, Florida","State Government","SIC 95 Environmental Quality and Housing","County, 2-digit SIC -- by ownership sector","All establishment sizes",0,0,0,0,0,0,0,0
"12998","2","SIC_0J95","29","0",1981,"2","N","Out-of-State, Florida","State Government","SIC 95 Environmental Quality and Housing","County, 2-digit SIC -- by ownership sector","All establishment sizes",0,0,0,0,0,0,0,0
"12998","2","SIC_0J95","29","0",1981,"3","N","Out-of-State, Florida","State Government","SIC 95 Environmental Quality and Housing","County, 2-digit SIC -- by ownership sector","All establishment sizes",0,0,0,0,0,0,0,0
"12998","2","SIC_0J95","29","0",1981,"4","N","Out-of-State, Florida","State Government","SIC 95 Environmental Quality and Housing","County, 2-digit SIC -- by ownership sector","All establishment sizes",0,0,0,0,0,0,0,0
"12998","2","SIC_0J96","29","0",1981,"1","","Out-of-State, Florida","State Government","SIC 96 Administration of Economic Programs","County, 2-digit SIC -- by ownership sector","All establishment sizes",3,70,69,68,342010,0,0,381
"12998","2","SIC_0J96","29","0",1981,"2","","Out-of-State, Florida","State Government","SIC 96 Administration of Economic Programs","County, 2-digit SIC -- by ownership sector","All establishment sizes",3,74,75,74,343753,0,0,355
"12998","2","SIC_0J96","29","0",1981,"3","","Out-of-State, Florida","State Government","SIC 96 Administration of Economic Programs","County, 2-digit SIC -- by ownership sector","All establishment sizes",3,74,74,75,346275,0,0,358
"12998","2","SIC_0J96","29","0",1981,"4","","Out-of-State, Florida","State Government","SIC 96 Administration of Economic Programs","County, 2-digit SIC -- by ownership sector","All establishment sizes",3,76,75,75,370956,0,0,378
"12998","5","SIC_0Z","27","0",1981,"1","","Out-of-State, Florida","Private","All Industries","County, Total -- by ownership sector","All establishment sizes",4,599,614,618,2710101,0,0,341
"12998","5","SIC_0Z","27","0",1981,"2","","Out-of-State, Florida","Private","All Industries","County, Total -- by ownership sector","All establishment sizes",4,606,594,593,3017253,0,0,388
"12998","5","SIC_0Z","27","0",1981,"3","","Out-of-State, Florida","Private","All Industries","County, Total -- by ownership sector","All establishment sizes",8,627,650,665,2899632,0,0,344
"12998","5","SIC_0Z","27","0",1981,"4","","Out-of-State, Florida","Private","All Industries","County, Total -- by ownership sector","All establishment sizes",7,743,746,764,3370320,0,0,345
"12998","5","SIC_0E","28","0",1981,"1","N","Out-of-State, Florida","Private","Transportation and Public Utilities Division","County, Industry Division -- by ownership sector","All establishment sizes",0,0,0,0,0,0,0,0
"12998","5","SIC_0E","28","0",1981,"2","N","Out-of-State, Florida","Private","Transportation and Public Utilities Division","County, Industry Division -- by ownership sector","All establishment sizes",0,0,0,0,0,0,0,0
"12998","5","SIC_0E","28","0",1981,"3","","Out-of-State, Florida","Private","Transportation and Public Utilities Division","County, Industry Division -- by ownership sector","All establishment sizes",4,565,557,568,2204043,0,0,300
"12998","5","SIC_0E","28","0",1981,"4","","Out-of-State, Florida","Private","Transportation and Public Utilities Division","County, Industry Division -- by ownership sector","All establishment sizes",4,574,577,595,2653313,0,0,350
"12998","5","SIC_0E42","29","0",1981,"1","N","Out-of-State, Florida","Private","SIC 42 Trucking And Warehousing","County, 2-digit SIC -- by ownership sector","All establishment sizes",0,0,0,0,0,0,0,0
"12998","5","SIC_0E42","29","0",1981,"2","N","Out-of-State, Florida","Private","SIC 42 Trucking And Warehousing","County, 2-digit SIC -- by ownership sector","All establishment sizes",0,0,0,0,0,0,0,0
"12998","5","SIC_0E42","29","0",1981,"3","N","Out-of-State, Florida","Private","SIC 42 Trucking And Warehousing","County, 2-digit SIC -- by ownership sector","All establishment sizes",0,0,0,0,0,0,0,0
"12998","5","SIC_0E42","29","0",1981,"4","N","Out-of-State, Florida","Private","SIC 42 Trucking And Warehousing","County, 2-digit SIC -- by ownership sector","All establishment sizes",0,0,0,0,0,0,0,0
"12998","5","SIC_0E48","29","0",1981,"1","N","Out-of-State, Florida","Private","SIC 48 Communication","County, 2-digit SIC -- by ownership sector","All establishment sizes",0,0,0,0,0,0,0,0
"12998","5","SIC_0E48","29","0",1981,"2","N","Out-of-State, Florida","Private","SIC 48 Communication","County, 2-digit SIC -- by ownership sector","All establishment sizes",0,0,0,0,0,0,0,0
"12998","5","SIC_0E48","29","0",1981,"3","N","Out-of-State, Florida","Private","SIC 48 Communication","County, 2-digit SIC -- by ownership sector","All establishment sizes",0,0,0,0,0,0,0,0
"12998","5","SIC_0E48","29","0",1981,"4","N","Out-of-State, Florida","Private","SIC 48 Communication","County, 2-digit SIC -- by ownership sector","All establishment sizes",0,0,0,0,0,0,0,0
"12998","5","SIC_0F","28","0",1981,"1","N","Out-of-State, Florida","Private","Wholesale Trade Division","County, Industry Division -- by ownership sector","All establishment sizes",0,0,0,0,0,0,0,0
"12998","5","SIC_0F","28","0",1981,"2","N","Out-of-State, Florida","Private","Wholesale Trade Division","County, Industry Division -- by ownership sector","All establishment sizes",0,0,0,0,0,0,0,0
"12998","5","SIC_0F","28","0",1981,"3","N","Out-of-State, Florida","Private","Wholesale Trade Division","County, Industry Division -- by ownership sector","All establishment sizes",0,0,0,0,0,0,0,0
"12998","5","SIC_0F","28","0",1981,"4","N","Out-of-State, Florida","Private","Wholesale Trade Division","County, Industry Division -- by ownership sector","All establishment sizes",0,0,0,0,0,0,0,0
"12998","5","SIC_0F50","29","0",1981,"1","","Out-of-State, Florida","Private","SIC 50 Wholesale Trade Durable Goods","County, 2-digit SIC -- by ownership sector","All establishment sizes",0,0,0,0,0,0,0,0
"12998","5","SIC_0F50","29","0",1981,"2","","Out-of-State, Florida","Private","SIC 50 Wholesale Trade Durable Goods","County, 2-digit SIC -- by ownership sector","All establishment sizes",0,0,0,0,0,0,0,0
"12998","5","SIC_0F50","29","0",1981,"3","N","Out-of-State, Florida","Private","SIC 50 Wholesale Trade Durable Goods","County, 2-digit SIC -- by ownership sector","All establishment sizes",0,0,0,0,0,0,0,0
"12998","5","SIC_0F50","29","0",1981,"4","","Out-of-State, Florida","Private","SIC 50 Wholesale Trade Durable Goods","County, 2-digit SIC -- by ownership sector","All establishment sizes",0,0,0,0,0,0,0,0
"12998","5","SIC_0F51","29","0",1981,"1","N","Out-of-State, Florida","Private","SIC 51 Wholesale Trade Nondurable Goods","County, 2-digit SIC -- by ownership sector","All establishment sizes",0,0,0,0,0,0,0,0
"12998","5","SIC_0F51","29","0",1981,"2","N","Out-of-State, Florida","Private","SIC 51 Wholesale Trade Nondurable Goods","County, 2-digit SIC -- by ownership sector","All establishment sizes",0,0,0,0,0,0,0,0
"12998","5","SIC_0F51","29","0",1981,"3","N","Out-of-State, Florida","Private","SIC 51 Wholesale Trade Nondurable Goods","County, 2-digit SIC -- by ownership sector","All establishment sizes",0,0,0,0,0,0,0,0
"12998","5","SIC_0F51","29","0",1981,"4","N","Out-of-State, Florida","Private","SIC 51 Wholesale Trade Nondurable Goods","County, 2-digit SIC -- by ownership sector","All establishment sizes",0,0,0,0,0,0,0,0
"12998","5","SIC_0I","28","0",1981,"1","N","Out-of-State, Florida","Private","Services Division","County, Industry Division -- by ownership sector","All establishment sizes",0,0,0,0,0,0,0,0
"12998","5","SIC_0I","28","0",1981,"2","N","Out-of-State, Florida","Private","Services Division","County, Industry Division -- by ownership sector","All establishment sizes",0,0,0,0,0,0,0,0
"12998","5","SIC_0I","28","0",1981,"3","N","Out-of-State, Florida","Private","Services Division","County, Industry Division -- by ownership sector","All establishment sizes",0,0,0,0,0,0,0,0
"12998","5","SIC_0I","28","0",1981,"4","N","Out-of-State, Florida","Private","Services Division","County, Industry Division -- by ownership sector","All establishment sizes",0,0,0,0,0,0,0,0
"12998","5","SIC_0I73","29","0",1981,"1","","Out-of-State, Florida","Private","SIC 73 Business Services","County, 2-digit SIC -- by ownership sector","All establishment sizes",0,0,0,0,0,0,0,0
"12998","5","SIC_0I73","29","0",1981,"2","","Out-of-State, Florida","Private","SIC 73 Business Services","County, 2-digit SIC -- by ownership sector","All establishment sizes",0,0,0,0,0,0,0,0
"12998","5","SIC_0I73","29","0",1981,"3","","Out-of-State, Florida","Private","SIC 73 Business Services","County, 2-digit SIC -- by ownership sector","All establishment sizes",0,0,0,0,0,0,0,0
"12998","5","SIC_0I73","29","0",1981,"4","N","Out-of-State, Florida","Private","SIC 73 Business Services","County, 2-digit SIC -- by ownership sector","All establishment sizes",0,0,0,0,0,0,0,0
"12998","5","SIC_0I89","29","0",1981,"1","N","Out-of-State, Florida","Private","SIC 89 Services, Nec","County, 2-digit SIC -- by ownership sector","All establishment sizes",0,0,0,0,0,0,0,0
"12998","5","SIC_0I89","29","0",1981,"2","N","Out-of-State, Florida","Private","SIC 89 Services, Nec","County, 2-digit SIC -- by ownership sector","All establishment sizes",0,0,0,0,0,0,0,0
"12998","5","SIC_0I89","29","0",1981,"3","N","Out-of-State, Florida","Private","SIC 89 Services, Nec","County, 2-digit SIC -- by ownership sector","All establishment sizes",0,0,0,0,0,0,0,0
"12998","5","SIC_0I89","29","0",1981,"4","N","Out-of-State, Florida","Private","SIC 89 Services, Nec","County, 2-digit SIC -- by ownership sector","All establishment sizes",0,0,0,0,0,0,0,0
