"area_fips","own_code","industry_code","agglvl_code","size_code","year","qtr","disclosure_code","area_title","own_title","industry_title","agglvl_title","size_title","qtrly_estabs_count","month1_emplvl","month2_emplvl","month3_emplvl","total_qtrly_wages","taxable_qtrly_wages","qtrly_contributions","avg_wkly_wage"
"05073","0","SIC_0Z","26","0",1981,"1","","Lafayette County, Arkansas","Total Covered","All Industries","County, Total Covered","All establishment sizes",230,2192,2238,2240,6059332,0,0,209
"05073","0","SIC_0Z","26","0",1981,"2","","Lafayette County, Arkansas","Total Covered","All Industries","County, Total Covered","All establishment sizes",229,2194,2162,2121,6147326,0,0,219
"05073","0","SIC_0Z","26","0",1981,"3","","Lafayette County, Arkansas","Total Covered","All Industries","County, Total Covered","All establishment sizes",225,2091,2122,2148,6206737,0,0,225
"05073","0","SIC_0Z","26","0",1981,"4","","Lafayette County, Arkansas","Total Covered","All Industries","County, Total Covered","All establishment sizes",228,2171,2185,2214,6623896,0,0,232
"05073","1","SIC_0Z","27","0",1981,"1","","Lafayette County, Arkansas","Federal Government","All Industries","County, Total -- by ownership sector","All establishment sizes",9,37,37,37,158195,0,0,328
"05073","1","SIC_0Z","27","0",1981,"2","","Lafayette County, Arkansas","Federal Government","All Industries","County, Total -- by ownership sector","All establishment sizes",9,37,37,34,145092,0,0,310
"05073","1","SIC_0Z","27","0",1981,"3","","Lafayette County, Arkansas","Federal Government","All Industries","County, Total -- by ownership sector","All establishment sizes",8,33,33,33,147874,0,0,344
"05073","1","SIC_0Z","27","0",1981,"4","","Lafayette County, Arkansas","Federal Government","All Industries","County, Total -- by ownership sector","All establishment sizes",8,37,31,35,156100,0,0,349
"05073","1","SIC_0E","28","0",1981,"1","","Lafayette County, Arkansas","Federal Government","Transportation and Public Utilities Division","County, Industry Division -- by ownership sector","All establishment sizes",3,19,19,19,99443,0,0,402
"05073","1","SIC_0E","28","0",1981,"2","","Lafayette County, Arkansas","Federal Government","Transportation and Public Utilities Division","County, Industry Division -- by ownership sector","All establishment sizes",3,18,18,18,84745,0,0,362
"05073","1","SIC_0E","28","0",1981,"3","","Lafayette County, Arkansas","Federal Government","Transportation and Public Utilities Division","County, Industry Division -- by ownership sector","All establishment sizes",3,19,19,19,97415,0,0,394
"05073","1","SIC_0E","28","0",1981,"4","","Lafayette County, Arkansas","Federal Government","Transportation and Public Utilities Division","County, Industry Division -- by ownership sector","All establishment sizes",3,20,18,22,100242,0,0,385
"05073","1","SIC_0E43","29","0",1981,"1","","Lafayette County, Arkansas","Federal Government","SIC 43 U.S. Postal Service","County, 2-digit SIC -- by ownership sector","All establishment sizes",3,19,19,19,99443,0,0,402
"05073","1","SIC_0E43","29","0",1981,"2","","Lafayette County, Arkansas","Federal Government","SIC 43 U.S. Postal Service","County, 2-digit SIC -- by ownership sector","All establishment sizes",3,18,18,18,84745,0,0,362
"05073","1","SIC_0E43","29","0",1981,"3","","Lafayette County, Arkansas","Federal Government","SIC 43 U.S. Postal Service","County, 2-digit SIC -- by ownership sector","All establishment sizes",3,19,19,19,97415,0,0,394
"05073","1","SIC_0E43","29","0",1981,"4","","Lafayette County, Arkansas","Federal Government","SIC 43 U.S. Postal Service","County, 2-digit SIC -- by ownership sector","All establishment sizes",3,20,18,22,100242,0,0,385
"05073","1","SIC_0H","28","0",1981,"1","","Lafayette County, Arkansas","Federal Government","Finance, Insurance, and Real Estate Division","County, Industry Division -- by ownership sector","All establishment sizes",1,7,7,7,15458,0,0,169
"05073","1","SIC_0H","28","0",1981,"2","","Lafayette County, Arkansas","Federal Government","Finance, Insurance, and Real Estate Division","County, Industry Division -- by ownership sector","All establishment sizes",1,7,7,4,18593,0,0,238
"05073","1","SIC_0H","28","0",1981,"3","","Lafayette County, Arkansas","Federal Government","Finance, Insurance, and Real Estate Division","County, Industry Division -- by ownership sector","All establishment sizes",1,4,4,4,15709,0,0,302
"05073","1","SIC_0H","28","0",1981,"4","","Lafayette County, Arkansas","Federal Government","Finance, Insurance, and Real Estate Division","County, Industry Division -- by ownership sector","All establishment sizes",1,7,3,3,15286,0,0,271
"05073","1","SIC_0H61","29","0",1981,"1","","Lafayette County, Arkansas","Federal Government","SIC 61 Nondepository Institutions","County, 2-digit SIC -- by ownership sector","All establishment sizes",1,7,7,7,15458,0,0,169
"05073","1","SIC_0H61","29","0",1981,"2","","Lafayette County, Arkansas","Federal Government","SIC 61 Nondepository Institutions","County, 2-digit SIC -- by ownership sector","All establishment sizes",1,7,7,4,18593,0,0,238
"05073","1","SIC_0H61","29","0",1981,"3","","Lafayette County, Arkansas","Federal Government","SIC 61 Nondepository Institutions","County, 2-digit SIC -- by ownership sector","All establishment sizes",1,4,4,4,15709,0,0,302
"05073","1","SIC_0H61","29","0",1981,"4","","Lafayette County, Arkansas","Federal Government","SIC 61 Nondepository Institutions","County, 2-digit SIC -- by ownership sector","All establishment sizes",1,7,3,3,15286,0,0,271
"05073","1","SIC_0J","28","0",1981,"1","","Lafayette County, Arkansas","Federal Government","Public Administration Division","County, Industry Division -- by ownership sector","All establishment sizes",5,11,11,11,43294,0,0,302
"05073","1","SIC_0J","28","0",1981,"2","","Lafayette County, Arkansas","Federal Government","Public Administration Division","County, Industry Division -- by ownership sector","All establishment sizes",5,12,12,12,41754,0,0,267
"05073","1","SIC_0J","28","0",1981,"3","","Lafayette County, Arkansas","Federal Government","Public Administration Division","County, Industry Division -- by ownership sector","All establishment sizes",4,10,10,10,34750,0,0,267
"05073","1","SIC_0J","28","0",1981,"4","","Lafayette County, Arkansas","Federal Government","Public Administration Division","County, Industry Division -- by ownership sector","All establishment sizes",4,10,10,10,40572,0,0,312
"05073","1","SIC_0J95","29","0",1981,"1","","Lafayette County, Arkansas","Federal Government","SIC 95 Environmental Quality and Housing","County, 2-digit SIC -- by ownership sector","All establishment sizes",2,6,6,6,17167,0,0,220
"05073","1","SIC_0J95","29","0",1981,"2","","Lafayette County, Arkansas","Federal Government","SIC 95 Environmental Quality and Housing","County, 2-digit SIC -- by ownership sector","All establishment sizes",2,7,7,7,20632,0,0,226
"05073","1","SIC_0J95","29","0",1981,"3","","Lafayette County, Arkansas","Federal Government","SIC 95 Environmental Quality and Housing","County, 2-digit SIC -- by ownership sector","All establishment sizes",2,6,6,6,18956,0,0,243
"05073","1","SIC_0J95","29","0",1981,"4","","Lafayette County, Arkansas","Federal Government","SIC 95 Environmental Quality and Housing","County, 2-digit SIC -- by ownership sector","All establishment sizes",2,6,6,6,21266,0,0,272
"05073","1","SIC_0J96","29","0",1981,"1","","Lafayette County, Arkansas","Federal Government","SIC 96 Administration of Economic Programs","County, 2-digit SIC -- by ownership sector","All establishment sizes",3,5,5,5,26127,0,0,401
"05073","1","SIC_0J96","29","0",1981,"2","","Lafayette County, Arkansas","Federal Government","SIC 96 Administration of Economic Programs","County, 2-digit SIC -- by ownership sector","All establishment sizes",3,5,5,5,21122,0,0,324
"05073","1","SIC_0J96","29","0",1981,"3","","Lafayette County, Arkansas","Federal Government","SIC 96 Administration of Economic Programs","County, 2-digit SIC -- by ownership sector","All establishment sizes",2,4,4,4,15794,0,0,303
"05073","1","SIC_0J96","29","0",1981,"4","","Lafayette County, Arkansas","Federal Government","SIC 96 Administration of Economic Programs","County, 2-digit SIC -- by ownership sector","All establishment sizes",2,4,4,4,19306,0,0,371
"05073","2","SIC_0Z","27","0",1981,"1","","Lafayette County, Arkansas","State Government","All Industries","County, Total -- by ownership sector","All establishment sizes",8,47,47,47,154674,0,0,253
"05073","2","SIC_0Z","27","0",1981,"2","","Lafayette County, Arkansas","State Government","All Industries","County, Total -- by ownership sector","All establishment sizes",8,46,45,46,139233,0,0,234
"05073","2","SIC_0Z","27","0",1981,"3","N","Lafayette County, Arkansas","State Government","All Industries","County, Total -- by ownership sector","All establishment sizes",0,0,0,0,0,0,0,0
"05073","2","SIC_0Z","27","0",1981,"4","N","Lafayette County, Arkansas","State Government","All Industries","County, Total -- by ownership sector","All establishment sizes",0,0,0,0,0,0,0,0
"05073","2","SIC_0C","28","0",1981,"1","N","Lafayette County, Arkansas","State Government","Construction Division","County, Industry Division -- by ownership sector","All establishment sizes",0,0,0,0,0,0,0,0
"05073","2","SIC_0C","28","0",1981,"2","N","Lafayette County, Arkansas","State Government","Construction Division","County, Industry Division -- by ownership sector","All establishment sizes",0,0,0,0,0,0,0,0
"05073","2","SIC_0C","28","0",1981,"3","N","Lafayette County, Arkansas","State Government","Construction Division","County, Industry Division -- by ownership sector","All establishment sizes",0,0,0,0,0,0,0,0
"05073","2","SIC_0C","28","0",1981,"4","N","Lafayette County, Arkansas","State Government","Construction Division","County, Industry Division -- by ownership sector","All establishment sizes",0,0,0,0,0,0,0,0
"05073","2","SIC_0C16","29","0",1981,"1","N","Lafayette County, Arkansas","State Government","SIC 16 Heavy Construction, ex. Building","County, 2-digit SIC -- by ownership sector","All establishment sizes",0,0,0,0,0,0,0,0
"05073","2","SIC_0C16","29","0",1981,"2","N","Lafayette County, Arkansas","State Government","SIC 16 Heavy Construction, ex. Building","County, 2-digit SIC -- by ownership sector","All establishment sizes",0,0,0,0,0,0,0,0
"05073","2","SIC_0C16","29","0",1981,"3","N","Lafayette County, Arkansas","State Government","SIC 16 Heavy Construction, ex. Building","County, 2-digit SIC -- by ownership sector","All establishment sizes",0,0,0,0,0,0,0,0
"05073","2","SIC_0C16","29","0",1981,"4","N","Lafayette County, Arkansas","State Government","SIC 16 Heavy Construction, ex. Building","County, 2-digit SIC -- by ownership sector","All establishment sizes",0,0,0,0,0,0,0,0
"05073","2","SIC_0I","28","0",1981,"1","N","Lafayette County, Arkansas","State Government","Services Division","County, Industry Division -- by ownership sector","All establishment sizes",0,0,0,0,0,0,0,0
"05073","2","SIC_0I","28","0",1981,"2","N","Lafayette County, Arkansas","State Government","Services Division","County, Industry Division -- by ownership sector","All establishment sizes",0,0,0,0,0,0,0,0
"05073","2","SIC_0I","28","0",1981,"3","N","Lafayette County, Arkansas","State Government","Services Division","County, Industry Division -- by ownership sector","All establishment sizes",0,0,0,0,0,0,0,0
"05073","2","SIC_0I","28","0",1981,"4","N","Lafayette County, Arkansas","State Government","Services Division","County, Industry Division -- by ownership sector","All establishment sizes",0,0,0,0,0,0,0,0
"05073","2","SIC_0I83","29","0",1981,"1","N","Lafayette County, Arkansas","State Government","SIC 83 Social Services","County, 2-digit SIC -- by ownership sector","All establishment sizes",0,0,0,0,0,0,0,0
"05073","2","SIC_0I83","29","0",1981,"2","N","Lafayette County, Arkansas","State Government","SIC 83 Social Services","County, 2-digit SIC -- by ownership sector","All establishment sizes",0,0,0,0,0,0,0,0
"05073","2","SIC_0I83","29","0",1981,"3","N","Lafayette County, Arkansas","State Government","SIC 83 Social Services","County, 2-digit SIC -- by ownership sector","All establishment sizes",0,0,0,0,0,0,0,0
"05073","2","SIC_0I83","29","0",1981,"4","N","Lafayette County, Arkansas","State Government","SIC 83 Social Services","County, 2-digit SIC -- by ownership sector","All establishment sizes",0,0,0,0,0,0,0,0
"05073","2","SIC_0J","28","0",1981,"1","","Lafayette County, Arkansas","State Government","Public Administration Division","County, Industry Division -- by ownership sector","All establishment sizes",6,21,21,21,66183,0,0,242
"05073","2","SIC_0J","28","0",1981,"2","","Lafayette County, Arkansas","State Government","Public Administration Division","County, Industry Division -- by ownership sector","All establishment sizes",6,20,20,20,64643,0,0,248
"05073","2","SIC_0J","28","0",1981,"3","","Lafayette County, Arkansas","State Government","Public Administration Division","County, Industry Division -- by ownership sector","All establishment sizes",6,19,19,19,74893,0,0,303
"05073","2","SIC_0J","28","0",1981,"4","","Lafayette County, Arkansas","State Government","Public Administration Division","County, Industry Division -- by ownership sector","All establishment sizes",6,19,19,19,67900,0,0,274
"05073","2","SIC_0J92","29","0",1981,"1","N","Lafayette County, Arkansas","State Government","SIC 92 Justice, Public Order, and Safety","County, 2-digit SIC -- by ownership sector","All establishment sizes",0,0,0,0,0,0,0,0
"05073","2","SIC_0J92","29","0",1981,"2","N","Lafayette County, Arkansas","State Government","SIC 92 Justice, Public Order, and Safety","County, 2-digit SIC -- by ownership sector","All establishment sizes",0,0,0,0,0,0,0,0
"05073","2","SIC_0J92","29","0",1981,"3","N","Lafayette County, Arkansas","State Government","SIC 92 Justice, Public Order, and Safety","County, 2-digit SIC -- by ownership sector","All establishment sizes",0,0,0,0,0,0,0,0
"05073","2","SIC_0J92","29","0",1981,"4","N","Lafayette County, Arkansas","State Government","SIC 92 Justice, Public Order, and Safety","County, 2-digit SIC -- by ownership sector","All establishment sizes",0,0,0,0,0,0,0,0
"05073","2","SIC_0J93","29","0",1981,"1","N","Lafayette County, Arkansas","State Government","SIC 93 Finance, Taxation, and Monetary Policy","County, 2-digit SIC -- by ownership sector","All establishment sizes",0,0,0,0,0,0,0,0
"05073","2","SIC_0J93","29","0",1981,"2","N","Lafayette County, Arkansas","State Government","SIC 93 Finance, Taxation, and Monetary Policy","County, 2-digit SIC -- by ownership sector","All establishment sizes",0,0,0,0,0,0,0,0
"05073","2","SIC_0J93","29","0",1981,"3","N","Lafayette County, Arkansas","State Government","SIC 93 Finance, Taxation, and Monetary Policy","County, 2-digit SIC -- by ownership sector","All establishment sizes",0,0,0,0,0,0,0,0
"05073","2","SIC_0J93","29","0",1981,"4","N","Lafayette County, Arkansas","State Government","SIC 93 Finance, Taxation, and Monetary Policy","County, 2-digit SIC -- by ownership sector","All establishment sizes",0,0,0,0,0,0,0,0
"05073","2","SIC_0J94","29","0",1981,"1","N","Lafayette County, Arkansas","State Government","SIC 94 Administration of Human Resources","County, 2-digit SIC -- by ownership sector","All establishment sizes",0,0,0,0,0,0,0,0
"05073","2","SIC_0J94","29","0",1981,"2","N","Lafayette County, Arkansas","State Government","SIC 94 Administration of Human Resources","County, 2-digit SIC -- by ownership sector","All establishment sizes",0,0,0,0,0,0,0,0
"05073","2","SIC_0J94","29","0",1981,"3","N","Lafayette County, Arkansas","State Government","SIC 94 Administration of Human Resources","County, 2-digit SIC -- by ownership sector","All establishment sizes",0,0,0,0,0,0,0,0
"05073","2","SIC_0J94","29","0",1981,"4","N","Lafayette County, Arkansas","State Government","SIC 94 Administration of Human Resources","County, 2-digit SIC -- by ownership sector","All establishment sizes",0,0,0,0,0,0,0,0
"05073","2","SIC_0J95","29","0",1981,"1","N","Lafayette County, Arkansas","State Government","SIC 95 Environmental Quality and Housing","County, 2-digit SIC -- by ownership sector","All establishment sizes",0,0,0,0,0,0,0,0
"05073","2","SIC_0J95","29","0",1981,"2","N","Lafayette County, Arkansas","State Government","SIC 95 Environmental Quality and Housing","County, 2-digit SIC -- by ownership sector","All establishment sizes",0,0,0,0,0,0,0,0
"05073","2","SIC_0J95","29","0",1981,"3","N","Lafayette County, Arkansas","State Government","SIC 95 Environmental Quality and Housing","County, 2-digit SIC -- by ownership sector","All establishment sizes",0,0,0,0,0,0,0,0
"05073","2","SIC_0J95","29","0",1981,"4","N","Lafayette County, Arkansas","State Government","SIC 95 Environmental Quality and Housing","County, 2-digit SIC -- by ownership sector","All establishment sizes",0,0,0,0,0,0,0,0
"05073","2","SIC_0J96","29","0",1981,"1","N","Lafayette County, Arkansas","State Government","SIC 96 Administration of Economic Programs","County, 2-digit SIC -- by ownership sector","All establishment sizes",0,0,0,0,0,0,0,0
"05073","2","SIC_0J96","29","0",1981,"2","N","Lafayette County, Arkansas","State Government","SIC 96 Administration of Economic Programs","County, 2-digit SIC -- by ownership sector","All establishment sizes",0,0,0,0,0,0,0,0
"05073","2","SIC_0J96","29","0",1981,"3","N","Lafayette County, Arkansas","State Government","SIC 96 Administration of Economic Programs","County, 2-digit SIC -- by ownership sector","All establishment sizes",0,0,0,0,0,0,0,0
"05073","2","SIC_0J96","29","0",1981,"4","N","Lafayette County, Arkansas","State Government","SIC 96 Administration of Economic Programs","County, 2-digit SIC -- by ownership sector","All establishment sizes",0,0,0,0,0,0,0,0
"05073","3","SIC_0Z","27","0",1981,"1","","Lafayette County, Arkansas","Local Government","All Industries","County, Total -- by ownership sector","All establishment sizes",19,416,414,413,971775,0,0,180
"05073","3","SIC_0Z","27","0",1981,"2","","Lafayette County, Arkansas","Local Government","All Industries","County, Total -- by ownership sector","All establishment sizes",19,382,390,350,889534,0,0,182
"05073","3","SIC_0Z","27","0",1981,"3","N","Lafayette County, Arkansas","Local Government","All Industries","County, Total -- by ownership sector","All establishment sizes",0,0,0,0,0,0,0,0
"05073","3","SIC_0Z","27","0",1981,"4","N","Lafayette County, Arkansas","Local Government","All Industries","County, Total -- by ownership sector","All establishment sizes",0,0,0,0,0,0,0,0
"05073","3","SIC_0C","28","0",1981,"1","N","Lafayette County, Arkansas","Local Government","Construction Division","County, Industry Division -- by ownership sector","All establishment sizes",0,0,0,0,0,0,0,0
"05073","3","SIC_0C","28","0",1981,"2","N","Lafayette County, Arkansas","Local Government","Construction Division","County, Industry Division -- by ownership sector","All establishment sizes",0,0,0,0,0,0,0,0
"05073","3","SIC_0C","28","0",1981,"3","N","Lafayette County, Arkansas","Local Government","Construction Division","County, Industry Division -- by ownership sector","All establishment sizes",0,0,0,0,0,0,0,0
"05073","3","SIC_0C","28","0",1981,"4","N","Lafayette County, Arkansas","Local Government","Construction Division","County, Industry Division -- by ownership sector","All establishment sizes",0,0,0,0,0,0,0,0
"05073","3","SIC_0C16","29","0",1981,"1","N","Lafayette County, Arkansas","Local Government","SIC 16 Heavy Construction, ex. Building","County, 2-digit SIC -- by ownership sector","All establishment sizes",0,0,0,0,0,0,0,0
"05073","3","SIC_0C16","29","0",1981,"2","N","Lafayette County, Arkansas","Local Government","SIC 16 Heavy Construction, ex. Building","County, 2-digit SIC -- by ownership sector","All establishment sizes",0,0,0,0,0,0,0,0
"05073","3","SIC_0C16","29","0",1981,"3","N","Lafayette County, Arkansas","Local Government","SIC 16 Heavy Construction, ex. Building","County, 2-digit SIC -- by ownership sector","All establishment sizes",0,0,0,0,0,0,0,0
"05073","3","SIC_0C16","29","0",1981,"4","N","Lafayette County, Arkansas","Local Government","SIC 16 Heavy Construction, ex. Building","County, 2-digit SIC -- by ownership sector","All establishment sizes",0,0,0,0,0,0,0,0
"05073","3","SIC_0E","28","0",1981,"1","N","Lafayette County, Arkansas","Local Government","Transportation and Public Utilities Division","County, Industry Division -- by ownership sector","All establishment sizes",0,0,0,0,0,0,0,0
"05073","3","SIC_0E","28","0",1981,"2","N","Lafayette County, Arkansas","Local Government","Transportation and Public Utilities Division","County, Industry Division -- by ownership sector","All establishment sizes",0,0,0,0,0,0,0,0
"05073","3","SIC_0E","28","0",1981,"3","N","Lafayette County, Arkansas","Local Government","Transportation and Public Utilities Division","County, Industry Division -- by ownership sector","All establishment sizes",0,0,0,0,0,0,0,0
"05073","3","SIC_0E","28","0",1981,"4","N","Lafayette County, Arkansas","Local Government","Transportation and Public Utilities Division","County, Industry Division -- by ownership sector","All establishment sizes",0,0,0,0,0,0,0,0
"05073","3","SIC_0E49","29","0",1981,"1","N","Lafayette County, Arkansas","Local Government","SIC 49 Electric, Gas, And Sanitary Services","County, 2-digit SIC -- by ownership sector","All establishment sizes",0,0,0,0,0,0,0,0
"05073","3","SIC_0E49","29","0",1981,"2","N","Lafayette County, Arkansas","Local Government","SIC 49 Electric, Gas, And Sanitary Services","County, 2-digit SIC -- by ownership sector","All establishment sizes",0,0,0,0,0,0,0,0
"05073","3","SIC_0E49","29","0",1981,"3","N","Lafayette County, Arkansas","Local Government","SIC 49 Electric, Gas, And Sanitary Services","County, 2-digit SIC -- by ownership sector","All establishment sizes",0,0,0,0,0,0,0,0
"05073","3","SIC_0E49","29","0",1981,"4","N","Lafayette County, Arkansas","Local Government","SIC 49 Electric, Gas, And Sanitary Services","County, 2-digit SIC -- by ownership sector","All establishment sizes",0,0,0,0,0,0,0,0
"05073","3","SIC_0I","28","0",1981,"1","","Lafayette County, Arkansas","Local Government","Services Division","County, Industry Division -- by ownership sector","All establishment sizes",5,326,322,320,810447,0,0,193
"05073","3","SIC_0I","28","0",1981,"2","","Lafayette County, Arkansas","Local Government","Services Division","County, Industry Division -- by ownership sector","All establishment sizes",5,289,288,254,709453,0,0,197
"05073","3","SIC_0I","28","0",1981,"3","","Lafayette County, Arkansas","Local Government","Services Division","County, Industry Division -- by ownership sector","All establishment sizes",5,208,219,297,666139,0,0,212
"05073","3","SIC_0I","28","0",1981,"4","","Lafayette County, Arkansas","Local Government","Services Division","County, Industry Division -- by ownership sector","All establishment sizes",5,306,309,309,792417,0,0,197
"05073","3","SIC_0I80","29","0",1981,"1","N","Lafayette County, Arkansas","Local Government","SIC 80 Health Services","County, 2-digit SIC -- by ownership sector","All establishment sizes",0,0,0,0,0,0,0,0
"05073","3","SIC_0I80","29","0",1981,"2","N","Lafayette County, Arkansas","Local Government","SIC 80 Health Services","County, 2-digit SIC -- by ownership sector","All establishment sizes",0,0,0,0,0,0,0,0
"05073","3","SIC_0I80","29","0",1981,"3","N","Lafayette County, Arkansas","Local Government","SIC 80 Health Services","County, 2-digit SIC -- by ownership sector","All establishment sizes",0,0,0,0,0,0,0,0
"05073","3","SIC_0I80","29","0",1981,"4","N","Lafayette County, Arkansas","Local Government","SIC 80 Health Services","County, 2-digit SIC -- by ownership sector","All establishment sizes",0,0,0,0,0,0,0,0
"05073","3","SIC_0I82","29","0",1981,"1","N","Lafayette County, Arkansas","Local Government","SIC 82 Educational Services","County, 2-digit SIC -- by ownership sector","All establishment sizes",0,0,0,0,0,0,0,0
"05073","3","SIC_0I82","29","0",1981,"2","N","Lafayette County, Arkansas","Local Government","SIC 82 Educational Services","County, 2-digit SIC -- by ownership sector","All establishment sizes",0,0,0,0,0,0,0,0
"05073","3","SIC_0I82","29","0",1981,"3","N","Lafayette County, Arkansas","Local Government","SIC 82 Educational Services","County, 2-digit SIC -- by ownership sector","All establishment sizes",0,0,0,0,0,0,0,0
"05073","3","SIC_0I82","29","0",1981,"4","N","Lafayette County, Arkansas","Local Government","SIC 82 Educational Services","County, 2-digit SIC -- by ownership sector","All establishment sizes",0,0,0,0,0,0,0,0
"05073","3","SIC_0J","28","0",1981,"1","","Lafayette County, Arkansas","Local Government","Public Administration Division","County, Industry Division -- by ownership sector","All establishment sizes",10,66,67,68,94611,0,0,108
"05073","3","SIC_0J","28","0",1981,"2","","Lafayette County, Arkansas","Local Government","Public Administration Division","County, Industry Division -- by ownership sector","All establishment sizes",10,66,73,67,109725,0,0,122
"05073","3","SIC_0J","28","0",1981,"3","","Lafayette County, Arkansas","Local Government","Public Administration Division","County, Industry Division -- by ownership sector","All establishment sizes",9,68,70,68,106644,0,0,119
"05073","3","SIC_0J","28","0",1981,"4","","Lafayette County, Arkansas","Local Government","Public Administration Division","County, Industry Division -- by ownership sector","All establishment sizes",9,65,69,69,118146,0,0,134
"05073","3","SIC_0J91","29","0",1981,"1","","Lafayette County, Arkansas","Local Government","SIC 91 Executive, Legislative, and General","County, 2-digit SIC -- by ownership sector","All establishment sizes",6,42,42,43,68258,0,0,124
"05073","3","SIC_0J91","29","0",1981,"2","","Lafayette County, Arkansas","Local Government","SIC 91 Executive, Legislative, and General","County, 2-digit SIC -- by ownership sector","All establishment sizes",6,46,50,44,74395,0,0,122
"05073","3","SIC_0J91","29","0",1981,"3","","Lafayette County, Arkansas","Local Government","SIC 91 Executive, Legislative, and General","County, 2-digit SIC -- by ownership sector","All establishment sizes",5,43,45,45,64809,0,0,112
"05073","3","SIC_0J91","29","0",1981,"4","","Lafayette County, Arkansas","Local Government","SIC 91 Executive, Legislative, and General","County, 2-digit SIC -- by ownership sector","All establishment sizes",5,44,49,48,74061,0,0,121
"05073","3","SIC_0J92","29","0",1981,"1","N","Lafayette County, Arkansas","Local Government","SIC 92 Justice, Public Order, and Safety","County, 2-digit SIC -- by ownership sector","All establishment sizes",0,0,0,0,0,0,0,0
"05073","3","SIC_0J92","29","0",1981,"2","N","Lafayette County, Arkansas","Local Government","SIC 92 Justice, Public Order, and Safety","County, 2-digit SIC -- by ownership sector","All establishment sizes",0,0,0,0,0,0,0,0
"05073","3","SIC_0J92","29","0",1981,"3","N","Lafayette County, Arkansas","Local Government","SIC 92 Justice, Public Order, and Safety","County, 2-digit SIC -- by ownership sector","All establishment sizes",0,0,0,0,0,0,0,0
"05073","3","SIC_0J92","29","0",1981,"4","N","Lafayette County, Arkansas","Local Government","SIC 92 Justice, Public Order, and Safety","County, 2-digit SIC -- by ownership sector","All establishment sizes",0,0,0,0,0,0,0,0
"05073","3","SIC_0J93","29","0",1981,"1","N","Lafayette County, Arkansas","Local Government","SIC 93 Finance, Taxation, and Monetary Policy","County, 2-digit SIC -- by ownership sector","All establishment sizes",0,0,0,0,0,0,0,0
"05073","3","SIC_0J93","29","0",1981,"2","N","Lafayette County, Arkansas","Local Government","SIC 93 Finance, Taxation, and Monetary Policy","County, 2-digit SIC -- by ownership sector","All establishment sizes",0,0,0,0,0,0,0,0
"05073","3","SIC_0J93","29","0",1981,"3","N","Lafayette County, Arkansas","Local Government","SIC 93 Finance, Taxation, and Monetary Policy","County, 2-digit SIC -- by ownership sector","All establishment sizes",0,0,0,0,0,0,0,0
"05073","3","SIC_0J93","29","0",1981,"4","N","Lafayette County, Arkansas","Local Government","SIC 93 Finance, Taxation, and Monetary Policy","County, 2-digit SIC -- by ownership sector","All establishment sizes",0,0,0,0,0,0,0,0
"05073","3","SIC_0J95","29","0",1981,"1","N","Lafayette County, Arkansas","Local Government","SIC 95 Environmental Quality and Housing","County, 2-digit SIC -- by ownership sector","All establishment sizes",0,0,0,0,0,0,0,0
"05073","3","SIC_0J95","29","0",1981,"2","N","Lafayette County, Arkansas","Local Government","SIC 95 Environmental Quality and Housing","County, 2-digit SIC -- by ownership sector","All establishment sizes",0,0,0,0,0,0,0,0
"05073","3","SIC_0J95","29","0",1981,"3","N","Lafayette County, Arkansas","Local Government","SIC 95 Environmental Quality and Housing","County, 2-digit SIC -- by ownership sector","All establishment sizes",0,0,0,0,0,0,0,0
"05073","3","SIC_0J95","29","0",1981,"4","N","Lafayette County, Arkansas","Local Government","SIC 95 Environmental Quality and Housing","County, 2-digit SIC -- by ownership sector","All establishment sizes",0,0,0,0,0,0,0,0
"05073","5","SIC_0Z","27","0",1981,"1","","Lafayette County, Arkansas","Private","All Industries","County, Total -- by ownership sector","All establishment sizes",194,1692,1740,1743,4774688,0,0,212
"05073","5","SIC_0Z","27","0",1981,"2","","Lafayette County, Arkansas","Private","All Industries","County, Total -- by ownership sector","All establishment sizes",193,1729,1690,1691,4973467,0,0,224
"05073","5","SIC_0Z","27","0",1981,"3","","Lafayette County, Arkansas","Private","All Industries","County, Total -- by ownership sector","All establishment sizes",191,1707,1724,1678,5023404,0,0,226
"05073","5","SIC_0Z","27","0",1981,"4","","Lafayette County, Arkansas","Private","All Industries","County, Total -- by ownership sector","All establishment sizes",194,1691,1704,1726,5320655,0,0,239
"05073","5","SIC_0A","28","0",1981,"1","","Lafayette County, Arkansas","Private","Agriculture, Forestry, and Fishing Division","County, Industry Division -- by ownership sector","All establishment sizes",11,119,121,124,357881,0,0,226
"05073","5","SIC_0A","28","0",1981,"2","","Lafayette County, Arkansas","Private","Agriculture, Forestry, and Fishing Division","County, Industry Division -- by ownership sector","All establishment sizes",11,131,132,135,408370,0,0,236
"05073","5","SIC_0A","28","0",1981,"3","","Lafayette County, Arkansas","Private","Agriculture, Forestry, and Fishing Division","County, Industry Division -- by ownership sector","All establishment sizes",10,142,146,142,462631,0,0,248
"05073","5","SIC_0A","28","0",1981,"4","","Lafayette County, Arkansas","Private","Agriculture, Forestry, and Fishing Division","County, Industry Division -- by ownership sector","All establishment sizes",10,129,124,129,443251,0,0,267
"05073","5","SIC_0A01","29","0",1981,"1","","Lafayette County, Arkansas","Private","SIC 01 Agricultural Production Crops","County, 2-digit SIC -- by ownership sector","All establishment sizes",3,39,43,42,102126,0,0,190
"05073","5","SIC_0A01","29","0",1981,"2","","Lafayette County, Arkansas","Private","SIC 01 Agricultural Production Crops","County, 2-digit SIC -- by ownership sector","All establishment sizes",3,49,49,53,158227,0,0,241
"05073","5","SIC_0A01","29","0",1981,"3","","Lafayette County, Arkansas","Private","SIC 01 Agricultural Production Crops","County, 2-digit SIC -- by ownership sector","All establishment sizes",3,51,61,54,185215,0,0,257
"05073","5","SIC_0A01","29","0",1981,"4","","Lafayette County, Arkansas","Private","SIC 01 Agricultural Production Crops","County, 2-digit SIC -- by ownership sector","All establishment sizes",3,49,49,53,155662,0,0,237
"05073","5","SIC_0A02","29","0",1981,"1","N","Lafayette County, Arkansas","Private","SIC 02 Agricultural Production Livestock","County, 2-digit SIC -- by ownership sector","All establishment sizes",0,0,0,0,0,0,0,0
"05073","5","SIC_0A02","29","0",1981,"2","N","Lafayette County, Arkansas","Private","SIC 02 Agricultural Production Livestock","County, 2-digit SIC -- by ownership sector","All establishment sizes",0,0,0,0,0,0,0,0
"05073","5","SIC_0A02","29","0",1981,"3","N","Lafayette County, Arkansas","Private","SIC 02 Agricultural Production Livestock","County, 2-digit SIC -- by ownership sector","All establishment sizes",0,0,0,0,0,0,0,0
"05073","5","SIC_0A02","29","0",1981,"4","N","Lafayette County, Arkansas","Private","SIC 02 Agricultural Production Livestock","County, 2-digit SIC -- by ownership sector","All establishment sizes",0,0,0,0,0,0,0,0
"05073","5","SIC_0A07","29","0",1981,"1","","Lafayette County, Arkansas","Private","SIC 07 Agricultural Services","County, 2-digit SIC -- by ownership sector","All establishment sizes",5,20,20,22,51999,0,0,193
"05073","5","SIC_0A07","29","0",1981,"2","","Lafayette County, Arkansas","Private","SIC 07 Agricultural Services","County, 2-digit SIC -- by ownership sector","All establishment sizes",5,26,24,23,61332,0,0,193
"05073","5","SIC_0A07","29","0",1981,"3","","Lafayette County, Arkansas","Private","SIC 07 Agricultural Services","County, 2-digit SIC -- by ownership sector","All establishment sizes",4,31,22,26,67744,0,0,197
"05073","5","SIC_0A07","29","0",1981,"4","","Lafayette County, Arkansas","Private","SIC 07 Agricultural Services","County, 2-digit SIC -- by ownership sector","All establishment sizes",4,23,20,21,51998,0,0,187
"05073","5","SIC_0A08","29","0",1981,"1","N","Lafayette County, Arkansas","Private","SIC 08 Forestry","County, 2-digit SIC -- by ownership sector","All establishment sizes",0,0,0,0,0,0,0,0
"05073","5","SIC_0A08","29","0",1981,"2","N","Lafayette County, Arkansas","Private","SIC 08 Forestry","County, 2-digit SIC -- by ownership sector","All establishment sizes",0,0,0,0,0,0,0,0
"05073","5","SIC_0A08","29","0",1981,"3","N","Lafayette County, Arkansas","Private","SIC 08 Forestry","County, 2-digit SIC -- by ownership sector","All establishment sizes",0,0,0,0,0,0,0,0
"05073","5","SIC_0A08","29","0",1981,"4","N","Lafayette County, Arkansas","Private","SIC 08 Forestry","County, 2-digit SIC -- by ownership sector","All establishment sizes",0,0,0,0,0,0,0,0
"05073","5","SIC_0B","28","0",1981,"1","","Lafayette County, Arkansas","Private","Mining Division","County, Industry Division -- by ownership sector","All establishment sizes",13,109,153,122,563639,0,0,338
"05073","5","SIC_0B","28","0",1981,"2","","Lafayette County, Arkansas","Private","Mining Division","County, Industry Division -- by ownership sector","All establishment sizes",11,127,106,107,487633,0,0,330
"05073","5","SIC_0B","28","0",1981,"3","","Lafayette County, Arkansas","Private","Mining Division","County, Industry Division -- by ownership sector","All establishment sizes",11,98,104,83,463479,0,0,375
"05073","5","SIC_0B","28","0",1981,"4","","Lafayette County, Arkansas","Private","Mining Division","County, Industry Division -- by ownership sector","All establishment sizes",12,113,112,121,510293,0,0,340
"05073","5","SIC_0B13","29","0",1981,"1","N","Lafayette County, Arkansas","Private","SIC 13 Oil and Gas Extraction","County, 2-digit SIC -- by ownership sector","All establishment sizes",0,0,0,0,0,0,0,0
"05073","5","SIC_0B13","29","0",1981,"2","N","Lafayette County, Arkansas","Private","SIC 13 Oil and Gas Extraction","County, 2-digit SIC -- by ownership sector","All establishment sizes",0,0,0,0,0,0,0,0
"05073","5","SIC_0B13","29","0",1981,"3","N","Lafayette County, Arkansas","Private","SIC 13 Oil and Gas Extraction","County, 2-digit SIC -- by ownership sector","All establishment sizes",0,0,0,0,0,0,0,0
"05073","5","SIC_0B13","29","0",1981,"4","N","Lafayette County, Arkansas","Private","SIC 13 Oil and Gas Extraction","County, 2-digit SIC -- by ownership sector","All establishment sizes",0,0,0,0,0,0,0,0
"05073","5","SIC_0B14","29","0",1981,"1","N","Lafayette County, Arkansas","Private","SIC 14 Nonmetallic Minerals, Except Fuels","County, 2-digit SIC -- by ownership sector","All establishment sizes",0,0,0,0,0,0,0,0
"05073","5","SIC_0B14","29","0",1981,"2","N","Lafayette County, Arkansas","Private","SIC 14 Nonmetallic Minerals, Except Fuels","County, 2-digit SIC -- by ownership sector","All establishment sizes",0,0,0,0,0,0,0,0
"05073","5","SIC_0B14","29","0",1981,"3","N","Lafayette County, Arkansas","Private","SIC 14 Nonmetallic Minerals, Except Fuels","County, 2-digit SIC -- by ownership sector","All establishment sizes",0,0,0,0,0,0,0,0
"05073","5","SIC_0B14","29","0",1981,"4","N","Lafayette County, Arkansas","Private","SIC 14 Nonmetallic Minerals, Except Fuels","County, 2-digit SIC -- by ownership sector","All establishment sizes",0,0,0,0,0,0,0,0
"05073","5","SIC_0C","28","0",1981,"1","","Lafayette County, Arkansas","Private","Construction Division","County, Industry Division -- by ownership sector","All establishment sizes",15,153,147,168,469291,0,0,231
"05073","5","SIC_0C","28","0",1981,"2","","Lafayette County, Arkansas","Private","Construction Division","County, Industry Division -- by ownership sector","All establishment sizes",15,148,142,149,631491,0,0,331
"05073","5","SIC_0C","28","0",1981,"3","","Lafayette County, Arkansas","Private","Construction Division","County, Industry Division -- by ownership sector","All establishment sizes",15,151,150,131,520334,0,0,277
"05073","5","SIC_0C","28","0",1981,"4","","Lafayette County, Arkansas","Private","Construction Division","County, Industry Division -- by ownership sector","All establishment sizes",15,132,132,127,420595,0,0,248
"05073","5","SIC_0C15","29","0",1981,"1","","Lafayette County, Arkansas","Private","SIC 15 General Building Contractors","County, 2-digit SIC -- by ownership sector","All establishment sizes",5,11,10,10,22849,0,0,170
"05073","5","SIC_0C15","29","0",1981,"2","","Lafayette County, Arkansas","Private","SIC 15 General Building Contractors","County, 2-digit SIC -- by ownership sector","All establishment sizes",5,10,10,9,21879,0,0,174
"05073","5","SIC_0C15","29","0",1981,"3","","Lafayette County, Arkansas","Private","SIC 15 General Building Contractors","County, 2-digit SIC -- by ownership sector","All establishment sizes",5,9,9,9,48627,0,0,415
"05073","5","SIC_0C15","29","0",1981,"4","","Lafayette County, Arkansas","Private","SIC 15 General Building Contractors","County, 2-digit SIC -- by ownership sector","All establishment sizes",5,6,6,6,13910,0,0,178
"05073","5","SIC_0C16","29","0",1981,"1","","Lafayette County, Arkansas","Private","SIC 16 Heavy Construction, ex. Building","County, 2-digit SIC -- by ownership sector","All establishment sizes",5,111,108,129,349302,0,0,231
"05073","5","SIC_0C16","29","0",1981,"2","","Lafayette County, Arkansas","Private","SIC 16 Heavy Construction, ex. Building","County, 2-digit SIC -- by ownership sector","All establishment sizes",5,109,106,111,333157,0,0,235
"05073","5","SIC_0C16","29","0",1981,"3","","Lafayette County, Arkansas","Private","SIC 16 Heavy Construction, ex. Building","County, 2-digit SIC -- by ownership sector","All establishment sizes",5,104,107,93,364786,0,0,276
"05073","5","SIC_0C16","29","0",1981,"4","","Lafayette County, Arkansas","Private","SIC 16 Heavy Construction, ex. Building","County, 2-digit SIC -- by ownership sector","All establishment sizes",5,100,101,97,317457,0,0,245
"05073","5","SIC_0C17","29","0",1981,"1","","Lafayette County, Arkansas","Private","SIC 17 Special Trade Contractors","County, 2-digit SIC -- by ownership sector","All establishment sizes",5,31,29,29,97140,0,0,251
"05073","5","SIC_0C17","29","0",1981,"2","","Lafayette County, Arkansas","Private","SIC 17 Special Trade Contractors","County, 2-digit SIC -- by ownership sector","All establishment sizes",5,29,26,29,276455,0,0,759
"05073","5","SIC_0C17","29","0",1981,"3","","Lafayette County, Arkansas","Private","SIC 17 Special Trade Contractors","County, 2-digit SIC -- by ownership sector","All establishment sizes",5,38,34,29,106921,0,0,244
"05073","5","SIC_0C17","29","0",1981,"4","","Lafayette County, Arkansas","Private","SIC 17 Special Trade Contractors","County, 2-digit SIC -- by ownership sector","All establishment sizes",5,26,25,24,89228,0,0,274
"05073","5","SIC_0D","28","0",1981,"1","","Lafayette County, Arkansas","Private","Manufacturing Division","County, Industry Division -- by ownership sector","All establishment sizes",23,656,670,680,1799834,0,0,207
"05073","5","SIC_0D","28","0",1981,"2","","Lafayette County, Arkansas","Private","Manufacturing Division","County, Industry Division -- by ownership sector","All establishment sizes",22,660,635,631,1811484,0,0,217
"05073","5","SIC_0D","28","0",1981,"3","","Lafayette County, Arkansas","Private","Manufacturing Division","County, Industry Division -- by ownership sector","All establishment sizes",24,675,682,682,1794153,0,0,203
"05073","5","SIC_0D","28","0",1981,"4","","Lafayette County, Arkansas","Private","Manufacturing Division","County, Industry Division -- by ownership sector","All establishment sizes",24,668,694,696,2117550,0,0,237
"05073","5","SIC_0D24","29","0",1981,"1","","Lafayette County, Arkansas","Private","SIC 24 Lumber and Wood Products","County, 2-digit SIC -- by ownership sector","All establishment sizes",19,160,151,154,467669,0,0,232
"05073","5","SIC_0D24","29","0",1981,"2","","Lafayette County, Arkansas","Private","SIC 24 Lumber and Wood Products","County, 2-digit SIC -- by ownership sector","All establishment sizes",18,151,145,144,484802,0,0,254
"05073","5","SIC_0D24","29","0",1981,"3","","Lafayette County, Arkansas","Private","SIC 24 Lumber and Wood Products","County, 2-digit SIC -- by ownership sector","All establishment sizes",20,139,155,149,399286,0,0,207
"05073","5","SIC_0D24","29","0",1981,"4","","Lafayette County, Arkansas","Private","SIC 24 Lumber and Wood Products","County, 2-digit SIC -- by ownership sector","All establishment sizes",20,96,94,95,289094,0,0,234
"05073","5","SIC_0D25","29","0",1981,"1","N","Lafayette County, Arkansas","Private","SIC 25 Furniture and Fixtures","County, 2-digit SIC -- by ownership sector","All establishment sizes",0,0,0,0,0,0,0,0
"05073","5","SIC_0D25","29","0",1981,"2","N","Lafayette County, Arkansas","Private","SIC 25 Furniture and Fixtures","County, 2-digit SIC -- by ownership sector","All establishment sizes",0,0,0,0,0,0,0,0
"05073","5","SIC_0D25","29","0",1981,"3","N","Lafayette County, Arkansas","Private","SIC 25 Furniture and Fixtures","County, 2-digit SIC -- by ownership sector","All establishment sizes",0,0,0,0,0,0,0,0
"05073","5","SIC_0D25","29","0",1981,"4","N","Lafayette County, Arkansas","Private","SIC 25 Furniture and Fixtures","County, 2-digit SIC -- by ownership sector","All establishment sizes",0,0,0,0,0,0,0,0
"05073","5","SIC_0D27","29","0",1981,"1","N","Lafayette County, Arkansas","Private","SIC 27 Printing and Publishing","County, 2-digit SIC -- by ownership sector","All establishment sizes",0,0,0,0,0,0,0,0
"05073","5","SIC_0D27","29","0",1981,"2","N","Lafayette County, Arkansas","Private","SIC 27 Printing and Publishing","County, 2-digit SIC -- by ownership sector","All establishment sizes",0,0,0,0,0,0,0,0
"05073","5","SIC_0D27","29","0",1981,"3","N","Lafayette County, Arkansas","Private","SIC 27 Printing and Publishing","County, 2-digit SIC -- by ownership sector","All establishment sizes",0,0,0,0,0,0,0,0
"05073","5","SIC_0D27","29","0",1981,"4","N","Lafayette County, Arkansas","Private","SIC 27 Printing and Publishing","County, 2-digit SIC -- by ownership sector","All establishment sizes",0,0,0,0,0,0,0,0
"05073","5","SIC_0D29","29","0",1981,"1","N","Lafayette County, Arkansas","Private","SIC 29 Petroleum and Coal Products","County, 2-digit SIC -- by ownership sector","All establishment sizes",0,0,0,0,0,0,0,0
"05073","5","SIC_0D29","29","0",1981,"2","N","Lafayette County, Arkansas","Private","SIC 29 Petroleum and Coal Products","County, 2-digit SIC -- by ownership sector","All establishment sizes",0,0,0,0,0,0,0,0
"05073","5","SIC_0D29","29","0",1981,"3","N","Lafayette County, Arkansas","Private","SIC 29 Petroleum and Coal Products","County, 2-digit SIC -- by ownership sector","All establishment sizes",0,0,0,0,0,0,0,0
"05073","5","SIC_0D29","29","0",1981,"4","N","Lafayette County, Arkansas","Private","SIC 29 Petroleum and Coal Products","County, 2-digit SIC -- by ownership sector","All establishment sizes",0,0,0,0,0,0,0,0
"05073","5","SIC_0E","28","0",1981,"1","","Lafayette County, Arkansas","Private","Transportation and Public Utilities Division","County, Industry Division -- by ownership sector","All establishment sizes",22,123,125,128,464001,0,0,284
"05073","5","SIC_0E","28","0",1981,"2","","Lafayette County, Arkansas","Private","Transportation and Public Utilities Division","County, Industry Division -- by ownership sector","All establishment sizes",21,109,112,109,427620,0,0,299
"05073","5","SIC_0E","28","0",1981,"3","","Lafayette County, Arkansas","Private","Transportation and Public Utilities Division","County, Industry Division -- by ownership sector","All establishment sizes",20,112,114,111,503207,0,0,344
"05073","5","SIC_0E","28","0",1981,"4","","Lafayette County, Arkansas","Private","Transportation and Public Utilities Division","County, Industry Division -- by ownership sector","All establishment sizes",20,106,103,104,543187,0,0,400
"05073","5","SIC_0E41","29","0",1981,"1","N","Lafayette County, Arkansas","Private","SIC 41 Local And Interurban Passenger Transit","County, 2-digit SIC -- by ownership sector","All establishment sizes",0,0,0,0,0,0,0,0
"05073","5","SIC_0E41","29","0",1981,"2","N","Lafayette County, Arkansas","Private","SIC 41 Local And Interurban Passenger Transit","County, 2-digit SIC -- by ownership sector","All establishment sizes",0,0,0,0,0,0,0,0
"05073","5","SIC_0E41","29","0",1981,"3","N","Lafayette County, Arkansas","Private","SIC 41 Local And Interurban Passenger Transit","County, 2-digit SIC -- by ownership sector","All establishment sizes",0,0,0,0,0,0,0,0
"05073","5","SIC_0E41","29","0",1981,"4","N","Lafayette County, Arkansas","Private","SIC 41 Local And Interurban Passenger Transit","County, 2-digit SIC -- by ownership sector","All establishment sizes",0,0,0,0,0,0,0,0
"05073","5","SIC_0E42","29","0",1981,"1","","Lafayette County, Arkansas","Private","SIC 42 Trucking And Warehousing","County, 2-digit SIC -- by ownership sector","All establishment sizes",15,35,37,39,44092,0,0,91
"05073","5","SIC_0E42","29","0",1981,"2","","Lafayette County, Arkansas","Private","SIC 42 Trucking And Warehousing","County, 2-digit SIC -- by ownership sector","All establishment sizes",15,22,24,20,36042,0,0,126
"05073","5","SIC_0E42","29","0",1981,"3","N","Lafayette County, Arkansas","Private","SIC 42 Trucking And Warehousing","County, 2-digit SIC -- by ownership sector","All establishment sizes",0,0,0,0,0,0,0,0
"05073","5","SIC_0E42","29","0",1981,"4","N","Lafayette County, Arkansas","Private","SIC 42 Trucking And Warehousing","County, 2-digit SIC -- by ownership sector","All establishment sizes",0,0,0,0,0,0,0,0
"05073","5","SIC_0E48","29","0",1981,"1","N","Lafayette County, Arkansas","Private","SIC 48 Communication","County, 2-digit SIC -- by ownership sector","All establishment sizes",0,0,0,0,0,0,0,0
"05073","5","SIC_0E48","29","0",1981,"2","N","Lafayette County, Arkansas","Private","SIC 48 Communication","County, 2-digit SIC -- by ownership sector","All establishment sizes",0,0,0,0,0,0,0,0
"05073","5","SIC_0E48","29","0",1981,"3","","Lafayette County, Arkansas","Private","SIC 48 Communication","County, 2-digit SIC -- by ownership sector","All establishment sizes",3,34,31,31,113798,0,0,273
"05073","5","SIC_0E48","29","0",1981,"4","","Lafayette County, Arkansas","Private","SIC 48 Communication","County, 2-digit SIC -- by ownership sector","All establishment sizes",3,31,31,31,135142,0,0,335
"05073","5","SIC_0E49","29","0",1981,"1","","Lafayette County, Arkansas","Private","SIC 49 Electric, Gas, And Sanitary Services","County, 2-digit SIC -- by ownership sector","All establishment sizes",3,54,54,55,307283,0,0,435
"05073","5","SIC_0E49","29","0",1981,"2","","Lafayette County, Arkansas","Private","SIC 49 Electric, Gas, And Sanitary Services","County, 2-digit SIC -- by ownership sector","All establishment sizes",3,54,55,56,273162,0,0,382
"05073","5","SIC_0E49","29","0",1981,"3","","Lafayette County, Arkansas","Private","SIC 49 Electric, Gas, And Sanitary Services","County, 2-digit SIC -- by ownership sector","All establishment sizes",3,55,55,55,342640,0,0,479
"05073","5","SIC_0E49","29","0",1981,"4","","Lafayette County, Arkansas","Private","SIC 49 Electric, Gas, And Sanitary Services","County, 2-digit SIC -- by ownership sector","All establishment sizes",3,55,55,54,372827,0,0,524
"05073","5","SIC_0F","28","0",1981,"1","","Lafayette County, Arkansas","Private","Wholesale Trade Division","County, Industry Division -- by ownership sector","All establishment sizes",12,36,38,38,130925,0,0,269
"05073","5","SIC_0F","28","0",1981,"2","","Lafayette County, Arkansas","Private","Wholesale Trade Division","County, Industry Division -- by ownership sector","All establishment sizes",12,34,35,37,165497,0,0,360
"05073","5","SIC_0F","28","0",1981,"3","","Lafayette County, Arkansas","Private","Wholesale Trade Division","County, Industry Division -- by ownership sector","All establishment sizes",12,38,37,36,185950,0,0,386
"05073","5","SIC_0F","28","0",1981,"4","","Lafayette County, Arkansas","Private","Wholesale Trade Division","County, Industry Division -- by ownership sector","All establishment sizes",13,37,39,37,183105,0,0,373
"05073","5","SIC_0F50","29","0",1981,"1","","Lafayette County, Arkansas","Private","SIC 50 Wholesale Trade Durable Goods","County, 2-digit SIC -- by ownership sector","All establishment sizes",4,16,17,17,51627,0,0,238
"05073","5","SIC_0F50","29","0",1981,"2","","Lafayette County, Arkansas","Private","SIC 50 Wholesale Trade Durable Goods","County, 2-digit SIC -- by ownership sector","All establishment sizes",4,13,14,14,69389,0,0,390
"05073","5","SIC_0F50","29","0",1981,"3","","Lafayette County, Arkansas","Private","SIC 50 Wholesale Trade Durable Goods","County, 2-digit SIC -- by ownership sector","All establishment sizes",4,15,14,13,45510,0,0,250
"05073","5","SIC_0F50","29","0",1981,"4","","Lafayette County, Arkansas","Private","SIC 50 Wholesale Trade Durable Goods","County, 2-digit SIC -- by ownership sector","All establishment sizes",5,15,16,15,46615,0,0,233
"05073","5","SIC_0F51","29","0",1981,"1","","Lafayette County, Arkansas","Private","SIC 51 Wholesale Trade Nondurable Goods","County, 2-digit SIC -- by ownership sector","All establishment sizes",8,20,21,21,79298,0,0,295
"05073","5","SIC_0F51","29","0",1981,"2","","Lafayette County, Arkansas","Private","SIC 51 Wholesale Trade Nondurable Goods","County, 2-digit SIC -- by ownership sector","All establishment sizes",8,21,21,23,96108,0,0,341
"05073","5","SIC_0F51","29","0",1981,"3","","Lafayette County, Arkansas","Private","SIC 51 Wholesale Trade Nondurable Goods","County, 2-digit SIC -- by ownership sector","All establishment sizes",8,23,23,23,140440,0,0,469
"05073","5","SIC_0F51","29","0",1981,"4","","Lafayette County, Arkansas","Private","SIC 51 Wholesale Trade Nondurable Goods","County, 2-digit SIC -- by ownership sector","All establishment sizes",8,22,23,22,136490,0,0,470
"05073","5","SIC_0G","28","0",1981,"1","","Lafayette County, Arkansas","Private","Retail Trade Division","County, Industry Division -- by ownership sector","All establishment sizes",53,257,253,253,405873,0,0,122
"05073","5","SIC_0G","28","0",1981,"2","","Lafayette County, Arkansas","Private","Retail Trade Division","County, Industry Division -- by ownership sector","All establishment sizes",55,261,263,264,454168,0,0,133
"05073","5","SIC_0G","28","0",1981,"3","","Lafayette County, Arkansas","Private","Retail Trade Division","County, Industry Division -- by ownership sector","All establishment sizes",54,244,249,245,487086,0,0,152
"05073","5","SIC_0G","28","0",1981,"4","","Lafayette County, Arkansas","Private","Retail Trade Division","County, Industry Division -- by ownership sector","All establishment sizes",54,257,257,269,487586,0,0,143
"05073","5","SIC_0G52","29","0",1981,"1","","Lafayette County, Arkansas","Private","SIC 52 Building Materials and Garden Supplies","County, 2-digit SIC -- by ownership sector","All establishment sizes",3,3,3,3,5624,0,0,144
"05073","5","SIC_0G52","29","0",1981,"2","","Lafayette County, Arkansas","Private","SIC 52 Building Materials and Garden Supplies","County, 2-digit SIC -- by ownership sector","All establishment sizes",4,5,4,7,11542,0,0,166
"05073","5","SIC_0G52","29","0",1981,"3","","Lafayette County, Arkansas","Private","SIC 52 Building Materials and Garden Supplies","County, 2-digit SIC -- by ownership sector","All establishment sizes",4,7,5,5,11646,0,0,158
"05073","5","SIC_0G52","29","0",1981,"4","","Lafayette County, Arkansas","Private","SIC 52 Building Materials and Garden Supplies","County, 2-digit SIC -- by ownership sector","All establishment sizes",4,5,5,5,12527,0,0,192
"05073","5","SIC_0G53","29","0",1981,"1","","Lafayette County, Arkansas","Private","SIC 53 General Merchandise Stores","County, 2-digit SIC -- by ownership sector","All establishment sizes",3,14,14,14,12118,0,0,66
"05073","5","SIC_0G53","29","0",1981,"2","","Lafayette County, Arkansas","Private","SIC 53 General Merchandise Stores","County, 2-digit SIC -- by ownership sector","All establishment sizes",3,16,15,15,21233,0,0,106
"05073","5","SIC_0G53","29","0",1981,"3","","Lafayette County, Arkansas","Private","SIC 53 General Merchandise Stores","County, 2-digit SIC -- by ownership sector","All establishment sizes",3,17,19,18,22187,0,0,94
"05073","5","SIC_0G53","29","0",1981,"4","","Lafayette County, Arkansas","Private","SIC 53 General Merchandise Stores","County, 2-digit SIC -- by ownership sector","All establishment sizes",3,14,14,14,21611,0,0,118
"05073","5","SIC_0G54","29","0",1981,"1","","Lafayette County, Arkansas","Private","SIC 54 Food Stores","County, 2-digit SIC -- by ownership sector","All establishment sizes",12,79,81,80,139184,0,0,133
"05073","5","SIC_0G54","29","0",1981,"2","","Lafayette County, Arkansas","Private","SIC 54 Food Stores","County, 2-digit SIC -- by ownership sector","All establishment sizes",13,84,88,87,159338,0,0,141
"05073","5","SIC_0G54","29","0",1981,"3","","Lafayette County, Arkansas","Private","SIC 54 Food Stores","County, 2-digit SIC -- by ownership sector","All establishment sizes",13,82,85,82,170965,0,0,158
"05073","5","SIC_0G54","29","0",1981,"4","","Lafayette County, Arkansas","Private","SIC 54 Food Stores","County, 2-digit SIC -- by ownership sector","All establishment sizes",13,85,89,94,165297,0,0,142
"05073","5","SIC_0G55","29","0",1981,"1","","Lafayette County, Arkansas","Private","SIC 55 Automotive Dealers and Service Stations","County, 2-digit SIC -- by ownership sector","All establishment sizes",12,51,48,49,96396,0,0,150
"05073","5","SIC_0G55","29","0",1981,"2","","Lafayette County, Arkansas","Private","SIC 55 Automotive Dealers and Service Stations","County, 2-digit SIC -- by ownership sector","All establishment sizes",11,48,47,46,102745,0,0,168
"05073","5","SIC_0G55","29","0",1981,"3","","Lafayette County, Arkansas","Private","SIC 55 Automotive Dealers and Service Stations","County, 2-digit SIC -- by ownership sector","All establishment sizes",11,43,46,45,102267,0,0,176
"05073","5","SIC_0G55","29","0",1981,"4","","Lafayette County, Arkansas","Private","SIC 55 Automotive Dealers and Service Stations","County, 2-digit SIC -- by ownership sector","All establishment sizes",11,44,44,43,105927,0,0,186
"05073","5","SIC_0G56","29","0",1981,"1","","Lafayette County, Arkansas","Private","SIC 56 Apparel and Accessory Stores","County, 2-digit SIC -- by ownership sector","All establishment sizes",4,11,9,9,5397,0,0,42
"05073","5","SIC_0G56","29","0",1981,"2","","Lafayette County, Arkansas","Private","SIC 56 Apparel and Accessory Stores","County, 2-digit SIC -- by ownership sector","All establishment sizes",4,9,9,9,6627,0,0,56
"05073","5","SIC_0G56","29","0",1981,"3","","Lafayette County, Arkansas","Private","SIC 56 Apparel and Accessory Stores","County, 2-digit SIC -- by ownership sector","All establishment sizes",4,10,9,8,8599,0,0,73
"05073","5","SIC_0G56","29","0",1981,"4","","Lafayette County, Arkansas","Private","SIC 56 Apparel and Accessory Stores","County, 2-digit SIC -- by ownership sector","All establishment sizes",4,8,8,8,8785,0,0,84
"05073","5","SIC_0G57","29","0",1981,"1","","Lafayette County, Arkansas","Private","SIC 57 Furniture and Homefurnishings Stores","County, 2-digit SIC -- by ownership sector","All establishment sizes",4,25,24,26,47081,0,0,144
"05073","5","SIC_0G57","29","0",1981,"2","","Lafayette County, Arkansas","Private","SIC 57 Furniture and Homefurnishings Stores","County, 2-digit SIC -- by ownership sector","All establishment sizes",4,24,25,24,48202,0,0,152
"05073","5","SIC_0G57","29","0",1981,"3","","Lafayette County, Arkansas","Private","SIC 57 Furniture and Homefurnishings Stores","County, 2-digit SIC -- by ownership sector","All establishment sizes",4,21,21,22,75857,0,0,273
"05073","5","SIC_0G57","29","0",1981,"4","","Lafayette County, Arkansas","Private","SIC 57 Furniture and Homefurnishings Stores","County, 2-digit SIC -- by ownership sector","All establishment sizes",4,25,25,25,51330,0,0,157
"05073","5","SIC_0G58","29","0",1981,"1","","Lafayette County, Arkansas","Private","SIC 58 Eating and Drinking Places","County, 2-digit SIC -- by ownership sector","All establishment sizes",8,47,47,45,46705,0,0,77
"05073","5","SIC_0G58","29","0",1981,"2","","Lafayette County, Arkansas","Private","SIC 58 Eating and Drinking Places","County, 2-digit SIC -- by ownership sector","All establishment sizes",8,45,46,46,51275,0,0,86
"05073","5","SIC_0G58","29","0",1981,"3","","Lafayette County, Arkansas","Private","SIC 58 Eating and Drinking Places","County, 2-digit SIC -- by ownership sector","All establishment sizes",7,34,34,33,39823,0,0,90
"05073","5","SIC_0G58","29","0",1981,"4","","Lafayette County, Arkansas","Private","SIC 58 Eating and Drinking Places","County, 2-digit SIC -- by ownership sector","All establishment sizes",8,48,44,51,60046,0,0,96
"05073","5","SIC_0G59","29","0",1981,"1","","Lafayette County, Arkansas","Private","SIC 59 Miscellaneous Retail","County, 2-digit SIC -- by ownership sector","All establishment sizes",7,27,27,27,53368,0,0,152
"05073","5","SIC_0G59","29","0",1981,"2","","Lafayette County, Arkansas","Private","SIC 59 Miscellaneous Retail","County, 2-digit SIC -- by ownership sector","All establishment sizes",8,30,29,30,53206,0,0,137
"05073","5","SIC_0G59","29","0",1981,"3","","Lafayette County, Arkansas","Private","SIC 59 Miscellaneous Retail","County, 2-digit SIC -- by ownership sector","All establishment sizes",8,30,30,32,55742,0,0,139
"05073","5","SIC_0G59","29","0",1981,"4","","Lafayette County, Arkansas","Private","SIC 59 Miscellaneous Retail","County, 2-digit SIC -- by ownership sector","All establishment sizes",7,28,28,29,62063,0,0,168
"05073","5","SIC_0H","28","0",1981,"1","","Lafayette County, Arkansas","Private","Finance, Insurance, and Real Estate Division","County, Industry Division -- by ownership sector","All establishment sizes",11,69,69,69,194538,0,0,216
"05073","5","SIC_0H","28","0",1981,"2","","Lafayette County, Arkansas","Private","Finance, Insurance, and Real Estate Division","County, Industry Division -- by ownership sector","All establishment sizes",11,72,71,73,211213,0,0,225
"05073","5","SIC_0H","28","0",1981,"3","","Lafayette County, Arkansas","Private","Finance, Insurance, and Real Estate Division","County, Industry Division -- by ownership sector","All establishment sizes",11,77,73,75,209783,0,0,215
"05073","5","SIC_0H","28","0",1981,"4","","Lafayette County, Arkansas","Private","Finance, Insurance, and Real Estate Division","County, Industry Division -- by ownership sector","All establishment sizes",11,74,74,75,236642,0,0,244
"05073","5","SIC_0H60","29","0",1981,"1","","Lafayette County, Arkansas","Private","SIC 60 Depository Institutions","County, 2-digit SIC -- by ownership sector","All establishment sizes",4,44,44,44,139832,0,0,244
"05073","5","SIC_0H60","29","0",1981,"2","","Lafayette County, Arkansas","Private","SIC 60 Depository Institutions","County, 2-digit SIC -- by ownership sector","All establishment sizes",4,46,46,48,144897,0,0,238
"05073","5","SIC_0H60","29","0",1981,"3","","Lafayette County, Arkansas","Private","SIC 60 Depository Institutions","County, 2-digit SIC -- by ownership sector","All establishment sizes",4,48,46,47,141622,0,0,231
"05073","5","SIC_0H60","29","0",1981,"4","","Lafayette County, Arkansas","Private","SIC 60 Depository Institutions","County, 2-digit SIC -- by ownership sector","All establishment sizes",4,48,49,50,178011,0,0,279
"05073","5","SIC_0H63","29","0",1981,"1","N","Lafayette County, Arkansas","Private","SIC 63 Insurance Carriers","County, 2-digit SIC -- by ownership sector","All establishment sizes",0,0,0,0,0,0,0,0
"05073","5","SIC_0H63","29","0",1981,"2","N","Lafayette County, Arkansas","Private","SIC 63 Insurance Carriers","County, 2-digit SIC -- by ownership sector","All establishment sizes",0,0,0,0,0,0,0,0
"05073","5","SIC_0H63","29","0",1981,"3","N","Lafayette County, Arkansas","Private","SIC 63 Insurance Carriers","County, 2-digit SIC -- by ownership sector","All establishment sizes",0,0,0,0,0,0,0,0
"05073","5","SIC_0H63","29","0",1981,"4","N","Lafayette County, Arkansas","Private","SIC 63 Insurance Carriers","County, 2-digit SIC -- by ownership sector","All establishment sizes",0,0,0,0,0,0,0,0
"05073","5","SIC_0H64","29","0",1981,"1","","Lafayette County, Arkansas","Private","SIC 64 Insurance Agents, Brokers, and Service","County, 2-digit SIC -- by ownership sector","All establishment sizes",3,12,12,12,25115,0,0,160
"05073","5","SIC_0H64","29","0",1981,"2","","Lafayette County, Arkansas","Private","SIC 64 Insurance Agents, Brokers, and Service","County, 2-digit SIC -- by ownership sector","All establishment sizes",3,12,12,12,37362,0,0,239
"05073","5","SIC_0H64","29","0",1981,"3","","Lafayette County, Arkansas","Private","SIC 64 Insurance Agents, Brokers, and Service","County, 2-digit SIC -- by ownership sector","All establishment sizes",3,16,15,15,38741,0,0,194
"05073","5","SIC_0H64","29","0",1981,"4","","Lafayette County, Arkansas","Private","SIC 64 Insurance Agents, Brokers, and Service","County, 2-digit SIC -- by ownership sector","All establishment sizes",3,13,13,13,29463,0,0,174
"05073","5","SIC_0H65","29","0",1981,"1","N","Lafayette County, Arkansas","Private","SIC 65 Real Estate","County, 2-digit SIC -- by ownership sector","All establishment sizes",0,0,0,0,0,0,0,0
"05073","5","SIC_0H65","29","0",1981,"2","N","Lafayette County, Arkansas","Private","SIC 65 Real Estate","County, 2-digit SIC -- by ownership sector","All establishment sizes",0,0,0,0,0,0,0,0
"05073","5","SIC_0H65","29","0",1981,"3","N","Lafayette County, Arkansas","Private","SIC 65 Real Estate","County, 2-digit SIC -- by ownership sector","All establishment sizes",0,0,0,0,0,0,0,0
"05073","5","SIC_0H65","29","0",1981,"4","N","Lafayette County, Arkansas","Private","SIC 65 Real Estate","County, 2-digit SIC -- by ownership sector","All establishment sizes",0,0,0,0,0,0,0,0
"05073","5","SIC_0I","28","0",1981,"1","","Lafayette County, Arkansas","Private","Services Division","County, Industry Division -- by ownership sector","All establishment sizes",34,170,164,161,388706,0,0,181
"05073","5","SIC_0I","28","0",1981,"2","","Lafayette County, Arkansas","Private","Services Division","County, Industry Division -- by ownership sector","All establishment sizes",35,187,194,186,375991,0,0,153
"05073","5","SIC_0I","28","0",1981,"3","","Lafayette County, Arkansas","Private","Services Division","County, Industry Division -- by ownership sector","All establishment sizes",34,170,169,173,396781,0,0,178
"05073","5","SIC_0I","28","0",1981,"4","","Lafayette County, Arkansas","Private","Services Division","County, Industry Division -- by ownership sector","All establishment sizes",35,175,169,168,378446,0,0,170
"05073","5","SIC_0I72","29","0",1981,"1","","Lafayette County, Arkansas","Private","SIC 72 Personal Services","County, 2-digit SIC -- by ownership sector","All establishment sizes",3,21,21,20,59552,0,0,221
"05073","5","SIC_0I72","29","0",1981,"2","","Lafayette County, Arkansas","Private","SIC 72 Personal Services","County, 2-digit SIC -- by ownership sector","All establishment sizes",3,20,20,21,34829,0,0,131
"05073","5","SIC_0I72","29","0",1981,"3","N","Lafayette County, Arkansas","Private","SIC 72 Personal Services","County, 2-digit SIC -- by ownership sector","All establishment sizes",0,0,0,0,0,0,0,0
"05073","5","SIC_0I72","29","0",1981,"4","N","Lafayette County, Arkansas","Private","SIC 72 Personal Services","County, 2-digit SIC -- by ownership sector","All establishment sizes",0,0,0,0,0,0,0,0
"05073","5","SIC_0I73","29","0",1981,"1","","Lafayette County, Arkansas","Private","SIC 73 Business Services","County, 2-digit SIC -- by ownership sector","All establishment sizes",0,0,0,0,0,0,0,0
"05073","5","SIC_0I73","29","0",1981,"2","N","Lafayette County, Arkansas","Private","SIC 73 Business Services","County, 2-digit SIC -- by ownership sector","All establishment sizes",0,0,0,0,0,0,0,0
"05073","5","SIC_0I73","29","0",1981,"3","N","Lafayette County, Arkansas","Private","SIC 73 Business Services","County, 2-digit SIC -- by ownership sector","All establishment sizes",0,0,0,0,0,0,0,0
"05073","5","SIC_0I73","29","0",1981,"4","N","Lafayette County, Arkansas","Private","SIC 73 Business Services","County, 2-digit SIC -- by ownership sector","All establishment sizes",0,0,0,0,0,0,0,0
"05073","5","SIC_0I75","29","0",1981,"1","","Lafayette County, Arkansas","Private","SIC 75 Auto Repair, Services, and Parking","County, 2-digit SIC -- by ownership sector","All establishment sizes",5,16,16,16,63182,0,0,303
"05073","5","SIC_0I75","29","0",1981,"2","","Lafayette County, Arkansas","Private","SIC 75 Auto Repair, Services, and Parking","County, 2-digit SIC -- by ownership sector","All establishment sizes",5,18,18,18,71778,0,0,306
"05073","5","SIC_0I75","29","0",1981,"3","","Lafayette County, Arkansas","Private","SIC 75 Auto Repair, Services, and Parking","County, 2-digit SIC -- by ownership sector","All establishment sizes",5,17,18,16,80603,0,0,364
"05073","5","SIC_0I75","29","0",1981,"4","","Lafayette County, Arkansas","Private","SIC 75 Auto Repair, Services, and Parking","County, 2-digit SIC -- by ownership sector","All establishment sizes",5,14,12,12,63982,0,0,388
"05073","5","SIC_0I76","29","0",1981,"1","","Lafayette County, Arkansas","Private","SIC 76 Miscellaneous Repair Services","County, 2-digit SIC -- by ownership sector","All establishment sizes",4,4,3,3,10165,0,0,234
"05073","5","SIC_0I76","29","0",1981,"2","","Lafayette County, Arkansas","Private","SIC 76 Miscellaneous Repair Services","County, 2-digit SIC -- by ownership sector","All establishment sizes",4,3,3,4,9623,0,0,222
"05073","5","SIC_0I76","29","0",1981,"3","","Lafayette County, Arkansas","Private","SIC 76 Miscellaneous Repair Services","County, 2-digit SIC -- by ownership sector","All establishment sizes",4,4,3,4,12169,0,0,255
"05073","5","SIC_0I76","29","0",1981,"4","","Lafayette County, Arkansas","Private","SIC 76 Miscellaneous Repair Services","County, 2-digit SIC -- by ownership sector","All establishment sizes",4,4,4,3,10257,0,0,215
"05073","5","SIC_0I79","29","0",1981,"1","","Lafayette County, Arkansas","Private","SIC 79 Amusement and Recreation Services","County, 2-digit SIC -- by ownership sector","All establishment sizes",3,1,1,1,2645,0,0,203
"05073","5","SIC_0I79","29","0",1981,"2","","Lafayette County, Arkansas","Private","SIC 79 Amusement and Recreation Services","County, 2-digit SIC -- by ownership sector","All establishment sizes",3,1,1,2,3265,0,0,188
"05073","5","SIC_0I79","29","0",1981,"3","","Lafayette County, Arkansas","Private","SIC 79 Amusement and Recreation Services","County, 2-digit SIC -- by ownership sector","All establishment sizes",3,3,3,2,5161,0,0,148
"05073","5","SIC_0I79","29","0",1981,"4","","Lafayette County, Arkansas","Private","SIC 79 Amusement and Recreation Services","County, 2-digit SIC -- by ownership sector","All establishment sizes",3,1,1,1,3310,0,0,254
"05073","5","SIC_0I80","29","0",1981,"1","","Lafayette County, Arkansas","Private","SIC 80 Health Services","County, 2-digit SIC -- by ownership sector","All establishment sizes",4,87,85,82,186462,0,0,169
"05073","5","SIC_0I80","29","0",1981,"2","","Lafayette County, Arkansas","Private","SIC 80 Health Services","County, 2-digit SIC -- by ownership sector","All establishment sizes",4,98,99,101,199500,0,0,154
"05073","5","SIC_0I80","29","0",1981,"3","","Lafayette County, Arkansas","Private","SIC 80 Health Services","County, 2-digit SIC -- by ownership sector","All establishment sizes",4,103,100,101,198891,0,0,150
"05073","5","SIC_0I80","29","0",1981,"4","","Lafayette County, Arkansas","Private","SIC 80 Health Services","County, 2-digit SIC -- by ownership sector","All establishment sizes",4,101,104,100,178608,0,0,135
"05073","5","SIC_0I81","29","0",1981,"1","","Lafayette County, Arkansas","Private","SIC 81 Legal Services","County, 2-digit SIC -- by ownership sector","All establishment sizes",5,7,7,7,11017,0,0,121
"05073","5","SIC_0I81","29","0",1981,"2","","Lafayette County, Arkansas","Private","SIC 81 Legal Services","County, 2-digit SIC -- by ownership sector","All establishment sizes",5,7,7,7,10297,0,0,113
"05073","5","SIC_0I81","29","0",1981,"3","","Lafayette County, Arkansas","Private","SIC 81 Legal Services","County, 2-digit SIC -- by ownership sector","All establishment sizes",5,7,6,7,10230,0,0,118
"05073","5","SIC_0I81","29","0",1981,"4","","Lafayette County, Arkansas","Private","SIC 81 Legal Services","County, 2-digit SIC -- by ownership sector","All establishment sizes",5,6,5,6,10348,0,0,140
"05073","5","SIC_0I82","29","0",1981,"1","N","Lafayette County, Arkansas","Private","SIC 82 Educational Services","County, 2-digit SIC -- by ownership sector","All establishment sizes",0,0,0,0,0,0,0,0
"05073","5","SIC_0I82","29","0",1981,"2","N","Lafayette County, Arkansas","Private","SIC 82 Educational Services","County, 2-digit SIC -- by ownership sector","All establishment sizes",0,0,0,0,0,0,0,0
"05073","5","SIC_0I82","29","0",1981,"3","N","Lafayette County, Arkansas","Private","SIC 82 Educational Services","County, 2-digit SIC -- by ownership sector","All establishment sizes",0,0,0,0,0,0,0,0
"05073","5","SIC_0I82","29","0",1981,"4","N","Lafayette County, Arkansas","Private","SIC 82 Educational Services","County, 2-digit SIC -- by ownership sector","All establishment sizes",0,0,0,0,0,0,0,0
"05073","5","SIC_0I83","29","0",1981,"1","N","Lafayette County, Arkansas","Private","SIC 83 Social Services","County, 2-digit SIC -- by ownership sector","All establishment sizes",0,0,0,0,0,0,0,0
"05073","5","SIC_0I83","29","0",1981,"2","N","Lafayette County, Arkansas","Private","SIC 83 Social Services","County, 2-digit SIC -- by ownership sector","All establishment sizes",0,0,0,0,0,0,0,0
"05073","5","SIC_0I83","29","0",1981,"3","N","Lafayette County, Arkansas","Private","SIC 83 Social Services","County, 2-digit SIC -- by ownership sector","All establishment sizes",0,0,0,0,0,0,0,0
"05073","5","SIC_0I83","29","0",1981,"4","N","Lafayette County, Arkansas","Private","SIC 83 Social Services","County, 2-digit SIC -- by ownership sector","All establishment sizes",0,0,0,0,0,0,0,0
"05073","5","SIC_0I86","29","0",1981,"1","N","Lafayette County, Arkansas","Private","SIC 86 Membership Organizations","County, 2-digit SIC -- by ownership sector","All establishment sizes",0,0,0,0,0,0,0,0
"05073","5","SIC_0I86","29","0",1981,"2","N","Lafayette County, Arkansas","Private","SIC 86 Membership Organizations","County, 2-digit SIC -- by ownership sector","All establishment sizes",0,0,0,0,0,0,0,0
"05073","5","SIC_0I86","29","0",1981,"3","N","Lafayette County, Arkansas","Private","SIC 86 Membership Organizations","County, 2-digit SIC -- by ownership sector","All establishment sizes",0,0,0,0,0,0,0,0
"05073","5","SIC_0I86","29","0",1981,"4","N","Lafayette County, Arkansas","Private","SIC 86 Membership Organizations","County, 2-digit SIC -- by ownership sector","All establishment sizes",0,0,0,0,0,0,0,0
"05073","5","SIC_0I88","29","0",1981,"1","","Lafayette County, Arkansas","Private","SIC 88 Private Households","County, 2-digit SIC -- by ownership sector","All establishment sizes",4,6,7,6,12272,0,0,149
"05073","5","SIC_0I88","29","0",1981,"2","","Lafayette County, Arkansas","Private","SIC 88 Private Households","County, 2-digit SIC -- by ownership sector","All establishment sizes",4,10,13,10,13008,0,0,90
"05073","5","SIC_0I88","29","0",1981,"3","","Lafayette County, Arkansas","Private","SIC 88 Private Households","County, 2-digit SIC -- by ownership sector","All establishment sizes",4,5,6,7,9510,0,0,121
"05073","5","SIC_0I88","29","0",1981,"4","","Lafayette County, Arkansas","Private","SIC 88 Private Households","County, 2-digit SIC -- by ownership sector","All establishment sizes",4,6,5,6,8057,0,0,109
"05073","5","SIC_0I89","29","0",1981,"1","N","Lafayette County, Arkansas","Private","SIC 89 Services, Nec","County, 2-digit SIC -- by ownership sector","All establishment sizes",0,0,0,0,0,0,0,0
"05073","5","SIC_0I89","29","0",1981,"2","N","Lafayette County, Arkansas","Private","SIC 89 Services, Nec","County, 2-digit SIC -- by ownership sector","All establishment sizes",0,0,0,0,0,0,0,0
"05073","5","SIC_0I89","29","0",1981,"3","N","Lafayette County, Arkansas","Private","SIC 89 Services, Nec","County, 2-digit SIC -- by ownership sector","All establishment sizes",0,0,0,0,0,0,0,0
"05073","5","SIC_0I89","29","0",1981,"4","N","Lafayette County, Arkansas","Private","SIC 89 Services, Nec","County, 2-digit SIC -- by ownership sector","All establishment sizes",0,0,0,0,0,0,0,0
