"area_fips","own_code","industry_code","agglvl_code","size_code","year","qtr","disclosure_code","area_title","own_title","industry_title","agglvl_title","size_title","qtrly_estabs_count","month1_emplvl","month2_emplvl","month3_emplvl","total_qtrly_wages","taxable_qtrly_wages","qtrly_contributions","avg_wkly_wage"
"05017","0","SIC_0Z","26","0",1981,"1","","Chicot County, Arkansas","Total Covered","All Industries","County, Total Covered","All establishment sizes",379,3801,3835,3886,9159373,0,0,183
"05017","0","SIC_0Z","26","0",1981,"2","","Chicot County, Arkansas","Total Covered","All Industries","County, Total Covered","All establishment sizes",371,3918,3942,3936,10257375,0,0,200
"05017","0","SIC_0Z","26","0",1981,"3","","Chicot County, Arkansas","Total Covered","All Industries","County, Total Covered","All establishment sizes",366,3897,3907,4090,10240223,0,0,198
"05017","0","SIC_0Z","26","0",1981,"4","","Chicot County, Arkansas","Total Covered","All Industries","County, Total Covered","All establishment sizes",373,4093,4018,3912,11702963,0,0,224
"05017","1","SIC_0Z","27","0",1981,"1","","Chicot County, Arkansas","Federal Government","All Industries","County, Total -- by ownership sector","All establishment sizes",10,56,56,56,252594,0,0,346
"05017","1","SIC_0Z","27","0",1981,"2","","Chicot County, Arkansas","Federal Government","All Industries","County, Total -- by ownership sector","All establishment sizes",10,54,55,56,246355,0,0,344
"05017","1","SIC_0Z","27","0",1981,"3","","Chicot County, Arkansas","Federal Government","All Industries","County, Total -- by ownership sector","All establishment sizes",10,63,63,62,286674,0,0,351
"05017","1","SIC_0Z","27","0",1981,"4","","Chicot County, Arkansas","Federal Government","All Industries","County, Total -- by ownership sector","All establishment sizes",10,61,63,59,298523,0,0,376
"05017","1","SIC_0E","28","0",1981,"1","","Chicot County, Arkansas","Federal Government","Transportation and Public Utilities Division","County, Industry Division -- by ownership sector","All establishment sizes",3,27,27,27,144130,0,0,410
"05017","1","SIC_0E","28","0",1981,"2","","Chicot County, Arkansas","Federal Government","Transportation and Public Utilities Division","County, Industry Division -- by ownership sector","All establishment sizes",3,26,26,26,124004,0,0,366
"05017","1","SIC_0E","28","0",1981,"3","","Chicot County, Arkansas","Federal Government","Transportation and Public Utilities Division","County, Industry Division -- by ownership sector","All establishment sizes",3,28,28,28,152493,0,0,418
"05017","1","SIC_0E","28","0",1981,"4","","Chicot County, Arkansas","Federal Government","Transportation and Public Utilities Division","County, Industry Division -- by ownership sector","All establishment sizes",3,28,29,29,158939,0,0,426
"05017","1","SIC_0E43","29","0",1981,"1","","Chicot County, Arkansas","Federal Government","SIC 43 U.S. Postal Service","County, 2-digit SIC -- by ownership sector","All establishment sizes",3,27,27,27,144130,0,0,410
"05017","1","SIC_0E43","29","0",1981,"2","","Chicot County, Arkansas","Federal Government","SIC 43 U.S. Postal Service","County, 2-digit SIC -- by ownership sector","All establishment sizes",3,26,26,26,124004,0,0,366
"05017","1","SIC_0E43","29","0",1981,"3","","Chicot County, Arkansas","Federal Government","SIC 43 U.S. Postal Service","County, 2-digit SIC -- by ownership sector","All establishment sizes",3,28,28,28,152493,0,0,418
"05017","1","SIC_0E43","29","0",1981,"4","","Chicot County, Arkansas","Federal Government","SIC 43 U.S. Postal Service","County, 2-digit SIC -- by ownership sector","All establishment sizes",3,28,29,29,158939,0,0,426
"05017","1","SIC_0H","28","0",1981,"1","","Chicot County, Arkansas","Federal Government","Finance, Insurance, and Real Estate Division","County, Industry Division -- by ownership sector","All establishment sizes",1,10,10,10,27341,0,0,210
"05017","1","SIC_0H","28","0",1981,"2","","Chicot County, Arkansas","Federal Government","Finance, Insurance, and Real Estate Division","County, Industry Division -- by ownership sector","All establishment sizes",1,8,8,8,32124,0,0,308
"05017","1","SIC_0H","28","0",1981,"3","","Chicot County, Arkansas","Federal Government","Finance, Insurance, and Real Estate Division","County, Industry Division -- by ownership sector","All establishment sizes",1,9,9,9,25576,0,0,218
"05017","1","SIC_0H","28","0",1981,"4","","Chicot County, Arkansas","Federal Government","Finance, Insurance, and Real Estate Division","County, Industry Division -- by ownership sector","All establishment sizes",1,7,8,6,25400,0,0,279
"05017","1","SIC_0H61","29","0",1981,"1","","Chicot County, Arkansas","Federal Government","SIC 61 Nondepository Institutions","County, 2-digit SIC -- by ownership sector","All establishment sizes",1,10,10,10,27341,0,0,210
"05017","1","SIC_0H61","29","0",1981,"2","","Chicot County, Arkansas","Federal Government","SIC 61 Nondepository Institutions","County, 2-digit SIC -- by ownership sector","All establishment sizes",1,8,8,8,32124,0,0,308
"05017","1","SIC_0H61","29","0",1981,"3","","Chicot County, Arkansas","Federal Government","SIC 61 Nondepository Institutions","County, 2-digit SIC -- by ownership sector","All establishment sizes",1,9,9,9,25576,0,0,218
"05017","1","SIC_0H61","29","0",1981,"4","","Chicot County, Arkansas","Federal Government","SIC 61 Nondepository Institutions","County, 2-digit SIC -- by ownership sector","All establishment sizes",1,7,8,6,25400,0,0,279
"05017","1","SIC_0I","28","0",1981,"1","","Chicot County, Arkansas","Federal Government","Services Division","County, Industry Division -- by ownership sector","All establishment sizes",1,5,5,5,21345,0,0,328
"05017","1","SIC_0I","28","0",1981,"2","","Chicot County, Arkansas","Federal Government","Services Division","County, Industry Division -- by ownership sector","All establishment sizes",1,5,6,7,27814,0,0,356
"05017","1","SIC_0I","28","0",1981,"3","","Chicot County, Arkansas","Federal Government","Services Division","County, Industry Division -- by ownership sector","All establishment sizes",1,9,9,8,39893,0,0,354
"05017","1","SIC_0I","28","0",1981,"4","","Chicot County, Arkansas","Federal Government","Services Division","County, Industry Division -- by ownership sector","All establishment sizes",1,9,9,8,36261,0,0,321
"05017","1","SIC_0I89","29","0",1981,"1","","Chicot County, Arkansas","Federal Government","SIC 89 Services, Nec","County, 2-digit SIC -- by ownership sector","All establishment sizes",1,5,5,5,21345,0,0,328
"05017","1","SIC_0I89","29","0",1981,"2","","Chicot County, Arkansas","Federal Government","SIC 89 Services, Nec","County, 2-digit SIC -- by ownership sector","All establishment sizes",1,5,6,7,27814,0,0,356
"05017","1","SIC_0I89","29","0",1981,"3","","Chicot County, Arkansas","Federal Government","SIC 89 Services, Nec","County, 2-digit SIC -- by ownership sector","All establishment sizes",1,9,9,8,39893,0,0,354
"05017","1","SIC_0I89","29","0",1981,"4","","Chicot County, Arkansas","Federal Government","SIC 89 Services, Nec","County, 2-digit SIC -- by ownership sector","All establishment sizes",1,9,9,8,36261,0,0,321
"05017","1","SIC_0J","28","0",1981,"1","","Chicot County, Arkansas","Federal Government","Public Administration Division","County, Industry Division -- by ownership sector","All establishment sizes",5,14,14,14,59778,0,0,328
"05017","1","SIC_0J","28","0",1981,"2","","Chicot County, Arkansas","Federal Government","Public Administration Division","County, Industry Division -- by ownership sector","All establishment sizes",5,15,15,15,62413,0,0,320
"05017","1","SIC_0J","28","0",1981,"3","","Chicot County, Arkansas","Federal Government","Public Administration Division","County, Industry Division -- by ownership sector","All establishment sizes",5,17,17,17,68712,0,0,310
"05017","1","SIC_0J","28","0",1981,"4","","Chicot County, Arkansas","Federal Government","Public Administration Division","County, Industry Division -- by ownership sector","All establishment sizes",5,17,17,16,77923,0,0,359
"05017","1","SIC_0J95","29","0",1981,"1","","Chicot County, Arkansas","Federal Government","SIC 95 Environmental Quality and Housing","County, 2-digit SIC -- by ownership sector","All establishment sizes",2,8,8,8,29834,0,0,286
"05017","1","SIC_0J95","29","0",1981,"2","","Chicot County, Arkansas","Federal Government","SIC 95 Environmental Quality and Housing","County, 2-digit SIC -- by ownership sector","All establishment sizes",2,9,9,9,30637,0,0,261
"05017","1","SIC_0J95","29","0",1981,"3","","Chicot County, Arkansas","Federal Government","SIC 95 Environmental Quality and Housing","County, 2-digit SIC -- by ownership sector","All establishment sizes",2,9,9,9,29042,0,0,248
"05017","1","SIC_0J95","29","0",1981,"4","","Chicot County, Arkansas","Federal Government","SIC 95 Environmental Quality and Housing","County, 2-digit SIC -- by ownership sector","All establishment sizes",2,9,9,9,36127,0,0,308
"05017","1","SIC_0J96","29","0",1981,"1","","Chicot County, Arkansas","Federal Government","SIC 96 Administration of Economic Programs","County, 2-digit SIC -- by ownership sector","All establishment sizes",2,4,4,4,20702,0,0,398
"05017","1","SIC_0J96","29","0",1981,"2","","Chicot County, Arkansas","Federal Government","SIC 96 Administration of Economic Programs","County, 2-digit SIC -- by ownership sector","All establishment sizes",2,4,4,4,21046,0,0,404
"05017","1","SIC_0J96","29","0",1981,"3","","Chicot County, Arkansas","Federal Government","SIC 96 Administration of Economic Programs","County, 2-digit SIC -- by ownership sector","All establishment sizes",2,7,7,7,34558,0,0,379
"05017","1","SIC_0J96","29","0",1981,"4","","Chicot County, Arkansas","Federal Government","SIC 96 Administration of Economic Programs","County, 2-digit SIC -- by ownership sector","All establishment sizes",2,7,7,6,36181,0,0,417
"05017","1","SIC_0J97","29","0",1981,"1","","Chicot County, Arkansas","Federal Government","SIC 97 National Security and Intl. Affairs","County, 2-digit SIC -- by ownership sector","All establishment sizes",1,2,2,2,9242,0,0,355
"05017","1","SIC_0J97","29","0",1981,"2","","Chicot County, Arkansas","Federal Government","SIC 97 National Security and Intl. Affairs","County, 2-digit SIC -- by ownership sector","All establishment sizes",1,2,2,2,10730,0,0,412
"05017","1","SIC_0J97","29","0",1981,"3","","Chicot County, Arkansas","Federal Government","SIC 97 National Security and Intl. Affairs","County, 2-digit SIC -- by ownership sector","All establishment sizes",1,1,1,1,5112,0,0,393
"05017","1","SIC_0J97","29","0",1981,"4","","Chicot County, Arkansas","Federal Government","SIC 97 National Security and Intl. Affairs","County, 2-digit SIC -- by ownership sector","All establishment sizes",1,1,1,1,5615,0,0,431
"05017","2","SIC_0Z","27","0",1981,"1","","Chicot County, Arkansas","State Government","All Industries","County, Total -- by ownership sector","All establishment sizes",10,112,111,110,333082,0,0,230
"05017","2","SIC_0Z","27","0",1981,"2","","Chicot County, Arkansas","State Government","All Industries","County, Total -- by ownership sector","All establishment sizes",10,111,114,118,302301,0,0,203
"05017","2","SIC_0Z","27","0",1981,"3","","Chicot County, Arkansas","State Government","All Industries","County, Total -- by ownership sector","All establishment sizes",10,121,120,110,377999,0,0,248
"05017","2","SIC_0Z","27","0",1981,"4","","Chicot County, Arkansas","State Government","All Industries","County, Total -- by ownership sector","All establishment sizes",10,109,108,103,318843,0,0,229
"05017","2","SIC_0C","28","0",1981,"1","N","Chicot County, Arkansas","State Government","Construction Division","County, Industry Division -- by ownership sector","All establishment sizes",0,0,0,0,0,0,0,0
"05017","2","SIC_0C","28","0",1981,"2","N","Chicot County, Arkansas","State Government","Construction Division","County, Industry Division -- by ownership sector","All establishment sizes",0,0,0,0,0,0,0,0
"05017","2","SIC_0C","28","0",1981,"3","N","Chicot County, Arkansas","State Government","Construction Division","County, Industry Division -- by ownership sector","All establishment sizes",0,0,0,0,0,0,0,0
"05017","2","SIC_0C","28","0",1981,"4","N","Chicot County, Arkansas","State Government","Construction Division","County, Industry Division -- by ownership sector","All establishment sizes",0,0,0,0,0,0,0,0
"05017","2","SIC_0C16","29","0",1981,"1","N","Chicot County, Arkansas","State Government","SIC 16 Heavy Construction, ex. Building","County, 2-digit SIC -- by ownership sector","All establishment sizes",0,0,0,0,0,0,0,0
"05017","2","SIC_0C16","29","0",1981,"2","N","Chicot County, Arkansas","State Government","SIC 16 Heavy Construction, ex. Building","County, 2-digit SIC -- by ownership sector","All establishment sizes",0,0,0,0,0,0,0,0
"05017","2","SIC_0C16","29","0",1981,"3","N","Chicot County, Arkansas","State Government","SIC 16 Heavy Construction, ex. Building","County, 2-digit SIC -- by ownership sector","All establishment sizes",0,0,0,0,0,0,0,0
"05017","2","SIC_0C16","29","0",1981,"4","N","Chicot County, Arkansas","State Government","SIC 16 Heavy Construction, ex. Building","County, 2-digit SIC -- by ownership sector","All establishment sizes",0,0,0,0,0,0,0,0
"05017","2","SIC_0I","28","0",1981,"1","N","Chicot County, Arkansas","State Government","Services Division","County, Industry Division -- by ownership sector","All establishment sizes",0,0,0,0,0,0,0,0
"05017","2","SIC_0I","28","0",1981,"2","N","Chicot County, Arkansas","State Government","Services Division","County, Industry Division -- by ownership sector","All establishment sizes",0,0,0,0,0,0,0,0
"05017","2","SIC_0I","28","0",1981,"3","N","Chicot County, Arkansas","State Government","Services Division","County, Industry Division -- by ownership sector","All establishment sizes",0,0,0,0,0,0,0,0
"05017","2","SIC_0I","28","0",1981,"4","N","Chicot County, Arkansas","State Government","Services Division","County, Industry Division -- by ownership sector","All establishment sizes",0,0,0,0,0,0,0,0
"05017","2","SIC_0I79","29","0",1981,"1","N","Chicot County, Arkansas","State Government","SIC 79 Amusement and Recreation Services","County, 2-digit SIC -- by ownership sector","All establishment sizes",0,0,0,0,0,0,0,0
"05017","2","SIC_0I79","29","0",1981,"2","N","Chicot County, Arkansas","State Government","SIC 79 Amusement and Recreation Services","County, 2-digit SIC -- by ownership sector","All establishment sizes",0,0,0,0,0,0,0,0
"05017","2","SIC_0I79","29","0",1981,"3","N","Chicot County, Arkansas","State Government","SIC 79 Amusement and Recreation Services","County, 2-digit SIC -- by ownership sector","All establishment sizes",0,0,0,0,0,0,0,0
"05017","2","SIC_0I79","29","0",1981,"4","N","Chicot County, Arkansas","State Government","SIC 79 Amusement and Recreation Services","County, 2-digit SIC -- by ownership sector","All establishment sizes",0,0,0,0,0,0,0,0
"05017","2","SIC_0I83","29","0",1981,"1","N","Chicot County, Arkansas","State Government","SIC 83 Social Services","County, 2-digit SIC -- by ownership sector","All establishment sizes",0,0,0,0,0,0,0,0
"05017","2","SIC_0I83","29","0",1981,"2","N","Chicot County, Arkansas","State Government","SIC 83 Social Services","County, 2-digit SIC -- by ownership sector","All establishment sizes",0,0,0,0,0,0,0,0
"05017","2","SIC_0I83","29","0",1981,"3","N","Chicot County, Arkansas","State Government","SIC 83 Social Services","County, 2-digit SIC -- by ownership sector","All establishment sizes",0,0,0,0,0,0,0,0
"05017","2","SIC_0I83","29","0",1981,"4","N","Chicot County, Arkansas","State Government","SIC 83 Social Services","County, 2-digit SIC -- by ownership sector","All establishment sizes",0,0,0,0,0,0,0,0
"05017","2","SIC_0J","28","0",1981,"1","","Chicot County, Arkansas","State Government","Public Administration Division","County, Industry Division -- by ownership sector","All establishment sizes",7,42,42,43,132434,0,0,240
"05017","2","SIC_0J","28","0",1981,"2","","Chicot County, Arkansas","State Government","Public Administration Division","County, Industry Division -- by ownership sector","All establishment sizes",7,42,42,41,126007,0,0,232
"05017","2","SIC_0J","28","0",1981,"3","","Chicot County, Arkansas","State Government","Public Administration Division","County, Industry Division -- by ownership sector","All establishment sizes",7,40,40,40,147930,0,0,284
"05017","2","SIC_0J","28","0",1981,"4","","Chicot County, Arkansas","State Government","Public Administration Division","County, Industry Division -- by ownership sector","All establishment sizes",7,40,40,40,133690,0,0,257
"05017","2","SIC_0J92","29","0",1981,"1","N","Chicot County, Arkansas","State Government","SIC 92 Justice, Public Order, and Safety","County, 2-digit SIC -- by ownership sector","All establishment sizes",0,0,0,0,0,0,0,0
"05017","2","SIC_0J92","29","0",1981,"2","N","Chicot County, Arkansas","State Government","SIC 92 Justice, Public Order, and Safety","County, 2-digit SIC -- by ownership sector","All establishment sizes",0,0,0,0,0,0,0,0
"05017","2","SIC_0J92","29","0",1981,"3","N","Chicot County, Arkansas","State Government","SIC 92 Justice, Public Order, and Safety","County, 2-digit SIC -- by ownership sector","All establishment sizes",0,0,0,0,0,0,0,0
"05017","2","SIC_0J92","29","0",1981,"4","N","Chicot County, Arkansas","State Government","SIC 92 Justice, Public Order, and Safety","County, 2-digit SIC -- by ownership sector","All establishment sizes",0,0,0,0,0,0,0,0
"05017","2","SIC_0J93","29","0",1981,"1","N","Chicot County, Arkansas","State Government","SIC 93 Finance, Taxation, and Monetary Policy","County, 2-digit SIC -- by ownership sector","All establishment sizes",0,0,0,0,0,0,0,0
"05017","2","SIC_0J93","29","0",1981,"2","N","Chicot County, Arkansas","State Government","SIC 93 Finance, Taxation, and Monetary Policy","County, 2-digit SIC -- by ownership sector","All establishment sizes",0,0,0,0,0,0,0,0
"05017","2","SIC_0J93","29","0",1981,"3","N","Chicot County, Arkansas","State Government","SIC 93 Finance, Taxation, and Monetary Policy","County, 2-digit SIC -- by ownership sector","All establishment sizes",0,0,0,0,0,0,0,0
"05017","2","SIC_0J93","29","0",1981,"4","N","Chicot County, Arkansas","State Government","SIC 93 Finance, Taxation, and Monetary Policy","County, 2-digit SIC -- by ownership sector","All establishment sizes",0,0,0,0,0,0,0,0
"05017","2","SIC_0J94","29","0",1981,"1","N","Chicot County, Arkansas","State Government","SIC 94 Administration of Human Resources","County, 2-digit SIC -- by ownership sector","All establishment sizes",0,0,0,0,0,0,0,0
"05017","2","SIC_0J94","29","0",1981,"2","N","Chicot County, Arkansas","State Government","SIC 94 Administration of Human Resources","County, 2-digit SIC -- by ownership sector","All establishment sizes",0,0,0,0,0,0,0,0
"05017","2","SIC_0J94","29","0",1981,"3","N","Chicot County, Arkansas","State Government","SIC 94 Administration of Human Resources","County, 2-digit SIC -- by ownership sector","All establishment sizes",0,0,0,0,0,0,0,0
"05017","2","SIC_0J94","29","0",1981,"4","N","Chicot County, Arkansas","State Government","SIC 94 Administration of Human Resources","County, 2-digit SIC -- by ownership sector","All establishment sizes",0,0,0,0,0,0,0,0
"05017","2","SIC_0J95","29","0",1981,"1","N","Chicot County, Arkansas","State Government","SIC 95 Environmental Quality and Housing","County, 2-digit SIC -- by ownership sector","All establishment sizes",0,0,0,0,0,0,0,0
"05017","2","SIC_0J95","29","0",1981,"2","N","Chicot County, Arkansas","State Government","SIC 95 Environmental Quality and Housing","County, 2-digit SIC -- by ownership sector","All establishment sizes",0,0,0,0,0,0,0,0
"05017","2","SIC_0J95","29","0",1981,"3","N","Chicot County, Arkansas","State Government","SIC 95 Environmental Quality and Housing","County, 2-digit SIC -- by ownership sector","All establishment sizes",0,0,0,0,0,0,0,0
"05017","2","SIC_0J95","29","0",1981,"4","N","Chicot County, Arkansas","State Government","SIC 95 Environmental Quality and Housing","County, 2-digit SIC -- by ownership sector","All establishment sizes",0,0,0,0,0,0,0,0
"05017","2","SIC_0J96","29","0",1981,"1","N","Chicot County, Arkansas","State Government","SIC 96 Administration of Economic Programs","County, 2-digit SIC -- by ownership sector","All establishment sizes",0,0,0,0,0,0,0,0
"05017","2","SIC_0J96","29","0",1981,"2","N","Chicot County, Arkansas","State Government","SIC 96 Administration of Economic Programs","County, 2-digit SIC -- by ownership sector","All establishment sizes",0,0,0,0,0,0,0,0
"05017","2","SIC_0J96","29","0",1981,"3","N","Chicot County, Arkansas","State Government","SIC 96 Administration of Economic Programs","County, 2-digit SIC -- by ownership sector","All establishment sizes",0,0,0,0,0,0,0,0
"05017","2","SIC_0J96","29","0",1981,"4","N","Chicot County, Arkansas","State Government","SIC 96 Administration of Economic Programs","County, 2-digit SIC -- by ownership sector","All establishment sizes",0,0,0,0,0,0,0,0
"05017","3","SIC_0Z","27","0",1981,"1","","Chicot County, Arkansas","Local Government","All Industries","County, Total -- by ownership sector","All establishment sizes",14,963,972,962,2232897,0,0,177
"05017","3","SIC_0Z","27","0",1981,"2","","Chicot County, Arkansas","Local Government","All Industries","County, Total -- by ownership sector","All establishment sizes",14,981,958,838,2213609,0,0,183
"05017","3","SIC_0Z","27","0",1981,"3","","Chicot County, Arkansas","Local Government","All Industries","County, Total -- by ownership sector","All establishment sizes",14,826,870,976,2219807,0,0,191
"05017","3","SIC_0Z","27","0",1981,"4","","Chicot County, Arkansas","Local Government","All Industries","County, Total -- by ownership sector","All establishment sizes",18,960,959,969,2430445,0,0,194
"05017","3","SIC_0C","28","0",1981,"1","","Chicot County, Arkansas","Local Government","Construction Division","County, Industry Division -- by ownership sector","All establishment sizes",0,0,0,0,0,0,0,0
"05017","3","SIC_0C","28","0",1981,"2","","Chicot County, Arkansas","Local Government","Construction Division","County, Industry Division -- by ownership sector","All establishment sizes",0,0,0,0,0,0,0,0
"05017","3","SIC_0C","28","0",1981,"3","","Chicot County, Arkansas","Local Government","Construction Division","County, Industry Division -- by ownership sector","All establishment sizes",0,0,0,0,0,0,0,0
"05017","3","SIC_0C","28","0",1981,"4","N","Chicot County, Arkansas","Local Government","Construction Division","County, Industry Division -- by ownership sector","All establishment sizes",0,0,0,0,0,0,0,0
"05017","3","SIC_0C16","29","0",1981,"1","","Chicot County, Arkansas","Local Government","SIC 16 Heavy Construction, ex. Building","County, 2-digit SIC -- by ownership sector","All establishment sizes",0,0,0,0,0,0,0,0
"05017","3","SIC_0C16","29","0",1981,"2","","Chicot County, Arkansas","Local Government","SIC 16 Heavy Construction, ex. Building","County, 2-digit SIC -- by ownership sector","All establishment sizes",0,0,0,0,0,0,0,0
"05017","3","SIC_0C16","29","0",1981,"3","","Chicot County, Arkansas","Local Government","SIC 16 Heavy Construction, ex. Building","County, 2-digit SIC -- by ownership sector","All establishment sizes",0,0,0,0,0,0,0,0
"05017","3","SIC_0C16","29","0",1981,"4","N","Chicot County, Arkansas","Local Government","SIC 16 Heavy Construction, ex. Building","County, 2-digit SIC -- by ownership sector","All establishment sizes",0,0,0,0,0,0,0,0
"05017","3","SIC_0I","28","0",1981,"1","","Chicot County, Arkansas","Local Government","Services Division","County, Industry Division -- by ownership sector","All establishment sizes",7,807,811,802,1937619,0,0,184
"05017","3","SIC_0I","28","0",1981,"2","","Chicot County, Arkansas","Local Government","Services Division","County, Industry Division -- by ownership sector","All establishment sizes",7,813,794,681,1903232,0,0,191
"05017","3","SIC_0I","28","0",1981,"3","","Chicot County, Arkansas","Local Government","Services Division","County, Industry Division -- by ownership sector","All establishment sizes",7,671,718,821,1924957,0,0,201
"05017","3","SIC_0I","28","0",1981,"4","","Chicot County, Arkansas","Local Government","Services Division","County, Industry Division -- by ownership sector","All establishment sizes",8,799,810,816,2120680,0,0,201
"05017","3","SIC_0I80","29","0",1981,"1","N","Chicot County, Arkansas","Local Government","SIC 80 Health Services","County, 2-digit SIC -- by ownership sector","All establishment sizes",0,0,0,0,0,0,0,0
"05017","3","SIC_0I80","29","0",1981,"2","N","Chicot County, Arkansas","Local Government","SIC 80 Health Services","County, 2-digit SIC -- by ownership sector","All establishment sizes",0,0,0,0,0,0,0,0
"05017","3","SIC_0I80","29","0",1981,"3","N","Chicot County, Arkansas","Local Government","SIC 80 Health Services","County, 2-digit SIC -- by ownership sector","All establishment sizes",0,0,0,0,0,0,0,0
"05017","3","SIC_0I80","29","0",1981,"4","N","Chicot County, Arkansas","Local Government","SIC 80 Health Services","County, 2-digit SIC -- by ownership sector","All establishment sizes",0,0,0,0,0,0,0,0
"05017","3","SIC_0I82","29","0",1981,"1","N","Chicot County, Arkansas","Local Government","SIC 82 Educational Services","County, 2-digit SIC -- by ownership sector","All establishment sizes",0,0,0,0,0,0,0,0
"05017","3","SIC_0I82","29","0",1981,"2","N","Chicot County, Arkansas","Local Government","SIC 82 Educational Services","County, 2-digit SIC -- by ownership sector","All establishment sizes",0,0,0,0,0,0,0,0
"05017","3","SIC_0I82","29","0",1981,"3","N","Chicot County, Arkansas","Local Government","SIC 82 Educational Services","County, 2-digit SIC -- by ownership sector","All establishment sizes",0,0,0,0,0,0,0,0
"05017","3","SIC_0I82","29","0",1981,"4","N","Chicot County, Arkansas","Local Government","SIC 82 Educational Services","County, 2-digit SIC -- by ownership sector","All establishment sizes",0,0,0,0,0,0,0,0
"05017","3","SIC_0J","28","0",1981,"1","","Chicot County, Arkansas","Local Government","Public Administration Division","County, Industry Division -- by ownership sector","All establishment sizes",7,156,161,160,295278,0,0,142
"05017","3","SIC_0J","28","0",1981,"2","","Chicot County, Arkansas","Local Government","Public Administration Division","County, Industry Division -- by ownership sector","All establishment sizes",7,168,164,157,310377,0,0,146
"05017","3","SIC_0J","28","0",1981,"3","","Chicot County, Arkansas","Local Government","Public Administration Division","County, Industry Division -- by ownership sector","All establishment sizes",7,155,152,155,294850,0,0,147
"05017","3","SIC_0J","28","0",1981,"4","N","Chicot County, Arkansas","Local Government","Public Administration Division","County, Industry Division -- by ownership sector","All establishment sizes",0,0,0,0,0,0,0,0
"05017","3","SIC_0J91","29","0",1981,"1","N","Chicot County, Arkansas","Local Government","SIC 91 Executive, Legislative, and General","County, 2-digit SIC -- by ownership sector","All establishment sizes",0,0,0,0,0,0,0,0
"05017","3","SIC_0J91","29","0",1981,"2","N","Chicot County, Arkansas","Local Government","SIC 91 Executive, Legislative, and General","County, 2-digit SIC -- by ownership sector","All establishment sizes",0,0,0,0,0,0,0,0
"05017","3","SIC_0J91","29","0",1981,"3","N","Chicot County, Arkansas","Local Government","SIC 91 Executive, Legislative, and General","County, 2-digit SIC -- by ownership sector","All establishment sizes",0,0,0,0,0,0,0,0
"05017","3","SIC_0J91","29","0",1981,"4","","Chicot County, Arkansas","Local Government","SIC 91 Executive, Legislative, and General","County, 2-digit SIC -- by ownership sector","All establishment sizes",5,123,111,115,216026,0,0,142
"05017","3","SIC_0J92","29","0",1981,"1","","Chicot County, Arkansas","Local Government","SIC 92 Justice, Public Order, and Safety","County, 2-digit SIC -- by ownership sector","All establishment sizes",0,0,0,0,0,0,0,0
"05017","3","SIC_0J92","29","0",1981,"2","","Chicot County, Arkansas","Local Government","SIC 92 Justice, Public Order, and Safety","County, 2-digit SIC -- by ownership sector","All establishment sizes",0,0,0,0,0,0,0,0
"05017","3","SIC_0J92","29","0",1981,"3","","Chicot County, Arkansas","Local Government","SIC 92 Justice, Public Order, and Safety","County, 2-digit SIC -- by ownership sector","All establishment sizes",0,0,0,0,0,0,0,0
"05017","3","SIC_0J92","29","0",1981,"4","N","Chicot County, Arkansas","Local Government","SIC 92 Justice, Public Order, and Safety","County, 2-digit SIC -- by ownership sector","All establishment sizes",0,0,0,0,0,0,0,0
"05017","3","SIC_0J93","29","0",1981,"1","","Chicot County, Arkansas","Local Government","SIC 93 Finance, Taxation, and Monetary Policy","County, 2-digit SIC -- by ownership sector","All establishment sizes",0,0,0,0,0,0,0,0
"05017","3","SIC_0J93","29","0",1981,"2","","Chicot County, Arkansas","Local Government","SIC 93 Finance, Taxation, and Monetary Policy","County, 2-digit SIC -- by ownership sector","All establishment sizes",0,0,0,0,0,0,0,0
"05017","3","SIC_0J93","29","0",1981,"3","","Chicot County, Arkansas","Local Government","SIC 93 Finance, Taxation, and Monetary Policy","County, 2-digit SIC -- by ownership sector","All establishment sizes",0,0,0,0,0,0,0,0
"05017","3","SIC_0J93","29","0",1981,"4","N","Chicot County, Arkansas","Local Government","SIC 93 Finance, Taxation, and Monetary Policy","County, 2-digit SIC -- by ownership sector","All establishment sizes",0,0,0,0,0,0,0,0
"05017","3","SIC_0J95","29","0",1981,"1","N","Chicot County, Arkansas","Local Government","SIC 95 Environmental Quality and Housing","County, 2-digit SIC -- by ownership sector","All establishment sizes",0,0,0,0,0,0,0,0
"05017","3","SIC_0J95","29","0",1981,"2","N","Chicot County, Arkansas","Local Government","SIC 95 Environmental Quality and Housing","County, 2-digit SIC -- by ownership sector","All establishment sizes",0,0,0,0,0,0,0,0
"05017","3","SIC_0J95","29","0",1981,"3","N","Chicot County, Arkansas","Local Government","SIC 95 Environmental Quality and Housing","County, 2-digit SIC -- by ownership sector","All establishment sizes",0,0,0,0,0,0,0,0
"05017","3","SIC_0J95","29","0",1981,"4","N","Chicot County, Arkansas","Local Government","SIC 95 Environmental Quality and Housing","County, 2-digit SIC -- by ownership sector","All establishment sizes",0,0,0,0,0,0,0,0
"05017","5","SIC_0Z","27","0",1981,"1","","Chicot County, Arkansas","Private","All Industries","County, Total -- by ownership sector","All establishment sizes",345,2670,2696,2758,6340800,0,0,180
"05017","5","SIC_0Z","27","0",1981,"2","","Chicot County, Arkansas","Private","All Industries","County, Total -- by ownership sector","All establishment sizes",337,2772,2815,2924,7495110,0,0,203
"05017","5","SIC_0Z","27","0",1981,"3","","Chicot County, Arkansas","Private","All Industries","County, Total -- by ownership sector","All establishment sizes",332,2887,2854,2942,7355743,0,0,195
"05017","5","SIC_0Z","27","0",1981,"4","","Chicot County, Arkansas","Private","All Industries","County, Total -- by ownership sector","All establishment sizes",335,2963,2888,2781,8655152,0,0,231
"05017","5","SIC_0A","28","0",1981,"1","","Chicot County, Arkansas","Private","Agriculture, Forestry, and Fishing Division","County, Industry Division -- by ownership sector","All establishment sizes",41,239,236,271,588833,0,0,182
"05017","5","SIC_0A","28","0",1981,"2","","Chicot County, Arkansas","Private","Agriculture, Forestry, and Fishing Division","County, Industry Division -- by ownership sector","All establishment sizes",42,308,324,377,889559,0,0,203
"05017","5","SIC_0A","28","0",1981,"3","","Chicot County, Arkansas","Private","Agriculture, Forestry, and Fishing Division","County, Industry Division -- by ownership sector","All establishment sizes",42,347,330,403,895993,0,0,191
"05017","5","SIC_0A","28","0",1981,"4","","Chicot County, Arkansas","Private","Agriculture, Forestry, and Fishing Division","County, Industry Division -- by ownership sector","All establishment sizes",44,477,412,308,1268855,0,0,244
"05017","5","SIC_0A01","29","0",1981,"1","","Chicot County, Arkansas","Private","SIC 01 Agricultural Production Crops","County, 2-digit SIC -- by ownership sector","All establishment sizes",26,158,160,187,402726,0,0,184
"05017","5","SIC_0A01","29","0",1981,"2","","Chicot County, Arkansas","Private","SIC 01 Agricultural Production Crops","County, 2-digit SIC -- by ownership sector","All establishment sizes",27,229,235,285,634756,0,0,195
"05017","5","SIC_0A01","29","0",1981,"3","","Chicot County, Arkansas","Private","SIC 01 Agricultural Production Crops","County, 2-digit SIC -- by ownership sector","All establishment sizes",27,244,232,245,567946,0,0,181
"05017","5","SIC_0A01","29","0",1981,"4","","Chicot County, Arkansas","Private","SIC 01 Agricultural Production Crops","County, 2-digit SIC -- by ownership sector","All establishment sizes",29,247,245,178,738907,0,0,254
"05017","5","SIC_0A07","29","0",1981,"1","","Chicot County, Arkansas","Private","SIC 07 Agricultural Services","County, 2-digit SIC -- by ownership sector","All establishment sizes",15,81,76,84,186107,0,0,178
"05017","5","SIC_0A07","29","0",1981,"2","","Chicot County, Arkansas","Private","SIC 07 Agricultural Services","County, 2-digit SIC -- by ownership sector","All establishment sizes",15,79,89,92,254803,0,0,226
"05017","5","SIC_0A07","29","0",1981,"3","","Chicot County, Arkansas","Private","SIC 07 Agricultural Services","County, 2-digit SIC -- by ownership sector","All establishment sizes",15,103,98,158,328047,0,0,210
"05017","5","SIC_0A07","29","0",1981,"4","","Chicot County, Arkansas","Private","SIC 07 Agricultural Services","County, 2-digit SIC -- by ownership sector","All establishment sizes",15,230,167,130,529948,0,0,232
"05017","5","SIC_0C","28","0",1981,"1","","Chicot County, Arkansas","Private","Construction Division","County, Industry Division -- by ownership sector","All establishment sizes",34,214,196,212,788941,0,0,292
"05017","5","SIC_0C","28","0",1981,"2","","Chicot County, Arkansas","Private","Construction Division","County, Industry Division -- by ownership sector","All establishment sizes",29,211,252,248,912155,0,0,296
"05017","5","SIC_0C","28","0",1981,"3","","Chicot County, Arkansas","Private","Construction Division","County, Industry Division -- by ownership sector","All establishment sizes",27,252,257,261,966425,0,0,289
"05017","5","SIC_0C","28","0",1981,"4","","Chicot County, Arkansas","Private","Construction Division","County, Industry Division -- by ownership sector","All establishment sizes",26,258,263,273,1200471,0,0,348
"05017","5","SIC_0C15","29","0",1981,"1","","Chicot County, Arkansas","Private","SIC 15 General Building Contractors","County, 2-digit SIC -- by ownership sector","All establishment sizes",6,20,20,23,51320,0,0,187
"05017","5","SIC_0C15","29","0",1981,"2","","Chicot County, Arkansas","Private","SIC 15 General Building Contractors","County, 2-digit SIC -- by ownership sector","All establishment sizes",5,20,29,42,133793,0,0,339
"05017","5","SIC_0C15","29","0",1981,"3","","Chicot County, Arkansas","Private","SIC 15 General Building Contractors","County, 2-digit SIC -- by ownership sector","All establishment sizes",5,73,76,81,227507,0,0,228
"05017","5","SIC_0C15","29","0",1981,"4","","Chicot County, Arkansas","Private","SIC 15 General Building Contractors","County, 2-digit SIC -- by ownership sector","All establishment sizes",5,94,106,120,475396,0,0,342
"05017","5","SIC_0C16","29","0",1981,"1","","Chicot County, Arkansas","Private","SIC 16 Heavy Construction, ex. Building","County, 2-digit SIC -- by ownership sector","All establishment sizes",13,150,159,181,657456,0,0,309
"05017","5","SIC_0C16","29","0",1981,"2","","Chicot County, Arkansas","Private","SIC 16 Heavy Construction, ex. Building","County, 2-digit SIC -- by ownership sector","All establishment sizes",11,180,208,188,752892,0,0,301
"05017","5","SIC_0C16","29","0",1981,"3","","Chicot County, Arkansas","Private","SIC 16 Heavy Construction, ex. Building","County, 2-digit SIC -- by ownership sector","All establishment sizes",10,163,168,166,719804,0,0,334
"05017","5","SIC_0C16","29","0",1981,"4","","Chicot County, Arkansas","Private","SIC 16 Heavy Construction, ex. Building","County, 2-digit SIC -- by ownership sector","All establishment sizes",10,156,150,143,710766,0,0,365
"05017","5","SIC_0C17","29","0",1981,"1","","Chicot County, Arkansas","Private","SIC 17 Special Trade Contractors","County, 2-digit SIC -- by ownership sector","All establishment sizes",15,44,17,8,80165,0,0,268
"05017","5","SIC_0C17","29","0",1981,"2","","Chicot County, Arkansas","Private","SIC 17 Special Trade Contractors","County, 2-digit SIC -- by ownership sector","All establishment sizes",13,11,15,18,25470,0,0,133
"05017","5","SIC_0C17","29","0",1981,"3","","Chicot County, Arkansas","Private","SIC 17 Special Trade Contractors","County, 2-digit SIC -- by ownership sector","All establishment sizes",12,16,13,14,19114,0,0,102
"05017","5","SIC_0C17","29","0",1981,"4","","Chicot County, Arkansas","Private","SIC 17 Special Trade Contractors","County, 2-digit SIC -- by ownership sector","All establishment sizes",11,8,7,10,14309,0,0,132
"05017","5","SIC_0D","28","0",1981,"1","","Chicot County, Arkansas","Private","Manufacturing Division","County, Industry Division -- by ownership sector","All establishment sizes",11,865,893,893,1694542,0,0,147
"05017","5","SIC_0D","28","0",1981,"2","","Chicot County, Arkansas","Private","Manufacturing Division","County, Industry Division -- by ownership sector","All establishment sizes",11,862,830,876,2144784,0,0,192
"05017","5","SIC_0D","28","0",1981,"3","","Chicot County, Arkansas","Private","Manufacturing Division","County, Industry Division -- by ownership sector","All establishment sizes",11,901,896,889,1806233,0,0,155
"05017","5","SIC_0D","28","0",1981,"4","","Chicot County, Arkansas","Private","Manufacturing Division","County, Industry Division -- by ownership sector","All establishment sizes",11,853,848,853,2130991,0,0,192
"05017","5","SIC_0D20","29","0",1981,"1","N","Chicot County, Arkansas","Private","SIC 20 Food and Kindred Products","County, 2-digit SIC -- by ownership sector","All establishment sizes",0,0,0,0,0,0,0,0
"05017","5","SIC_0D20","29","0",1981,"2","N","Chicot County, Arkansas","Private","SIC 20 Food and Kindred Products","County, 2-digit SIC -- by ownership sector","All establishment sizes",0,0,0,0,0,0,0,0
"05017","5","SIC_0D20","29","0",1981,"3","N","Chicot County, Arkansas","Private","SIC 20 Food and Kindred Products","County, 2-digit SIC -- by ownership sector","All establishment sizes",0,0,0,0,0,0,0,0
"05017","5","SIC_0D20","29","0",1981,"4","N","Chicot County, Arkansas","Private","SIC 20 Food and Kindred Products","County, 2-digit SIC -- by ownership sector","All establishment sizes",0,0,0,0,0,0,0,0
"05017","5","SIC_0D23","29","0",1981,"1","N","Chicot County, Arkansas","Private","SIC 23 Apparel and Other Textile Products","County, 2-digit SIC -- by ownership sector","All establishment sizes",0,0,0,0,0,0,0,0
"05017","5","SIC_0D23","29","0",1981,"2","N","Chicot County, Arkansas","Private","SIC 23 Apparel and Other Textile Products","County, 2-digit SIC -- by ownership sector","All establishment sizes",0,0,0,0,0,0,0,0
"05017","5","SIC_0D23","29","0",1981,"3","N","Chicot County, Arkansas","Private","SIC 23 Apparel and Other Textile Products","County, 2-digit SIC -- by ownership sector","All establishment sizes",0,0,0,0,0,0,0,0
"05017","5","SIC_0D23","29","0",1981,"4","N","Chicot County, Arkansas","Private","SIC 23 Apparel and Other Textile Products","County, 2-digit SIC -- by ownership sector","All establishment sizes",0,0,0,0,0,0,0,0
"05017","5","SIC_0D24","29","0",1981,"1","N","Chicot County, Arkansas","Private","SIC 24 Lumber and Wood Products","County, 2-digit SIC -- by ownership sector","All establishment sizes",0,0,0,0,0,0,0,0
"05017","5","SIC_0D24","29","0",1981,"2","N","Chicot County, Arkansas","Private","SIC 24 Lumber and Wood Products","County, 2-digit SIC -- by ownership sector","All establishment sizes",0,0,0,0,0,0,0,0
"05017","5","SIC_0D24","29","0",1981,"3","N","Chicot County, Arkansas","Private","SIC 24 Lumber and Wood Products","County, 2-digit SIC -- by ownership sector","All establishment sizes",0,0,0,0,0,0,0,0
"05017","5","SIC_0D24","29","0",1981,"4","N","Chicot County, Arkansas","Private","SIC 24 Lumber and Wood Products","County, 2-digit SIC -- by ownership sector","All establishment sizes",0,0,0,0,0,0,0,0
"05017","5","SIC_0D26","29","0",1981,"1","N","Chicot County, Arkansas","Private","SIC 26 Paper and Allied Products","County, 2-digit SIC -- by ownership sector","All establishment sizes",0,0,0,0,0,0,0,0
"05017","5","SIC_0D26","29","0",1981,"2","N","Chicot County, Arkansas","Private","SIC 26 Paper and Allied Products","County, 2-digit SIC -- by ownership sector","All establishment sizes",0,0,0,0,0,0,0,0
"05017","5","SIC_0D26","29","0",1981,"3","N","Chicot County, Arkansas","Private","SIC 26 Paper and Allied Products","County, 2-digit SIC -- by ownership sector","All establishment sizes",0,0,0,0,0,0,0,0
"05017","5","SIC_0D26","29","0",1981,"4","N","Chicot County, Arkansas","Private","SIC 26 Paper and Allied Products","County, 2-digit SIC -- by ownership sector","All establishment sizes",0,0,0,0,0,0,0,0
"05017","5","SIC_0D27","29","0",1981,"1","","Chicot County, Arkansas","Private","SIC 27 Printing and Publishing","County, 2-digit SIC -- by ownership sector","All establishment sizes",3,10,10,9,18396,0,0,146
"05017","5","SIC_0D27","29","0",1981,"2","","Chicot County, Arkansas","Private","SIC 27 Printing and Publishing","County, 2-digit SIC -- by ownership sector","All establishment sizes",3,10,10,10,19397,0,0,149
"05017","5","SIC_0D27","29","0",1981,"3","","Chicot County, Arkansas","Private","SIC 27 Printing and Publishing","County, 2-digit SIC -- by ownership sector","All establishment sizes",3,11,11,11,19780,0,0,138
"05017","5","SIC_0D27","29","0",1981,"4","","Chicot County, Arkansas","Private","SIC 27 Printing and Publishing","County, 2-digit SIC -- by ownership sector","All establishment sizes",3,4,4,4,6873,0,0,132
"05017","5","SIC_0D31","29","0",1981,"1","N","Chicot County, Arkansas","Private","SIC 31 Leather and Leather Products","County, 2-digit SIC -- by ownership sector","All establishment sizes",0,0,0,0,0,0,0,0
"05017","5","SIC_0D31","29","0",1981,"2","N","Chicot County, Arkansas","Private","SIC 31 Leather and Leather Products","County, 2-digit SIC -- by ownership sector","All establishment sizes",0,0,0,0,0,0,0,0
"05017","5","SIC_0D31","29","0",1981,"3","N","Chicot County, Arkansas","Private","SIC 31 Leather and Leather Products","County, 2-digit SIC -- by ownership sector","All establishment sizes",0,0,0,0,0,0,0,0
"05017","5","SIC_0D31","29","0",1981,"4","N","Chicot County, Arkansas","Private","SIC 31 Leather and Leather Products","County, 2-digit SIC -- by ownership sector","All establishment sizes",0,0,0,0,0,0,0,0
"05017","5","SIC_0D32","29","0",1981,"1","N","Chicot County, Arkansas","Private","SIC 32 Stone, Clay, and Glass Products","County, 2-digit SIC -- by ownership sector","All establishment sizes",0,0,0,0,0,0,0,0
"05017","5","SIC_0D32","29","0",1981,"2","N","Chicot County, Arkansas","Private","SIC 32 Stone, Clay, and Glass Products","County, 2-digit SIC -- by ownership sector","All establishment sizes",0,0,0,0,0,0,0,0
"05017","5","SIC_0D32","29","0",1981,"3","N","Chicot County, Arkansas","Private","SIC 32 Stone, Clay, and Glass Products","County, 2-digit SIC -- by ownership sector","All establishment sizes",0,0,0,0,0,0,0,0
"05017","5","SIC_0D32","29","0",1981,"4","N","Chicot County, Arkansas","Private","SIC 32 Stone, Clay, and Glass Products","County, 2-digit SIC -- by ownership sector","All establishment sizes",0,0,0,0,0,0,0,0
"05017","5","SIC_0D35","29","0",1981,"1","N","Chicot County, Arkansas","Private","SIC 35 Industrial Machinery and Equipment","County, 2-digit SIC -- by ownership sector","All establishment sizes",0,0,0,0,0,0,0,0
"05017","5","SIC_0D35","29","0",1981,"2","N","Chicot County, Arkansas","Private","SIC 35 Industrial Machinery and Equipment","County, 2-digit SIC -- by ownership sector","All establishment sizes",0,0,0,0,0,0,0,0
"05017","5","SIC_0D35","29","0",1981,"3","N","Chicot County, Arkansas","Private","SIC 35 Industrial Machinery and Equipment","County, 2-digit SIC -- by ownership sector","All establishment sizes",0,0,0,0,0,0,0,0
"05017","5","SIC_0D35","29","0",1981,"4","N","Chicot County, Arkansas","Private","SIC 35 Industrial Machinery and Equipment","County, 2-digit SIC -- by ownership sector","All establishment sizes",0,0,0,0,0,0,0,0
"05017","5","SIC_0E","28","0",1981,"1","","Chicot County, Arkansas","Private","Transportation and Public Utilities Division","County, Industry Division -- by ownership sector","All establishment sizes",18,94,98,99,353058,0,0,279
"05017","5","SIC_0E","28","0",1981,"2","","Chicot County, Arkansas","Private","Transportation and Public Utilities Division","County, Industry Division -- by ownership sector","All establishment sizes",17,92,89,94,387820,0,0,325
"05017","5","SIC_0E","28","0",1981,"3","","Chicot County, Arkansas","Private","Transportation and Public Utilities Division","County, Industry Division -- by ownership sector","All establishment sizes",18,98,99,134,449754,0,0,313
"05017","5","SIC_0E","28","0",1981,"4","","Chicot County, Arkansas","Private","Transportation and Public Utilities Division","County, Industry Division -- by ownership sector","All establishment sizes",19,128,121,103,522700,0,0,342
"05017","5","SIC_0E41","29","0",1981,"1","","Chicot County, Arkansas","Private","SIC 41 Local And Interurban Passenger Transit","County, 2-digit SIC -- by ownership sector","All establishment sizes",5,6,6,6,5464,0,0,70
"05017","5","SIC_0E41","29","0",1981,"2","","Chicot County, Arkansas","Private","SIC 41 Local And Interurban Passenger Transit","County, 2-digit SIC -- by ownership sector","All establishment sizes",5,4,4,1,1904,0,0,48
"05017","5","SIC_0E41","29","0",1981,"3","","Chicot County, Arkansas","Private","SIC 41 Local And Interurban Passenger Transit","County, 2-digit SIC -- by ownership sector","All establishment sizes",5,2,3,4,1249,0,0,32
"05017","5","SIC_0E41","29","0",1981,"4","","Chicot County, Arkansas","Private","SIC 41 Local And Interurban Passenger Transit","County, 2-digit SIC -- by ownership sector","All establishment sizes",5,4,4,4,3236,0,0,62
"05017","5","SIC_0E42","29","0",1981,"1","","Chicot County, Arkansas","Private","SIC 42 Trucking And Warehousing","County, 2-digit SIC -- by ownership sector","All establishment sizes",5,33,33,33,120796,0,0,281
"05017","5","SIC_0E42","29","0",1981,"2","","Chicot County, Arkansas","Private","SIC 42 Trucking And Warehousing","County, 2-digit SIC -- by ownership sector","All establishment sizes",5,29,29,35,145627,0,0,361
"05017","5","SIC_0E42","29","0",1981,"3","","Chicot County, Arkansas","Private","SIC 42 Trucking And Warehousing","County, 2-digit SIC -- by ownership sector","All establishment sizes",6,33,29,69,189508,0,0,333
"05017","5","SIC_0E42","29","0",1981,"4","","Chicot County, Arkansas","Private","SIC 42 Trucking And Warehousing","County, 2-digit SIC -- by ownership sector","All establishment sizes",6,63,54,39,219271,0,0,324
"05017","5","SIC_0E48","29","0",1981,"1","","Chicot County, Arkansas","Private","SIC 48 Communication","County, 2-digit SIC -- by ownership sector","All establishment sizes",5,31,35,36,120277,0,0,272
"05017","5","SIC_0E48","29","0",1981,"2","","Chicot County, Arkansas","Private","SIC 48 Communication","County, 2-digit SIC -- by ownership sector","All establishment sizes",4,35,32,34,134331,0,0,306
"05017","5","SIC_0E48","29","0",1981,"3","","Chicot County, Arkansas","Private","SIC 48 Communication","County, 2-digit SIC -- by ownership sector","All establishment sizes",4,40,44,38,144306,0,0,272
"05017","5","SIC_0E48","29","0",1981,"4","","Chicot County, Arkansas","Private","SIC 48 Communication","County, 2-digit SIC -- by ownership sector","All establishment sizes",5,38,40,37,185881,0,0,373
"05017","5","SIC_0E49","29","0",1981,"1","","Chicot County, Arkansas","Private","SIC 49 Electric, Gas, And Sanitary Services","County, 2-digit SIC -- by ownership sector","All establishment sizes",3,24,24,24,106521,0,0,341
"05017","5","SIC_0E49","29","0",1981,"2","","Chicot County, Arkansas","Private","SIC 49 Electric, Gas, And Sanitary Services","County, 2-digit SIC -- by ownership sector","All establishment sizes",3,24,24,24,105958,0,0,339
"05017","5","SIC_0E49","29","0",1981,"3","","Chicot County, Arkansas","Private","SIC 49 Electric, Gas, And Sanitary Services","County, 2-digit SIC -- by ownership sector","All establishment sizes",3,23,23,23,114691,0,0,383
"05017","5","SIC_0E49","29","0",1981,"4","","Chicot County, Arkansas","Private","SIC 49 Electric, Gas, And Sanitary Services","County, 2-digit SIC -- by ownership sector","All establishment sizes",3,23,23,23,114312,0,0,382
"05017","5","SIC_0F","28","0",1981,"1","","Chicot County, Arkansas","Private","Wholesale Trade Division","County, Industry Division -- by ownership sector","All establishment sizes",29,208,213,224,586723,0,0,209
"05017","5","SIC_0F","28","0",1981,"2","","Chicot County, Arkansas","Private","Wholesale Trade Division","County, Industry Division -- by ownership sector","All establishment sizes",29,242,246,251,773321,0,0,241
"05017","5","SIC_0F","28","0",1981,"3","","Chicot County, Arkansas","Private","Wholesale Trade Division","County, Industry Division -- by ownership sector","All establishment sizes",29,235,233,227,871932,0,0,289
"05017","5","SIC_0F","28","0",1981,"4","","Chicot County, Arkansas","Private","Wholesale Trade Division","County, Industry Division -- by ownership sector","All establishment sizes",29,232,223,215,994607,0,0,342
"05017","5","SIC_0F50","29","0",1981,"1","","Chicot County, Arkansas","Private","SIC 50 Wholesale Trade Durable Goods","County, 2-digit SIC -- by ownership sector","All establishment sizes",8,87,84,88,277372,0,0,247
"05017","5","SIC_0F50","29","0",1981,"2","","Chicot County, Arkansas","Private","SIC 50 Wholesale Trade Durable Goods","County, 2-digit SIC -- by ownership sector","All establishment sizes",8,89,91,98,349035,0,0,289
"05017","5","SIC_0F50","29","0",1981,"3","","Chicot County, Arkansas","Private","SIC 50 Wholesale Trade Durable Goods","County, 2-digit SIC -- by ownership sector","All establishment sizes",8,97,97,93,477832,0,0,384
"05017","5","SIC_0F50","29","0",1981,"4","","Chicot County, Arkansas","Private","SIC 50 Wholesale Trade Durable Goods","County, 2-digit SIC -- by ownership sector","All establishment sizes",9,92,86,81,533687,0,0,475
"05017","5","SIC_0F51","29","0",1981,"1","","Chicot County, Arkansas","Private","SIC 51 Wholesale Trade Nondurable Goods","County, 2-digit SIC -- by ownership sector","All establishment sizes",21,121,129,136,309351,0,0,184
"05017","5","SIC_0F51","29","0",1981,"2","","Chicot County, Arkansas","Private","SIC 51 Wholesale Trade Nondurable Goods","County, 2-digit SIC -- by ownership sector","All establishment sizes",21,153,155,153,424286,0,0,212
"05017","5","SIC_0F51","29","0",1981,"3","","Chicot County, Arkansas","Private","SIC 51 Wholesale Trade Nondurable Goods","County, 2-digit SIC -- by ownership sector","All establishment sizes",21,138,136,134,394100,0,0,222
"05017","5","SIC_0F51","29","0",1981,"4","","Chicot County, Arkansas","Private","SIC 51 Wholesale Trade Nondurable Goods","County, 2-digit SIC -- by ownership sector","All establishment sizes",20,140,137,134,460920,0,0,258
"05017","5","SIC_0G","28","0",1981,"1","","Chicot County, Arkansas","Private","Retail Trade Division","County, Industry Division -- by ownership sector","All establishment sizes",117,580,588,584,1121516,0,0,147
"05017","5","SIC_0G","28","0",1981,"2","","Chicot County, Arkansas","Private","Retail Trade Division","County, Industry Division -- by ownership sector","All establishment sizes",113,587,582,597,1096562,0,0,143
"05017","5","SIC_0G","28","0",1981,"3","","Chicot County, Arkansas","Private","Retail Trade Division","County, Industry Division -- by ownership sector","All establishment sizes",112,581,572,569,1115137,0,0,149
"05017","5","SIC_0G","28","0",1981,"4","","Chicot County, Arkansas","Private","Retail Trade Division","County, Industry Division -- by ownership sector","All establishment sizes",115,574,575,572,1129753,0,0,151
"05017","5","SIC_0G52","29","0",1981,"1","","Chicot County, Arkansas","Private","SIC 52 Building Materials and Garden Supplies","County, 2-digit SIC -- by ownership sector","All establishment sizes",5,31,32,31,116521,0,0,286
"05017","5","SIC_0G52","29","0",1981,"2","","Chicot County, Arkansas","Private","SIC 52 Building Materials and Garden Supplies","County, 2-digit SIC -- by ownership sector","All establishment sizes",5,32,32,32,67855,0,0,163
"05017","5","SIC_0G52","29","0",1981,"3","","Chicot County, Arkansas","Private","SIC 52 Building Materials and Garden Supplies","County, 2-digit SIC -- by ownership sector","All establishment sizes",5,35,32,32,66891,0,0,155
"05017","5","SIC_0G52","29","0",1981,"4","","Chicot County, Arkansas","Private","SIC 52 Building Materials and Garden Supplies","County, 2-digit SIC -- by ownership sector","All establishment sizes",5,31,31,30,64400,0,0,161
"05017","5","SIC_0G53","29","0",1981,"1","","Chicot County, Arkansas","Private","SIC 53 General Merchandise Stores","County, 2-digit SIC -- by ownership sector","All establishment sizes",9,64,63,65,112090,0,0,134
"05017","5","SIC_0G53","29","0",1981,"2","","Chicot County, Arkansas","Private","SIC 53 General Merchandise Stores","County, 2-digit SIC -- by ownership sector","All establishment sizes",9,63,59,66,107600,0,0,132
"05017","5","SIC_0G53","29","0",1981,"3","","Chicot County, Arkansas","Private","SIC 53 General Merchandise Stores","County, 2-digit SIC -- by ownership sector","All establishment sizes",9,59,58,57,103073,0,0,136
"05017","5","SIC_0G53","29","0",1981,"4","","Chicot County, Arkansas","Private","SIC 53 General Merchandise Stores","County, 2-digit SIC -- by ownership sector","All establishment sizes",9,56,58,62,104507,0,0,137
"05017","5","SIC_0G54","29","0",1981,"1","","Chicot County, Arkansas","Private","SIC 54 Food Stores","County, 2-digit SIC -- by ownership sector","All establishment sizes",28,169,178,175,290920,0,0,128
"05017","5","SIC_0G54","29","0",1981,"2","","Chicot County, Arkansas","Private","SIC 54 Food Stores","County, 2-digit SIC -- by ownership sector","All establishment sizes",26,169,164,165,308797,0,0,143
"05017","5","SIC_0G54","29","0",1981,"3","","Chicot County, Arkansas","Private","SIC 54 Food Stores","County, 2-digit SIC -- by ownership sector","All establishment sizes",25,159,161,160,298520,0,0,143
"05017","5","SIC_0G54","29","0",1981,"4","","Chicot County, Arkansas","Private","SIC 54 Food Stores","County, 2-digit SIC -- by ownership sector","All establishment sizes",27,164,166,163,300860,0,0,140
"05017","5","SIC_0G55","29","0",1981,"1","","Chicot County, Arkansas","Private","SIC 55 Automotive Dealers and Service Stations","County, 2-digit SIC -- by ownership sector","All establishment sizes",22,109,110,104,260175,0,0,185
"05017","5","SIC_0G55","29","0",1981,"2","","Chicot County, Arkansas","Private","SIC 55 Automotive Dealers and Service Stations","County, 2-digit SIC -- by ownership sector","All establishment sizes",21,107,111,111,273172,0,0,191
"05017","5","SIC_0G55","29","0",1981,"3","","Chicot County, Arkansas","Private","SIC 55 Automotive Dealers and Service Stations","County, 2-digit SIC -- by ownership sector","All establishment sizes",21,114,113,109,292544,0,0,200
"05017","5","SIC_0G55","29","0",1981,"4","","Chicot County, Arkansas","Private","SIC 55 Automotive Dealers and Service Stations","County, 2-digit SIC -- by ownership sector","All establishment sizes",21,112,110,109,300200,0,0,209
"05017","5","SIC_0G56","29","0",1981,"1","","Chicot County, Arkansas","Private","SIC 56 Apparel and Accessory Stores","County, 2-digit SIC -- by ownership sector","All establishment sizes",6,22,21,21,27316,0,0,98
"05017","5","SIC_0G56","29","0",1981,"2","","Chicot County, Arkansas","Private","SIC 56 Apparel and Accessory Stores","County, 2-digit SIC -- by ownership sector","All establishment sizes",6,22,21,22,27905,0,0,99
"05017","5","SIC_0G56","29","0",1981,"3","","Chicot County, Arkansas","Private","SIC 56 Apparel and Accessory Stores","County, 2-digit SIC -- by ownership sector","All establishment sizes",6,24,20,24,28250,0,0,95
"05017","5","SIC_0G56","29","0",1981,"4","","Chicot County, Arkansas","Private","SIC 56 Apparel and Accessory Stores","County, 2-digit SIC -- by ownership sector","All establishment sizes",7,23,21,22,30612,0,0,107
"05017","5","SIC_0G57","29","0",1981,"1","","Chicot County, Arkansas","Private","SIC 57 Furniture and Homefurnishings Stores","County, 2-digit SIC -- by ownership sector","All establishment sizes",5,16,14,15,29562,0,0,151
"05017","5","SIC_0G57","29","0",1981,"2","","Chicot County, Arkansas","Private","SIC 57 Furniture and Homefurnishings Stores","County, 2-digit SIC -- by ownership sector","All establishment sizes",5,14,14,13,27394,0,0,154
"05017","5","SIC_0G57","29","0",1981,"3","","Chicot County, Arkansas","Private","SIC 57 Furniture and Homefurnishings Stores","County, 2-digit SIC -- by ownership sector","All establishment sizes",5,13,13,12,29200,0,0,177
"05017","5","SIC_0G57","29","0",1981,"4","","Chicot County, Arkansas","Private","SIC 57 Furniture and Homefurnishings Stores","County, 2-digit SIC -- by ownership sector","All establishment sizes",5,12,12,12,29159,0,0,186
"05017","5","SIC_0G58","29","0",1981,"1","","Chicot County, Arkansas","Private","SIC 58 Eating and Drinking Places","County, 2-digit SIC -- by ownership sector","All establishment sizes",16,76,77,74,77901,0,0,79
"05017","5","SIC_0G58","29","0",1981,"2","","Chicot County, Arkansas","Private","SIC 58 Eating and Drinking Places","County, 2-digit SIC -- by ownership sector","All establishment sizes",15,78,77,80,87046,0,0,85
"05017","5","SIC_0G58","29","0",1981,"3","","Chicot County, Arkansas","Private","SIC 58 Eating and Drinking Places","County, 2-digit SIC -- by ownership sector","All establishment sizes",15,77,74,78,89460,0,0,90
"05017","5","SIC_0G58","29","0",1981,"4","","Chicot County, Arkansas","Private","SIC 58 Eating and Drinking Places","County, 2-digit SIC -- by ownership sector","All establishment sizes",16,83,83,81,89328,0,0,83
"05017","5","SIC_0G59","29","0",1981,"1","","Chicot County, Arkansas","Private","SIC 59 Miscellaneous Retail","County, 2-digit SIC -- by ownership sector","All establishment sizes",26,93,93,99,207031,0,0,167
"05017","5","SIC_0G59","29","0",1981,"2","","Chicot County, Arkansas","Private","SIC 59 Miscellaneous Retail","County, 2-digit SIC -- by ownership sector","All establishment sizes",26,102,104,108,196793,0,0,144
"05017","5","SIC_0G59","29","0",1981,"3","","Chicot County, Arkansas","Private","SIC 59 Miscellaneous Retail","County, 2-digit SIC -- by ownership sector","All establishment sizes",26,100,101,97,207199,0,0,160
"05017","5","SIC_0G59","29","0",1981,"4","","Chicot County, Arkansas","Private","SIC 59 Miscellaneous Retail","County, 2-digit SIC -- by ownership sector","All establishment sizes",25,93,94,93,210687,0,0,173
"05017","5","SIC_0H","28","0",1981,"1","","Chicot County, Arkansas","Private","Finance, Insurance, and Real Estate Division","County, Industry Division -- by ownership sector","All establishment sizes",15,124,124,125,342928,0,0,212
"05017","5","SIC_0H","28","0",1981,"2","","Chicot County, Arkansas","Private","Finance, Insurance, and Real Estate Division","County, Industry Division -- by ownership sector","All establishment sizes",15,126,128,129,357425,0,0,215
"05017","5","SIC_0H","28","0",1981,"3","","Chicot County, Arkansas","Private","Finance, Insurance, and Real Estate Division","County, Industry Division -- by ownership sector","All establishment sizes",16,125,127,125,345427,0,0,211
"05017","5","SIC_0H","28","0",1981,"4","","Chicot County, Arkansas","Private","Finance, Insurance, and Real Estate Division","County, Industry Division -- by ownership sector","All establishment sizes",15,126,126,127,502109,0,0,305
"05017","5","SIC_0H60","29","0",1981,"1","","Chicot County, Arkansas","Private","SIC 60 Depository Institutions","County, 2-digit SIC -- by ownership sector","All establishment sizes",5,78,78,79,229031,0,0,224
"05017","5","SIC_0H60","29","0",1981,"2","","Chicot County, Arkansas","Private","SIC 60 Depository Institutions","County, 2-digit SIC -- by ownership sector","All establishment sizes",5,79,82,82,238445,0,0,226
"05017","5","SIC_0H60","29","0",1981,"3","","Chicot County, Arkansas","Private","SIC 60 Depository Institutions","County, 2-digit SIC -- by ownership sector","All establishment sizes",5,81,82,81,237828,0,0,224
"05017","5","SIC_0H60","29","0",1981,"4","","Chicot County, Arkansas","Private","SIC 60 Depository Institutions","County, 2-digit SIC -- by ownership sector","All establishment sizes",5,80,80,80,383396,0,0,368
"05017","5","SIC_0H61","29","0",1981,"1","N","Chicot County, Arkansas","Private","SIC 61 Nondepository Institutions","County, 2-digit SIC -- by ownership sector","All establishment sizes",0,0,0,0,0,0,0,0
"05017","5","SIC_0H61","29","0",1981,"2","N","Chicot County, Arkansas","Private","SIC 61 Nondepository Institutions","County, 2-digit SIC -- by ownership sector","All establishment sizes",0,0,0,0,0,0,0,0
"05017","5","SIC_0H61","29","0",1981,"3","N","Chicot County, Arkansas","Private","SIC 61 Nondepository Institutions","County, 2-digit SIC -- by ownership sector","All establishment sizes",0,0,0,0,0,0,0,0
"05017","5","SIC_0H61","29","0",1981,"4","N","Chicot County, Arkansas","Private","SIC 61 Nondepository Institutions","County, 2-digit SIC -- by ownership sector","All establishment sizes",0,0,0,0,0,0,0,0
"05017","5","SIC_0H63","29","0",1981,"1","","Chicot County, Arkansas","Private","SIC 63 Insurance Carriers","County, 2-digit SIC -- by ownership sector","All establishment sizes",0,0,0,0,0,0,0,0
"05017","5","SIC_0H63","29","0",1981,"2","","Chicot County, Arkansas","Private","SIC 63 Insurance Carriers","County, 2-digit SIC -- by ownership sector","All establishment sizes",0,0,0,0,0,0,0,0
"05017","5","SIC_0H63","29","0",1981,"3","N","Chicot County, Arkansas","Private","SIC 63 Insurance Carriers","County, 2-digit SIC -- by ownership sector","All establishment sizes",0,0,0,0,0,0,0,0
"05017","5","SIC_0H63","29","0",1981,"4","N","Chicot County, Arkansas","Private","SIC 63 Insurance Carriers","County, 2-digit SIC -- by ownership sector","All establishment sizes",0,0,0,0,0,0,0,0
"05017","5","SIC_0H64","29","0",1981,"1","","Chicot County, Arkansas","Private","SIC 64 Insurance Agents, Brokers, and Service","County, 2-digit SIC -- by ownership sector","All establishment sizes",4,19,18,18,39708,0,0,166
"05017","5","SIC_0H64","29","0",1981,"2","","Chicot County, Arkansas","Private","SIC 64 Insurance Agents, Brokers, and Service","County, 2-digit SIC -- by ownership sector","All establishment sizes",4,19,19,19,47032,0,0,190
"05017","5","SIC_0H64","29","0",1981,"3","","Chicot County, Arkansas","Private","SIC 64 Insurance Agents, Brokers, and Service","County, 2-digit SIC -- by ownership sector","All establishment sizes",4,18,19,17,38562,0,0,164
"05017","5","SIC_0H64","29","0",1981,"4","","Chicot County, Arkansas","Private","SIC 64 Insurance Agents, Brokers, and Service","County, 2-digit SIC -- by ownership sector","All establishment sizes",3,18,17,17,42774,0,0,189
"05017","5","SIC_0H65","29","0",1981,"1","N","Chicot County, Arkansas","Private","SIC 65 Real Estate","County, 2-digit SIC -- by ownership sector","All establishment sizes",0,0,0,0,0,0,0,0
"05017","5","SIC_0H65","29","0",1981,"2","N","Chicot County, Arkansas","Private","SIC 65 Real Estate","County, 2-digit SIC -- by ownership sector","All establishment sizes",0,0,0,0,0,0,0,0
"05017","5","SIC_0H65","29","0",1981,"3","","Chicot County, Arkansas","Private","SIC 65 Real Estate","County, 2-digit SIC -- by ownership sector","All establishment sizes",4,7,7,8,12948,0,0,135
"05017","5","SIC_0H65","29","0",1981,"4","","Chicot County, Arkansas","Private","SIC 65 Real Estate","County, 2-digit SIC -- by ownership sector","All establishment sizes",4,6,9,8,15015,0,0,150
"05017","5","SIC_0I","28","0",1981,"1","","Chicot County, Arkansas","Private","Services Division","County, Industry Division -- by ownership sector","All establishment sizes",80,346,348,350,864259,0,0,191
"05017","5","SIC_0I","28","0",1981,"2","","Chicot County, Arkansas","Private","Services Division","County, Industry Division -- by ownership sector","All establishment sizes",81,344,364,352,933484,0,0,203
"05017","5","SIC_0I","28","0",1981,"3","","Chicot County, Arkansas","Private","Services Division","County, Industry Division -- by ownership sector","All establishment sizes",77,348,340,334,904842,0,0,204
"05017","5","SIC_0I","28","0",1981,"4","","Chicot County, Arkansas","Private","Services Division","County, Industry Division -- by ownership sector","All establishment sizes",76,315,320,330,905666,0,0,216
"05017","5","SIC_0I70","29","0",1981,"1","","Chicot County, Arkansas","Private","SIC 70 Hotels and Other Lodging Places","County, 2-digit SIC -- by ownership sector","All establishment sizes",4,27,27,27,28683,0,0,81
"05017","5","SIC_0I70","29","0",1981,"2","","Chicot County, Arkansas","Private","SIC 70 Hotels and Other Lodging Places","County, 2-digit SIC -- by ownership sector","All establishment sizes",4,21,25,27,33912,0,0,107
"05017","5","SIC_0I70","29","0",1981,"3","","Chicot County, Arkansas","Private","SIC 70 Hotels and Other Lodging Places","County, 2-digit SIC -- by ownership sector","All establishment sizes",4,31,30,31,33155,0,0,83
"05017","5","SIC_0I70","29","0",1981,"4","","Chicot County, Arkansas","Private","SIC 70 Hotels and Other Lodging Places","County, 2-digit SIC -- by ownership sector","All establishment sizes",4,26,28,26,30687,0,0,88
"05017","5","SIC_0I72","29","0",1981,"1","","Chicot County, Arkansas","Private","SIC 72 Personal Services","County, 2-digit SIC -- by ownership sector","All establishment sizes",9,15,15,15,25900,0,0,132
"05017","5","SIC_0I72","29","0",1981,"2","","Chicot County, Arkansas","Private","SIC 72 Personal Services","County, 2-digit SIC -- by ownership sector","All establishment sizes",9,17,17,16,25608,0,0,118
"05017","5","SIC_0I72","29","0",1981,"3","","Chicot County, Arkansas","Private","SIC 72 Personal Services","County, 2-digit SIC -- by ownership sector","All establishment sizes",7,13,13,12,20928,0,0,127
"05017","5","SIC_0I72","29","0",1981,"4","","Chicot County, Arkansas","Private","SIC 72 Personal Services","County, 2-digit SIC -- by ownership sector","All establishment sizes",7,12,12,12,26459,0,0,169
"05017","5","SIC_0I73","29","0",1981,"1","N","Chicot County, Arkansas","Private","SIC 73 Business Services","County, 2-digit SIC -- by ownership sector","All establishment sizes",0,0,0,0,0,0,0,0
"05017","5","SIC_0I73","29","0",1981,"2","N","Chicot County, Arkansas","Private","SIC 73 Business Services","County, 2-digit SIC -- by ownership sector","All establishment sizes",0,0,0,0,0,0,0,0
"05017","5","SIC_0I73","29","0",1981,"3","N","Chicot County, Arkansas","Private","SIC 73 Business Services","County, 2-digit SIC -- by ownership sector","All establishment sizes",0,0,0,0,0,0,0,0
"05017","5","SIC_0I73","29","0",1981,"4","N","Chicot County, Arkansas","Private","SIC 73 Business Services","County, 2-digit SIC -- by ownership sector","All establishment sizes",0,0,0,0,0,0,0,0
"05017","5","SIC_0I75","29","0",1981,"1","","Chicot County, Arkansas","Private","SIC 75 Auto Repair, Services, and Parking","County, 2-digit SIC -- by ownership sector","All establishment sizes",6,10,10,13,18817,0,0,131
"05017","5","SIC_0I75","29","0",1981,"2","","Chicot County, Arkansas","Private","SIC 75 Auto Repair, Services, and Parking","County, 2-digit SIC -- by ownership sector","All establishment sizes",7,18,19,20,41534,0,0,168
"05017","5","SIC_0I75","29","0",1981,"3","","Chicot County, Arkansas","Private","SIC 75 Auto Repair, Services, and Parking","County, 2-digit SIC -- by ownership sector","All establishment sizes",6,19,17,16,38307,0,0,170
"05017","5","SIC_0I75","29","0",1981,"4","","Chicot County, Arkansas","Private","SIC 75 Auto Repair, Services, and Parking","County, 2-digit SIC -- by ownership sector","All establishment sizes",7,14,13,16,32847,0,0,176
"05017","5","SIC_0I76","29","0",1981,"1","","Chicot County, Arkansas","Private","SIC 76 Miscellaneous Repair Services","County, 2-digit SIC -- by ownership sector","All establishment sizes",6,46,48,46,164096,0,0,270
"05017","5","SIC_0I76","29","0",1981,"2","","Chicot County, Arkansas","Private","SIC 76 Miscellaneous Repair Services","County, 2-digit SIC -- by ownership sector","All establishment sizes",6,46,47,46,171575,0,0,284
"05017","5","SIC_0I76","29","0",1981,"3","","Chicot County, Arkansas","Private","SIC 76 Miscellaneous Repair Services","County, 2-digit SIC -- by ownership sector","All establishment sizes",7,59,52,53,191171,0,0,269
"05017","5","SIC_0I76","29","0",1981,"4","","Chicot County, Arkansas","Private","SIC 76 Miscellaneous Repair Services","County, 2-digit SIC -- by ownership sector","All establishment sizes",6,46,42,45,173539,0,0,301
"05017","5","SIC_0I79","29","0",1981,"1","N","Chicot County, Arkansas","Private","SIC 79 Amusement and Recreation Services","County, 2-digit SIC -- by ownership sector","All establishment sizes",0,0,0,0,0,0,0,0
"05017","5","SIC_0I79","29","0",1981,"2","","Chicot County, Arkansas","Private","SIC 79 Amusement and Recreation Services","County, 2-digit SIC -- by ownership sector","All establishment sizes",3,5,5,6,6696,0,0,96
"05017","5","SIC_0I79","29","0",1981,"3","","Chicot County, Arkansas","Private","SIC 79 Amusement and Recreation Services","County, 2-digit SIC -- by ownership sector","All establishment sizes",3,6,6,5,7307,0,0,99
"05017","5","SIC_0I79","29","0",1981,"4","","Chicot County, Arkansas","Private","SIC 79 Amusement and Recreation Services","County, 2-digit SIC -- by ownership sector","All establishment sizes",4,5,5,5,6845,0,0,105
"05017","5","SIC_0I80","29","0",1981,"1","","Chicot County, Arkansas","Private","SIC 80 Health Services","County, 2-digit SIC -- by ownership sector","All establishment sizes",13,109,111,109,294320,0,0,206
"05017","5","SIC_0I80","29","0",1981,"2","","Chicot County, Arkansas","Private","SIC 80 Health Services","County, 2-digit SIC -- by ownership sector","All establishment sizes",13,109,111,114,310684,0,0,214
"05017","5","SIC_0I80","29","0",1981,"3","","Chicot County, Arkansas","Private","SIC 80 Health Services","County, 2-digit SIC -- by ownership sector","All establishment sizes",13,107,108,108,326630,0,0,233
"05017","5","SIC_0I80","29","0",1981,"4","","Chicot County, Arkansas","Private","SIC 80 Health Services","County, 2-digit SIC -- by ownership sector","All establishment sizes",14,109,113,114,334979,0,0,230
"05017","5","SIC_0I81","29","0",1981,"1","","Chicot County, Arkansas","Private","SIC 81 Legal Services","County, 2-digit SIC -- by ownership sector","All establishment sizes",9,18,17,18,58255,0,0,253
"05017","5","SIC_0I81","29","0",1981,"2","","Chicot County, Arkansas","Private","SIC 81 Legal Services","County, 2-digit SIC -- by ownership sector","All establishment sizes",10,18,20,20,80253,0,0,319
"05017","5","SIC_0I81","29","0",1981,"3","","Chicot County, Arkansas","Private","SIC 81 Legal Services","County, 2-digit SIC -- by ownership sector","All establishment sizes",10,19,20,19,64781,0,0,257
"05017","5","SIC_0I81","29","0",1981,"4","","Chicot County, Arkansas","Private","SIC 81 Legal Services","County, 2-digit SIC -- by ownership sector","All establishment sizes",8,18,18,18,70037,0,0,299
"05017","5","SIC_0I82","29","0",1981,"1","N","Chicot County, Arkansas","Private","SIC 82 Educational Services","County, 2-digit SIC -- by ownership sector","All establishment sizes",0,0,0,0,0,0,0,0
"05017","5","SIC_0I82","29","0",1981,"2","N","Chicot County, Arkansas","Private","SIC 82 Educational Services","County, 2-digit SIC -- by ownership sector","All establishment sizes",0,0,0,0,0,0,0,0
"05017","5","SIC_0I82","29","0",1981,"3","","Chicot County, Arkansas","Private","SIC 82 Educational Services","County, 2-digit SIC -- by ownership sector","All establishment sizes",0,0,0,0,0,0,0,0
"05017","5","SIC_0I82","29","0",1981,"4","","Chicot County, Arkansas","Private","SIC 82 Educational Services","County, 2-digit SIC -- by ownership sector","All establishment sizes",0,0,0,0,0,0,0,0
"05017","5","SIC_0I83","29","0",1981,"1","","Chicot County, Arkansas","Private","SIC 83 Social Services","County, 2-digit SIC -- by ownership sector","All establishment sizes",6,49,49,50,106536,0,0,166
"05017","5","SIC_0I83","29","0",1981,"2","","Chicot County, Arkansas","Private","SIC 83 Social Services","County, 2-digit SIC -- by ownership sector","All establishment sizes",6,52,57,58,125816,0,0,173
"05017","5","SIC_0I83","29","0",1981,"3","","Chicot County, Arkansas","Private","SIC 83 Social Services","County, 2-digit SIC -- by ownership sector","All establishment sizes",6,52,52,50,112898,0,0,169
"05017","5","SIC_0I83","29","0",1981,"4","","Chicot County, Arkansas","Private","SIC 83 Social Services","County, 2-digit SIC -- by ownership sector","All establishment sizes",6,47,50,52,108836,0,0,168
"05017","5","SIC_0I86","29","0",1981,"1","N","Chicot County, Arkansas","Private","SIC 86 Membership Organizations","County, 2-digit SIC -- by ownership sector","All establishment sizes",0,0,0,0,0,0,0,0
"05017","5","SIC_0I86","29","0",1981,"2","N","Chicot County, Arkansas","Private","SIC 86 Membership Organizations","County, 2-digit SIC -- by ownership sector","All establishment sizes",0,0,0,0,0,0,0,0
"05017","5","SIC_0I86","29","0",1981,"3","N","Chicot County, Arkansas","Private","SIC 86 Membership Organizations","County, 2-digit SIC -- by ownership sector","All establishment sizes",0,0,0,0,0,0,0,0
"05017","5","SIC_0I86","29","0",1981,"4","N","Chicot County, Arkansas","Private","SIC 86 Membership Organizations","County, 2-digit SIC -- by ownership sector","All establishment sizes",0,0,0,0,0,0,0,0
"05017","5","SIC_0I88","29","0",1981,"1","","Chicot County, Arkansas","Private","SIC 88 Private Households","County, 2-digit SIC -- by ownership sector","All establishment sizes",14,18,18,17,18192,0,0,79
"05017","5","SIC_0I88","29","0",1981,"2","","Chicot County, Arkansas","Private","SIC 88 Private Households","County, 2-digit SIC -- by ownership sector","All establishment sizes",14,16,17,17,17871,0,0,82
"05017","5","SIC_0I88","29","0",1981,"3","","Chicot County, Arkansas","Private","SIC 88 Private Households","County, 2-digit SIC -- by ownership sector","All establishment sizes",13,15,15,13,15911,0,0,85
"05017","5","SIC_0I88","29","0",1981,"4","","Chicot County, Arkansas","Private","SIC 88 Private Households","County, 2-digit SIC -- by ownership sector","All establishment sizes",12,13,13,13,14235,0,0,84
"05017","5","SIC_0I89","29","0",1981,"1","","Chicot County, Arkansas","Private","SIC 89 Services, Nec","County, 2-digit SIC -- by ownership sector","All establishment sizes",6,22,22,24,94175,0,0,319
"05017","5","SIC_0I89","29","0",1981,"2","","Chicot County, Arkansas","Private","SIC 89 Services, Nec","County, 2-digit SIC -- by ownership sector","All establishment sizes",5,17,20,19,81584,0,0,336
"05017","5","SIC_0I89","29","0",1981,"3","","Chicot County, Arkansas","Private","SIC 89 Services, Nec","County, 2-digit SIC -- by ownership sector","All establishment sizes",5,20,20,20,75871,0,0,291
"05017","5","SIC_0I89","29","0",1981,"4","","Chicot County, Arkansas","Private","SIC 89 Services, Nec","County, 2-digit SIC -- by ownership sector","All establishment sizes",5,19,19,21,84320,0,0,329
