"area_fips","own_code","industry_code","agglvl_code","size_code","year","qtr","disclosure_code","area_title","own_title","industry_title","agglvl_title","size_title","qtrly_estabs_count","month1_emplvl","month2_emplvl","month3_emplvl","total_qtrly_wages","taxable_qtrly_wages","qtrly_contributions","avg_wkly_wage"
"01037","0","SIC_0Z","26","0",1981,"1","","Coosa County, Alabama","Total Covered","All Industries","County, Total Covered","All establishment sizes",165,1927,1958,1952,4846171,0,0,191
"01037","0","SIC_0Z","26","0",1981,"2","","Coosa County, Alabama","Total Covered","All Industries","County, Total Covered","All establishment sizes",165,1904,1932,1987,5140662,0,0,203
"01037","0","SIC_0Z","26","0",1981,"3","","Coosa County, Alabama","Total Covered","All Industries","County, Total Covered","All establishment sizes",153,1906,1932,1933,5344629,0,0,213
"01037","0","SIC_0Z","26","0",1981,"4","","Coosa County, Alabama","Total Covered","All Industries","County, Total Covered","All establishment sizes",148,2027,1917,1899,5473428,0,0,216
"01037","1","SIC_0Z","27","0",1981,"1","","Coosa County, Alabama","Federal Government","All Industries","County, Total -- by ownership sector","All establishment sizes",7,35,31,29,133808,0,0,325
"01037","1","SIC_0Z","27","0",1981,"2","","Coosa County, Alabama","Federal Government","All Industries","County, Total -- by ownership sector","All establishment sizes",7,34,32,34,115250,0,0,265
"01037","1","SIC_0Z","27","0",1981,"3","","Coosa County, Alabama","Federal Government","All Industries","County, Total -- by ownership sector","All establishment sizes",6,32,31,33,137271,0,0,329
"01037","1","SIC_0Z","27","0",1981,"4","","Coosa County, Alabama","Federal Government","All Industries","County, Total -- by ownership sector","All establishment sizes",5,32,32,33,140845,0,0,335
"01037","1","SIC_0E","28","0",1981,"1","","Coosa County, Alabama","Federal Government","Transportation and Public Utilities Division","County, Industry Division -- by ownership sector","All establishment sizes",4,32,29,27,119006,0,0,312
"01037","1","SIC_0E","28","0",1981,"2","","Coosa County, Alabama","Federal Government","Transportation and Public Utilities Division","County, Industry Division -- by ownership sector","All establishment sizes",4,31,29,31,101030,0,0,256
"01037","1","SIC_0E","28","0",1981,"3","","Coosa County, Alabama","Federal Government","Transportation and Public Utilities Division","County, Industry Division -- by ownership sector","All establishment sizes",4,29,28,30,124044,0,0,329
"01037","1","SIC_0E","28","0",1981,"4","","Coosa County, Alabama","Federal Government","Transportation and Public Utilities Division","County, Industry Division -- by ownership sector","All establishment sizes",3,29,29,30,124894,0,0,327
"01037","1","SIC_0E43","29","0",1981,"1","","Coosa County, Alabama","Federal Government","SIC 43 U.S. Postal Service","County, 2-digit SIC -- by ownership sector","All establishment sizes",4,32,29,27,119006,0,0,312
"01037","1","SIC_0E43","29","0",1981,"2","","Coosa County, Alabama","Federal Government","SIC 43 U.S. Postal Service","County, 2-digit SIC -- by ownership sector","All establishment sizes",4,31,29,31,101030,0,0,256
"01037","1","SIC_0E43","29","0",1981,"3","","Coosa County, Alabama","Federal Government","SIC 43 U.S. Postal Service","County, 2-digit SIC -- by ownership sector","All establishment sizes",4,29,28,30,124044,0,0,329
"01037","1","SIC_0E43","29","0",1981,"4","","Coosa County, Alabama","Federal Government","SIC 43 U.S. Postal Service","County, 2-digit SIC -- by ownership sector","All establishment sizes",3,29,29,30,124894,0,0,327
"01037","1","SIC_0J","28","0",1981,"1","","Coosa County, Alabama","Federal Government","Public Administration Division","County, Industry Division -- by ownership sector","All establishment sizes",3,3,2,2,14802,0,0,487
"01037","1","SIC_0J","28","0",1981,"2","","Coosa County, Alabama","Federal Government","Public Administration Division","County, Industry Division -- by ownership sector","All establishment sizes",3,3,3,3,14220,0,0,364
"01037","1","SIC_0J","28","0",1981,"3","","Coosa County, Alabama","Federal Government","Public Administration Division","County, Industry Division -- by ownership sector","All establishment sizes",2,3,3,3,13227,0,0,339
"01037","1","SIC_0J","28","0",1981,"4","","Coosa County, Alabama","Federal Government","Public Administration Division","County, Industry Division -- by ownership sector","All establishment sizes",2,3,3,3,15951,0,0,409
"01037","1","SIC_0J95","29","0",1981,"1","","Coosa County, Alabama","Federal Government","SIC 95 Environmental Quality and Housing","County, 2-digit SIC -- by ownership sector","All establishment sizes",2,3,2,2,14802,0,0,487
"01037","1","SIC_0J95","29","0",1981,"2","","Coosa County, Alabama","Federal Government","SIC 95 Environmental Quality and Housing","County, 2-digit SIC -- by ownership sector","All establishment sizes",2,3,3,3,14220,0,0,364
"01037","1","SIC_0J95","29","0",1981,"3","","Coosa County, Alabama","Federal Government","SIC 95 Environmental Quality and Housing","County, 2-digit SIC -- by ownership sector","All establishment sizes",2,3,3,3,13227,0,0,339
"01037","1","SIC_0J95","29","0",1981,"4","","Coosa County, Alabama","Federal Government","SIC 95 Environmental Quality and Housing","County, 2-digit SIC -- by ownership sector","All establishment sizes",2,3,3,3,15951,0,0,409
"01037","1","SIC_0J96","29","0",1981,"1","","Coosa County, Alabama","Federal Government","SIC 96 Administration of Economic Programs","County, 2-digit SIC -- by ownership sector","All establishment sizes",1,0,0,0,0,0,0,0
"01037","1","SIC_0J96","29","0",1981,"2","","Coosa County, Alabama","Federal Government","SIC 96 Administration of Economic Programs","County, 2-digit SIC -- by ownership sector","All establishment sizes",1,0,0,0,0,0,0,0
"01037","1","SIC_0J96","29","0",1981,"3","","Coosa County, Alabama","Federal Government","SIC 96 Administration of Economic Programs","County, 2-digit SIC -- by ownership sector","All establishment sizes",0,0,0,0,0,0,0,0
"01037","1","SIC_0J96","29","0",1981,"4","","Coosa County, Alabama","Federal Government","SIC 96 Administration of Economic Programs","County, 2-digit SIC -- by ownership sector","All establishment sizes",0,0,0,0,0,0,0,0
"01037","2","SIC_0Z","27","0",1981,"1","","Coosa County, Alabama","State Government","All Industries","County, Total -- by ownership sector","All establishment sizes",10,53,53,54,157817,0,0,227
"01037","2","SIC_0Z","27","0",1981,"2","","Coosa County, Alabama","State Government","All Industries","County, Total -- by ownership sector","All establishment sizes",10,46,46,45,178290,0,0,300
"01037","2","SIC_0Z","27","0",1981,"3","","Coosa County, Alabama","State Government","All Industries","County, Total -- by ownership sector","All establishment sizes",10,46,45,46,145256,0,0,244
"01037","2","SIC_0Z","27","0",1981,"4","","Coosa County, Alabama","State Government","All Industries","County, Total -- by ownership sector","All establishment sizes",9,45,45,45,165899,0,0,283
"01037","2","SIC_0G","28","0",1981,"1","N","Coosa County, Alabama","State Government","Retail Trade Division","County, Industry Division -- by ownership sector","All establishment sizes",0,0,0,0,0,0,0,0
"01037","2","SIC_0G","28","0",1981,"2","N","Coosa County, Alabama","State Government","Retail Trade Division","County, Industry Division -- by ownership sector","All establishment sizes",0,0,0,0,0,0,0,0
"01037","2","SIC_0G","28","0",1981,"3","N","Coosa County, Alabama","State Government","Retail Trade Division","County, Industry Division -- by ownership sector","All establishment sizes",0,0,0,0,0,0,0,0
"01037","2","SIC_0G","28","0",1981,"4","N","Coosa County, Alabama","State Government","Retail Trade Division","County, Industry Division -- by ownership sector","All establishment sizes",0,0,0,0,0,0,0,0
"01037","2","SIC_0G59","29","0",1981,"1","N","Coosa County, Alabama","State Government","SIC 59 Miscellaneous Retail","County, 2-digit SIC -- by ownership sector","All establishment sizes",0,0,0,0,0,0,0,0
"01037","2","SIC_0G59","29","0",1981,"2","N","Coosa County, Alabama","State Government","SIC 59 Miscellaneous Retail","County, 2-digit SIC -- by ownership sector","All establishment sizes",0,0,0,0,0,0,0,0
"01037","2","SIC_0G59","29","0",1981,"3","N","Coosa County, Alabama","State Government","SIC 59 Miscellaneous Retail","County, 2-digit SIC -- by ownership sector","All establishment sizes",0,0,0,0,0,0,0,0
"01037","2","SIC_0G59","29","0",1981,"4","N","Coosa County, Alabama","State Government","SIC 59 Miscellaneous Retail","County, 2-digit SIC -- by ownership sector","All establishment sizes",0,0,0,0,0,0,0,0
"01037","2","SIC_0J","28","0",1981,"1","N","Coosa County, Alabama","State Government","Public Administration Division","County, Industry Division -- by ownership sector","All establishment sizes",0,0,0,0,0,0,0,0
"01037","2","SIC_0J","28","0",1981,"2","N","Coosa County, Alabama","State Government","Public Administration Division","County, Industry Division -- by ownership sector","All establishment sizes",0,0,0,0,0,0,0,0
"01037","2","SIC_0J","28","0",1981,"3","N","Coosa County, Alabama","State Government","Public Administration Division","County, Industry Division -- by ownership sector","All establishment sizes",0,0,0,0,0,0,0,0
"01037","2","SIC_0J","28","0",1981,"4","N","Coosa County, Alabama","State Government","Public Administration Division","County, Industry Division -- by ownership sector","All establishment sizes",0,0,0,0,0,0,0,0
"01037","2","SIC_0J92","29","0",1981,"1","N","Coosa County, Alabama","State Government","SIC 92 Justice, Public Order, and Safety","County, 2-digit SIC -- by ownership sector","All establishment sizes",0,0,0,0,0,0,0,0
"01037","2","SIC_0J92","29","0",1981,"2","N","Coosa County, Alabama","State Government","SIC 92 Justice, Public Order, and Safety","County, 2-digit SIC -- by ownership sector","All establishment sizes",0,0,0,0,0,0,0,0
"01037","2","SIC_0J92","29","0",1981,"3","N","Coosa County, Alabama","State Government","SIC 92 Justice, Public Order, and Safety","County, 2-digit SIC -- by ownership sector","All establishment sizes",0,0,0,0,0,0,0,0
"01037","2","SIC_0J92","29","0",1981,"4","N","Coosa County, Alabama","State Government","SIC 92 Justice, Public Order, and Safety","County, 2-digit SIC -- by ownership sector","All establishment sizes",0,0,0,0,0,0,0,0
"01037","2","SIC_0J94","29","0",1981,"1","","Coosa County, Alabama","State Government","SIC 94 Administration of Human Resources","County, 2-digit SIC -- by ownership sector","All establishment sizes",4,33,33,33,99647,0,0,232
"01037","2","SIC_0J94","29","0",1981,"2","","Coosa County, Alabama","State Government","SIC 94 Administration of Human Resources","County, 2-digit SIC -- by ownership sector","All establishment sizes",4,27,27,26,107352,0,0,309
"01037","2","SIC_0J94","29","0",1981,"3","","Coosa County, Alabama","State Government","SIC 94 Administration of Human Resources","County, 2-digit SIC -- by ownership sector","All establishment sizes",4,25,25,25,85047,0,0,261
"01037","2","SIC_0J94","29","0",1981,"4","","Coosa County, Alabama","State Government","SIC 94 Administration of Human Resources","County, 2-digit SIC -- by ownership sector","All establishment sizes",3,25,25,25,98573,0,0,303
"01037","2","SIC_0J95","29","0",1981,"1","","Coosa County, Alabama","State Government","SIC 95 Environmental Quality and Housing","County, 2-digit SIC -- by ownership sector","All establishment sizes",3,8,8,9,20489,0,0,189
"01037","2","SIC_0J95","29","0",1981,"2","","Coosa County, Alabama","State Government","SIC 95 Environmental Quality and Housing","County, 2-digit SIC -- by ownership sector","All establishment sizes",3,7,7,7,29492,0,0,324
"01037","2","SIC_0J95","29","0",1981,"3","","Coosa County, Alabama","State Government","SIC 95 Environmental Quality and Housing","County, 2-digit SIC -- by ownership sector","All establishment sizes",3,8,8,8,22159,0,0,213
"01037","2","SIC_0J95","29","0",1981,"4","","Coosa County, Alabama","State Government","SIC 95 Environmental Quality and Housing","County, 2-digit SIC -- by ownership sector","All establishment sizes",3,8,8,8,25157,0,0,241
"01037","2","SIC_0J96","29","0",1981,"1","N","Coosa County, Alabama","State Government","SIC 96 Administration of Economic Programs","County, 2-digit SIC -- by ownership sector","All establishment sizes",0,0,0,0,0,0,0,0
"01037","2","SIC_0J96","29","0",1981,"2","N","Coosa County, Alabama","State Government","SIC 96 Administration of Economic Programs","County, 2-digit SIC -- by ownership sector","All establishment sizes",0,0,0,0,0,0,0,0
"01037","2","SIC_0J96","29","0",1981,"3","N","Coosa County, Alabama","State Government","SIC 96 Administration of Economic Programs","County, 2-digit SIC -- by ownership sector","All establishment sizes",0,0,0,0,0,0,0,0
"01037","2","SIC_0J96","29","0",1981,"4","N","Coosa County, Alabama","State Government","SIC 96 Administration of Economic Programs","County, 2-digit SIC -- by ownership sector","All establishment sizes",0,0,0,0,0,0,0,0
"01037","3","SIC_0Z","27","0",1981,"1","","Coosa County, Alabama","Local Government","All Industries","County, Total -- by ownership sector","All establishment sizes",12,401,394,407,860542,0,0,165
"01037","3","SIC_0Z","27","0",1981,"2","","Coosa County, Alabama","Local Government","All Industries","County, Total -- by ownership sector","All establishment sizes",13,392,390,415,869105,0,0,167
"01037","3","SIC_0Z","27","0",1981,"3","","Coosa County, Alabama","Local Government","All Industries","County, Total -- by ownership sector","All establishment sizes",12,269,288,318,753468,0,0,198
"01037","3","SIC_0Z","27","0",1981,"4","","Coosa County, Alabama","Local Government","All Industries","County, Total -- by ownership sector","All establishment sizes",12,408,409,414,874133,0,0,163
"01037","3","SIC_0E","28","0",1981,"1","","Coosa County, Alabama","Local Government","Transportation and Public Utilities Division","County, Industry Division -- by ownership sector","All establishment sizes",4,16,16,15,16048,0,0,78
"01037","3","SIC_0E","28","0",1981,"2","","Coosa County, Alabama","Local Government","Transportation and Public Utilities Division","County, Industry Division -- by ownership sector","All establishment sizes",4,15,15,15,15328,0,0,78
"01037","3","SIC_0E","28","0",1981,"3","","Coosa County, Alabama","Local Government","Transportation and Public Utilities Division","County, Industry Division -- by ownership sector","All establishment sizes",4,14,14,14,15862,0,0,87
"01037","3","SIC_0E","28","0",1981,"4","","Coosa County, Alabama","Local Government","Transportation and Public Utilities Division","County, Industry Division -- by ownership sector","All establishment sizes",4,14,14,14,17143,0,0,94
"01037","3","SIC_0E49","29","0",1981,"1","","Coosa County, Alabama","Local Government","SIC 49 Electric, Gas, And Sanitary Services","County, 2-digit SIC -- by ownership sector","All establishment sizes",4,16,16,15,16048,0,0,78
"01037","3","SIC_0E49","29","0",1981,"2","","Coosa County, Alabama","Local Government","SIC 49 Electric, Gas, And Sanitary Services","County, 2-digit SIC -- by ownership sector","All establishment sizes",4,15,15,15,15328,0,0,78
"01037","3","SIC_0E49","29","0",1981,"3","","Coosa County, Alabama","Local Government","SIC 49 Electric, Gas, And Sanitary Services","County, 2-digit SIC -- by ownership sector","All establishment sizes",4,14,14,14,15862,0,0,87
"01037","3","SIC_0E49","29","0",1981,"4","","Coosa County, Alabama","Local Government","SIC 49 Electric, Gas, And Sanitary Services","County, 2-digit SIC -- by ownership sector","All establishment sizes",4,14,14,14,17143,0,0,94
"01037","3","SIC_0H","28","0",1981,"1","N","Coosa County, Alabama","Local Government","Finance, Insurance, and Real Estate Division","County, Industry Division -- by ownership sector","All establishment sizes",0,0,0,0,0,0,0,0
"01037","3","SIC_0H","28","0",1981,"2","N","Coosa County, Alabama","Local Government","Finance, Insurance, and Real Estate Division","County, Industry Division -- by ownership sector","All establishment sizes",0,0,0,0,0,0,0,0
"01037","3","SIC_0H","28","0",1981,"3","N","Coosa County, Alabama","Local Government","Finance, Insurance, and Real Estate Division","County, Industry Division -- by ownership sector","All establishment sizes",0,0,0,0,0,0,0,0
"01037","3","SIC_0H","28","0",1981,"4","N","Coosa County, Alabama","Local Government","Finance, Insurance, and Real Estate Division","County, Industry Division -- by ownership sector","All establishment sizes",0,0,0,0,0,0,0,0
"01037","3","SIC_0H65","29","0",1981,"1","N","Coosa County, Alabama","Local Government","SIC 65 Real Estate","County, 2-digit SIC -- by ownership sector","All establishment sizes",0,0,0,0,0,0,0,0
"01037","3","SIC_0H65","29","0",1981,"2","N","Coosa County, Alabama","Local Government","SIC 65 Real Estate","County, 2-digit SIC -- by ownership sector","All establishment sizes",0,0,0,0,0,0,0,0
"01037","3","SIC_0H65","29","0",1981,"3","N","Coosa County, Alabama","Local Government","SIC 65 Real Estate","County, 2-digit SIC -- by ownership sector","All establishment sizes",0,0,0,0,0,0,0,0
"01037","3","SIC_0H65","29","0",1981,"4","N","Coosa County, Alabama","Local Government","SIC 65 Real Estate","County, 2-digit SIC -- by ownership sector","All establishment sizes",0,0,0,0,0,0,0,0
"01037","3","SIC_0I","28","0",1981,"1","N","Coosa County, Alabama","Local Government","Services Division","County, Industry Division -- by ownership sector","All establishment sizes",0,0,0,0,0,0,0,0
"01037","3","SIC_0I","28","0",1981,"2","N","Coosa County, Alabama","Local Government","Services Division","County, Industry Division -- by ownership sector","All establishment sizes",0,0,0,0,0,0,0,0
"01037","3","SIC_0I","28","0",1981,"3","N","Coosa County, Alabama","Local Government","Services Division","County, Industry Division -- by ownership sector","All establishment sizes",0,0,0,0,0,0,0,0
"01037","3","SIC_0I","28","0",1981,"4","N","Coosa County, Alabama","Local Government","Services Division","County, Industry Division -- by ownership sector","All establishment sizes",0,0,0,0,0,0,0,0
"01037","3","SIC_0I82","29","0",1981,"1","N","Coosa County, Alabama","Local Government","SIC 82 Educational Services","County, 2-digit SIC -- by ownership sector","All establishment sizes",0,0,0,0,0,0,0,0
"01037","3","SIC_0I82","29","0",1981,"2","N","Coosa County, Alabama","Local Government","SIC 82 Educational Services","County, 2-digit SIC -- by ownership sector","All establishment sizes",0,0,0,0,0,0,0,0
"01037","3","SIC_0I82","29","0",1981,"3","N","Coosa County, Alabama","Local Government","SIC 82 Educational Services","County, 2-digit SIC -- by ownership sector","All establishment sizes",0,0,0,0,0,0,0,0
"01037","3","SIC_0I82","29","0",1981,"4","N","Coosa County, Alabama","Local Government","SIC 82 Educational Services","County, 2-digit SIC -- by ownership sector","All establishment sizes",0,0,0,0,0,0,0,0
"01037","3","SIC_0I83","29","0",1981,"1","N","Coosa County, Alabama","Local Government","SIC 83 Social Services","County, 2-digit SIC -- by ownership sector","All establishment sizes",0,0,0,0,0,0,0,0
"01037","3","SIC_0I83","29","0",1981,"2","N","Coosa County, Alabama","Local Government","SIC 83 Social Services","County, 2-digit SIC -- by ownership sector","All establishment sizes",0,0,0,0,0,0,0,0
"01037","3","SIC_0I83","29","0",1981,"3","","Coosa County, Alabama","Local Government","SIC 83 Social Services","County, 2-digit SIC -- by ownership sector","All establishment sizes",0,0,0,0,0,0,0,0
"01037","3","SIC_0I83","29","0",1981,"4","","Coosa County, Alabama","Local Government","SIC 83 Social Services","County, 2-digit SIC -- by ownership sector","All establishment sizes",0,0,0,0,0,0,0,0
"01037","3","SIC_0J","28","0",1981,"1","","Coosa County, Alabama","Local Government","Public Administration Division","County, Industry Division -- by ownership sector","All establishment sizes",5,96,95,95,162694,0,0,131
"01037","3","SIC_0J","28","0",1981,"2","","Coosa County, Alabama","Local Government","Public Administration Division","County, Industry Division -- by ownership sector","All establishment sizes",6,94,92,98,187891,0,0,152
"01037","3","SIC_0J","28","0",1981,"3","","Coosa County, Alabama","Local Government","Public Administration Division","County, Industry Division -- by ownership sector","All establishment sizes",6,93,95,98,187609,0,0,151
"01037","3","SIC_0J","28","0",1981,"4","","Coosa County, Alabama","Local Government","Public Administration Division","County, Industry Division -- by ownership sector","All establishment sizes",6,95,95,100,204426,0,0,162
"01037","3","SIC_0J91","29","0",1981,"1","","Coosa County, Alabama","Local Government","SIC 91 Executive, Legislative, and General","County, 2-digit SIC -- by ownership sector","All establishment sizes",5,96,95,95,162694,0,0,131
"01037","3","SIC_0J91","29","0",1981,"2","","Coosa County, Alabama","Local Government","SIC 91 Executive, Legislative, and General","County, 2-digit SIC -- by ownership sector","All establishment sizes",6,94,92,98,187891,0,0,152
"01037","3","SIC_0J91","29","0",1981,"3","","Coosa County, Alabama","Local Government","SIC 91 Executive, Legislative, and General","County, 2-digit SIC -- by ownership sector","All establishment sizes",6,93,95,98,187609,0,0,151
"01037","3","SIC_0J91","29","0",1981,"4","","Coosa County, Alabama","Local Government","SIC 91 Executive, Legislative, and General","County, 2-digit SIC -- by ownership sector","All establishment sizes",6,95,95,100,204426,0,0,162
"01037","5","SIC_0Z","27","0",1981,"1","","Coosa County, Alabama","Private","All Industries","County, Total -- by ownership sector","All establishment sizes",136,1438,1480,1462,3694004,0,0,194
"01037","5","SIC_0Z","27","0",1981,"2","","Coosa County, Alabama","Private","All Industries","County, Total -- by ownership sector","All establishment sizes",135,1432,1464,1493,3978017,0,0,209
"01037","5","SIC_0Z","27","0",1981,"3","","Coosa County, Alabama","Private","All Industries","County, Total -- by ownership sector","All establishment sizes",125,1559,1568,1536,4308634,0,0,213
"01037","5","SIC_0Z","27","0",1981,"4","","Coosa County, Alabama","Private","All Industries","County, Total -- by ownership sector","All establishment sizes",122,1542,1431,1407,4292551,0,0,226
"01037","5","SIC_0A","28","0",1981,"1","N","Coosa County, Alabama","Private","Agriculture, Forestry, and Fishing Division","County, Industry Division -- by ownership sector","All establishment sizes",0,0,0,0,0,0,0,0
"01037","5","SIC_0A","28","0",1981,"2","N","Coosa County, Alabama","Private","Agriculture, Forestry, and Fishing Division","County, Industry Division -- by ownership sector","All establishment sizes",0,0,0,0,0,0,0,0
"01037","5","SIC_0A","28","0",1981,"3","N","Coosa County, Alabama","Private","Agriculture, Forestry, and Fishing Division","County, Industry Division -- by ownership sector","All establishment sizes",0,0,0,0,0,0,0,0
"01037","5","SIC_0A","28","0",1981,"4","N","Coosa County, Alabama","Private","Agriculture, Forestry, and Fishing Division","County, Industry Division -- by ownership sector","All establishment sizes",0,0,0,0,0,0,0,0
"01037","5","SIC_0A02","29","0",1981,"1","N","Coosa County, Alabama","Private","SIC 02 Agricultural Production Livestock","County, 2-digit SIC -- by ownership sector","All establishment sizes",0,0,0,0,0,0,0,0
"01037","5","SIC_0A02","29","0",1981,"2","N","Coosa County, Alabama","Private","SIC 02 Agricultural Production Livestock","County, 2-digit SIC -- by ownership sector","All establishment sizes",0,0,0,0,0,0,0,0
"01037","5","SIC_0A02","29","0",1981,"3","N","Coosa County, Alabama","Private","SIC 02 Agricultural Production Livestock","County, 2-digit SIC -- by ownership sector","All establishment sizes",0,0,0,0,0,0,0,0
"01037","5","SIC_0A02","29","0",1981,"4","N","Coosa County, Alabama","Private","SIC 02 Agricultural Production Livestock","County, 2-digit SIC -- by ownership sector","All establishment sizes",0,0,0,0,0,0,0,0
"01037","5","SIC_0A08","29","0",1981,"1","N","Coosa County, Alabama","Private","SIC 08 Forestry","County, 2-digit SIC -- by ownership sector","All establishment sizes",0,0,0,0,0,0,0,0
"01037","5","SIC_0A08","29","0",1981,"2","N","Coosa County, Alabama","Private","SIC 08 Forestry","County, 2-digit SIC -- by ownership sector","All establishment sizes",0,0,0,0,0,0,0,0
"01037","5","SIC_0A08","29","0",1981,"3","N","Coosa County, Alabama","Private","SIC 08 Forestry","County, 2-digit SIC -- by ownership sector","All establishment sizes",0,0,0,0,0,0,0,0
"01037","5","SIC_0A08","29","0",1981,"4","N","Coosa County, Alabama","Private","SIC 08 Forestry","County, 2-digit SIC -- by ownership sector","All establishment sizes",0,0,0,0,0,0,0,0
"01037","5","SIC_0B","28","0",1981,"1","N","Coosa County, Alabama","Private","Mining Division","County, Industry Division -- by ownership sector","All establishment sizes",0,0,0,0,0,0,0,0
"01037","5","SIC_0B","28","0",1981,"2","N","Coosa County, Alabama","Private","Mining Division","County, Industry Division -- by ownership sector","All establishment sizes",0,0,0,0,0,0,0,0
"01037","5","SIC_0B","28","0",1981,"3","N","Coosa County, Alabama","Private","Mining Division","County, Industry Division -- by ownership sector","All establishment sizes",0,0,0,0,0,0,0,0
"01037","5","SIC_0B","28","0",1981,"4","N","Coosa County, Alabama","Private","Mining Division","County, Industry Division -- by ownership sector","All establishment sizes",0,0,0,0,0,0,0,0
"01037","5","SIC_0B14","29","0",1981,"1","N","Coosa County, Alabama","Private","SIC 14 Nonmetallic Minerals, Except Fuels","County, 2-digit SIC -- by ownership sector","All establishment sizes",0,0,0,0,0,0,0,0
"01037","5","SIC_0B14","29","0",1981,"2","N","Coosa County, Alabama","Private","SIC 14 Nonmetallic Minerals, Except Fuels","County, 2-digit SIC -- by ownership sector","All establishment sizes",0,0,0,0,0,0,0,0
"01037","5","SIC_0B14","29","0",1981,"3","N","Coosa County, Alabama","Private","SIC 14 Nonmetallic Minerals, Except Fuels","County, 2-digit SIC -- by ownership sector","All establishment sizes",0,0,0,0,0,0,0,0
"01037","5","SIC_0B14","29","0",1981,"4","N","Coosa County, Alabama","Private","SIC 14 Nonmetallic Minerals, Except Fuels","County, 2-digit SIC -- by ownership sector","All establishment sizes",0,0,0,0,0,0,0,0
"01037","5","SIC_0C","28","0",1981,"1","","Coosa County, Alabama","Private","Construction Division","County, Industry Division -- by ownership sector","All establishment sizes",11,74,75,72,223041,0,0,232
"01037","5","SIC_0C","28","0",1981,"2","","Coosa County, Alabama","Private","Construction Division","County, Industry Division -- by ownership sector","All establishment sizes",12,84,99,95,359050,0,0,298
"01037","5","SIC_0C","28","0",1981,"3","","Coosa County, Alabama","Private","Construction Division","County, Industry Division -- by ownership sector","All establishment sizes",12,101,105,87,358089,0,0,282
"01037","5","SIC_0C","28","0",1981,"4","","Coosa County, Alabama","Private","Construction Division","County, Industry Division -- by ownership sector","All establishment sizes",12,81,87,89,337558,0,0,303
"01037","5","SIC_0C15","29","0",1981,"1","N","Coosa County, Alabama","Private","SIC 15 General Building Contractors","County, 2-digit SIC -- by ownership sector","All establishment sizes",0,0,0,0,0,0,0,0
"01037","5","SIC_0C15","29","0",1981,"2","N","Coosa County, Alabama","Private","SIC 15 General Building Contractors","County, 2-digit SIC -- by ownership sector","All establishment sizes",0,0,0,0,0,0,0,0
"01037","5","SIC_0C15","29","0",1981,"3","","Coosa County, Alabama","Private","SIC 15 General Building Contractors","County, 2-digit SIC -- by ownership sector","All establishment sizes",3,5,5,9,19135,0,0,232
"01037","5","SIC_0C15","29","0",1981,"4","","Coosa County, Alabama","Private","SIC 15 General Building Contractors","County, 2-digit SIC -- by ownership sector","All establishment sizes",3,8,7,7,22755,0,0,238
"01037","5","SIC_0C17","29","0",1981,"1","N","Coosa County, Alabama","Private","SIC 17 Special Trade Contractors","County, 2-digit SIC -- by ownership sector","All establishment sizes",0,0,0,0,0,0,0,0
"01037","5","SIC_0C17","29","0",1981,"2","N","Coosa County, Alabama","Private","SIC 17 Special Trade Contractors","County, 2-digit SIC -- by ownership sector","All establishment sizes",0,0,0,0,0,0,0,0
"01037","5","SIC_0C17","29","0",1981,"3","","Coosa County, Alabama","Private","SIC 17 Special Trade Contractors","County, 2-digit SIC -- by ownership sector","All establishment sizes",9,96,100,78,338954,0,0,285
"01037","5","SIC_0C17","29","0",1981,"4","","Coosa County, Alabama","Private","SIC 17 Special Trade Contractors","County, 2-digit SIC -- by ownership sector","All establishment sizes",9,73,80,82,314803,0,0,309
"01037","5","SIC_0D","28","0",1981,"1","","Coosa County, Alabama","Private","Manufacturing Division","County, Industry Division -- by ownership sector","All establishment sizes",41,1054,1092,1078,2712626,0,0,194
"01037","5","SIC_0D","28","0",1981,"2","","Coosa County, Alabama","Private","Manufacturing Division","County, Industry Division -- by ownership sector","All establishment sizes",41,1046,1056,1080,2840493,0,0,206
"01037","5","SIC_0D","28","0",1981,"3","","Coosa County, Alabama","Private","Manufacturing Division","County, Industry Division -- by ownership sector","All establishment sizes",41,1153,1164,1163,3207448,0,0,212
"01037","5","SIC_0D","28","0",1981,"4","","Coosa County, Alabama","Private","Manufacturing Division","County, Industry Division -- by ownership sector","All establishment sizes",41,1191,1069,1040,3226654,0,0,225
"01037","5","SIC_0D20","29","0",1981,"1","N","Coosa County, Alabama","Private","SIC 20 Food and Kindred Products","County, 2-digit SIC -- by ownership sector","All establishment sizes",0,0,0,0,0,0,0,0
"01037","5","SIC_0D20","29","0",1981,"2","N","Coosa County, Alabama","Private","SIC 20 Food and Kindred Products","County, 2-digit SIC -- by ownership sector","All establishment sizes",0,0,0,0,0,0,0,0
"01037","5","SIC_0D20","29","0",1981,"3","N","Coosa County, Alabama","Private","SIC 20 Food and Kindred Products","County, 2-digit SIC -- by ownership sector","All establishment sizes",0,0,0,0,0,0,0,0
"01037","5","SIC_0D20","29","0",1981,"4","N","Coosa County, Alabama","Private","SIC 20 Food and Kindred Products","County, 2-digit SIC -- by ownership sector","All establishment sizes",0,0,0,0,0,0,0,0
"01037","5","SIC_0D22","29","0",1981,"1","N","Coosa County, Alabama","Private","SIC 22 Textile Mill Products","County, 2-digit SIC -- by ownership sector","All establishment sizes",0,0,0,0,0,0,0,0
"01037","5","SIC_0D22","29","0",1981,"2","N","Coosa County, Alabama","Private","SIC 22 Textile Mill Products","County, 2-digit SIC -- by ownership sector","All establishment sizes",0,0,0,0,0,0,0,0
"01037","5","SIC_0D22","29","0",1981,"3","N","Coosa County, Alabama","Private","SIC 22 Textile Mill Products","County, 2-digit SIC -- by ownership sector","All establishment sizes",0,0,0,0,0,0,0,0
"01037","5","SIC_0D22","29","0",1981,"4","N","Coosa County, Alabama","Private","SIC 22 Textile Mill Products","County, 2-digit SIC -- by ownership sector","All establishment sizes",0,0,0,0,0,0,0,0
"01037","5","SIC_0D23","29","0",1981,"1","","Coosa County, Alabama","Private","SIC 23 Apparel and Other Textile Products","County, 2-digit SIC -- by ownership sector","All establishment sizes",3,131,146,142,229885,0,0,126
"01037","5","SIC_0D23","29","0",1981,"2","","Coosa County, Alabama","Private","SIC 23 Apparel and Other Textile Products","County, 2-digit SIC -- by ownership sector","All establishment sizes",3,112,127,143,225654,0,0,136
"01037","5","SIC_0D23","29","0",1981,"3","N","Coosa County, Alabama","Private","SIC 23 Apparel and Other Textile Products","County, 2-digit SIC -- by ownership sector","All establishment sizes",0,0,0,0,0,0,0,0
"01037","5","SIC_0D23","29","0",1981,"4","N","Coosa County, Alabama","Private","SIC 23 Apparel and Other Textile Products","County, 2-digit SIC -- by ownership sector","All establishment sizes",0,0,0,0,0,0,0,0
"01037","5","SIC_0D24","29","0",1981,"1","","Coosa County, Alabama","Private","SIC 24 Lumber and Wood Products","County, 2-digit SIC -- by ownership sector","All establishment sizes",27,180,184,191,475573,0,0,197
"01037","5","SIC_0D24","29","0",1981,"2","","Coosa County, Alabama","Private","SIC 24 Lumber and Wood Products","County, 2-digit SIC -- by ownership sector","All establishment sizes",28,202,196,198,497848,0,0,192
"01037","5","SIC_0D24","29","0",1981,"3","","Coosa County, Alabama","Private","SIC 24 Lumber and Wood Products","County, 2-digit SIC -- by ownership sector","All establishment sizes",30,191,186,178,508912,0,0,211
"01037","5","SIC_0D24","29","0",1981,"4","","Coosa County, Alabama","Private","SIC 24 Lumber and Wood Products","County, 2-digit SIC -- by ownership sector","All establishment sizes",30,179,179,176,458196,0,0,198
"01037","5","SIC_0D25","29","0",1981,"1","N","Coosa County, Alabama","Private","SIC 25 Furniture and Fixtures","County, 2-digit SIC -- by ownership sector","All establishment sizes",0,0,0,0,0,0,0,0
"01037","5","SIC_0D25","29","0",1981,"2","N","Coosa County, Alabama","Private","SIC 25 Furniture and Fixtures","County, 2-digit SIC -- by ownership sector","All establishment sizes",0,0,0,0,0,0,0,0
"01037","5","SIC_0D25","29","0",1981,"3","N","Coosa County, Alabama","Private","SIC 25 Furniture and Fixtures","County, 2-digit SIC -- by ownership sector","All establishment sizes",0,0,0,0,0,0,0,0
"01037","5","SIC_0D25","29","0",1981,"4","N","Coosa County, Alabama","Private","SIC 25 Furniture and Fixtures","County, 2-digit SIC -- by ownership sector","All establishment sizes",0,0,0,0,0,0,0,0
"01037","5","SIC_0D26","29","0",1981,"1","N","Coosa County, Alabama","Private","SIC 26 Paper and Allied Products","County, 2-digit SIC -- by ownership sector","All establishment sizes",0,0,0,0,0,0,0,0
"01037","5","SIC_0D26","29","0",1981,"2","N","Coosa County, Alabama","Private","SIC 26 Paper and Allied Products","County, 2-digit SIC -- by ownership sector","All establishment sizes",0,0,0,0,0,0,0,0
"01037","5","SIC_0D26","29","0",1981,"3","N","Coosa County, Alabama","Private","SIC 26 Paper and Allied Products","County, 2-digit SIC -- by ownership sector","All establishment sizes",0,0,0,0,0,0,0,0
"01037","5","SIC_0D26","29","0",1981,"4","N","Coosa County, Alabama","Private","SIC 26 Paper and Allied Products","County, 2-digit SIC -- by ownership sector","All establishment sizes",0,0,0,0,0,0,0,0
"01037","5","SIC_0D27","29","0",1981,"1","N","Coosa County, Alabama","Private","SIC 27 Printing and Publishing","County, 2-digit SIC -- by ownership sector","All establishment sizes",0,0,0,0,0,0,0,0
"01037","5","SIC_0D27","29","0",1981,"2","N","Coosa County, Alabama","Private","SIC 27 Printing and Publishing","County, 2-digit SIC -- by ownership sector","All establishment sizes",0,0,0,0,0,0,0,0
"01037","5","SIC_0D27","29","0",1981,"3","","Coosa County, Alabama","Private","SIC 27 Printing and Publishing","County, 2-digit SIC -- by ownership sector","All establishment sizes",0,0,0,0,0,0,0,0
"01037","5","SIC_0D27","29","0",1981,"4","","Coosa County, Alabama","Private","SIC 27 Printing and Publishing","County, 2-digit SIC -- by ownership sector","All establishment sizes",0,0,0,0,0,0,0,0
"01037","5","SIC_0D29","29","0",1981,"1","N","Coosa County, Alabama","Private","SIC 29 Petroleum and Coal Products","County, 2-digit SIC -- by ownership sector","All establishment sizes",0,0,0,0,0,0,0,0
"01037","5","SIC_0D29","29","0",1981,"2","N","Coosa County, Alabama","Private","SIC 29 Petroleum and Coal Products","County, 2-digit SIC -- by ownership sector","All establishment sizes",0,0,0,0,0,0,0,0
"01037","5","SIC_0D29","29","0",1981,"3","N","Coosa County, Alabama","Private","SIC 29 Petroleum and Coal Products","County, 2-digit SIC -- by ownership sector","All establishment sizes",0,0,0,0,0,0,0,0
"01037","5","SIC_0D29","29","0",1981,"4","N","Coosa County, Alabama","Private","SIC 29 Petroleum and Coal Products","County, 2-digit SIC -- by ownership sector","All establishment sizes",0,0,0,0,0,0,0,0
"01037","5","SIC_0D36","29","0",1981,"1","N","Coosa County, Alabama","Private","SIC 36 Electronic and Other Electric Equipment","County, 2-digit SIC -- by ownership sector","All establishment sizes",0,0,0,0,0,0,0,0
"01037","5","SIC_0D36","29","0",1981,"2","N","Coosa County, Alabama","Private","SIC 36 Electronic and Other Electric Equipment","County, 2-digit SIC -- by ownership sector","All establishment sizes",0,0,0,0,0,0,0,0
"01037","5","SIC_0D36","29","0",1981,"3","N","Coosa County, Alabama","Private","SIC 36 Electronic and Other Electric Equipment","County, 2-digit SIC -- by ownership sector","All establishment sizes",0,0,0,0,0,0,0,0
"01037","5","SIC_0D36","29","0",1981,"4","N","Coosa County, Alabama","Private","SIC 36 Electronic and Other Electric Equipment","County, 2-digit SIC -- by ownership sector","All establishment sizes",0,0,0,0,0,0,0,0
"01037","5","SIC_0D39","29","0",1981,"1","","Coosa County, Alabama","Private","SIC 39 Miscellaneous Manufacturing Industries","County, 2-digit SIC -- by ownership sector","All establishment sizes",3,12,12,9,17799,0,0,124
"01037","5","SIC_0D39","29","0",1981,"2","N","Coosa County, Alabama","Private","SIC 39 Miscellaneous Manufacturing Industries","County, 2-digit SIC -- by ownership sector","All establishment sizes",0,0,0,0,0,0,0,0
"01037","5","SIC_0D39","29","0",1981,"3","N","Coosa County, Alabama","Private","SIC 39 Miscellaneous Manufacturing Industries","County, 2-digit SIC -- by ownership sector","All establishment sizes",0,0,0,0,0,0,0,0
"01037","5","SIC_0D39","29","0",1981,"4","N","Coosa County, Alabama","Private","SIC 39 Miscellaneous Manufacturing Industries","County, 2-digit SIC -- by ownership sector","All establishment sizes",0,0,0,0,0,0,0,0
"01037","5","SIC_0E","28","0",1981,"1","","Coosa County, Alabama","Private","Transportation and Public Utilities Division","County, Industry Division -- by ownership sector","All establishment sizes",8,35,36,33,148229,0,0,328
"01037","5","SIC_0E","28","0",1981,"2","","Coosa County, Alabama","Private","Transportation and Public Utilities Division","County, Industry Division -- by ownership sector","All establishment sizes",8,30,29,31,161319,0,0,413
"01037","5","SIC_0E","28","0",1981,"3","","Coosa County, Alabama","Private","Transportation and Public Utilities Division","County, Industry Division -- by ownership sector","All establishment sizes",6,30,31,27,145712,0,0,382
"01037","5","SIC_0E","28","0",1981,"4","","Coosa County, Alabama","Private","Transportation and Public Utilities Division","County, Industry Division -- by ownership sector","All establishment sizes",5,28,29,29,171042,0,0,458
"01037","5","SIC_0E42","29","0",1981,"1","","Coosa County, Alabama","Private","SIC 42 Trucking And Warehousing","County, 2-digit SIC -- by ownership sector","All establishment sizes",6,5,5,4,10350,0,0,170
"01037","5","SIC_0E42","29","0",1981,"2","","Coosa County, Alabama","Private","SIC 42 Trucking And Warehousing","County, 2-digit SIC -- by ownership sector","All establishment sizes",6,3,3,3,5390,0,0,138
"01037","5","SIC_0E42","29","0",1981,"3","","Coosa County, Alabama","Private","SIC 42 Trucking And Warehousing","County, 2-digit SIC -- by ownership sector","All establishment sizes",4,3,3,3,4510,0,0,115
"01037","5","SIC_0E42","29","0",1981,"4","","Coosa County, Alabama","Private","SIC 42 Trucking And Warehousing","County, 2-digit SIC -- by ownership sector","All establishment sizes",3,3,3,3,4390,0,0,112
"01037","5","SIC_0E44","29","0",1981,"1","N","Coosa County, Alabama","Private","SIC 44 Water Transportation","County, 2-digit SIC -- by ownership sector","All establishment sizes",0,0,0,0,0,0,0,0
"01037","5","SIC_0E44","29","0",1981,"2","N","Coosa County, Alabama","Private","SIC 44 Water Transportation","County, 2-digit SIC -- by ownership sector","All establishment sizes",0,0,0,0,0,0,0,0
"01037","5","SIC_0E44","29","0",1981,"3","N","Coosa County, Alabama","Private","SIC 44 Water Transportation","County, 2-digit SIC -- by ownership sector","All establishment sizes",0,0,0,0,0,0,0,0
"01037","5","SIC_0E44","29","0",1981,"4","N","Coosa County, Alabama","Private","SIC 44 Water Transportation","County, 2-digit SIC -- by ownership sector","All establishment sizes",0,0,0,0,0,0,0,0
"01037","5","SIC_0E49","29","0",1981,"1","N","Coosa County, Alabama","Private","SIC 49 Electric, Gas, And Sanitary Services","County, 2-digit SIC -- by ownership sector","All establishment sizes",0,0,0,0,0,0,0,0
"01037","5","SIC_0E49","29","0",1981,"2","N","Coosa County, Alabama","Private","SIC 49 Electric, Gas, And Sanitary Services","County, 2-digit SIC -- by ownership sector","All establishment sizes",0,0,0,0,0,0,0,0
"01037","5","SIC_0E49","29","0",1981,"3","N","Coosa County, Alabama","Private","SIC 49 Electric, Gas, And Sanitary Services","County, 2-digit SIC -- by ownership sector","All establishment sizes",0,0,0,0,0,0,0,0
"01037","5","SIC_0E49","29","0",1981,"4","N","Coosa County, Alabama","Private","SIC 49 Electric, Gas, And Sanitary Services","County, 2-digit SIC -- by ownership sector","All establishment sizes",0,0,0,0,0,0,0,0
"01037","5","SIC_0F","28","0",1981,"1","","Coosa County, Alabama","Private","Wholesale Trade Division","County, Industry Division -- by ownership sector","All establishment sizes",11,39,39,43,120188,0,0,229
"01037","5","SIC_0F","28","0",1981,"2","","Coosa County, Alabama","Private","Wholesale Trade Division","County, Industry Division -- by ownership sector","All establishment sizes",11,39,38,39,127774,0,0,254
"01037","5","SIC_0F","28","0",1981,"3","N","Coosa County, Alabama","Private","Wholesale Trade Division","County, Industry Division -- by ownership sector","All establishment sizes",0,0,0,0,0,0,0,0
"01037","5","SIC_0F","28","0",1981,"4","N","Coosa County, Alabama","Private","Wholesale Trade Division","County, Industry Division -- by ownership sector","All establishment sizes",0,0,0,0,0,0,0,0
"01037","5","SIC_0F50","29","0",1981,"1","","Coosa County, Alabama","Private","SIC 50 Wholesale Trade Durable Goods","County, 2-digit SIC -- by ownership sector","All establishment sizes",6,18,16,19,40953,0,0,178
"01037","5","SIC_0F50","29","0",1981,"2","","Coosa County, Alabama","Private","SIC 50 Wholesale Trade Durable Goods","County, 2-digit SIC -- by ownership sector","All establishment sizes",6,17,15,17,56402,0,0,265
"01037","5","SIC_0F50","29","0",1981,"3","N","Coosa County, Alabama","Private","SIC 50 Wholesale Trade Durable Goods","County, 2-digit SIC -- by ownership sector","All establishment sizes",0,0,0,0,0,0,0,0
"01037","5","SIC_0F50","29","0",1981,"4","N","Coosa County, Alabama","Private","SIC 50 Wholesale Trade Durable Goods","County, 2-digit SIC -- by ownership sector","All establishment sizes",0,0,0,0,0,0,0,0
"01037","5","SIC_0F51","29","0",1981,"1","","Coosa County, Alabama","Private","SIC 51 Wholesale Trade Nondurable Goods","County, 2-digit SIC -- by ownership sector","All establishment sizes",5,21,23,24,79235,0,0,268
"01037","5","SIC_0F51","29","0",1981,"2","","Coosa County, Alabama","Private","SIC 51 Wholesale Trade Nondurable Goods","County, 2-digit SIC -- by ownership sector","All establishment sizes",5,22,23,22,71372,0,0,245
"01037","5","SIC_0F51","29","0",1981,"3","","Coosa County, Alabama","Private","SIC 51 Wholesale Trade Nondurable Goods","County, 2-digit SIC -- by ownership sector","All establishment sizes",5,24,22,22,68571,0,0,232
"01037","5","SIC_0F51","29","0",1981,"4","","Coosa County, Alabama","Private","SIC 51 Wholesale Trade Nondurable Goods","County, 2-digit SIC -- by ownership sector","All establishment sizes",6,22,25,25,81292,0,0,260
"01037","5","SIC_0G","28","0",1981,"1","","Coosa County, Alabama","Private","Retail Trade Division","County, Industry Division -- by ownership sector","All establishment sizes",27,62,62,56,84585,0,0,108
"01037","5","SIC_0G","28","0",1981,"2","","Coosa County, Alabama","Private","Retail Trade Division","County, Industry Division -- by ownership sector","All establishment sizes",26,56,62,63,88810,0,0,113
"01037","5","SIC_0G","28","0",1981,"3","","Coosa County, Alabama","Private","Retail Trade Division","County, Industry Division -- by ownership sector","All establishment sizes",23,61,60,55,82486,0,0,108
"01037","5","SIC_0G","28","0",1981,"4","","Coosa County, Alabama","Private","Retail Trade Division","County, Industry Division -- by ownership sector","All establishment sizes",22,35,30,34,47123,0,0,109
"01037","5","SIC_0G52","29","0",1981,"1","","Coosa County, Alabama","Private","SIC 52 Building Materials and Garden Supplies","County, 2-digit SIC -- by ownership sector","All establishment sizes",3,3,3,3,5636,0,0,144
"01037","5","SIC_0G52","29","0",1981,"2","","Coosa County, Alabama","Private","SIC 52 Building Materials and Garden Supplies","County, 2-digit SIC -- by ownership sector","All establishment sizes",3,3,4,4,6706,0,0,140
"01037","5","SIC_0G52","29","0",1981,"3","","Coosa County, Alabama","Private","SIC 52 Building Materials and Garden Supplies","County, 2-digit SIC -- by ownership sector","All establishment sizes",3,4,3,3,6526,0,0,150
"01037","5","SIC_0G52","29","0",1981,"4","","Coosa County, Alabama","Private","SIC 52 Building Materials and Garden Supplies","County, 2-digit SIC -- by ownership sector","All establishment sizes",3,1,2,2,4650,0,0,214
"01037","5","SIC_0G53","29","0",1981,"1","N","Coosa County, Alabama","Private","SIC 53 General Merchandise Stores","County, 2-digit SIC -- by ownership sector","All establishment sizes",0,0,0,0,0,0,0,0
"01037","5","SIC_0G53","29","0",1981,"2","N","Coosa County, Alabama","Private","SIC 53 General Merchandise Stores","County, 2-digit SIC -- by ownership sector","All establishment sizes",0,0,0,0,0,0,0,0
"01037","5","SIC_0G53","29","0",1981,"3","N","Coosa County, Alabama","Private","SIC 53 General Merchandise Stores","County, 2-digit SIC -- by ownership sector","All establishment sizes",0,0,0,0,0,0,0,0
"01037","5","SIC_0G53","29","0",1981,"4","N","Coosa County, Alabama","Private","SIC 53 General Merchandise Stores","County, 2-digit SIC -- by ownership sector","All establishment sizes",0,0,0,0,0,0,0,0
"01037","5","SIC_0G54","29","0",1981,"1","","Coosa County, Alabama","Private","SIC 54 Food Stores","County, 2-digit SIC -- by ownership sector","All establishment sizes",5,27,28,23,34884,0,0,103
"01037","5","SIC_0G54","29","0",1981,"2","","Coosa County, Alabama","Private","SIC 54 Food Stores","County, 2-digit SIC -- by ownership sector","All establishment sizes",6,22,25,25,45749,0,0,146
"01037","5","SIC_0G54","29","0",1981,"3","","Coosa County, Alabama","Private","SIC 54 Food Stores","County, 2-digit SIC -- by ownership sector","All establishment sizes",4,23,26,25,39133,0,0,122
"01037","5","SIC_0G54","29","0",1981,"4","","Coosa County, Alabama","Private","SIC 54 Food Stores","County, 2-digit SIC -- by ownership sector","All establishment sizes",3,7,5,6,9952,0,0,127
"01037","5","SIC_0G55","29","0",1981,"1","","Coosa County, Alabama","Private","SIC 55 Automotive Dealers and Service Stations","County, 2-digit SIC -- by ownership sector","All establishment sizes",8,4,4,5,7342,0,0,130
"01037","5","SIC_0G55","29","0",1981,"2","","Coosa County, Alabama","Private","SIC 55 Automotive Dealers and Service Stations","County, 2-digit SIC -- by ownership sector","All establishment sizes",6,6,7,6,7830,0,0,95
"01037","5","SIC_0G55","29","0",1981,"3","","Coosa County, Alabama","Private","SIC 55 Automotive Dealers and Service Stations","County, 2-digit SIC -- by ownership sector","All establishment sizes",6,7,7,7,8615,0,0,94
"01037","5","SIC_0G55","29","0",1981,"4","","Coosa County, Alabama","Private","SIC 55 Automotive Dealers and Service Stations","County, 2-digit SIC -- by ownership sector","All establishment sizes",6,7,6,7,9001,0,0,103
"01037","5","SIC_0G57","29","0",1981,"1","N","Coosa County, Alabama","Private","SIC 57 Furniture and Homefurnishings Stores","County, 2-digit SIC -- by ownership sector","All establishment sizes",0,0,0,0,0,0,0,0
"01037","5","SIC_0G57","29","0",1981,"2","N","Coosa County, Alabama","Private","SIC 57 Furniture and Homefurnishings Stores","County, 2-digit SIC -- by ownership sector","All establishment sizes",0,0,0,0,0,0,0,0
"01037","5","SIC_0G57","29","0",1981,"3","N","Coosa County, Alabama","Private","SIC 57 Furniture and Homefurnishings Stores","County, 2-digit SIC -- by ownership sector","All establishment sizes",0,0,0,0,0,0,0,0
"01037","5","SIC_0G57","29","0",1981,"4","N","Coosa County, Alabama","Private","SIC 57 Furniture and Homefurnishings Stores","County, 2-digit SIC -- by ownership sector","All establishment sizes",0,0,0,0,0,0,0,0
"01037","5","SIC_0G58","29","0",1981,"1","N","Coosa County, Alabama","Private","SIC 58 Eating and Drinking Places","County, 2-digit SIC -- by ownership sector","All establishment sizes",0,0,0,0,0,0,0,0
"01037","5","SIC_0G58","29","0",1981,"2","N","Coosa County, Alabama","Private","SIC 58 Eating and Drinking Places","County, 2-digit SIC -- by ownership sector","All establishment sizes",0,0,0,0,0,0,0,0
"01037","5","SIC_0G58","29","0",1981,"3","","Coosa County, Alabama","Private","SIC 58 Eating and Drinking Places","County, 2-digit SIC -- by ownership sector","All establishment sizes",3,12,7,5,8389,0,0,80
"01037","5","SIC_0G58","29","0",1981,"4","","Coosa County, Alabama","Private","SIC 58 Eating and Drinking Places","County, 2-digit SIC -- by ownership sector","All establishment sizes",3,4,4,4,2690,0,0,51
"01037","5","SIC_0G59","29","0",1981,"1","","Coosa County, Alabama","Private","SIC 59 Miscellaneous Retail","County, 2-digit SIC -- by ownership sector","All establishment sizes",4,10,10,11,7878,0,0,58
"01037","5","SIC_0G59","29","0",1981,"2","","Coosa County, Alabama","Private","SIC 59 Miscellaneous Retail","County, 2-digit SIC -- by ownership sector","All establishment sizes",4,8,7,10,7373,0,0,68
"01037","5","SIC_0G59","29","0",1981,"3","N","Coosa County, Alabama","Private","SIC 59 Miscellaneous Retail","County, 2-digit SIC -- by ownership sector","All establishment sizes",0,0,0,0,0,0,0,0
"01037","5","SIC_0G59","29","0",1981,"4","","Coosa County, Alabama","Private","SIC 59 Miscellaneous Retail","County, 2-digit SIC -- by ownership sector","All establishment sizes",3,10,7,8,7903,0,0,72
"01037","5","SIC_0H","28","0",1981,"1","","Coosa County, Alabama","Private","Finance, Insurance, and Real Estate Division","County, Industry Division -- by ownership sector","All establishment sizes",3,31,31,32,79762,0,0,195
"01037","5","SIC_0H","28","0",1981,"2","","Coosa County, Alabama","Private","Finance, Insurance, and Real Estate Division","County, Industry Division -- by ownership sector","All establishment sizes",3,32,34,33,71879,0,0,167
"01037","5","SIC_0H","28","0",1981,"3","N","Coosa County, Alabama","Private","Finance, Insurance, and Real Estate Division","County, Industry Division -- by ownership sector","All establishment sizes",0,0,0,0,0,0,0,0
"01037","5","SIC_0H","28","0",1981,"4","","Coosa County, Alabama","Private","Finance, Insurance, and Real Estate Division","County, Industry Division -- by ownership sector","All establishment sizes",3,30,30,30,66081,0,0,169
"01037","5","SIC_0H60","29","0",1981,"1","N","Coosa County, Alabama","Private","SIC 60 Depository Institutions","County, 2-digit SIC -- by ownership sector","All establishment sizes",0,0,0,0,0,0,0,0
"01037","5","SIC_0H60","29","0",1981,"2","N","Coosa County, Alabama","Private","SIC 60 Depository Institutions","County, 2-digit SIC -- by ownership sector","All establishment sizes",0,0,0,0,0,0,0,0
"01037","5","SIC_0H60","29","0",1981,"3","N","Coosa County, Alabama","Private","SIC 60 Depository Institutions","County, 2-digit SIC -- by ownership sector","All establishment sizes",0,0,0,0,0,0,0,0
"01037","5","SIC_0H60","29","0",1981,"4","N","Coosa County, Alabama","Private","SIC 60 Depository Institutions","County, 2-digit SIC -- by ownership sector","All establishment sizes",0,0,0,0,0,0,0,0
"01037","5","SIC_0H61","29","0",1981,"1","N","Coosa County, Alabama","Private","SIC 61 Nondepository Institutions","County, 2-digit SIC -- by ownership sector","All establishment sizes",0,0,0,0,0,0,0,0
"01037","5","SIC_0H61","29","0",1981,"2","N","Coosa County, Alabama","Private","SIC 61 Nondepository Institutions","County, 2-digit SIC -- by ownership sector","All establishment sizes",0,0,0,0,0,0,0,0
"01037","5","SIC_0H61","29","0",1981,"3","N","Coosa County, Alabama","Private","SIC 61 Nondepository Institutions","County, 2-digit SIC -- by ownership sector","All establishment sizes",0,0,0,0,0,0,0,0
"01037","5","SIC_0H61","29","0",1981,"4","N","Coosa County, Alabama","Private","SIC 61 Nondepository Institutions","County, 2-digit SIC -- by ownership sector","All establishment sizes",0,0,0,0,0,0,0,0
"01037","5","SIC_0H63","29","0",1981,"1","N","Coosa County, Alabama","Private","SIC 63 Insurance Carriers","County, 2-digit SIC -- by ownership sector","All establishment sizes",0,0,0,0,0,0,0,0
"01037","5","SIC_0H63","29","0",1981,"2","N","Coosa County, Alabama","Private","SIC 63 Insurance Carriers","County, 2-digit SIC -- by ownership sector","All establishment sizes",0,0,0,0,0,0,0,0
"01037","5","SIC_0H63","29","0",1981,"3","N","Coosa County, Alabama","Private","SIC 63 Insurance Carriers","County, 2-digit SIC -- by ownership sector","All establishment sizes",0,0,0,0,0,0,0,0
"01037","5","SIC_0H63","29","0",1981,"4","N","Coosa County, Alabama","Private","SIC 63 Insurance Carriers","County, 2-digit SIC -- by ownership sector","All establishment sizes",0,0,0,0,0,0,0,0
"01037","5","SIC_0I","28","0",1981,"1","","Coosa County, Alabama","Private","Services Division","County, Industry Division -- by ownership sector","All establishment sizes",32,118,119,121,252441,0,0,162
"01037","5","SIC_0I","28","0",1981,"2","","Coosa County, Alabama","Private","Services Division","County, Industry Division -- by ownership sector","All establishment sizes",31,122,122,126,244458,0,0,152
"01037","5","SIC_0I","28","0",1981,"3","","Coosa County, Alabama","Private","Services Division","County, Industry Division -- by ownership sector","All establishment sizes",26,120,119,114,262688,0,0,171
"01037","5","SIC_0I","28","0",1981,"4","","Coosa County, Alabama","Private","Services Division","County, Industry Division -- by ownership sector","All establishment sizes",26,123,127,125,252196,0,0,155
"01037","5","SIC_0I72","29","0",1981,"1","","Coosa County, Alabama","Private","SIC 72 Personal Services","County, 2-digit SIC -- by ownership sector","All establishment sizes",4,3,3,3,2611,0,0,66
"01037","5","SIC_0I72","29","0",1981,"2","","Coosa County, Alabama","Private","SIC 72 Personal Services","County, 2-digit SIC -- by ownership sector","All establishment sizes",4,3,3,3,3163,0,0,81
"01037","5","SIC_0I72","29","0",1981,"3","","Coosa County, Alabama","Private","SIC 72 Personal Services","County, 2-digit SIC -- by ownership sector","All establishment sizes",4,3,2,2,1444,0,0,47
"01037","5","SIC_0I72","29","0",1981,"4","","Coosa County, Alabama","Private","SIC 72 Personal Services","County, 2-digit SIC -- by ownership sector","All establishment sizes",4,2,1,1,1030,0,0,59
"01037","5","SIC_0I73","29","0",1981,"1","","Coosa County, Alabama","Private","SIC 73 Business Services","County, 2-digit SIC -- by ownership sector","All establishment sizes",3,0,0,0,0,0,0,0
"01037","5","SIC_0I73","29","0",1981,"2","","Coosa County, Alabama","Private","SIC 73 Business Services","County, 2-digit SIC -- by ownership sector","All establishment sizes",3,0,0,0,0,0,0,0
"01037","5","SIC_0I73","29","0",1981,"3","","Coosa County, Alabama","Private","SIC 73 Business Services","County, 2-digit SIC -- by ownership sector","All establishment sizes",0,0,0,0,0,0,0,0
"01037","5","SIC_0I73","29","0",1981,"4","","Coosa County, Alabama","Private","SIC 73 Business Services","County, 2-digit SIC -- by ownership sector","All establishment sizes",0,0,0,0,0,0,0,0
"01037","5","SIC_0I75","29","0",1981,"1","","Coosa County, Alabama","Private","SIC 75 Auto Repair, Services, and Parking","County, 2-digit SIC -- by ownership sector","All establishment sizes",4,5,5,5,19836,0,0,305
"01037","5","SIC_0I75","29","0",1981,"2","","Coosa County, Alabama","Private","SIC 75 Auto Repair, Services, and Parking","County, 2-digit SIC -- by ownership sector","All establishment sizes",4,6,6,6,20754,0,0,266
"01037","5","SIC_0I75","29","0",1981,"3","","Coosa County, Alabama","Private","SIC 75 Auto Repair, Services, and Parking","County, 2-digit SIC -- by ownership sector","All establishment sizes",4,6,6,6,22276,0,0,285
"01037","5","SIC_0I75","29","0",1981,"4","","Coosa County, Alabama","Private","SIC 75 Auto Repair, Services, and Parking","County, 2-digit SIC -- by ownership sector","All establishment sizes",4,6,6,6,22750,0,0,291
"01037","5","SIC_0I76","29","0",1981,"1","N","Coosa County, Alabama","Private","SIC 76 Miscellaneous Repair Services","County, 2-digit SIC -- by ownership sector","All establishment sizes",0,0,0,0,0,0,0,0
"01037","5","SIC_0I76","29","0",1981,"2","N","Coosa County, Alabama","Private","SIC 76 Miscellaneous Repair Services","County, 2-digit SIC -- by ownership sector","All establishment sizes",0,0,0,0,0,0,0,0
"01037","5","SIC_0I76","29","0",1981,"3","N","Coosa County, Alabama","Private","SIC 76 Miscellaneous Repair Services","County, 2-digit SIC -- by ownership sector","All establishment sizes",0,0,0,0,0,0,0,0
"01037","5","SIC_0I76","29","0",1981,"4","N","Coosa County, Alabama","Private","SIC 76 Miscellaneous Repair Services","County, 2-digit SIC -- by ownership sector","All establishment sizes",0,0,0,0,0,0,0,0
"01037","5","SIC_0I79","29","0",1981,"1","N","Coosa County, Alabama","Private","SIC 79 Amusement and Recreation Services","County, 2-digit SIC -- by ownership sector","All establishment sizes",0,0,0,0,0,0,0,0
"01037","5","SIC_0I79","29","0",1981,"2","N","Coosa County, Alabama","Private","SIC 79 Amusement and Recreation Services","County, 2-digit SIC -- by ownership sector","All establishment sizes",0,0,0,0,0,0,0,0
"01037","5","SIC_0I79","29","0",1981,"3","N","Coosa County, Alabama","Private","SIC 79 Amusement and Recreation Services","County, 2-digit SIC -- by ownership sector","All establishment sizes",0,0,0,0,0,0,0,0
"01037","5","SIC_0I79","29","0",1981,"4","N","Coosa County, Alabama","Private","SIC 79 Amusement and Recreation Services","County, 2-digit SIC -- by ownership sector","All establishment sizes",0,0,0,0,0,0,0,0
"01037","5","SIC_0I80","29","0",1981,"1","","Coosa County, Alabama","Private","SIC 80 Health Services","County, 2-digit SIC -- by ownership sector","All establishment sizes",5,69,69,70,159504,0,0,176
"01037","5","SIC_0I80","29","0",1981,"2","","Coosa County, Alabama","Private","SIC 80 Health Services","County, 2-digit SIC -- by ownership sector","All establishment sizes",5,73,74,74,145714,0,0,152
"01037","5","SIC_0I80","29","0",1981,"3","","Coosa County, Alabama","Private","SIC 80 Health Services","County, 2-digit SIC -- by ownership sector","All establishment sizes",5,69,68,70,170048,0,0,189
"01037","5","SIC_0I80","29","0",1981,"4","","Coosa County, Alabama","Private","SIC 80 Health Services","County, 2-digit SIC -- by ownership sector","All establishment sizes",5,79,78,77,156785,0,0,154
"01037","5","SIC_0I81","29","0",1981,"1","N","Coosa County, Alabama","Private","SIC 81 Legal Services","County, 2-digit SIC -- by ownership sector","All establishment sizes",0,0,0,0,0,0,0,0
"01037","5","SIC_0I81","29","0",1981,"2","N","Coosa County, Alabama","Private","SIC 81 Legal Services","County, 2-digit SIC -- by ownership sector","All establishment sizes",0,0,0,0,0,0,0,0
"01037","5","SIC_0I81","29","0",1981,"3","N","Coosa County, Alabama","Private","SIC 81 Legal Services","County, 2-digit SIC -- by ownership sector","All establishment sizes",0,0,0,0,0,0,0,0
"01037","5","SIC_0I81","29","0",1981,"4","N","Coosa County, Alabama","Private","SIC 81 Legal Services","County, 2-digit SIC -- by ownership sector","All establishment sizes",0,0,0,0,0,0,0,0
"01037","5","SIC_0I83","29","0",1981,"1","","Coosa County, Alabama","Private","SIC 83 Social Services","County, 2-digit SIC -- by ownership sector","All establishment sizes",4,30,32,30,47437,0,0,118
"01037","5","SIC_0I83","29","0",1981,"2","","Coosa County, Alabama","Private","SIC 83 Social Services","County, 2-digit SIC -- by ownership sector","All establishment sizes",4,29,28,34,52653,0,0,133
"01037","5","SIC_0I83","29","0",1981,"3","","Coosa County, Alabama","Private","SIC 83 Social Services","County, 2-digit SIC -- by ownership sector","All establishment sizes",4,31,31,26,47251,0,0,123
"01037","5","SIC_0I83","29","0",1981,"4","","Coosa County, Alabama","Private","SIC 83 Social Services","County, 2-digit SIC -- by ownership sector","All establishment sizes",4,26,31,31,53698,0,0,140
"01037","5","SIC_0I86","29","0",1981,"1","N","Coosa County, Alabama","Private","SIC 86 Membership Organizations","County, 2-digit SIC -- by ownership sector","All establishment sizes",0,0,0,0,0,0,0,0
"01037","5","SIC_0I86","29","0",1981,"2","N","Coosa County, Alabama","Private","SIC 86 Membership Organizations","County, 2-digit SIC -- by ownership sector","All establishment sizes",0,0,0,0,0,0,0,0
"01037","5","SIC_0I86","29","0",1981,"3","","Coosa County, Alabama","Private","SIC 86 Membership Organizations","County, 2-digit SIC -- by ownership sector","All establishment sizes",0,0,0,0,0,0,0,0
"01037","5","SIC_0I86","29","0",1981,"4","","Coosa County, Alabama","Private","SIC 86 Membership Organizations","County, 2-digit SIC -- by ownership sector","All establishment sizes",0,0,0,0,0,0,0,0
"01037","5","SIC_0I88","29","0",1981,"1","","Coosa County, Alabama","Private","SIC 88 Private Households","County, 2-digit SIC -- by ownership sector","All establishment sizes",3,5,4,5,7812,0,0,128
"01037","5","SIC_0I88","29","0",1981,"2","","Coosa County, Alabama","Private","SIC 88 Private Households","County, 2-digit SIC -- by ownership sector","All establishment sizes",3,5,5,5,8196,0,0,126
"01037","5","SIC_0I88","29","0",1981,"3","","Coosa County, Alabama","Private","SIC 88 Private Households","County, 2-digit SIC -- by ownership sector","All establishment sizes",3,4,4,4,7948,0,0,152
"01037","5","SIC_0I88","29","0",1981,"4","","Coosa County, Alabama","Private","SIC 88 Private Households","County, 2-digit SIC -- by ownership sector","All establishment sizes",3,4,5,4,7516,0,0,133
"01037","5","SIC_0I89","29","0",1981,"1","N","Coosa County, Alabama","Private","SIC 89 Services, Nec","County, 2-digit SIC -- by ownership sector","All establishment sizes",0,0,0,0,0,0,0,0
"01037","5","SIC_0I89","29","0",1981,"2","N","Coosa County, Alabama","Private","SIC 89 Services, Nec","County, 2-digit SIC -- by ownership sector","All establishment sizes",0,0,0,0,0,0,0,0
"01037","5","SIC_0I89","29","0",1981,"3","N","Coosa County, Alabama","Private","SIC 89 Services, Nec","County, 2-digit SIC -- by ownership sector","All establishment sizes",0,0,0,0,0,0,0,0
"01037","5","SIC_0I89","29","0",1981,"4","N","Coosa County, Alabama","Private","SIC 89 Services, Nec","County, 2-digit SIC -- by ownership sector","All establishment sizes",0,0,0,0,0,0,0,0
