"area_fips","own_code","industry_code","agglvl_code","size_code","year","qtr","disclosure_code","area_title","own_title","industry_title","agglvl_title","size_title","qtrly_estabs_count","month1_emplvl","month2_emplvl","month3_emplvl","total_qtrly_wages","taxable_qtrly_wages","qtrly_contributions","avg_wkly_wage"
"12085","0","SIC_0Z","26","0",1981,"1","","Martin County, Florida","Total Covered","All Industries","County, Total Covered","All establishment sizes",1911,22479,22410,22659,73639957,0,0,251
"12085","0","SIC_0Z","26","0",1981,"2","","Martin County, Florida","Total Covered","All Industries","County, Total Covered","All establishment sizes",1968,23027,22929,22615,77365439,0,0,260
"12085","0","SIC_0Z","26","0",1981,"3","","Martin County, Florida","Total Covered","All Industries","County, Total Covered","All establishment sizes",2007,21986,21317,21611,75626395,0,0,268
"12085","0","SIC_0Z","26","0",1981,"4","","Martin County, Florida","Total Covered","All Industries","County, Total Covered","All establishment sizes",2031,22841,23430,24193,82644835,0,0,270
"12085","1","SIC_0Z","27","0",1981,"1","","Martin County, Florida","Federal Government","All Industries","County, Total -- by ownership sector","All establishment sizes",5,139,141,141,834527,0,0,457
"12085","1","SIC_0Z","27","0",1981,"2","","Martin County, Florida","Federal Government","All Industries","County, Total -- by ownership sector","All establishment sizes",6,146,149,146,728798,0,0,381
"12085","1","SIC_0Z","27","0",1981,"3","","Martin County, Florida","Federal Government","All Industries","County, Total -- by ownership sector","All establishment sizes",6,148,147,146,809736,0,0,423
"12085","1","SIC_0Z","27","0",1981,"4","","Martin County, Florida","Federal Government","All Industries","County, Total -- by ownership sector","All establishment sizes",8,150,149,149,875609,0,0,451
"12085","1","SIC_0E","28","0",1981,"1","","Martin County, Florida","Federal Government","Transportation and Public Utilities Division","County, Industry Division -- by ownership sector","All establishment sizes",1,129,130,130,783520,0,0,464
"12085","1","SIC_0E","28","0",1981,"2","","Martin County, Florida","Federal Government","Transportation and Public Utilities Division","County, Industry Division -- by ownership sector","All establishment sizes",1,135,136,134,669564,0,0,381
"12085","1","SIC_0E","28","0",1981,"3","","Martin County, Florida","Federal Government","Transportation and Public Utilities Division","County, Industry Division -- by ownership sector","All establishment sizes",1,137,136,134,755456,0,0,428
"12085","1","SIC_0E","28","0",1981,"4","","Martin County, Florida","Federal Government","Transportation and Public Utilities Division","County, Industry Division -- by ownership sector","All establishment sizes",1,138,138,136,821676,0,0,460
"12085","1","SIC_0E43","29","0",1981,"1","","Martin County, Florida","Federal Government","SIC 43 U.S. Postal Service","County, 2-digit SIC -- by ownership sector","All establishment sizes",1,129,130,130,783520,0,0,464
"12085","1","SIC_0E43","29","0",1981,"2","","Martin County, Florida","Federal Government","SIC 43 U.S. Postal Service","County, 2-digit SIC -- by ownership sector","All establishment sizes",1,135,136,134,669564,0,0,381
"12085","1","SIC_0E43","29","0",1981,"3","","Martin County, Florida","Federal Government","SIC 43 U.S. Postal Service","County, 2-digit SIC -- by ownership sector","All establishment sizes",1,137,136,134,755456,0,0,428
"12085","1","SIC_0E43","29","0",1981,"4","","Martin County, Florida","Federal Government","SIC 43 U.S. Postal Service","County, 2-digit SIC -- by ownership sector","All establishment sizes",1,138,138,136,821676,0,0,460
"12085","1","SIC_0I","28","0",1981,"1","","Martin County, Florida","Federal Government","Services Division","County, Industry Division -- by ownership sector","All establishment sizes",1,4,4,4,18600,0,0,357
"12085","1","SIC_0I","28","0",1981,"2","","Martin County, Florida","Federal Government","Services Division","County, Industry Division -- by ownership sector","All establishment sizes",2,5,6,6,27875,0,0,378
"12085","1","SIC_0I","28","0",1981,"3","","Martin County, Florida","Federal Government","Services Division","County, Industry Division -- by ownership sector","All establishment sizes",2,6,6,6,27324,0,0,350
"12085","1","SIC_0I","28","0",1981,"4","","Martin County, Florida","Federal Government","Services Division","County, Industry Division -- by ownership sector","All establishment sizes",2,5,5,5,23350,0,0,359
"12085","1","SIC_0I89","29","0",1981,"1","","Martin County, Florida","Federal Government","SIC 89 Services, Nec","County, 2-digit SIC -- by ownership sector","All establishment sizes",1,4,4,4,18600,0,0,357
"12085","1","SIC_0I89","29","0",1981,"2","","Martin County, Florida","Federal Government","SIC 89 Services, Nec","County, 2-digit SIC -- by ownership sector","All establishment sizes",2,5,6,6,27875,0,0,378
"12085","1","SIC_0I89","29","0",1981,"3","","Martin County, Florida","Federal Government","SIC 89 Services, Nec","County, 2-digit SIC -- by ownership sector","All establishment sizes",2,6,6,6,27324,0,0,350
"12085","1","SIC_0I89","29","0",1981,"4","","Martin County, Florida","Federal Government","SIC 89 Services, Nec","County, 2-digit SIC -- by ownership sector","All establishment sizes",2,5,5,5,23350,0,0,359
"12085","1","SIC_0J","28","0",1981,"1","","Martin County, Florida","Federal Government","Public Administration Division","County, Industry Division -- by ownership sector","All establishment sizes",3,6,7,7,32407,0,0,373
"12085","1","SIC_0J","28","0",1981,"2","","Martin County, Florida","Federal Government","Public Administration Division","County, Industry Division -- by ownership sector","All establishment sizes",3,6,7,6,31359,0,0,380
"12085","1","SIC_0J","28","0",1981,"3","","Martin County, Florida","Federal Government","Public Administration Division","County, Industry Division -- by ownership sector","All establishment sizes",3,5,5,6,26956,0,0,388
"12085","1","SIC_0J","28","0",1981,"4","","Martin County, Florida","Federal Government","Public Administration Division","County, Industry Division -- by ownership sector","All establishment sizes",5,7,6,8,30583,0,0,336
"12085","1","SIC_0J94","29","0",1981,"1","","Martin County, Florida","Federal Government","SIC 94 Administration of Human Resources","County, 2-digit SIC -- by ownership sector","All establishment sizes",1,1,1,1,6918,0,0,532
"12085","1","SIC_0J94","29","0",1981,"2","","Martin County, Florida","Federal Government","SIC 94 Administration of Human Resources","County, 2-digit SIC -- by ownership sector","All establishment sizes",1,1,1,1,6918,0,0,532
"12085","1","SIC_0J94","29","0",1981,"3","","Martin County, Florida","Federal Government","SIC 94 Administration of Human Resources","County, 2-digit SIC -- by ownership sector","All establishment sizes",1,1,1,1,6918,0,0,532
"12085","1","SIC_0J94","29","0",1981,"4","","Martin County, Florida","Federal Government","SIC 94 Administration of Human Resources","County, 2-digit SIC -- by ownership sector","All establishment sizes",1,1,1,1,5578,0,0,429
"12085","1","SIC_0J95","29","0",1981,"1","","Martin County, Florida","Federal Government","SIC 95 Environmental Quality and Housing","County, 2-digit SIC -- by ownership sector","All establishment sizes",1,1,1,1,5189,0,0,399
"12085","1","SIC_0J95","29","0",1981,"2","","Martin County, Florida","Federal Government","SIC 95 Environmental Quality and Housing","County, 2-digit SIC -- by ownership sector","All establishment sizes",1,1,1,1,6140,0,0,472
"12085","1","SIC_0J95","29","0",1981,"3","","Martin County, Florida","Federal Government","SIC 95 Environmental Quality and Housing","County, 2-digit SIC -- by ownership sector","All establishment sizes",1,1,1,2,5783,0,0,333
"12085","1","SIC_0J95","29","0",1981,"4","","Martin County, Florida","Federal Government","SIC 95 Environmental Quality and Housing","County, 2-digit SIC -- by ownership sector","All establishment sizes",1,2,2,2,9522,0,0,366
"12085","1","SIC_0J96","29","0",1981,"1","","Martin County, Florida","Federal Government","SIC 96 Administration of Economic Programs","County, 2-digit SIC -- by ownership sector","All establishment sizes",1,4,5,5,20300,0,0,334
"12085","1","SIC_0J96","29","0",1981,"2","","Martin County, Florida","Federal Government","SIC 96 Administration of Economic Programs","County, 2-digit SIC -- by ownership sector","All establishment sizes",1,4,5,4,18301,0,0,324
"12085","1","SIC_0J96","29","0",1981,"3","","Martin County, Florida","Federal Government","SIC 96 Administration of Economic Programs","County, 2-digit SIC -- by ownership sector","All establishment sizes",1,3,3,3,14255,0,0,365
"12085","1","SIC_0J96","29","0",1981,"4","","Martin County, Florida","Federal Government","SIC 96 Administration of Economic Programs","County, 2-digit SIC -- by ownership sector","All establishment sizes",3,4,3,5,15483,0,0,297
"12085","2","SIC_0Z","27","0",1981,"1","","Martin County, Florida","State Government","All Industries","County, Total -- by ownership sector","All establishment sizes",23,158,157,156,494162,0,0,242
"12085","2","SIC_0Z","27","0",1981,"2","","Martin County, Florida","State Government","All Industries","County, Total -- by ownership sector","All establishment sizes",23,158,162,167,471522,0,0,223
"12085","2","SIC_0Z","27","0",1981,"3","","Martin County, Florida","State Government","All Industries","County, Total -- by ownership sector","All establishment sizes",23,191,187,188,533825,0,0,217
"12085","2","SIC_0Z","27","0",1981,"4","","Martin County, Florida","State Government","All Industries","County, Total -- by ownership sector","All establishment sizes",23,184,191,192,605797,0,0,246
"12085","2","SIC_0A","28","0",1981,"1","N","Martin County, Florida","State Government","Agriculture, Forestry, and Fishing Division","County, Industry Division -- by ownership sector","All establishment sizes",0,0,0,0,0,0,0,0
"12085","2","SIC_0A","28","0",1981,"2","N","Martin County, Florida","State Government","Agriculture, Forestry, and Fishing Division","County, Industry Division -- by ownership sector","All establishment sizes",0,0,0,0,0,0,0,0
"12085","2","SIC_0A","28","0",1981,"3","N","Martin County, Florida","State Government","Agriculture, Forestry, and Fishing Division","County, Industry Division -- by ownership sector","All establishment sizes",0,0,0,0,0,0,0,0
"12085","2","SIC_0A","28","0",1981,"4","N","Martin County, Florida","State Government","Agriculture, Forestry, and Fishing Division","County, Industry Division -- by ownership sector","All establishment sizes",0,0,0,0,0,0,0,0
"12085","2","SIC_0A08","29","0",1981,"1","N","Martin County, Florida","State Government","SIC 08 Forestry","County, 2-digit SIC -- by ownership sector","All establishment sizes",0,0,0,0,0,0,0,0
"12085","2","SIC_0A08","29","0",1981,"2","N","Martin County, Florida","State Government","SIC 08 Forestry","County, 2-digit SIC -- by ownership sector","All establishment sizes",0,0,0,0,0,0,0,0
"12085","2","SIC_0A08","29","0",1981,"3","N","Martin County, Florida","State Government","SIC 08 Forestry","County, 2-digit SIC -- by ownership sector","All establishment sizes",0,0,0,0,0,0,0,0
"12085","2","SIC_0A08","29","0",1981,"4","N","Martin County, Florida","State Government","SIC 08 Forestry","County, 2-digit SIC -- by ownership sector","All establishment sizes",0,0,0,0,0,0,0,0
"12085","2","SIC_0C","28","0",1981,"1","N","Martin County, Florida","State Government","Construction Division","County, Industry Division -- by ownership sector","All establishment sizes",0,0,0,0,0,0,0,0
"12085","2","SIC_0C","28","0",1981,"2","N","Martin County, Florida","State Government","Construction Division","County, Industry Division -- by ownership sector","All establishment sizes",0,0,0,0,0,0,0,0
"12085","2","SIC_0C","28","0",1981,"3","N","Martin County, Florida","State Government","Construction Division","County, Industry Division -- by ownership sector","All establishment sizes",0,0,0,0,0,0,0,0
"12085","2","SIC_0C","28","0",1981,"4","N","Martin County, Florida","State Government","Construction Division","County, Industry Division -- by ownership sector","All establishment sizes",0,0,0,0,0,0,0,0
"12085","2","SIC_0C16","29","0",1981,"1","N","Martin County, Florida","State Government","SIC 16 Heavy Construction, ex. Building","County, 2-digit SIC -- by ownership sector","All establishment sizes",0,0,0,0,0,0,0,0
"12085","2","SIC_0C16","29","0",1981,"2","N","Martin County, Florida","State Government","SIC 16 Heavy Construction, ex. Building","County, 2-digit SIC -- by ownership sector","All establishment sizes",0,0,0,0,0,0,0,0
"12085","2","SIC_0C16","29","0",1981,"3","N","Martin County, Florida","State Government","SIC 16 Heavy Construction, ex. Building","County, 2-digit SIC -- by ownership sector","All establishment sizes",0,0,0,0,0,0,0,0
"12085","2","SIC_0C16","29","0",1981,"4","N","Martin County, Florida","State Government","SIC 16 Heavy Construction, ex. Building","County, 2-digit SIC -- by ownership sector","All establishment sizes",0,0,0,0,0,0,0,0
"12085","2","SIC_0I","28","0",1981,"1","","Martin County, Florida","State Government","Services Division","County, Industry Division -- by ownership sector","All establishment sizes",4,36,34,33,106223,0,0,237
"12085","2","SIC_0I","28","0",1981,"2","","Martin County, Florida","State Government","Services Division","County, Industry Division -- by ownership sector","All establishment sizes",4,33,39,40,103912,0,0,214
"12085","2","SIC_0I","28","0",1981,"3","","Martin County, Florida","State Government","Services Division","County, Industry Division -- by ownership sector","All establishment sizes",4,42,38,36,115216,0,0,229
"12085","2","SIC_0I","28","0",1981,"4","","Martin County, Florida","State Government","Services Division","County, Industry Division -- by ownership sector","All establishment sizes",3,26,27,27,85367,0,0,246
"12085","2","SIC_0I79","29","0",1981,"1","N","Martin County, Florida","State Government","SIC 79 Amusement and Recreation Services","County, 2-digit SIC -- by ownership sector","All establishment sizes",0,0,0,0,0,0,0,0
"12085","2","SIC_0I79","29","0",1981,"2","N","Martin County, Florida","State Government","SIC 79 Amusement and Recreation Services","County, 2-digit SIC -- by ownership sector","All establishment sizes",0,0,0,0,0,0,0,0
"12085","2","SIC_0I79","29","0",1981,"3","N","Martin County, Florida","State Government","SIC 79 Amusement and Recreation Services","County, 2-digit SIC -- by ownership sector","All establishment sizes",0,0,0,0,0,0,0,0
"12085","2","SIC_0I79","29","0",1981,"4","N","Martin County, Florida","State Government","SIC 79 Amusement and Recreation Services","County, 2-digit SIC -- by ownership sector","All establishment sizes",0,0,0,0,0,0,0,0
"12085","2","SIC_0I82","29","0",1981,"1","N","Martin County, Florida","State Government","SIC 82 Educational Services","County, 2-digit SIC -- by ownership sector","All establishment sizes",0,0,0,0,0,0,0,0
"12085","2","SIC_0I82","29","0",1981,"2","N","Martin County, Florida","State Government","SIC 82 Educational Services","County, 2-digit SIC -- by ownership sector","All establishment sizes",0,0,0,0,0,0,0,0
"12085","2","SIC_0I82","29","0",1981,"3","N","Martin County, Florida","State Government","SIC 82 Educational Services","County, 2-digit SIC -- by ownership sector","All establishment sizes",0,0,0,0,0,0,0,0
"12085","2","SIC_0I82","29","0",1981,"4","N","Martin County, Florida","State Government","SIC 82 Educational Services","County, 2-digit SIC -- by ownership sector","All establishment sizes",0,0,0,0,0,0,0,0
"12085","2","SIC_0I83","29","0",1981,"1","N","Martin County, Florida","State Government","SIC 83 Social Services","County, 2-digit SIC -- by ownership sector","All establishment sizes",0,0,0,0,0,0,0,0
"12085","2","SIC_0I83","29","0",1981,"2","N","Martin County, Florida","State Government","SIC 83 Social Services","County, 2-digit SIC -- by ownership sector","All establishment sizes",0,0,0,0,0,0,0,0
"12085","2","SIC_0I83","29","0",1981,"3","N","Martin County, Florida","State Government","SIC 83 Social Services","County, 2-digit SIC -- by ownership sector","All establishment sizes",0,0,0,0,0,0,0,0
"12085","2","SIC_0I83","29","0",1981,"4","N","Martin County, Florida","State Government","SIC 83 Social Services","County, 2-digit SIC -- by ownership sector","All establishment sizes",0,0,0,0,0,0,0,0
"12085","2","SIC_0J","28","0",1981,"1","","Martin County, Florida","State Government","Public Administration Division","County, Industry Division -- by ownership sector","All establishment sizes",17,91,92,92,308876,0,0,259
"12085","2","SIC_0J","28","0",1981,"2","","Martin County, Florida","State Government","Public Administration Division","County, Industry Division -- by ownership sector","All establishment sizes",17,94,93,97,290052,0,0,235
"12085","2","SIC_0J","28","0",1981,"3","","Martin County, Florida","State Government","Public Administration Division","County, Industry Division -- by ownership sector","All establishment sizes",17,94,93,97,299636,0,0,243
"12085","2","SIC_0J","28","0",1981,"4","","Martin County, Florida","State Government","Public Administration Division","County, Industry Division -- by ownership sector","All establishment sizes",18,103,110,108,371422,0,0,267
"12085","2","SIC_0J91","29","0",1981,"1","N","Martin County, Florida","State Government","SIC 91 Executive, Legislative, and General","County, 2-digit SIC -- by ownership sector","All establishment sizes",0,0,0,0,0,0,0,0
"12085","2","SIC_0J91","29","0",1981,"2","N","Martin County, Florida","State Government","SIC 91 Executive, Legislative, and General","County, 2-digit SIC -- by ownership sector","All establishment sizes",0,0,0,0,0,0,0,0
"12085","2","SIC_0J91","29","0",1981,"3","N","Martin County, Florida","State Government","SIC 91 Executive, Legislative, and General","County, 2-digit SIC -- by ownership sector","All establishment sizes",0,0,0,0,0,0,0,0
"12085","2","SIC_0J91","29","0",1981,"4","N","Martin County, Florida","State Government","SIC 91 Executive, Legislative, and General","County, 2-digit SIC -- by ownership sector","All establishment sizes",0,0,0,0,0,0,0,0
"12085","2","SIC_0J92","29","0",1981,"1","N","Martin County, Florida","State Government","SIC 92 Justice, Public Order, and Safety","County, 2-digit SIC -- by ownership sector","All establishment sizes",0,0,0,0,0,0,0,0
"12085","2","SIC_0J92","29","0",1981,"2","N","Martin County, Florida","State Government","SIC 92 Justice, Public Order, and Safety","County, 2-digit SIC -- by ownership sector","All establishment sizes",0,0,0,0,0,0,0,0
"12085","2","SIC_0J92","29","0",1981,"3","N","Martin County, Florida","State Government","SIC 92 Justice, Public Order, and Safety","County, 2-digit SIC -- by ownership sector","All establishment sizes",0,0,0,0,0,0,0,0
"12085","2","SIC_0J92","29","0",1981,"4","N","Martin County, Florida","State Government","SIC 92 Justice, Public Order, and Safety","County, 2-digit SIC -- by ownership sector","All establishment sizes",0,0,0,0,0,0,0,0
"12085","2","SIC_0J93","29","0",1981,"1","N","Martin County, Florida","State Government","SIC 93 Finance, Taxation, and Monetary Policy","County, 2-digit SIC -- by ownership sector","All establishment sizes",0,0,0,0,0,0,0,0
"12085","2","SIC_0J93","29","0",1981,"2","N","Martin County, Florida","State Government","SIC 93 Finance, Taxation, and Monetary Policy","County, 2-digit SIC -- by ownership sector","All establishment sizes",0,0,0,0,0,0,0,0
"12085","2","SIC_0J93","29","0",1981,"3","N","Martin County, Florida","State Government","SIC 93 Finance, Taxation, and Monetary Policy","County, 2-digit SIC -- by ownership sector","All establishment sizes",0,0,0,0,0,0,0,0
"12085","2","SIC_0J93","29","0",1981,"4","N","Martin County, Florida","State Government","SIC 93 Finance, Taxation, and Monetary Policy","County, 2-digit SIC -- by ownership sector","All establishment sizes",0,0,0,0,0,0,0,0
"12085","2","SIC_0J94","29","0",1981,"1","","Martin County, Florida","State Government","SIC 94 Administration of Human Resources","County, 2-digit SIC -- by ownership sector","All establishment sizes",4,54,55,55,172406,0,0,242
"12085","2","SIC_0J94","29","0",1981,"2","","Martin County, Florida","State Government","SIC 94 Administration of Human Resources","County, 2-digit SIC -- by ownership sector","All establishment sizes",4,55,55,59,149849,0,0,204
"12085","2","SIC_0J94","29","0",1981,"3","","Martin County, Florida","State Government","SIC 94 Administration of Human Resources","County, 2-digit SIC -- by ownership sector","All establishment sizes",4,55,55,59,149849,0,0,204
"12085","2","SIC_0J94","29","0",1981,"4","","Martin County, Florida","State Government","SIC 94 Administration of Human Resources","County, 2-digit SIC -- by ownership sector","All establishment sizes",5,64,72,71,221111,0,0,246
"12085","2","SIC_0J95","29","0",1981,"1","","Martin County, Florida","State Government","SIC 95 Environmental Quality and Housing","County, 2-digit SIC -- by ownership sector","All establishment sizes",3,9,9,9,30644,0,0,261
"12085","2","SIC_0J95","29","0",1981,"2","","Martin County, Florida","State Government","SIC 95 Environmental Quality and Housing","County, 2-digit SIC -- by ownership sector","All establishment sizes",3,11,11,11,41727,0,0,291
"12085","2","SIC_0J95","29","0",1981,"3","","Martin County, Florida","State Government","SIC 95 Environmental Quality and Housing","County, 2-digit SIC -- by ownership sector","All establishment sizes",3,12,12,12,49866,0,0,319
"12085","2","SIC_0J95","29","0",1981,"4","","Martin County, Florida","State Government","SIC 95 Environmental Quality and Housing","County, 2-digit SIC -- by ownership sector","All establishment sizes",3,12,12,12,44748,0,0,286
"12085","2","SIC_0J96","29","0",1981,"1","","Martin County, Florida","State Government","SIC 96 Administration of Economic Programs","County, 2-digit SIC -- by ownership sector","All establishment sizes",6,12,12,12,32490,0,0,208
"12085","2","SIC_0J96","29","0",1981,"2","","Martin County, Florida","State Government","SIC 96 Administration of Economic Programs","County, 2-digit SIC -- by ownership sector","All establishment sizes",6,12,12,12,34013,0,0,218
"12085","2","SIC_0J96","29","0",1981,"3","","Martin County, Florida","State Government","SIC 96 Administration of Economic Programs","County, 2-digit SIC -- by ownership sector","All establishment sizes",6,11,10,10,31354,0,0,233
"12085","2","SIC_0J96","29","0",1981,"4","","Martin County, Florida","State Government","SIC 96 Administration of Economic Programs","County, 2-digit SIC -- by ownership sector","All establishment sizes",6,11,11,10,33595,0,0,242
"12085","3","SIC_0Z","27","0",1981,"1","","Martin County, Florida","Local Government","All Industries","County, Total -- by ownership sector","All establishment sizes",14,1988,1921,1967,5936281,0,0,233
"12085","3","SIC_0Z","27","0",1981,"2","","Martin County, Florida","Local Government","All Industries","County, Total -- by ownership sector","All establishment sizes",14,2057,2022,2116,6682656,0,0,248
"12085","3","SIC_0Z","27","0",1981,"3","","Martin County, Florida","Local Government","All Industries","County, Total -- by ownership sector","All establishment sizes",14,1935,1953,1982,4900074,0,0,192
"12085","3","SIC_0Z","27","0",1981,"4","","Martin County, Florida","Local Government","All Industries","County, Total -- by ownership sector","All establishment sizes",13,2319,2391,2380,6317526,0,0,205
"12085","3","SIC_0H","28","0",1981,"1","N","Martin County, Florida","Local Government","Finance, Insurance, and Real Estate Division","County, Industry Division -- by ownership sector","All establishment sizes",0,0,0,0,0,0,0,0
"12085","3","SIC_0H","28","0",1981,"2","N","Martin County, Florida","Local Government","Finance, Insurance, and Real Estate Division","County, Industry Division -- by ownership sector","All establishment sizes",0,0,0,0,0,0,0,0
"12085","3","SIC_0H","28","0",1981,"3","N","Martin County, Florida","Local Government","Finance, Insurance, and Real Estate Division","County, Industry Division -- by ownership sector","All establishment sizes",0,0,0,0,0,0,0,0
"12085","3","SIC_0H","28","0",1981,"4","N","Martin County, Florida","Local Government","Finance, Insurance, and Real Estate Division","County, Industry Division -- by ownership sector","All establishment sizes",0,0,0,0,0,0,0,0
"12085","3","SIC_0H65","29","0",1981,"1","N","Martin County, Florida","Local Government","SIC 65 Real Estate","County, 2-digit SIC -- by ownership sector","All establishment sizes",0,0,0,0,0,0,0,0
"12085","3","SIC_0H65","29","0",1981,"2","N","Martin County, Florida","Local Government","SIC 65 Real Estate","County, 2-digit SIC -- by ownership sector","All establishment sizes",0,0,0,0,0,0,0,0
"12085","3","SIC_0H65","29","0",1981,"3","N","Martin County, Florida","Local Government","SIC 65 Real Estate","County, 2-digit SIC -- by ownership sector","All establishment sizes",0,0,0,0,0,0,0,0
"12085","3","SIC_0H65","29","0",1981,"4","N","Martin County, Florida","Local Government","SIC 65 Real Estate","County, 2-digit SIC -- by ownership sector","All establishment sizes",0,0,0,0,0,0,0,0
"12085","3","SIC_0I","28","0",1981,"1","N","Martin County, Florida","Local Government","Services Division","County, Industry Division -- by ownership sector","All establishment sizes",0,0,0,0,0,0,0,0
"12085","3","SIC_0I","28","0",1981,"2","N","Martin County, Florida","Local Government","Services Division","County, Industry Division -- by ownership sector","All establishment sizes",0,0,0,0,0,0,0,0
"12085","3","SIC_0I","28","0",1981,"3","N","Martin County, Florida","Local Government","Services Division","County, Industry Division -- by ownership sector","All establishment sizes",0,0,0,0,0,0,0,0
"12085","3","SIC_0I","28","0",1981,"4","N","Martin County, Florida","Local Government","Services Division","County, Industry Division -- by ownership sector","All establishment sizes",0,0,0,0,0,0,0,0
"12085","3","SIC_0I82","29","0",1981,"1","N","Martin County, Florida","Local Government","SIC 82 Educational Services","County, 2-digit SIC -- by ownership sector","All establishment sizes",0,0,0,0,0,0,0,0
"12085","3","SIC_0I82","29","0",1981,"2","N","Martin County, Florida","Local Government","SIC 82 Educational Services","County, 2-digit SIC -- by ownership sector","All establishment sizes",0,0,0,0,0,0,0,0
"12085","3","SIC_0I82","29","0",1981,"3","N","Martin County, Florida","Local Government","SIC 82 Educational Services","County, 2-digit SIC -- by ownership sector","All establishment sizes",0,0,0,0,0,0,0,0
"12085","3","SIC_0I82","29","0",1981,"4","N","Martin County, Florida","Local Government","SIC 82 Educational Services","County, 2-digit SIC -- by ownership sector","All establishment sizes",0,0,0,0,0,0,0,0
"12085","3","SIC_0J","28","0",1981,"1","","Martin County, Florida","Local Government","Public Administration Division","County, Industry Division -- by ownership sector","All establishment sizes",11,705,715,732,2184552,0,0,234
"12085","3","SIC_0J","28","0",1981,"2","","Martin County, Florida","Local Government","Public Administration Division","County, Industry Division -- by ownership sector","All establishment sizes",11,720,730,753,2239582,0,0,234
"12085","3","SIC_0J","28","0",1981,"3","","Martin County, Florida","Local Government","Public Administration Division","County, Industry Division -- by ownership sector","All establishment sizes",11,733,739,743,2296165,0,0,239
"12085","3","SIC_0J","28","0",1981,"4","","Martin County, Florida","Local Government","Public Administration Division","County, Industry Division -- by ownership sector","All establishment sizes",11,740,753,761,2542579,0,0,260
"12085","3","SIC_0J91","29","0",1981,"1","","Martin County, Florida","Local Government","SIC 91 Executive, Legislative, and General","County, 2-digit SIC -- by ownership sector","All establishment sizes",5,461,465,482,1461876,0,0,239
"12085","3","SIC_0J91","29","0",1981,"2","","Martin County, Florida","Local Government","SIC 91 Executive, Legislative, and General","County, 2-digit SIC -- by ownership sector","All establishment sizes",5,483,479,503,1521592,0,0,239
"12085","3","SIC_0J91","29","0",1981,"3","","Martin County, Florida","Local Government","SIC 91 Executive, Legislative, and General","County, 2-digit SIC -- by ownership sector","All establishment sizes",5,503,484,483,1550221,0,0,243
"12085","3","SIC_0J91","29","0",1981,"4","","Martin County, Florida","Local Government","SIC 91 Executive, Legislative, and General","County, 2-digit SIC -- by ownership sector","All establishment sizes",5,482,495,497,1680344,0,0,263
"12085","3","SIC_0J92","29","0",1981,"1","N","Martin County, Florida","Local Government","SIC 92 Justice, Public Order, and Safety","County, 2-digit SIC -- by ownership sector","All establishment sizes",0,0,0,0,0,0,0,0
"12085","3","SIC_0J92","29","0",1981,"2","N","Martin County, Florida","Local Government","SIC 92 Justice, Public Order, and Safety","County, 2-digit SIC -- by ownership sector","All establishment sizes",0,0,0,0,0,0,0,0
"12085","3","SIC_0J92","29","0",1981,"3","N","Martin County, Florida","Local Government","SIC 92 Justice, Public Order, and Safety","County, 2-digit SIC -- by ownership sector","All establishment sizes",0,0,0,0,0,0,0,0
"12085","3","SIC_0J92","29","0",1981,"4","N","Martin County, Florida","Local Government","SIC 92 Justice, Public Order, and Safety","County, 2-digit SIC -- by ownership sector","All establishment sizes",0,0,0,0,0,0,0,0
"12085","3","SIC_0J93","29","0",1981,"1","N","Martin County, Florida","Local Government","SIC 93 Finance, Taxation, and Monetary Policy","County, 2-digit SIC -- by ownership sector","All establishment sizes",0,0,0,0,0,0,0,0
"12085","3","SIC_0J93","29","0",1981,"2","N","Martin County, Florida","Local Government","SIC 93 Finance, Taxation, and Monetary Policy","County, 2-digit SIC -- by ownership sector","All establishment sizes",0,0,0,0,0,0,0,0
"12085","3","SIC_0J93","29","0",1981,"3","N","Martin County, Florida","Local Government","SIC 93 Finance, Taxation, and Monetary Policy","County, 2-digit SIC -- by ownership sector","All establishment sizes",0,0,0,0,0,0,0,0
"12085","3","SIC_0J93","29","0",1981,"4","N","Martin County, Florida","Local Government","SIC 93 Finance, Taxation, and Monetary Policy","County, 2-digit SIC -- by ownership sector","All establishment sizes",0,0,0,0,0,0,0,0
"12085","3","SIC_0J95","29","0",1981,"1","N","Martin County, Florida","Local Government","SIC 95 Environmental Quality and Housing","County, 2-digit SIC -- by ownership sector","All establishment sizes",0,0,0,0,0,0,0,0
"12085","3","SIC_0J95","29","0",1981,"2","N","Martin County, Florida","Local Government","SIC 95 Environmental Quality and Housing","County, 2-digit SIC -- by ownership sector","All establishment sizes",0,0,0,0,0,0,0,0
"12085","3","SIC_0J95","29","0",1981,"3","N","Martin County, Florida","Local Government","SIC 95 Environmental Quality and Housing","County, 2-digit SIC -- by ownership sector","All establishment sizes",0,0,0,0,0,0,0,0
"12085","3","SIC_0J95","29","0",1981,"4","N","Martin County, Florida","Local Government","SIC 95 Environmental Quality and Housing","County, 2-digit SIC -- by ownership sector","All establishment sizes",0,0,0,0,0,0,0,0
"12085","5","SIC_0Z","27","0",1981,"1","","Martin County, Florida","Private","All Industries","County, Total -- by ownership sector","All establishment sizes",1869,20194,20191,20395,66374987,0,0,252
"12085","5","SIC_0Z","27","0",1981,"2","","Martin County, Florida","Private","All Industries","County, Total -- by ownership sector","All establishment sizes",1925,20666,20596,20186,69482463,0,0,260
"12085","5","SIC_0Z","27","0",1981,"3","","Martin County, Florida","Private","All Industries","County, Total -- by ownership sector","All establishment sizes",1964,19712,19030,19295,69382760,0,0,275
"12085","5","SIC_0Z","27","0",1981,"4","","Martin County, Florida","Private","All Industries","County, Total -- by ownership sector","All establishment sizes",1987,20188,20699,21472,74845903,0,0,276
"12085","5","SIC_0A","28","0",1981,"1","","Martin County, Florida","Private","Agriculture, Forestry, and Fishing Division","County, Industry Division -- by ownership sector","All establishment sizes",90,1883,1766,1804,4091979,0,0,173
"12085","5","SIC_0A","28","0",1981,"2","","Martin County, Florida","Private","Agriculture, Forestry, and Fishing Division","County, Industry Division -- by ownership sector","All establishment sizes",90,1997,2060,1704,4883840,0,0,195
"12085","5","SIC_0A","28","0",1981,"3","","Martin County, Florida","Private","Agriculture, Forestry, and Fishing Division","County, Industry Division -- by ownership sector","All establishment sizes",95,1672,1253,1359,3663476,0,0,197
"12085","5","SIC_0A","28","0",1981,"4","","Martin County, Florida","Private","Agriculture, Forestry, and Fishing Division","County, Industry Division -- by ownership sector","All establishment sizes",92,1535,1624,2005,4448735,0,0,198
"12085","5","SIC_0A01","29","0",1981,"1","","Martin County, Florida","Private","SIC 01 Agricultural Production Crops","County, 2-digit SIC -- by ownership sector","All establishment sizes",31,939,963,912,2111517,0,0,173
"12085","5","SIC_0A01","29","0",1981,"2","","Martin County, Florida","Private","SIC 01 Agricultural Production Crops","County, 2-digit SIC -- by ownership sector","All establishment sizes",30,970,999,710,2438577,0,0,210
"12085","5","SIC_0A01","29","0",1981,"3","","Martin County, Florida","Private","SIC 01 Agricultural Production Crops","County, 2-digit SIC -- by ownership sector","All establishment sizes",33,767,782,865,1983411,0,0,189
"12085","5","SIC_0A01","29","0",1981,"4","","Martin County, Florida","Private","SIC 01 Agricultural Production Crops","County, 2-digit SIC -- by ownership sector","All establishment sizes",31,877,945,981,2546924,0,0,209
"12085","5","SIC_0A02","29","0",1981,"1","N","Martin County, Florida","Private","SIC 02 Agricultural Production Livestock","County, 2-digit SIC -- by ownership sector","All establishment sizes",0,0,0,0,0,0,0,0
"12085","5","SIC_0A02","29","0",1981,"2","N","Martin County, Florida","Private","SIC 02 Agricultural Production Livestock","County, 2-digit SIC -- by ownership sector","All establishment sizes",0,0,0,0,0,0,0,0
"12085","5","SIC_0A02","29","0",1981,"3","N","Martin County, Florida","Private","SIC 02 Agricultural Production Livestock","County, 2-digit SIC -- by ownership sector","All establishment sizes",0,0,0,0,0,0,0,0
"12085","5","SIC_0A02","29","0",1981,"4","N","Martin County, Florida","Private","SIC 02 Agricultural Production Livestock","County, 2-digit SIC -- by ownership sector","All establishment sizes",0,0,0,0,0,0,0,0
"12085","5","SIC_0A07","29","0",1981,"1","","Martin County, Florida","Private","SIC 07 Agricultural Services","County, 2-digit SIC -- by ownership sector","All establishment sizes",50,782,646,731,1638623,0,0,175
"12085","5","SIC_0A07","29","0",1981,"2","","Martin County, Florida","Private","SIC 07 Agricultural Services","County, 2-digit SIC -- by ownership sector","All establishment sizes",50,870,917,856,2098531,0,0,183
"12085","5","SIC_0A07","29","0",1981,"3","","Martin County, Florida","Private","SIC 07 Agricultural Services","County, 2-digit SIC -- by ownership sector","All establishment sizes",51,772,346,368,1368943,0,0,212
"12085","5","SIC_0A07","29","0",1981,"4","","Martin County, Florida","Private","SIC 07 Agricultural Services","County, 2-digit SIC -- by ownership sector","All establishment sizes",50,481,509,841,1394476,0,0,175
"12085","5","SIC_0A09","29","0",1981,"1","N","Martin County, Florida","Private","SIC 09 Fishing, Hunting, and Trapping","County, 2-digit SIC -- by ownership sector","All establishment sizes",0,0,0,0,0,0,0,0
"12085","5","SIC_0A09","29","0",1981,"2","N","Martin County, Florida","Private","SIC 09 Fishing, Hunting, and Trapping","County, 2-digit SIC -- by ownership sector","All establishment sizes",0,0,0,0,0,0,0,0
"12085","5","SIC_0A09","29","0",1981,"3","N","Martin County, Florida","Private","SIC 09 Fishing, Hunting, and Trapping","County, 2-digit SIC -- by ownership sector","All establishment sizes",0,0,0,0,0,0,0,0
"12085","5","SIC_0A09","29","0",1981,"4","N","Martin County, Florida","Private","SIC 09 Fishing, Hunting, and Trapping","County, 2-digit SIC -- by ownership sector","All establishment sizes",0,0,0,0,0,0,0,0
"12085","5","SIC_0B","28","0",1981,"1","N","Martin County, Florida","Private","Mining Division","County, Industry Division -- by ownership sector","All establishment sizes",0,0,0,0,0,0,0,0
"12085","5","SIC_0B","28","0",1981,"2","N","Martin County, Florida","Private","Mining Division","County, Industry Division -- by ownership sector","All establishment sizes",0,0,0,0,0,0,0,0
"12085","5","SIC_0B","28","0",1981,"3","N","Martin County, Florida","Private","Mining Division","County, Industry Division -- by ownership sector","All establishment sizes",0,0,0,0,0,0,0,0
"12085","5","SIC_0B","28","0",1981,"4","N","Martin County, Florida","Private","Mining Division","County, Industry Division -- by ownership sector","All establishment sizes",0,0,0,0,0,0,0,0
"12085","5","SIC_0B13","29","0",1981,"1","N","Martin County, Florida","Private","SIC 13 Oil and Gas Extraction","County, 2-digit SIC -- by ownership sector","All establishment sizes",0,0,0,0,0,0,0,0
"12085","5","SIC_0B13","29","0",1981,"2","N","Martin County, Florida","Private","SIC 13 Oil and Gas Extraction","County, 2-digit SIC -- by ownership sector","All establishment sizes",0,0,0,0,0,0,0,0
"12085","5","SIC_0B13","29","0",1981,"3","N","Martin County, Florida","Private","SIC 13 Oil and Gas Extraction","County, 2-digit SIC -- by ownership sector","All establishment sizes",0,0,0,0,0,0,0,0
"12085","5","SIC_0B13","29","0",1981,"4","N","Martin County, Florida","Private","SIC 13 Oil and Gas Extraction","County, 2-digit SIC -- by ownership sector","All establishment sizes",0,0,0,0,0,0,0,0
"12085","5","SIC_0C","28","0",1981,"1","","Martin County, Florida","Private","Construction Division","County, Industry Division -- by ownership sector","All establishment sizes",302,3552,3476,3487,15888215,0,0,348
"12085","5","SIC_0C","28","0",1981,"2","","Martin County, Florida","Private","Construction Division","County, Industry Division -- by ownership sector","All establishment sizes",324,3338,3379,3467,16638862,0,0,377
"12085","5","SIC_0C","28","0",1981,"3","","Martin County, Florida","Private","Construction Division","County, Industry Division -- by ownership sector","All establishment sizes",338,3426,3181,3225,16939764,0,0,397
"12085","5","SIC_0C","28","0",1981,"4","","Martin County, Florida","Private","Construction Division","County, Industry Division -- by ownership sector","All establishment sizes",329,3100,3177,3188,16245680,0,0,396
"12085","5","SIC_0C15","29","0",1981,"1","","Martin County, Florida","Private","SIC 15 General Building Contractors","County, 2-digit SIC -- by ownership sector","All establishment sizes",107,652,661,702,2244638,0,0,257
"12085","5","SIC_0C15","29","0",1981,"2","","Martin County, Florida","Private","SIC 15 General Building Contractors","County, 2-digit SIC -- by ownership sector","All establishment sizes",114,709,780,822,2753801,0,0,274
"12085","5","SIC_0C15","29","0",1981,"3","","Martin County, Florida","Private","SIC 15 General Building Contractors","County, 2-digit SIC -- by ownership sector","All establishment sizes",122,879,823,843,3034212,0,0,275
"12085","5","SIC_0C15","29","0",1981,"4","","Martin County, Florida","Private","SIC 15 General Building Contractors","County, 2-digit SIC -- by ownership sector","All establishment sizes",114,690,640,630,2586866,0,0,304
"12085","5","SIC_0C16","29","0",1981,"1","","Martin County, Florida","Private","SIC 16 Heavy Construction, ex. Building","County, 2-digit SIC -- by ownership sector","All establishment sizes",30,769,664,616,3141600,0,0,353
"12085","5","SIC_0C16","29","0",1981,"2","","Martin County, Florida","Private","SIC 16 Heavy Construction, ex. Building","County, 2-digit SIC -- by ownership sector","All establishment sizes",32,605,586,584,2921843,0,0,379
"12085","5","SIC_0C16","29","0",1981,"3","","Martin County, Florida","Private","SIC 16 Heavy Construction, ex. Building","County, 2-digit SIC -- by ownership sector","All establishment sizes",32,542,409,415,2316938,0,0,391
"12085","5","SIC_0C16","29","0",1981,"4","","Martin County, Florida","Private","SIC 16 Heavy Construction, ex. Building","County, 2-digit SIC -- by ownership sector","All establishment sizes",30,354,351,353,1958136,0,0,427
"12085","5","SIC_0C17","29","0",1981,"1","","Martin County, Florida","Private","SIC 17 Special Trade Contractors","County, 2-digit SIC -- by ownership sector","All establishment sizes",165,2131,2151,2169,10501977,0,0,375
"12085","5","SIC_0C17","29","0",1981,"2","","Martin County, Florida","Private","SIC 17 Special Trade Contractors","County, 2-digit SIC -- by ownership sector","All establishment sizes",178,2024,2013,2061,10963218,0,0,414
"12085","5","SIC_0C17","29","0",1981,"3","","Martin County, Florida","Private","SIC 17 Special Trade Contractors","County, 2-digit SIC -- by ownership sector","All establishment sizes",184,2005,1949,1967,11588614,0,0,451
"12085","5","SIC_0C17","29","0",1981,"4","","Martin County, Florida","Private","SIC 17 Special Trade Contractors","County, 2-digit SIC -- by ownership sector","All establishment sizes",185,2056,2186,2205,11700678,0,0,418
"12085","5","SIC_0D","28","0",1981,"1","","Martin County, Florida","Private","Manufacturing Division","County, Industry Division -- by ownership sector","All establishment sizes",66,2607,2647,2663,10883548,0,0,317
"12085","5","SIC_0D","28","0",1981,"2","","Martin County, Florida","Private","Manufacturing Division","County, Industry Division -- by ownership sector","All establishment sizes",68,2703,2728,2763,11430020,0,0,321
"12085","5","SIC_0D","28","0",1981,"3","","Martin County, Florida","Private","Manufacturing Division","County, Industry Division -- by ownership sector","All establishment sizes",71,2775,2743,2795,11669428,0,0,323
"12085","5","SIC_0D","28","0",1981,"4","","Martin County, Florida","Private","Manufacturing Division","County, Industry Division -- by ownership sector","All establishment sizes",68,2831,2820,2893,12792930,0,0,345
"12085","5","SIC_0D20","29","0",1981,"1","N","Martin County, Florida","Private","SIC 20 Food and Kindred Products","County, 2-digit SIC -- by ownership sector","All establishment sizes",0,0,0,0,0,0,0,0
"12085","5","SIC_0D20","29","0",1981,"2","N","Martin County, Florida","Private","SIC 20 Food and Kindred Products","County, 2-digit SIC -- by ownership sector","All establishment sizes",0,0,0,0,0,0,0,0
"12085","5","SIC_0D20","29","0",1981,"3","N","Martin County, Florida","Private","SIC 20 Food and Kindred Products","County, 2-digit SIC -- by ownership sector","All establishment sizes",0,0,0,0,0,0,0,0
"12085","5","SIC_0D20","29","0",1981,"4","N","Martin County, Florida","Private","SIC 20 Food and Kindred Products","County, 2-digit SIC -- by ownership sector","All establishment sizes",0,0,0,0,0,0,0,0
"12085","5","SIC_0D22","29","0",1981,"1","N","Martin County, Florida","Private","SIC 22 Textile Mill Products","County, 2-digit SIC -- by ownership sector","All establishment sizes",0,0,0,0,0,0,0,0
"12085","5","SIC_0D22","29","0",1981,"2","N","Martin County, Florida","Private","SIC 22 Textile Mill Products","County, 2-digit SIC -- by ownership sector","All establishment sizes",0,0,0,0,0,0,0,0
"12085","5","SIC_0D22","29","0",1981,"3","N","Martin County, Florida","Private","SIC 22 Textile Mill Products","County, 2-digit SIC -- by ownership sector","All establishment sizes",0,0,0,0,0,0,0,0
"12085","5","SIC_0D22","29","0",1981,"4","N","Martin County, Florida","Private","SIC 22 Textile Mill Products","County, 2-digit SIC -- by ownership sector","All establishment sizes",0,0,0,0,0,0,0,0
"12085","5","SIC_0D23","29","0",1981,"1","N","Martin County, Florida","Private","SIC 23 Apparel and Other Textile Products","County, 2-digit SIC -- by ownership sector","All establishment sizes",0,0,0,0,0,0,0,0
"12085","5","SIC_0D23","29","0",1981,"2","N","Martin County, Florida","Private","SIC 23 Apparel and Other Textile Products","County, 2-digit SIC -- by ownership sector","All establishment sizes",0,0,0,0,0,0,0,0
"12085","5","SIC_0D23","29","0",1981,"3","N","Martin County, Florida","Private","SIC 23 Apparel and Other Textile Products","County, 2-digit SIC -- by ownership sector","All establishment sizes",0,0,0,0,0,0,0,0
"12085","5","SIC_0D23","29","0",1981,"4","N","Martin County, Florida","Private","SIC 23 Apparel and Other Textile Products","County, 2-digit SIC -- by ownership sector","All establishment sizes",0,0,0,0,0,0,0,0
"12085","5","SIC_0D24","29","0",1981,"1","","Martin County, Florida","Private","SIC 24 Lumber and Wood Products","County, 2-digit SIC -- by ownership sector","All establishment sizes",7,63,57,59,198449,0,0,255
"12085","5","SIC_0D24","29","0",1981,"2","","Martin County, Florida","Private","SIC 24 Lumber and Wood Products","County, 2-digit SIC -- by ownership sector","All establishment sizes",7,62,68,75,223306,0,0,251
"12085","5","SIC_0D24","29","0",1981,"3","","Martin County, Florida","Private","SIC 24 Lumber and Wood Products","County, 2-digit SIC -- by ownership sector","All establishment sizes",7,75,76,73,240188,0,0,247
"12085","5","SIC_0D24","29","0",1981,"4","","Martin County, Florida","Private","SIC 24 Lumber and Wood Products","County, 2-digit SIC -- by ownership sector","All establishment sizes",7,77,67,67,245131,0,0,268
"12085","5","SIC_0D25","29","0",1981,"1","","Martin County, Florida","Private","SIC 25 Furniture and Fixtures","County, 2-digit SIC -- by ownership sector","All establishment sizes",3,34,35,34,102232,0,0,229
"12085","5","SIC_0D25","29","0",1981,"2","N","Martin County, Florida","Private","SIC 25 Furniture and Fixtures","County, 2-digit SIC -- by ownership sector","All establishment sizes",0,0,0,0,0,0,0,0
"12085","5","SIC_0D25","29","0",1981,"3","N","Martin County, Florida","Private","SIC 25 Furniture and Fixtures","County, 2-digit SIC -- by ownership sector","All establishment sizes",0,0,0,0,0,0,0,0
"12085","5","SIC_0D25","29","0",1981,"4","N","Martin County, Florida","Private","SIC 25 Furniture and Fixtures","County, 2-digit SIC -- by ownership sector","All establishment sizes",0,0,0,0,0,0,0,0
"12085","5","SIC_0D27","29","0",1981,"1","","Martin County, Florida","Private","SIC 27 Printing and Publishing","County, 2-digit SIC -- by ownership sector","All establishment sizes",14,490,495,502,1587585,0,0,246
"12085","5","SIC_0D27","29","0",1981,"2","","Martin County, Florida","Private","SIC 27 Printing and Publishing","County, 2-digit SIC -- by ownership sector","All establishment sizes",14,542,548,552,1772417,0,0,249
"12085","5","SIC_0D27","29","0",1981,"3","","Martin County, Florida","Private","SIC 27 Printing and Publishing","County, 2-digit SIC -- by ownership sector","All establishment sizes",14,583,586,599,1911575,0,0,249
"12085","5","SIC_0D27","29","0",1981,"4","","Martin County, Florida","Private","SIC 27 Printing and Publishing","County, 2-digit SIC -- by ownership sector","All establishment sizes",14,610,608,618,2059547,0,0,258
"12085","5","SIC_0D28","29","0",1981,"1","","Martin County, Florida","Private","SIC 28 Chemicals and Allied Products","County, 2-digit SIC -- by ownership sector","All establishment sizes",3,25,25,25,73403,0,0,225
"12085","5","SIC_0D28","29","0",1981,"2","","Martin County, Florida","Private","SIC 28 Chemicals and Allied Products","County, 2-digit SIC -- by ownership sector","All establishment sizes",3,25,26,27,90521,0,0,267
"12085","5","SIC_0D28","29","0",1981,"3","","Martin County, Florida","Private","SIC 28 Chemicals and Allied Products","County, 2-digit SIC -- by ownership sector","All establishment sizes",3,29,30,29,103346,0,0,271
"12085","5","SIC_0D28","29","0",1981,"4","","Martin County, Florida","Private","SIC 28 Chemicals and Allied Products","County, 2-digit SIC -- by ownership sector","All establishment sizes",3,32,30,30,111885,0,0,280
"12085","5","SIC_0D30","29","0",1981,"1","","Martin County, Florida","Private","SIC 30 Rubber and Misc. Plastics Products","County, 2-digit SIC -- by ownership sector","All establishment sizes",4,35,37,37,122233,0,0,258
"12085","5","SIC_0D30","29","0",1981,"2","","Martin County, Florida","Private","SIC 30 Rubber and Misc. Plastics Products","County, 2-digit SIC -- by ownership sector","All establishment sizes",4,36,35,39,133594,0,0,280
"12085","5","SIC_0D30","29","0",1981,"3","","Martin County, Florida","Private","SIC 30 Rubber and Misc. Plastics Products","County, 2-digit SIC -- by ownership sector","All establishment sizes",4,36,39,44,127740,0,0,247
"12085","5","SIC_0D30","29","0",1981,"4","","Martin County, Florida","Private","SIC 30 Rubber and Misc. Plastics Products","County, 2-digit SIC -- by ownership sector","All establishment sizes",4,48,46,46,156782,0,0,258
"12085","5","SIC_0D32","29","0",1981,"1","","Martin County, Florida","Private","SIC 32 Stone, Clay, and Glass Products","County, 2-digit SIC -- by ownership sector","All establishment sizes",4,64,64,62,327711,0,0,398
"12085","5","SIC_0D32","29","0",1981,"2","","Martin County, Florida","Private","SIC 32 Stone, Clay, and Glass Products","County, 2-digit SIC -- by ownership sector","All establishment sizes",5,67,64,64,366051,0,0,433
"12085","5","SIC_0D32","29","0",1981,"3","","Martin County, Florida","Private","SIC 32 Stone, Clay, and Glass Products","County, 2-digit SIC -- by ownership sector","All establishment sizes",6,68,67,72,391427,0,0,436
"12085","5","SIC_0D32","29","0",1981,"4","","Martin County, Florida","Private","SIC 32 Stone, Clay, and Glass Products","County, 2-digit SIC -- by ownership sector","All establishment sizes",5,63,63,64,346848,0,0,421
"12085","5","SIC_0D33","29","0",1981,"1","N","Martin County, Florida","Private","SIC 33 Primary Metal Industries","County, 2-digit SIC -- by ownership sector","All establishment sizes",0,0,0,0,0,0,0,0
"12085","5","SIC_0D33","29","0",1981,"2","N","Martin County, Florida","Private","SIC 33 Primary Metal Industries","County, 2-digit SIC -- by ownership sector","All establishment sizes",0,0,0,0,0,0,0,0
"12085","5","SIC_0D33","29","0",1981,"3","N","Martin County, Florida","Private","SIC 33 Primary Metal Industries","County, 2-digit SIC -- by ownership sector","All establishment sizes",0,0,0,0,0,0,0,0
"12085","5","SIC_0D33","29","0",1981,"4","N","Martin County, Florida","Private","SIC 33 Primary Metal Industries","County, 2-digit SIC -- by ownership sector","All establishment sizes",0,0,0,0,0,0,0,0
"12085","5","SIC_0D34","29","0",1981,"1","","Martin County, Florida","Private","SIC 34 Fabricated Metal Products","County, 2-digit SIC -- by ownership sector","All establishment sizes",4,13,13,14,29331,0,0,169
"12085","5","SIC_0D34","29","0",1981,"2","","Martin County, Florida","Private","SIC 34 Fabricated Metal Products","County, 2-digit SIC -- by ownership sector","All establishment sizes",5,13,16,20,31113,0,0,146
"12085","5","SIC_0D34","29","0",1981,"3","","Martin County, Florida","Private","SIC 34 Fabricated Metal Products","County, 2-digit SIC -- by ownership sector","All establishment sizes",7,21,20,18,34858,0,0,136
"12085","5","SIC_0D34","29","0",1981,"4","","Martin County, Florida","Private","SIC 34 Fabricated Metal Products","County, 2-digit SIC -- by ownership sector","All establishment sizes",5,16,15,17,26360,0,0,126
"12085","5","SIC_0D35","29","0",1981,"1","","Martin County, Florida","Private","SIC 35 Industrial Machinery and Equipment","County, 2-digit SIC -- by ownership sector","All establishment sizes",6,87,89,84,376045,0,0,333
"12085","5","SIC_0D35","29","0",1981,"2","","Martin County, Florida","Private","SIC 35 Industrial Machinery and Equipment","County, 2-digit SIC -- by ownership sector","All establishment sizes",6,88,87,88,428570,0,0,376
"12085","5","SIC_0D35","29","0",1981,"3","","Martin County, Florida","Private","SIC 35 Industrial Machinery and Equipment","County, 2-digit SIC -- by ownership sector","All establishment sizes",6,72,74,78,366344,0,0,377
"12085","5","SIC_0D35","29","0",1981,"4","","Martin County, Florida","Private","SIC 35 Industrial Machinery and Equipment","County, 2-digit SIC -- by ownership sector","All establishment sizes",6,80,80,79,363428,0,0,350
"12085","5","SIC_0D36","29","0",1981,"1","","Martin County, Florida","Private","SIC 36 Electronic and Other Electric Equipment","County, 2-digit SIC -- by ownership sector","All establishment sizes",4,292,293,293,824161,0,0,216
"12085","5","SIC_0D36","29","0",1981,"2","","Martin County, Florida","Private","SIC 36 Electronic and Other Electric Equipment","County, 2-digit SIC -- by ownership sector","All establishment sizes",4,306,312,317,973755,0,0,240
"12085","5","SIC_0D36","29","0",1981,"3","","Martin County, Florida","Private","SIC 36 Electronic and Other Electric Equipment","County, 2-digit SIC -- by ownership sector","All establishment sizes",4,316,318,313,936290,0,0,228
"12085","5","SIC_0D36","29","0",1981,"4","","Martin County, Florida","Private","SIC 36 Electronic and Other Electric Equipment","County, 2-digit SIC -- by ownership sector","All establishment sizes",4,304,302,304,989756,0,0,250
"12085","5","SIC_0D37","29","0",1981,"1","","Martin County, Florida","Private","SIC 37 Transportation Equipment","County, 2-digit SIC -- by ownership sector","All establishment sizes",8,1212,1236,1252,5938035,0,0,370
"12085","5","SIC_0D37","29","0",1981,"2","","Martin County, Florida","Private","SIC 37 Transportation Equipment","County, 2-digit SIC -- by ownership sector","All establishment sizes",9,1247,1236,1243,6006169,0,0,371
"12085","5","SIC_0D37","29","0",1981,"3","","Martin County, Florida","Private","SIC 37 Transportation Equipment","County, 2-digit SIC -- by ownership sector","All establishment sizes",9,1237,1238,1266,6203628,0,0,382
"12085","5","SIC_0D37","29","0",1981,"4","","Martin County, Florida","Private","SIC 37 Transportation Equipment","County, 2-digit SIC -- by ownership sector","All establishment sizes",9,1304,1315,1361,7155163,0,0,414
"12085","5","SIC_0D39","29","0",1981,"1","","Martin County, Florida","Private","SIC 39 Miscellaneous Manufacturing Industries","County, 2-digit SIC -- by ownership sector","All establishment sizes",4,16,17,18,57622,0,0,260
"12085","5","SIC_0D39","29","0",1981,"2","","Martin County, Florida","Private","SIC 39 Miscellaneous Manufacturing Industries","County, 2-digit SIC -- by ownership sector","All establishment sizes",4,20,19,20,60181,0,0,235
"12085","5","SIC_0D39","29","0",1981,"3","","Martin County, Florida","Private","SIC 39 Miscellaneous Manufacturing Industries","County, 2-digit SIC -- by ownership sector","All establishment sizes",4,16,15,16,51584,0,0,253
"12085","5","SIC_0D39","29","0",1981,"4","","Martin County, Florida","Private","SIC 39 Miscellaneous Manufacturing Industries","County, 2-digit SIC -- by ownership sector","All establishment sizes",4,17,15,15,53551,0,0,262
"12085","5","SIC_0E","28","0",1981,"1","","Martin County, Florida","Private","Transportation and Public Utilities Division","County, Industry Division -- by ownership sector","All establishment sizes",49,1060,1034,1039,5529105,0,0,407
"12085","5","SIC_0E","28","0",1981,"2","","Martin County, Florida","Private","Transportation and Public Utilities Division","County, Industry Division -- by ownership sector","All establishment sizes",49,1137,1152,1183,5671939,0,0,376
"12085","5","SIC_0E","28","0",1981,"3","","Martin County, Florida","Private","Transportation and Public Utilities Division","County, Industry Division -- by ownership sector","All establishment sizes",50,1269,1308,1292,6237733,0,0,372
"12085","5","SIC_0E","28","0",1981,"4","","Martin County, Florida","Private","Transportation and Public Utilities Division","County, Industry Division -- by ownership sector","All establishment sizes",51,1218,1204,1242,6718343,0,0,423
"12085","5","SIC_0E41","29","0",1981,"1","N","Martin County, Florida","Private","SIC 41 Local And Interurban Passenger Transit","County, 2-digit SIC -- by ownership sector","All establishment sizes",0,0,0,0,0,0,0,0
"12085","5","SIC_0E41","29","0",1981,"2","N","Martin County, Florida","Private","SIC 41 Local And Interurban Passenger Transit","County, 2-digit SIC -- by ownership sector","All establishment sizes",0,0,0,0,0,0,0,0
"12085","5","SIC_0E41","29","0",1981,"3","N","Martin County, Florida","Private","SIC 41 Local And Interurban Passenger Transit","County, 2-digit SIC -- by ownership sector","All establishment sizes",0,0,0,0,0,0,0,0
"12085","5","SIC_0E41","29","0",1981,"4","N","Martin County, Florida","Private","SIC 41 Local And Interurban Passenger Transit","County, 2-digit SIC -- by ownership sector","All establishment sizes",0,0,0,0,0,0,0,0
"12085","5","SIC_0E42","29","0",1981,"1","","Martin County, Florida","Private","SIC 42 Trucking And Warehousing","County, 2-digit SIC -- by ownership sector","All establishment sizes",12,287,253,241,1423473,0,0,420
"12085","5","SIC_0E42","29","0",1981,"2","","Martin County, Florida","Private","SIC 42 Trucking And Warehousing","County, 2-digit SIC -- by ownership sector","All establishment sizes",13,346,334,338,1467998,0,0,332
"12085","5","SIC_0E42","29","0",1981,"3","","Martin County, Florida","Private","SIC 42 Trucking And Warehousing","County, 2-digit SIC -- by ownership sector","All establishment sizes",13,396,433,417,1425828,0,0,264
"12085","5","SIC_0E42","29","0",1981,"4","","Martin County, Florida","Private","SIC 42 Trucking And Warehousing","County, 2-digit SIC -- by ownership sector","All establishment sizes",13,341,345,384,1545202,0,0,333
"12085","5","SIC_0E44","29","0",1981,"1","","Martin County, Florida","Private","SIC 44 Water Transportation","County, 2-digit SIC -- by ownership sector","All establishment sizes",9,46,43,45,152290,0,0,262
"12085","5","SIC_0E44","29","0",1981,"2","","Martin County, Florida","Private","SIC 44 Water Transportation","County, 2-digit SIC -- by ownership sector","All establishment sizes",9,46,67,81,224187,0,0,266
"12085","5","SIC_0E44","29","0",1981,"3","","Martin County, Florida","Private","SIC 44 Water Transportation","County, 2-digit SIC -- by ownership sector","All establishment sizes",9,96,99,97,439066,0,0,346
"12085","5","SIC_0E44","29","0",1981,"4","","Martin County, Florida","Private","SIC 44 Water Transportation","County, 2-digit SIC -- by ownership sector","All establishment sizes",9,88,81,73,438156,0,0,417
"12085","5","SIC_0E45","29","0",1981,"1","N","Martin County, Florida","Private","SIC 45 Transportation By Air","County, 2-digit SIC -- by ownership sector","All establishment sizes",0,0,0,0,0,0,0,0
"12085","5","SIC_0E45","29","0",1981,"2","N","Martin County, Florida","Private","SIC 45 Transportation By Air","County, 2-digit SIC -- by ownership sector","All establishment sizes",0,0,0,0,0,0,0,0
"12085","5","SIC_0E45","29","0",1981,"3","N","Martin County, Florida","Private","SIC 45 Transportation By Air","County, 2-digit SIC -- by ownership sector","All establishment sizes",0,0,0,0,0,0,0,0
"12085","5","SIC_0E45","29","0",1981,"4","N","Martin County, Florida","Private","SIC 45 Transportation By Air","County, 2-digit SIC -- by ownership sector","All establishment sizes",0,0,0,0,0,0,0,0
"12085","5","SIC_0E47","29","0",1981,"1","","Martin County, Florida","Private","SIC 47 Transportation Services","County, 2-digit SIC -- by ownership sector","All establishment sizes",9,28,30,30,52724,0,0,138
"12085","5","SIC_0E47","29","0",1981,"2","","Martin County, Florida","Private","SIC 47 Transportation Services","County, 2-digit SIC -- by ownership sector","All establishment sizes",9,29,28,32,58334,0,0,151
"12085","5","SIC_0E47","29","0",1981,"3","","Martin County, Florida","Private","SIC 47 Transportation Services","County, 2-digit SIC -- by ownership sector","All establishment sizes",9,33,32,30,60638,0,0,147
"12085","5","SIC_0E47","29","0",1981,"4","","Martin County, Florida","Private","SIC 47 Transportation Services","County, 2-digit SIC -- by ownership sector","All establishment sizes",9,30,30,30,71746,0,0,183
"12085","5","SIC_0E48","29","0",1981,"1","","Martin County, Florida","Private","SIC 48 Communication","County, 2-digit SIC -- by ownership sector","All establishment sizes",5,330,330,333,1872433,0,0,435
"12085","5","SIC_0E48","29","0",1981,"2","","Martin County, Florida","Private","SIC 48 Communication","County, 2-digit SIC -- by ownership sector","All establishment sizes",5,328,332,339,1810898,0,0,418
"12085","5","SIC_0E48","29","0",1981,"3","","Martin County, Florida","Private","SIC 48 Communication","County, 2-digit SIC -- by ownership sector","All establishment sizes",6,338,335,338,1948343,0,0,444
"12085","5","SIC_0E48","29","0",1981,"4","","Martin County, Florida","Private","SIC 48 Communication","County, 2-digit SIC -- by ownership sector","All establishment sizes",7,345,343,344,2112968,0,0,472
"12085","5","SIC_0E49","29","0",1981,"1","","Martin County, Florida","Private","SIC 49 Electric, Gas, And Sanitary Services","County, 2-digit SIC -- by ownership sector","All establishment sizes",9,313,326,337,1917191,0,0,453
"12085","5","SIC_0E49","29","0",1981,"2","","Martin County, Florida","Private","SIC 49 Electric, Gas, And Sanitary Services","County, 2-digit SIC -- by ownership sector","All establishment sizes",8,334,342,343,1963193,0,0,444
"12085","5","SIC_0E49","29","0",1981,"3","","Martin County, Florida","Private","SIC 49 Electric, Gas, And Sanitary Services","County, 2-digit SIC -- by ownership sector","All establishment sizes",8,351,357,356,2230342,0,0,483
"12085","5","SIC_0E49","29","0",1981,"4","","Martin County, Florida","Private","SIC 49 Electric, Gas, And Sanitary Services","County, 2-digit SIC -- by ownership sector","All establishment sizes",8,362,352,357,2397285,0,0,516
"12085","5","SIC_0F","28","0",1981,"1","N","Martin County, Florida","Private","Wholesale Trade Division","County, Industry Division -- by ownership sector","All establishment sizes",0,0,0,0,0,0,0,0
"12085","5","SIC_0F","28","0",1981,"2","N","Martin County, Florida","Private","Wholesale Trade Division","County, Industry Division -- by ownership sector","All establishment sizes",0,0,0,0,0,0,0,0
"12085","5","SIC_0F","28","0",1981,"3","N","Martin County, Florida","Private","Wholesale Trade Division","County, Industry Division -- by ownership sector","All establishment sizes",0,0,0,0,0,0,0,0
"12085","5","SIC_0F","28","0",1981,"4","N","Martin County, Florida","Private","Wholesale Trade Division","County, Industry Division -- by ownership sector","All establishment sizes",0,0,0,0,0,0,0,0
"12085","5","SIC_0F50","29","0",1981,"1","","Martin County, Florida","Private","SIC 50 Wholesale Trade Durable Goods","County, 2-digit SIC -- by ownership sector","All establishment sizes",55,291,286,296,1103148,0,0,291
"12085","5","SIC_0F50","29","0",1981,"2","","Martin County, Florida","Private","SIC 50 Wholesale Trade Durable Goods","County, 2-digit SIC -- by ownership sector","All establishment sizes",59,309,311,295,1096620,0,0,276
"12085","5","SIC_0F50","29","0",1981,"3","","Martin County, Florida","Private","SIC 50 Wholesale Trade Durable Goods","County, 2-digit SIC -- by ownership sector","All establishment sizes",61,283,290,284,1064966,0,0,286
"12085","5","SIC_0F50","29","0",1981,"4","","Martin County, Florida","Private","SIC 50 Wholesale Trade Durable Goods","County, 2-digit SIC -- by ownership sector","All establishment sizes",61,287,275,283,1308369,0,0,357
"12085","5","SIC_0F51","29","0",1981,"1","N","Martin County, Florida","Private","SIC 51 Wholesale Trade Nondurable Goods","County, 2-digit SIC -- by ownership sector","All establishment sizes",0,0,0,0,0,0,0,0
"12085","5","SIC_0F51","29","0",1981,"2","N","Martin County, Florida","Private","SIC 51 Wholesale Trade Nondurable Goods","County, 2-digit SIC -- by ownership sector","All establishment sizes",0,0,0,0,0,0,0,0
"12085","5","SIC_0F51","29","0",1981,"3","N","Martin County, Florida","Private","SIC 51 Wholesale Trade Nondurable Goods","County, 2-digit SIC -- by ownership sector","All establishment sizes",0,0,0,0,0,0,0,0
"12085","5","SIC_0F51","29","0",1981,"4","N","Martin County, Florida","Private","SIC 51 Wholesale Trade Nondurable Goods","County, 2-digit SIC -- by ownership sector","All establishment sizes",0,0,0,0,0,0,0,0
"12085","5","SIC_0G","28","0",1981,"1","","Martin County, Florida","Private","Retail Trade Division","County, Industry Division -- by ownership sector","All establishment sizes",471,4956,5025,5091,10742023,0,0,164
"12085","5","SIC_0G","28","0",1981,"2","","Martin County, Florida","Private","Retail Trade Division","County, Industry Division -- by ownership sector","All establishment sizes",477,5094,4947,4763,10906087,0,0,170
"12085","5","SIC_0G","28","0",1981,"3","","Martin County, Florida","Private","Retail Trade Division","County, Industry Division -- by ownership sector","All establishment sizes",470,4573,4531,4550,10321625,0,0,174
"12085","5","SIC_0G","28","0",1981,"4","","Martin County, Florida","Private","Retail Trade Division","County, Industry Division -- by ownership sector","All establishment sizes",490,5142,5351,5597,12595674,0,0,180
"12085","5","SIC_0G52","29","0",1981,"1","","Martin County, Florida","Private","SIC 52 Building Materials and Garden Supplies","County, 2-digit SIC -- by ownership sector","All establishment sizes",37,406,414,412,1237486,0,0,231
"12085","5","SIC_0G52","29","0",1981,"2","","Martin County, Florida","Private","SIC 52 Building Materials and Garden Supplies","County, 2-digit SIC -- by ownership sector","All establishment sizes",38,405,412,429,1478535,0,0,273
"12085","5","SIC_0G52","29","0",1981,"3","","Martin County, Florida","Private","SIC 52 Building Materials and Garden Supplies","County, 2-digit SIC -- by ownership sector","All establishment sizes",36,419,432,407,1320127,0,0,242
"12085","5","SIC_0G52","29","0",1981,"4","","Martin County, Florida","Private","SIC 52 Building Materials and Garden Supplies","County, 2-digit SIC -- by ownership sector","All establishment sizes",34,450,455,452,1861183,0,0,316
"12085","5","SIC_0G53","29","0",1981,"1","","Martin County, Florida","Private","SIC 53 General Merchandise Stores","County, 2-digit SIC -- by ownership sector","All establishment sizes",6,273,269,263,484569,0,0,138
"12085","5","SIC_0G53","29","0",1981,"2","","Martin County, Florida","Private","SIC 53 General Merchandise Stores","County, 2-digit SIC -- by ownership sector","All establishment sizes",6,265,259,257,574432,0,0,169
"12085","5","SIC_0G53","29","0",1981,"3","","Martin County, Florida","Private","SIC 53 General Merchandise Stores","County, 2-digit SIC -- by ownership sector","All establishment sizes",7,262,261,342,479568,0,0,127
"12085","5","SIC_0G53","29","0",1981,"4","","Martin County, Florida","Private","SIC 53 General Merchandise Stores","County, 2-digit SIC -- by ownership sector","All establishment sizes",7,360,474,443,845209,0,0,152
"12085","5","SIC_0G54","29","0",1981,"1","","Martin County, Florida","Private","SIC 54 Food Stores","County, 2-digit SIC -- by ownership sector","All establishment sizes",39,939,952,954,2315106,0,0,187
"12085","5","SIC_0G54","29","0",1981,"2","","Martin County, Florida","Private","SIC 54 Food Stores","County, 2-digit SIC -- by ownership sector","All establishment sizes",41,974,942,918,2204839,0,0,179
"12085","5","SIC_0G54","29","0",1981,"3","","Martin County, Florida","Private","SIC 54 Food Stores","County, 2-digit SIC -- by ownership sector","All establishment sizes",39,877,875,869,2215136,0,0,195
"12085","5","SIC_0G54","29","0",1981,"4","","Martin County, Florida","Private","SIC 54 Food Stores","County, 2-digit SIC -- by ownership sector","All establishment sizes",40,914,931,976,2380286,0,0,194
"12085","5","SIC_0G55","29","0",1981,"1","","Martin County, Florida","Private","SIC 55 Automotive Dealers and Service Stations","County, 2-digit SIC -- by ownership sector","All establishment sizes",79,588,563,563,1791757,0,0,241
"12085","5","SIC_0G55","29","0",1981,"2","","Martin County, Florida","Private","SIC 55 Automotive Dealers and Service Stations","County, 2-digit SIC -- by ownership sector","All establishment sizes",78,564,561,551,1815252,0,0,249
"12085","5","SIC_0G55","29","0",1981,"3","","Martin County, Florida","Private","SIC 55 Automotive Dealers and Service Stations","County, 2-digit SIC -- by ownership sector","All establishment sizes",75,550,564,552,1823630,0,0,252
"12085","5","SIC_0G55","29","0",1981,"4","","Martin County, Florida","Private","SIC 55 Automotive Dealers and Service Stations","County, 2-digit SIC -- by ownership sector","All establishment sizes",79,586,589,587,2004804,0,0,262
"12085","5","SIC_0G56","29","0",1981,"1","","Martin County, Florida","Private","SIC 56 Apparel and Accessory Stores","County, 2-digit SIC -- by ownership sector","All establishment sizes",58,230,232,244,375067,0,0,122
"12085","5","SIC_0G56","29","0",1981,"2","","Martin County, Florida","Private","SIC 56 Apparel and Accessory Stores","County, 2-digit SIC -- by ownership sector","All establishment sizes",56,232,208,195,375935,0,0,136
"12085","5","SIC_0G56","29","0",1981,"3","","Martin County, Florida","Private","SIC 56 Apparel and Accessory Stores","County, 2-digit SIC -- by ownership sector","All establishment sizes",56,207,201,197,441654,0,0,168
"12085","5","SIC_0G56","29","0",1981,"4","","Martin County, Florida","Private","SIC 56 Apparel and Accessory Stores","County, 2-digit SIC -- by ownership sector","All establishment sizes",66,337,345,425,610125,0,0,127
"12085","5","SIC_0G57","29","0",1981,"1","","Martin County, Florida","Private","SIC 57 Furniture and Homefurnishings Stores","County, 2-digit SIC -- by ownership sector","All establishment sizes",65,361,358,354,1051493,0,0,226
"12085","5","SIC_0G57","29","0",1981,"2","","Martin County, Florida","Private","SIC 57 Furniture and Homefurnishings Stores","County, 2-digit SIC -- by ownership sector","All establishment sizes",65,366,368,351,1068357,0,0,227
"12085","5","SIC_0G57","29","0",1981,"3","","Martin County, Florida","Private","SIC 57 Furniture and Homefurnishings Stores","County, 2-digit SIC -- by ownership sector","All establishment sizes",62,319,318,314,1034101,0,0,250
"12085","5","SIC_0G57","29","0",1981,"4","","Martin County, Florida","Private","SIC 57 Furniture and Homefurnishings Stores","County, 2-digit SIC -- by ownership sector","All establishment sizes",62,315,323,337,1157665,0,0,274
"12085","5","SIC_0G58","29","0",1981,"1","","Martin County, Florida","Private","SIC 58 Eating and Drinking Places","County, 2-digit SIC -- by ownership sector","All establishment sizes",94,1624,1697,1742,2229161,0,0,101
"12085","5","SIC_0G58","29","0",1981,"2","","Martin County, Florida","Private","SIC 58 Eating and Drinking Places","County, 2-digit SIC -- by ownership sector","All establishment sizes",95,1723,1629,1502,2175410,0,0,103
"12085","5","SIC_0G58","29","0",1981,"3","","Martin County, Florida","Private","SIC 58 Eating and Drinking Places","County, 2-digit SIC -- by ownership sector","All establishment sizes",95,1423,1347,1321,1818145,0,0,102
"12085","5","SIC_0G58","29","0",1981,"4","","Martin County, Florida","Private","SIC 58 Eating and Drinking Places","County, 2-digit SIC -- by ownership sector","All establishment sizes",95,1567,1611,1711,2303712,0,0,108
"12085","5","SIC_0G59","29","0",1981,"1","","Martin County, Florida","Private","SIC 59 Miscellaneous Retail","County, 2-digit SIC -- by ownership sector","All establishment sizes",93,535,540,559,1257384,0,0,177
"12085","5","SIC_0G59","29","0",1981,"2","","Martin County, Florida","Private","SIC 59 Miscellaneous Retail","County, 2-digit SIC -- by ownership sector","All establishment sizes",98,565,568,560,1213327,0,0,165
"12085","5","SIC_0G59","29","0",1981,"3","","Martin County, Florida","Private","SIC 59 Miscellaneous Retail","County, 2-digit SIC -- by ownership sector","All establishment sizes",100,516,533,548,1189264,0,0,171
"12085","5","SIC_0G59","29","0",1981,"4","","Martin County, Florida","Private","SIC 59 Miscellaneous Retail","County, 2-digit SIC -- by ownership sector","All establishment sizes",107,613,623,666,1432690,0,0,173
"12085","5","SIC_0H","28","0",1981,"1","","Martin County, Florida","Private","Finance, Insurance, and Real Estate Division","County, Industry Division -- by ownership sector","All establishment sizes",228,1479,1495,1497,4864458,0,0,251
"12085","5","SIC_0H","28","0",1981,"2","","Martin County, Florida","Private","Finance, Insurance, and Real Estate Division","County, Industry Division -- by ownership sector","All establishment sizes",231,1509,1555,1586,4946456,0,0,245
"12085","5","SIC_0H","28","0",1981,"3","","Martin County, Florida","Private","Finance, Insurance, and Real Estate Division","County, Industry Division -- by ownership sector","All establishment sizes",247,1612,1630,1617,5733667,0,0,272
"12085","5","SIC_0H","28","0",1981,"4","","Martin County, Florida","Private","Finance, Insurance, and Real Estate Division","County, Industry Division -- by ownership sector","All establishment sizes",241,1646,1646,1666,5693577,0,0,265
"12085","5","SIC_0H60","29","0",1981,"1","","Martin County, Florida","Private","SIC 60 Depository Institutions","County, 2-digit SIC -- by ownership sector","All establishment sizes",5,432,432,439,1274224,0,0,225
"12085","5","SIC_0H60","29","0",1981,"2","","Martin County, Florida","Private","SIC 60 Depository Institutions","County, 2-digit SIC -- by ownership sector","All establishment sizes",6,475,488,501,1424107,0,0,224
"12085","5","SIC_0H60","29","0",1981,"3","","Martin County, Florida","Private","SIC 60 Depository Institutions","County, 2-digit SIC -- by ownership sector","All establishment sizes",6,503,499,485,1495448,0,0,232
"12085","5","SIC_0H60","29","0",1981,"4","","Martin County, Florida","Private","SIC 60 Depository Institutions","County, 2-digit SIC -- by ownership sector","All establishment sizes",6,500,502,518,1580109,0,0,239
"12085","5","SIC_0H61","29","0",1981,"1","","Martin County, Florida","Private","SIC 61 Nondepository Institutions","County, 2-digit SIC -- by ownership sector","All establishment sizes",7,131,134,135,384096,0,0,221
"12085","5","SIC_0H61","29","0",1981,"2","","Martin County, Florida","Private","SIC 61 Nondepository Institutions","County, 2-digit SIC -- by ownership sector","All establishment sizes",7,132,132,133,392220,0,0,227
"12085","5","SIC_0H61","29","0",1981,"3","","Martin County, Florida","Private","SIC 61 Nondepository Institutions","County, 2-digit SIC -- by ownership sector","All establishment sizes",8,122,121,120,384540,0,0,244
"12085","5","SIC_0H61","29","0",1981,"4","","Martin County, Florida","Private","SIC 61 Nondepository Institutions","County, 2-digit SIC -- by ownership sector","All establishment sizes",7,110,110,112,369658,0,0,256
"12085","5","SIC_0H62","29","0",1981,"1","","Martin County, Florida","Private","SIC 62 Security and Commodity Brokers","County, 2-digit SIC -- by ownership sector","All establishment sizes",5,26,27,28,133213,0,0,379
"12085","5","SIC_0H62","29","0",1981,"2","","Martin County, Florida","Private","SIC 62 Security and Commodity Brokers","County, 2-digit SIC -- by ownership sector","All establishment sizes",5,25,23,25,174084,0,0,550
"12085","5","SIC_0H62","29","0",1981,"3","","Martin County, Florida","Private","SIC 62 Security and Commodity Brokers","County, 2-digit SIC -- by ownership sector","All establishment sizes",6,26,26,28,283208,0,0,816
"12085","5","SIC_0H62","29","0",1981,"4","","Martin County, Florida","Private","SIC 62 Security and Commodity Brokers","County, 2-digit SIC -- by ownership sector","All establishment sizes",6,26,27,26,301195,0,0,879
"12085","5","SIC_0H63","29","0",1981,"1","","Martin County, Florida","Private","SIC 63 Insurance Carriers","County, 2-digit SIC -- by ownership sector","All establishment sizes",8,38,38,35,149927,0,0,311
"12085","5","SIC_0H63","29","0",1981,"2","","Martin County, Florida","Private","SIC 63 Insurance Carriers","County, 2-digit SIC -- by ownership sector","All establishment sizes",8,38,38,39,177547,0,0,356
"12085","5","SIC_0H63","29","0",1981,"3","","Martin County, Florida","Private","SIC 63 Insurance Carriers","County, 2-digit SIC -- by ownership sector","All establishment sizes",8,39,40,38,159500,0,0,314
"12085","5","SIC_0H63","29","0",1981,"4","","Martin County, Florida","Private","SIC 63 Insurance Carriers","County, 2-digit SIC -- by ownership sector","All establishment sizes",8,42,39,40,189294,0,0,361
"12085","5","SIC_0H64","29","0",1981,"1","","Martin County, Florida","Private","SIC 64 Insurance Agents, Brokers, and Service","County, 2-digit SIC -- by ownership sector","All establishment sizes",24,137,143,138,515578,0,0,284
"12085","5","SIC_0H64","29","0",1981,"2","","Martin County, Florida","Private","SIC 64 Insurance Agents, Brokers, and Service","County, 2-digit SIC -- by ownership sector","All establishment sizes",24,138,142,142,456750,0,0,249
"12085","5","SIC_0H64","29","0",1981,"3","","Martin County, Florida","Private","SIC 64 Insurance Agents, Brokers, and Service","County, 2-digit SIC -- by ownership sector","All establishment sizes",26,145,150,153,488974,0,0,251
"12085","5","SIC_0H64","29","0",1981,"4","","Martin County, Florida","Private","SIC 64 Insurance Agents, Brokers, and Service","County, 2-digit SIC -- by ownership sector","All establishment sizes",25,152,149,151,547547,0,0,279
"12085","5","SIC_0H65","29","0",1981,"1","","Martin County, Florida","Private","SIC 65 Real Estate","County, 2-digit SIC -- by ownership sector","All establishment sizes",175,707,713,714,2365608,0,0,255
"12085","5","SIC_0H65","29","0",1981,"2","","Martin County, Florida","Private","SIC 65 Real Estate","County, 2-digit SIC -- by ownership sector","All establishment sizes",177,693,724,738,2280669,0,0,244
"12085","5","SIC_0H65","29","0",1981,"3","","Martin County, Florida","Private","SIC 65 Real Estate","County, 2-digit SIC -- by ownership sector","All establishment sizes",189,769,786,785,2883085,0,0,284
"12085","5","SIC_0H65","29","0",1981,"4","","Martin County, Florida","Private","SIC 65 Real Estate","County, 2-digit SIC -- by ownership sector","All establishment sizes",185,806,809,809,2662271,0,0,253
"12085","5","SIC_0H67","29","0",1981,"1","","Martin County, Florida","Private","SIC 67 Holding and Other Investment Offices","County, 2-digit SIC -- by ownership sector","All establishment sizes",4,8,8,8,41812,0,0,402
"12085","5","SIC_0H67","29","0",1981,"2","","Martin County, Florida","Private","SIC 67 Holding and Other Investment Offices","County, 2-digit SIC -- by ownership sector","All establishment sizes",4,8,8,8,41079,0,0,394
"12085","5","SIC_0H67","29","0",1981,"3","","Martin County, Florida","Private","SIC 67 Holding and Other Investment Offices","County, 2-digit SIC -- by ownership sector","All establishment sizes",4,8,8,8,38912,0,0,374
"12085","5","SIC_0H67","29","0",1981,"4","","Martin County, Florida","Private","SIC 67 Holding and Other Investment Offices","County, 2-digit SIC -- by ownership sector","All establishment sizes",4,10,10,10,43503,0,0,334
"12085","5","SIC_0I","28","0",1981,"1","","Martin County, Florida","Private","Services Division","County, Industry Division -- by ownership sector","All establishment sizes",582,4283,4379,4438,12946372,0,0,228
"12085","5","SIC_0I","28","0",1981,"2","","Martin County, Florida","Private","Services Division","County, Industry Division -- by ownership sector","All establishment sizes",603,4501,4381,4341,13551738,0,0,236
"12085","5","SIC_0I","28","0",1981,"3","","Martin County, Florida","Private","Services Division","County, Industry Division -- by ownership sector","All establishment sizes",608,4026,4013,4094,13491929,0,0,256
"12085","5","SIC_0I","28","0",1981,"4","","Martin County, Florida","Private","Services Division","County, Industry Division -- by ownership sector","All establishment sizes",629,4352,4528,4518,14804477,0,0,254
"12085","5","SIC_0I70","29","0",1981,"1","","Martin County, Florida","Private","SIC 70 Hotels and Other Lodging Places","County, 2-digit SIC -- by ownership sector","All establishment sizes",15,406,432,465,852087,0,0,150
"12085","5","SIC_0I70","29","0",1981,"2","","Martin County, Florida","Private","SIC 70 Hotels and Other Lodging Places","County, 2-digit SIC -- by ownership sector","All establishment sizes",16,408,303,282,687886,0,0,159
"12085","5","SIC_0I70","29","0",1981,"3","","Martin County, Florida","Private","SIC 70 Hotels and Other Lodging Places","County, 2-digit SIC -- by ownership sector","All establishment sizes",16,241,230,230,547830,0,0,180
"12085","5","SIC_0I70","29","0",1981,"4","","Martin County, Florida","Private","SIC 70 Hotels and Other Lodging Places","County, 2-digit SIC -- by ownership sector","All establishment sizes",18,262,345,357,822748,0,0,196
"12085","5","SIC_0I72","29","0",1981,"1","","Martin County, Florida","Private","SIC 72 Personal Services","County, 2-digit SIC -- by ownership sector","All establishment sizes",58,247,257,249,477065,0,0,146
"12085","5","SIC_0I72","29","0",1981,"2","","Martin County, Florida","Private","SIC 72 Personal Services","County, 2-digit SIC -- by ownership sector","All establishment sizes",57,248,226,208,442592,0,0,149
"12085","5","SIC_0I72","29","0",1981,"3","","Martin County, Florida","Private","SIC 72 Personal Services","County, 2-digit SIC -- by ownership sector","All establishment sizes",56,200,212,205,370497,0,0,138
"12085","5","SIC_0I72","29","0",1981,"4","","Martin County, Florida","Private","SIC 72 Personal Services","County, 2-digit SIC -- by ownership sector","All establishment sizes",56,206,218,222,450917,0,0,161
"12085","5","SIC_0I73","29","0",1981,"1","","Martin County, Florida","Private","SIC 73 Business Services","County, 2-digit SIC -- by ownership sector","All establishment sizes",58,368,381,376,925628,0,0,189
"12085","5","SIC_0I73","29","0",1981,"2","","Martin County, Florida","Private","SIC 73 Business Services","County, 2-digit SIC -- by ownership sector","All establishment sizes",62,406,414,418,1173549,0,0,218
"12085","5","SIC_0I73","29","0",1981,"3","","Martin County, Florida","Private","SIC 73 Business Services","County, 2-digit SIC -- by ownership sector","All establishment sizes",63,330,326,346,1123931,0,0,258
"12085","5","SIC_0I73","29","0",1981,"4","","Martin County, Florida","Private","SIC 73 Business Services","County, 2-digit SIC -- by ownership sector","All establishment sizes",73,413,424,413,1367633,0,0,252
"12085","5","SIC_0I75","29","0",1981,"1","","Martin County, Florida","Private","SIC 75 Auto Repair, Services, and Parking","County, 2-digit SIC -- by ownership sector","All establishment sizes",33,85,83,89,226409,0,0,203
"12085","5","SIC_0I75","29","0",1981,"2","","Martin County, Florida","Private","SIC 75 Auto Repair, Services, and Parking","County, 2-digit SIC -- by ownership sector","All establishment sizes",33,86,92,89,242599,0,0,209
"12085","5","SIC_0I75","29","0",1981,"3","","Martin County, Florida","Private","SIC 75 Auto Repair, Services, and Parking","County, 2-digit SIC -- by ownership sector","All establishment sizes",32,92,85,92,244611,0,0,209
"12085","5","SIC_0I75","29","0",1981,"4","","Martin County, Florida","Private","SIC 75 Auto Repair, Services, and Parking","County, 2-digit SIC -- by ownership sector","All establishment sizes",32,93,103,109,291760,0,0,220
"12085","5","SIC_0I76","29","0",1981,"1","","Martin County, Florida","Private","SIC 76 Miscellaneous Repair Services","County, 2-digit SIC -- by ownership sector","All establishment sizes",23,69,76,75,207337,0,0,217
"12085","5","SIC_0I76","29","0",1981,"2","","Martin County, Florida","Private","SIC 76 Miscellaneous Repair Services","County, 2-digit SIC -- by ownership sector","All establishment sizes",24,80,83,83,240577,0,0,225
"12085","5","SIC_0I76","29","0",1981,"3","","Martin County, Florida","Private","SIC 76 Miscellaneous Repair Services","County, 2-digit SIC -- by ownership sector","All establishment sizes",23,74,75,70,201064,0,0,211
"12085","5","SIC_0I76","29","0",1981,"4","","Martin County, Florida","Private","SIC 76 Miscellaneous Repair Services","County, 2-digit SIC -- by ownership sector","All establishment sizes",22,76,74,73,233862,0,0,242
"12085","5","SIC_0I78","29","0",1981,"1","N","Martin County, Florida","Private","SIC 78 Motion Pictures","County, 2-digit SIC -- by ownership sector","All establishment sizes",0,0,0,0,0,0,0,0
"12085","5","SIC_0I78","29","0",1981,"2","N","Martin County, Florida","Private","SIC 78 Motion Pictures","County, 2-digit SIC -- by ownership sector","All establishment sizes",0,0,0,0,0,0,0,0
"12085","5","SIC_0I78","29","0",1981,"3","N","Martin County, Florida","Private","SIC 78 Motion Pictures","County, 2-digit SIC -- by ownership sector","All establishment sizes",0,0,0,0,0,0,0,0
"12085","5","SIC_0I78","29","0",1981,"4","N","Martin County, Florida","Private","SIC 78 Motion Pictures","County, 2-digit SIC -- by ownership sector","All establishment sizes",0,0,0,0,0,0,0,0
"12085","5","SIC_0I79","29","0",1981,"1","","Martin County, Florida","Private","SIC 79 Amusement and Recreation Services","County, 2-digit SIC -- by ownership sector","All establishment sizes",29,371,381,397,794163,0,0,159
"12085","5","SIC_0I79","29","0",1981,"2","","Martin County, Florida","Private","SIC 79 Amusement and Recreation Services","County, 2-digit SIC -- by ownership sector","All establishment sizes",31,360,337,326,773566,0,0,174
"12085","5","SIC_0I79","29","0",1981,"3","","Martin County, Florida","Private","SIC 79 Amusement and Recreation Services","County, 2-digit SIC -- by ownership sector","All establishment sizes",31,341,348,345,779525,0,0,173
"12085","5","SIC_0I79","29","0",1981,"4","","Martin County, Florida","Private","SIC 79 Amusement and Recreation Services","County, 2-digit SIC -- by ownership sector","All establishment sizes",32,410,436,382,1013486,0,0,190
"12085","5","SIC_0I80","29","0",1981,"1","","Martin County, Florida","Private","SIC 80 Health Services","County, 2-digit SIC -- by ownership sector","All establishment sizes",122,1515,1512,1534,6285016,0,0,317
"12085","5","SIC_0I80","29","0",1981,"2","","Martin County, Florida","Private","SIC 80 Health Services","County, 2-digit SIC -- by ownership sector","All establishment sizes",126,1646,1673,1696,6652925,0,0,306
"12085","5","SIC_0I80","29","0",1981,"3","","Martin County, Florida","Private","SIC 80 Health Services","County, 2-digit SIC -- by ownership sector","All establishment sizes",129,1622,1627,1643,7090473,0,0,334
"12085","5","SIC_0I80","29","0",1981,"4","","Martin County, Florida","Private","SIC 80 Health Services","County, 2-digit SIC -- by ownership sector","All establishment sizes",131,1679,1695,1709,7250246,0,0,329
"12085","5","SIC_0I81","29","0",1981,"1","","Martin County, Florida","Private","SIC 81 Legal Services","County, 2-digit SIC -- by ownership sector","All establishment sizes",35,166,172,176,720064,0,0,323
"12085","5","SIC_0I81","29","0",1981,"2","","Martin County, Florida","Private","SIC 81 Legal Services","County, 2-digit SIC -- by ownership sector","All establishment sizes",37,181,186,189,778869,0,0,323
"12085","5","SIC_0I81","29","0",1981,"3","","Martin County, Florida","Private","SIC 81 Legal Services","County, 2-digit SIC -- by ownership sector","All establishment sizes",38,190,178,183,891436,0,0,373
"12085","5","SIC_0I81","29","0",1981,"4","","Martin County, Florida","Private","SIC 81 Legal Services","County, 2-digit SIC -- by ownership sector","All establishment sizes",41,179,180,181,816113,0,0,348
"12085","5","SIC_0I82","29","0",1981,"1","","Martin County, Florida","Private","SIC 82 Educational Services","County, 2-digit SIC -- by ownership sector","All establishment sizes",12,277,275,268,648759,0,0,182
"12085","5","SIC_0I82","29","0",1981,"2","","Martin County, Florida","Private","SIC 82 Educational Services","County, 2-digit SIC -- by ownership sector","All establishment sizes",12,281,280,285,638221,0,0,174
"12085","5","SIC_0I82","29","0",1981,"3","","Martin County, Florida","Private","SIC 82 Educational Services","County, 2-digit SIC -- by ownership sector","All establishment sizes",12,223,224,250,540816,0,0,179
"12085","5","SIC_0I82","29","0",1981,"4","","Martin County, Florida","Private","SIC 82 Educational Services","County, 2-digit SIC -- by ownership sector","All establishment sizes",11,265,265,266,683076,0,0,198
"12085","5","SIC_0I83","29","0",1981,"1","","Martin County, Florida","Private","SIC 83 Social Services","County, 2-digit SIC -- by ownership sector","All establishment sizes",18,233,237,236,248318,0,0,81
"12085","5","SIC_0I83","29","0",1981,"2","","Martin County, Florida","Private","SIC 83 Social Services","County, 2-digit SIC -- by ownership sector","All establishment sizes",19,216,217,207,235944,0,0,85
"12085","5","SIC_0I83","29","0",1981,"3","","Martin County, Florida","Private","SIC 83 Social Services","County, 2-digit SIC -- by ownership sector","All establishment sizes",21,200,196,196,204314,0,0,79
"12085","5","SIC_0I83","29","0",1981,"4","","Martin County, Florida","Private","SIC 83 Social Services","County, 2-digit SIC -- by ownership sector","All establishment sizes",19,200,203,213,237193,0,0,88
"12085","5","SIC_0I86","29","0",1981,"1","N","Martin County, Florida","Private","SIC 86 Membership Organizations","County, 2-digit SIC -- by ownership sector","All establishment sizes",0,0,0,0,0,0,0,0
"12085","5","SIC_0I86","29","0",1981,"2","N","Martin County, Florida","Private","SIC 86 Membership Organizations","County, 2-digit SIC -- by ownership sector","All establishment sizes",0,0,0,0,0,0,0,0
"12085","5","SIC_0I86","29","0",1981,"3","N","Martin County, Florida","Private","SIC 86 Membership Organizations","County, 2-digit SIC -- by ownership sector","All establishment sizes",0,0,0,0,0,0,0,0
"12085","5","SIC_0I86","29","0",1981,"4","N","Martin County, Florida","Private","SIC 86 Membership Organizations","County, 2-digit SIC -- by ownership sector","All establishment sizes",0,0,0,0,0,0,0,0
"12085","5","SIC_0I88","29","0",1981,"1","","Martin County, Florida","Private","SIC 88 Private Households","County, 2-digit SIC -- by ownership sector","All establishment sizes",123,277,278,274,562769,0,0,156
"12085","5","SIC_0I88","29","0",1981,"2","","Martin County, Florida","Private","SIC 88 Private Households","County, 2-digit SIC -- by ownership sector","All establishment sizes",125,282,263,234,526575,0,0,155
"12085","5","SIC_0I88","29","0",1981,"3","","Martin County, Florida","Private","SIC 88 Private Households","County, 2-digit SIC -- by ownership sector","All establishment sizes",130,221,224,227,447622,0,0,153
"12085","5","SIC_0I88","29","0",1981,"4","","Martin County, Florida","Private","SIC 88 Private Households","County, 2-digit SIC -- by ownership sector","All establishment sizes",138,269,291,296,611358,0,0,164
"12085","5","SIC_0I89","29","0",1981,"1","","Martin County, Florida","Private","SIC 89 Services, Nec","County, 2-digit SIC -- by ownership sector","All establishment sizes",46,203,228,234,901087,0,0,312
"12085","5","SIC_0I89","29","0",1981,"2","","Martin County, Florida","Private","SIC 89 Services, Nec","County, 2-digit SIC -- by ownership sector","All establishment sizes",51,239,241,254,1065173,0,0,334
"12085","5","SIC_0I89","29","0",1981,"3","","Martin County, Florida","Private","SIC 89 Services, Nec","County, 2-digit SIC -- by ownership sector","All establishment sizes",47,228,224,243,950669,0,0,315
"12085","5","SIC_0I89","29","0",1981,"4","","Martin County, Florida","Private","SIC 89 Services, Nec","County, 2-digit SIC -- by ownership sector","All establishment sizes",46,235,228,226,921621,0,0,308
