"area_fips","own_code","industry_code","agglvl_code","size_code","year","qtr","disclosure_code","area_title","own_title","industry_title","agglvl_title","size_title","qtrly_estabs_count","month1_emplvl","month2_emplvl","month3_emplvl","total_qtrly_wages","taxable_qtrly_wages","qtrly_contributions","avg_wkly_wage"
"05095","0","SIC_0Z","26","0",1981,"1","","Monroe County, Arkansas","Total Covered","All Industries","County, Total Covered","All establishment sizes",325,2808,2765,2807,6626700,0,0,182
"05095","0","SIC_0Z","26","0",1981,"2","","Monroe County, Arkansas","Total Covered","All Industries","County, Total Covered","All establishment sizes",321,2990,3018,2778,7053766,0,0,185
"05095","0","SIC_0Z","26","0",1981,"3","","Monroe County, Arkansas","Total Covered","All Industries","County, Total Covered","All establishment sizes",326,2781,2842,3050,7292111,0,0,194
"05095","0","SIC_0Z","26","0",1981,"4","","Monroe County, Arkansas","Total Covered","All Industries","County, Total Covered","All establishment sizes",333,3012,2998,2969,7736957,0,0,198
"05095","1","SIC_0Z","27","0",1981,"1","","Monroe County, Arkansas","Federal Government","All Industries","County, Total -- by ownership sector","All establishment sizes",10,52,52,52,236071,0,0,349
"05095","1","SIC_0Z","27","0",1981,"2","","Monroe County, Arkansas","Federal Government","All Industries","County, Total -- by ownership sector","All establishment sizes",10,52,50,51,205508,0,0,309
"05095","1","SIC_0Z","27","0",1981,"3","","Monroe County, Arkansas","Federal Government","All Industries","County, Total -- by ownership sector","All establishment sizes",10,51,50,50,232148,0,0,354
"05095","1","SIC_0Z","27","0",1981,"4","","Monroe County, Arkansas","Federal Government","All Industries","County, Total -- by ownership sector","All establishment sizes",10,54,56,51,244227,0,0,350
"05095","1","SIC_0E","28","0",1981,"1","","Monroe County, Arkansas","Federal Government","Transportation and Public Utilities Division","County, Industry Division -- by ownership sector","All establishment sizes",4,30,30,30,163227,0,0,418
"05095","1","SIC_0E","28","0",1981,"2","","Monroe County, Arkansas","Federal Government","Transportation and Public Utilities Division","County, Industry Division -- by ownership sector","All establishment sizes",4,32,32,32,130778,0,0,314
"05095","1","SIC_0E","28","0",1981,"3","","Monroe County, Arkansas","Federal Government","Transportation and Public Utilities Division","County, Industry Division -- by ownership sector","All establishment sizes",4,32,32,32,160015,0,0,384
"05095","1","SIC_0E","28","0",1981,"4","","Monroe County, Arkansas","Federal Government","Transportation and Public Utilities Division","County, Industry Division -- by ownership sector","All establishment sizes",4,32,34,31,162284,0,0,386
"05095","1","SIC_0E43","29","0",1981,"1","","Monroe County, Arkansas","Federal Government","SIC 43 U.S. Postal Service","County, 2-digit SIC -- by ownership sector","All establishment sizes",4,30,30,30,163227,0,0,418
"05095","1","SIC_0E43","29","0",1981,"2","","Monroe County, Arkansas","Federal Government","SIC 43 U.S. Postal Service","County, 2-digit SIC -- by ownership sector","All establishment sizes",4,32,32,32,130778,0,0,314
"05095","1","SIC_0E43","29","0",1981,"3","","Monroe County, Arkansas","Federal Government","SIC 43 U.S. Postal Service","County, 2-digit SIC -- by ownership sector","All establishment sizes",4,32,32,32,160015,0,0,384
"05095","1","SIC_0E43","29","0",1981,"4","","Monroe County, Arkansas","Federal Government","SIC 43 U.S. Postal Service","County, 2-digit SIC -- by ownership sector","All establishment sizes",4,32,34,31,162284,0,0,386
"05095","1","SIC_0H","28","0",1981,"1","","Monroe County, Arkansas","Federal Government","Finance, Insurance, and Real Estate Division","County, Industry Division -- by ownership sector","All establishment sizes",1,5,5,5,12317,0,0,189
"05095","1","SIC_0H","28","0",1981,"2","","Monroe County, Arkansas","Federal Government","Finance, Insurance, and Real Estate Division","County, Industry Division -- by ownership sector","All establishment sizes",1,3,3,3,11798,0,0,302
"05095","1","SIC_0H","28","0",1981,"3","","Monroe County, Arkansas","Federal Government","Finance, Insurance, and Real Estate Division","County, Industry Division -- by ownership sector","All establishment sizes",1,4,4,4,11508,0,0,221
"05095","1","SIC_0H","28","0",1981,"4","","Monroe County, Arkansas","Federal Government","Finance, Insurance, and Real Estate Division","County, Industry Division -- by ownership sector","All establishment sizes",1,8,7,7,18301,0,0,191
"05095","1","SIC_0H61","29","0",1981,"1","","Monroe County, Arkansas","Federal Government","SIC 61 Nondepository Institutions","County, 2-digit SIC -- by ownership sector","All establishment sizes",1,5,5,5,12317,0,0,189
"05095","1","SIC_0H61","29","0",1981,"2","","Monroe County, Arkansas","Federal Government","SIC 61 Nondepository Institutions","County, 2-digit SIC -- by ownership sector","All establishment sizes",1,3,3,3,11798,0,0,302
"05095","1","SIC_0H61","29","0",1981,"3","","Monroe County, Arkansas","Federal Government","SIC 61 Nondepository Institutions","County, 2-digit SIC -- by ownership sector","All establishment sizes",1,4,4,4,11508,0,0,221
"05095","1","SIC_0H61","29","0",1981,"4","","Monroe County, Arkansas","Federal Government","SIC 61 Nondepository Institutions","County, 2-digit SIC -- by ownership sector","All establishment sizes",1,8,7,7,18301,0,0,191
"05095","1","SIC_0I","28","0",1981,"1","","Monroe County, Arkansas","Federal Government","Services Division","County, Industry Division -- by ownership sector","All establishment sizes",1,2,2,2,12525,0,0,481
"05095","1","SIC_0I","28","0",1981,"2","","Monroe County, Arkansas","Federal Government","Services Division","County, Industry Division -- by ownership sector","All establishment sizes",1,2,2,2,10761,0,0,413
"05095","1","SIC_0I","28","0",1981,"3","","Monroe County, Arkansas","Federal Government","Services Division","County, Industry Division -- by ownership sector","All establishment sizes",1,2,2,2,12914,0,0,496
"05095","1","SIC_0I","28","0",1981,"4","","Monroe County, Arkansas","Federal Government","Services Division","County, Industry Division -- by ownership sector","All establishment sizes",1,2,2,2,11205,0,0,430
"05095","1","SIC_0I89","29","0",1981,"1","","Monroe County, Arkansas","Federal Government","SIC 89 Services, Nec","County, 2-digit SIC -- by ownership sector","All establishment sizes",1,2,2,2,12525,0,0,481
"05095","1","SIC_0I89","29","0",1981,"2","","Monroe County, Arkansas","Federal Government","SIC 89 Services, Nec","County, 2-digit SIC -- by ownership sector","All establishment sizes",1,2,2,2,10761,0,0,413
"05095","1","SIC_0I89","29","0",1981,"3","","Monroe County, Arkansas","Federal Government","SIC 89 Services, Nec","County, 2-digit SIC -- by ownership sector","All establishment sizes",1,2,2,2,12914,0,0,496
"05095","1","SIC_0I89","29","0",1981,"4","","Monroe County, Arkansas","Federal Government","SIC 89 Services, Nec","County, 2-digit SIC -- by ownership sector","All establishment sizes",1,2,2,2,11205,0,0,430
"05095","1","SIC_0J","28","0",1981,"1","","Monroe County, Arkansas","Federal Government","Public Administration Division","County, Industry Division -- by ownership sector","All establishment sizes",4,15,15,15,48002,0,0,246
"05095","1","SIC_0J","28","0",1981,"2","","Monroe County, Arkansas","Federal Government","Public Administration Division","County, Industry Division -- by ownership sector","All establishment sizes",4,15,13,14,52171,0,0,286
"05095","1","SIC_0J","28","0",1981,"3","","Monroe County, Arkansas","Federal Government","Public Administration Division","County, Industry Division -- by ownership sector","All establishment sizes",4,13,12,12,47711,0,0,297
"05095","1","SIC_0J","28","0",1981,"4","","Monroe County, Arkansas","Federal Government","Public Administration Division","County, Industry Division -- by ownership sector","All establishment sizes",4,12,13,11,52437,0,0,336
"05095","1","SIC_0J95","29","0",1981,"1","","Monroe County, Arkansas","Federal Government","SIC 95 Environmental Quality and Housing","County, 2-digit SIC -- by ownership sector","All establishment sizes",2,12,12,12,32681,0,0,209
"05095","1","SIC_0J95","29","0",1981,"2","","Monroe County, Arkansas","Federal Government","SIC 95 Environmental Quality and Housing","County, 2-digit SIC -- by ownership sector","All establishment sizes",2,12,10,11,36371,0,0,254
"05095","1","SIC_0J95","29","0",1981,"3","","Monroe County, Arkansas","Federal Government","SIC 95 Environmental Quality and Housing","County, 2-digit SIC -- by ownership sector","All establishment sizes",2,10,9,9,31169,0,0,256
"05095","1","SIC_0J95","29","0",1981,"4","","Monroe County, Arkansas","Federal Government","SIC 95 Environmental Quality and Housing","County, 2-digit SIC -- by ownership sector","All establishment sizes",2,9,10,8,35327,0,0,301
"05095","1","SIC_0J96","29","0",1981,"1","","Monroe County, Arkansas","Federal Government","SIC 96 Administration of Economic Programs","County, 2-digit SIC -- by ownership sector","All establishment sizes",1,2,2,2,10700,0,0,411
"05095","1","SIC_0J96","29","0",1981,"2","","Monroe County, Arkansas","Federal Government","SIC 96 Administration of Economic Programs","County, 2-digit SIC -- by ownership sector","All establishment sizes",1,2,2,2,10475,0,0,402
"05095","1","SIC_0J96","29","0",1981,"3","","Monroe County, Arkansas","Federal Government","SIC 96 Administration of Economic Programs","County, 2-digit SIC -- by ownership sector","All establishment sizes",1,2,2,2,11430,0,0,439
"05095","1","SIC_0J96","29","0",1981,"4","","Monroe County, Arkansas","Federal Government","SIC 96 Administration of Economic Programs","County, 2-digit SIC -- by ownership sector","All establishment sizes",1,2,2,2,11495,0,0,442
"05095","1","SIC_0J97","29","0",1981,"1","","Monroe County, Arkansas","Federal Government","SIC 97 National Security and Intl. Affairs","County, 2-digit SIC -- by ownership sector","All establishment sizes",1,1,1,1,4621,0,0,355
"05095","1","SIC_0J97","29","0",1981,"2","","Monroe County, Arkansas","Federal Government","SIC 97 National Security and Intl. Affairs","County, 2-digit SIC -- by ownership sector","All establishment sizes",1,1,1,1,5325,0,0,409
"05095","1","SIC_0J97","29","0",1981,"3","","Monroe County, Arkansas","Federal Government","SIC 97 National Security and Intl. Affairs","County, 2-digit SIC -- by ownership sector","All establishment sizes",1,1,1,1,5112,0,0,393
"05095","1","SIC_0J97","29","0",1981,"4","","Monroe County, Arkansas","Federal Government","SIC 97 National Security and Intl. Affairs","County, 2-digit SIC -- by ownership sector","All establishment sizes",1,1,1,1,5615,0,0,431
"05095","2","SIC_0Z","27","0",1981,"1","","Monroe County, Arkansas","State Government","All Industries","County, Total -- by ownership sector","All establishment sizes",8,70,68,68,224980,0,0,252
"05095","2","SIC_0Z","27","0",1981,"2","","Monroe County, Arkansas","State Government","All Industries","County, Total -- by ownership sector","All establishment sizes",8,69,69,68,199722,0,0,223
"05095","2","SIC_0Z","27","0",1981,"3","","Monroe County, Arkansas","State Government","All Industries","County, Total -- by ownership sector","All establishment sizes",8,66,67,66,247627,0,0,287
"05095","2","SIC_0Z","27","0",1981,"4","","Monroe County, Arkansas","State Government","All Industries","County, Total -- by ownership sector","All establishment sizes",8,65,66,66,221691,0,0,259
"05095","2","SIC_0C","28","0",1981,"1","N","Monroe County, Arkansas","State Government","Construction Division","County, Industry Division -- by ownership sector","All establishment sizes",0,0,0,0,0,0,0,0
"05095","2","SIC_0C","28","0",1981,"2","N","Monroe County, Arkansas","State Government","Construction Division","County, Industry Division -- by ownership sector","All establishment sizes",0,0,0,0,0,0,0,0
"05095","2","SIC_0C","28","0",1981,"3","N","Monroe County, Arkansas","State Government","Construction Division","County, Industry Division -- by ownership sector","All establishment sizes",0,0,0,0,0,0,0,0
"05095","2","SIC_0C","28","0",1981,"4","N","Monroe County, Arkansas","State Government","Construction Division","County, Industry Division -- by ownership sector","All establishment sizes",0,0,0,0,0,0,0,0
"05095","2","SIC_0C16","29","0",1981,"1","N","Monroe County, Arkansas","State Government","SIC 16 Heavy Construction, ex. Building","County, 2-digit SIC -- by ownership sector","All establishment sizes",0,0,0,0,0,0,0,0
"05095","2","SIC_0C16","29","0",1981,"2","N","Monroe County, Arkansas","State Government","SIC 16 Heavy Construction, ex. Building","County, 2-digit SIC -- by ownership sector","All establishment sizes",0,0,0,0,0,0,0,0
"05095","2","SIC_0C16","29","0",1981,"3","N","Monroe County, Arkansas","State Government","SIC 16 Heavy Construction, ex. Building","County, 2-digit SIC -- by ownership sector","All establishment sizes",0,0,0,0,0,0,0,0
"05095","2","SIC_0C16","29","0",1981,"4","N","Monroe County, Arkansas","State Government","SIC 16 Heavy Construction, ex. Building","County, 2-digit SIC -- by ownership sector","All establishment sizes",0,0,0,0,0,0,0,0
"05095","2","SIC_0I","28","0",1981,"1","N","Monroe County, Arkansas","State Government","Services Division","County, Industry Division -- by ownership sector","All establishment sizes",0,0,0,0,0,0,0,0
"05095","2","SIC_0I","28","0",1981,"2","N","Monroe County, Arkansas","State Government","Services Division","County, Industry Division -- by ownership sector","All establishment sizes",0,0,0,0,0,0,0,0
"05095","2","SIC_0I","28","0",1981,"3","N","Monroe County, Arkansas","State Government","Services Division","County, Industry Division -- by ownership sector","All establishment sizes",0,0,0,0,0,0,0,0
"05095","2","SIC_0I","28","0",1981,"4","N","Monroe County, Arkansas","State Government","Services Division","County, Industry Division -- by ownership sector","All establishment sizes",0,0,0,0,0,0,0,0
"05095","2","SIC_0I83","29","0",1981,"1","N","Monroe County, Arkansas","State Government","SIC 83 Social Services","County, 2-digit SIC -- by ownership sector","All establishment sizes",0,0,0,0,0,0,0,0
"05095","2","SIC_0I83","29","0",1981,"2","N","Monroe County, Arkansas","State Government","SIC 83 Social Services","County, 2-digit SIC -- by ownership sector","All establishment sizes",0,0,0,0,0,0,0,0
"05095","2","SIC_0I83","29","0",1981,"3","N","Monroe County, Arkansas","State Government","SIC 83 Social Services","County, 2-digit SIC -- by ownership sector","All establishment sizes",0,0,0,0,0,0,0,0
"05095","2","SIC_0I83","29","0",1981,"4","N","Monroe County, Arkansas","State Government","SIC 83 Social Services","County, 2-digit SIC -- by ownership sector","All establishment sizes",0,0,0,0,0,0,0,0
"05095","2","SIC_0J","28","0",1981,"1","","Monroe County, Arkansas","State Government","Public Administration Division","County, Industry Division -- by ownership sector","All establishment sizes",6,28,28,28,93466,0,0,256
"05095","2","SIC_0J","28","0",1981,"2","","Monroe County, Arkansas","State Government","Public Administration Division","County, Industry Division -- by ownership sector","All establishment sizes",6,29,29,28,88767,0,0,238
"05095","2","SIC_0J","28","0",1981,"3","","Monroe County, Arkansas","State Government","Public Administration Division","County, Industry Division -- by ownership sector","All establishment sizes",6,26,27,27,104952,0,0,302
"05095","2","SIC_0J","28","0",1981,"4","","Monroe County, Arkansas","State Government","Public Administration Division","County, Industry Division -- by ownership sector","All establishment sizes",6,27,28,28,98308,0,0,273
"05095","2","SIC_0J92","29","0",1981,"1","N","Monroe County, Arkansas","State Government","SIC 92 Justice, Public Order, and Safety","County, 2-digit SIC -- by ownership sector","All establishment sizes",0,0,0,0,0,0,0,0
"05095","2","SIC_0J92","29","0",1981,"2","N","Monroe County, Arkansas","State Government","SIC 92 Justice, Public Order, and Safety","County, 2-digit SIC -- by ownership sector","All establishment sizes",0,0,0,0,0,0,0,0
"05095","2","SIC_0J92","29","0",1981,"3","N","Monroe County, Arkansas","State Government","SIC 92 Justice, Public Order, and Safety","County, 2-digit SIC -- by ownership sector","All establishment sizes",0,0,0,0,0,0,0,0
"05095","2","SIC_0J92","29","0",1981,"4","N","Monroe County, Arkansas","State Government","SIC 92 Justice, Public Order, and Safety","County, 2-digit SIC -- by ownership sector","All establishment sizes",0,0,0,0,0,0,0,0
"05095","2","SIC_0J93","29","0",1981,"1","N","Monroe County, Arkansas","State Government","SIC 93 Finance, Taxation, and Monetary Policy","County, 2-digit SIC -- by ownership sector","All establishment sizes",0,0,0,0,0,0,0,0
"05095","2","SIC_0J93","29","0",1981,"2","N","Monroe County, Arkansas","State Government","SIC 93 Finance, Taxation, and Monetary Policy","County, 2-digit SIC -- by ownership sector","All establishment sizes",0,0,0,0,0,0,0,0
"05095","2","SIC_0J93","29","0",1981,"3","N","Monroe County, Arkansas","State Government","SIC 93 Finance, Taxation, and Monetary Policy","County, 2-digit SIC -- by ownership sector","All establishment sizes",0,0,0,0,0,0,0,0
"05095","2","SIC_0J93","29","0",1981,"4","N","Monroe County, Arkansas","State Government","SIC 93 Finance, Taxation, and Monetary Policy","County, 2-digit SIC -- by ownership sector","All establishment sizes",0,0,0,0,0,0,0,0
"05095","2","SIC_0J94","29","0",1981,"1","N","Monroe County, Arkansas","State Government","SIC 94 Administration of Human Resources","County, 2-digit SIC -- by ownership sector","All establishment sizes",0,0,0,0,0,0,0,0
"05095","2","SIC_0J94","29","0",1981,"2","N","Monroe County, Arkansas","State Government","SIC 94 Administration of Human Resources","County, 2-digit SIC -- by ownership sector","All establishment sizes",0,0,0,0,0,0,0,0
"05095","2","SIC_0J94","29","0",1981,"3","N","Monroe County, Arkansas","State Government","SIC 94 Administration of Human Resources","County, 2-digit SIC -- by ownership sector","All establishment sizes",0,0,0,0,0,0,0,0
"05095","2","SIC_0J94","29","0",1981,"4","N","Monroe County, Arkansas","State Government","SIC 94 Administration of Human Resources","County, 2-digit SIC -- by ownership sector","All establishment sizes",0,0,0,0,0,0,0,0
"05095","2","SIC_0J95","29","0",1981,"1","N","Monroe County, Arkansas","State Government","SIC 95 Environmental Quality and Housing","County, 2-digit SIC -- by ownership sector","All establishment sizes",0,0,0,0,0,0,0,0
"05095","2","SIC_0J95","29","0",1981,"2","N","Monroe County, Arkansas","State Government","SIC 95 Environmental Quality and Housing","County, 2-digit SIC -- by ownership sector","All establishment sizes",0,0,0,0,0,0,0,0
"05095","2","SIC_0J95","29","0",1981,"3","N","Monroe County, Arkansas","State Government","SIC 95 Environmental Quality and Housing","County, 2-digit SIC -- by ownership sector","All establishment sizes",0,0,0,0,0,0,0,0
"05095","2","SIC_0J95","29","0",1981,"4","N","Monroe County, Arkansas","State Government","SIC 95 Environmental Quality and Housing","County, 2-digit SIC -- by ownership sector","All establishment sizes",0,0,0,0,0,0,0,0
"05095","2","SIC_0J96","29","0",1981,"1","N","Monroe County, Arkansas","State Government","SIC 96 Administration of Economic Programs","County, 2-digit SIC -- by ownership sector","All establishment sizes",0,0,0,0,0,0,0,0
"05095","2","SIC_0J96","29","0",1981,"2","N","Monroe County, Arkansas","State Government","SIC 96 Administration of Economic Programs","County, 2-digit SIC -- by ownership sector","All establishment sizes",0,0,0,0,0,0,0,0
"05095","2","SIC_0J96","29","0",1981,"3","N","Monroe County, Arkansas","State Government","SIC 96 Administration of Economic Programs","County, 2-digit SIC -- by ownership sector","All establishment sizes",0,0,0,0,0,0,0,0
"05095","2","SIC_0J96","29","0",1981,"4","N","Monroe County, Arkansas","State Government","SIC 96 Administration of Economic Programs","County, 2-digit SIC -- by ownership sector","All establishment sizes",0,0,0,0,0,0,0,0
"05095","3","SIC_0Z","27","0",1981,"1","","Monroe County, Arkansas","Local Government","All Industries","County, Total -- by ownership sector","All establishment sizes",22,584,569,580,1289088,0,0,171
"05095","3","SIC_0Z","27","0",1981,"2","","Monroe County, Arkansas","Local Government","All Industries","County, Total -- by ownership sector","All establishment sizes",23,590,571,369,1386576,0,0,209
"05095","3","SIC_0Z","27","0",1981,"3","","Monroe County, Arkansas","Local Government","All Industries","County, Total -- by ownership sector","All establishment sizes",23,316,347,538,1045111,0,0,200
"05095","3","SIC_0Z","27","0",1981,"4","","Monroe County, Arkansas","Local Government","All Industries","County, Total -- by ownership sector","All establishment sizes",24,551,557,554,1338903,0,0,185
"05095","3","SIC_0C","28","0",1981,"1","N","Monroe County, Arkansas","Local Government","Construction Division","County, Industry Division -- by ownership sector","All establishment sizes",0,0,0,0,0,0,0,0
"05095","3","SIC_0C","28","0",1981,"2","N","Monroe County, Arkansas","Local Government","Construction Division","County, Industry Division -- by ownership sector","All establishment sizes",0,0,0,0,0,0,0,0
"05095","3","SIC_0C","28","0",1981,"3","N","Monroe County, Arkansas","Local Government","Construction Division","County, Industry Division -- by ownership sector","All establishment sizes",0,0,0,0,0,0,0,0
"05095","3","SIC_0C","28","0",1981,"4","N","Monroe County, Arkansas","Local Government","Construction Division","County, Industry Division -- by ownership sector","All establishment sizes",0,0,0,0,0,0,0,0
"05095","3","SIC_0C16","29","0",1981,"1","N","Monroe County, Arkansas","Local Government","SIC 16 Heavy Construction, ex. Building","County, 2-digit SIC -- by ownership sector","All establishment sizes",0,0,0,0,0,0,0,0
"05095","3","SIC_0C16","29","0",1981,"2","N","Monroe County, Arkansas","Local Government","SIC 16 Heavy Construction, ex. Building","County, 2-digit SIC -- by ownership sector","All establishment sizes",0,0,0,0,0,0,0,0
"05095","3","SIC_0C16","29","0",1981,"3","N","Monroe County, Arkansas","Local Government","SIC 16 Heavy Construction, ex. Building","County, 2-digit SIC -- by ownership sector","All establishment sizes",0,0,0,0,0,0,0,0
"05095","3","SIC_0C16","29","0",1981,"4","N","Monroe County, Arkansas","Local Government","SIC 16 Heavy Construction, ex. Building","County, 2-digit SIC -- by ownership sector","All establishment sizes",0,0,0,0,0,0,0,0
"05095","3","SIC_0E","28","0",1981,"1","N","Monroe County, Arkansas","Local Government","Transportation and Public Utilities Division","County, Industry Division -- by ownership sector","All establishment sizes",0,0,0,0,0,0,0,0
"05095","3","SIC_0E","28","0",1981,"2","N","Monroe County, Arkansas","Local Government","Transportation and Public Utilities Division","County, Industry Division -- by ownership sector","All establishment sizes",0,0,0,0,0,0,0,0
"05095","3","SIC_0E","28","0",1981,"3","N","Monroe County, Arkansas","Local Government","Transportation and Public Utilities Division","County, Industry Division -- by ownership sector","All establishment sizes",0,0,0,0,0,0,0,0
"05095","3","SIC_0E","28","0",1981,"4","N","Monroe County, Arkansas","Local Government","Transportation and Public Utilities Division","County, Industry Division -- by ownership sector","All establishment sizes",0,0,0,0,0,0,0,0
"05095","3","SIC_0E41","29","0",1981,"1","N","Monroe County, Arkansas","Local Government","SIC 41 Local And Interurban Passenger Transit","County, 2-digit SIC -- by ownership sector","All establishment sizes",0,0,0,0,0,0,0,0
"05095","3","SIC_0E41","29","0",1981,"2","N","Monroe County, Arkansas","Local Government","SIC 41 Local And Interurban Passenger Transit","County, 2-digit SIC -- by ownership sector","All establishment sizes",0,0,0,0,0,0,0,0
"05095","3","SIC_0E41","29","0",1981,"3","N","Monroe County, Arkansas","Local Government","SIC 41 Local And Interurban Passenger Transit","County, 2-digit SIC -- by ownership sector","All establishment sizes",0,0,0,0,0,0,0,0
"05095","3","SIC_0E41","29","0",1981,"4","N","Monroe County, Arkansas","Local Government","SIC 41 Local And Interurban Passenger Transit","County, 2-digit SIC -- by ownership sector","All establishment sizes",0,0,0,0,0,0,0,0
"05095","3","SIC_0E49","29","0",1981,"1","N","Monroe County, Arkansas","Local Government","SIC 49 Electric, Gas, And Sanitary Services","County, 2-digit SIC -- by ownership sector","All establishment sizes",0,0,0,0,0,0,0,0
"05095","3","SIC_0E49","29","0",1981,"2","N","Monroe County, Arkansas","Local Government","SIC 49 Electric, Gas, And Sanitary Services","County, 2-digit SIC -- by ownership sector","All establishment sizes",0,0,0,0,0,0,0,0
"05095","3","SIC_0E49","29","0",1981,"3","N","Monroe County, Arkansas","Local Government","SIC 49 Electric, Gas, And Sanitary Services","County, 2-digit SIC -- by ownership sector","All establishment sizes",0,0,0,0,0,0,0,0
"05095","3","SIC_0E49","29","0",1981,"4","N","Monroe County, Arkansas","Local Government","SIC 49 Electric, Gas, And Sanitary Services","County, 2-digit SIC -- by ownership sector","All establishment sizes",0,0,0,0,0,0,0,0
"05095","3","SIC_0I","28","0",1981,"1","","Monroe County, Arkansas","Local Government","Services Division","County, Industry Division -- by ownership sector","All establishment sizes",5,453,437,446,1065637,0,0,184
"05095","3","SIC_0I","28","0",1981,"2","","Monroe County, Arkansas","Local Government","Services Division","County, Industry Division -- by ownership sector","All establishment sizes",5,457,436,232,1142503,0,0,234
"05095","3","SIC_0I","28","0",1981,"3","","Monroe County, Arkansas","Local Government","Services Division","County, Industry Division -- by ownership sector","All establishment sizes",5,184,211,405,796882,0,0,229
"05095","3","SIC_0I","28","0",1981,"4","","Monroe County, Arkansas","Local Government","Services Division","County, Industry Division -- by ownership sector","All establishment sizes",5,417,422,422,1088882,0,0,199
"05095","3","SIC_0I80","29","0",1981,"1","N","Monroe County, Arkansas","Local Government","SIC 80 Health Services","County, 2-digit SIC -- by ownership sector","All establishment sizes",0,0,0,0,0,0,0,0
"05095","3","SIC_0I80","29","0",1981,"2","N","Monroe County, Arkansas","Local Government","SIC 80 Health Services","County, 2-digit SIC -- by ownership sector","All establishment sizes",0,0,0,0,0,0,0,0
"05095","3","SIC_0I80","29","0",1981,"3","N","Monroe County, Arkansas","Local Government","SIC 80 Health Services","County, 2-digit SIC -- by ownership sector","All establishment sizes",0,0,0,0,0,0,0,0
"05095","3","SIC_0I80","29","0",1981,"4","N","Monroe County, Arkansas","Local Government","SIC 80 Health Services","County, 2-digit SIC -- by ownership sector","All establishment sizes",0,0,0,0,0,0,0,0
"05095","3","SIC_0I82","29","0",1981,"1","N","Monroe County, Arkansas","Local Government","SIC 82 Educational Services","County, 2-digit SIC -- by ownership sector","All establishment sizes",0,0,0,0,0,0,0,0
"05095","3","SIC_0I82","29","0",1981,"2","N","Monroe County, Arkansas","Local Government","SIC 82 Educational Services","County, 2-digit SIC -- by ownership sector","All establishment sizes",0,0,0,0,0,0,0,0
"05095","3","SIC_0I82","29","0",1981,"3","N","Monroe County, Arkansas","Local Government","SIC 82 Educational Services","County, 2-digit SIC -- by ownership sector","All establishment sizes",0,0,0,0,0,0,0,0
"05095","3","SIC_0I82","29","0",1981,"4","N","Monroe County, Arkansas","Local Government","SIC 82 Educational Services","County, 2-digit SIC -- by ownership sector","All establishment sizes",0,0,0,0,0,0,0,0
"05095","3","SIC_0J","28","0",1981,"1","","Monroe County, Arkansas","Local Government","Public Administration Division","County, Industry Division -- by ownership sector","All establishment sizes",12,94,95,97,157780,0,0,127
"05095","3","SIC_0J","28","0",1981,"2","","Monroe County, Arkansas","Local Government","Public Administration Division","County, Industry Division -- by ownership sector","All establishment sizes",13,95,97,97,171682,0,0,137
"05095","3","SIC_0J","28","0",1981,"3","","Monroe County, Arkansas","Local Government","Public Administration Division","County, Industry Division -- by ownership sector","All establishment sizes",13,93,96,94,173180,0,0,141
"05095","3","SIC_0J","28","0",1981,"4","","Monroe County, Arkansas","Local Government","Public Administration Division","County, Industry Division -- by ownership sector","All establishment sizes",13,90,87,89,170936,0,0,148
"05095","3","SIC_0J91","29","0",1981,"1","N","Monroe County, Arkansas","Local Government","SIC 91 Executive, Legislative, and General","County, 2-digit SIC -- by ownership sector","All establishment sizes",0,0,0,0,0,0,0,0
"05095","3","SIC_0J91","29","0",1981,"2","","Monroe County, Arkansas","Local Government","SIC 91 Executive, Legislative, and General","County, 2-digit SIC -- by ownership sector","All establishment sizes",6,50,53,53,100083,0,0,148
"05095","3","SIC_0J91","29","0",1981,"3","","Monroe County, Arkansas","Local Government","SIC 91 Executive, Legislative, and General","County, 2-digit SIC -- by ownership sector","All establishment sizes",6,54,55,54,101137,0,0,143
"05095","3","SIC_0J91","29","0",1981,"4","","Monroe County, Arkansas","Local Government","SIC 91 Executive, Legislative, and General","County, 2-digit SIC -- by ownership sector","All establishment sizes",6,51,49,50,103248,0,0,158
"05095","3","SIC_0J92","29","0",1981,"1","","Monroe County, Arkansas","Local Government","SIC 92 Justice, Public Order, and Safety","County, 2-digit SIC -- by ownership sector","All establishment sizes",5,47,47,49,66500,0,0,107
"05095","3","SIC_0J92","29","0",1981,"2","","Monroe County, Arkansas","Local Government","SIC 92 Justice, Public Order, and Safety","County, 2-digit SIC -- by ownership sector","All establishment sizes",5,43,42,42,67292,0,0,122
"05095","3","SIC_0J92","29","0",1981,"3","","Monroe County, Arkansas","Local Government","SIC 92 Justice, Public Order, and Safety","County, 2-digit SIC -- by ownership sector","All establishment sizes",5,37,39,38,68023,0,0,137
"05095","3","SIC_0J92","29","0",1981,"4","","Monroe County, Arkansas","Local Government","SIC 92 Justice, Public Order, and Safety","County, 2-digit SIC -- by ownership sector","All establishment sizes",5,37,36,37,63283,0,0,132
"05095","3","SIC_0J93","29","0",1981,"1","","Monroe County, Arkansas","Local Government","SIC 93 Finance, Taxation, and Monetary Policy","County, 2-digit SIC -- by ownership sector","All establishment sizes",0,0,0,0,0,0,0,0
"05095","3","SIC_0J93","29","0",1981,"2","N","Monroe County, Arkansas","Local Government","SIC 93 Finance, Taxation, and Monetary Policy","County, 2-digit SIC -- by ownership sector","All establishment sizes",0,0,0,0,0,0,0,0
"05095","3","SIC_0J93","29","0",1981,"3","N","Monroe County, Arkansas","Local Government","SIC 93 Finance, Taxation, and Monetary Policy","County, 2-digit SIC -- by ownership sector","All establishment sizes",0,0,0,0,0,0,0,0
"05095","3","SIC_0J93","29","0",1981,"4","N","Monroe County, Arkansas","Local Government","SIC 93 Finance, Taxation, and Monetary Policy","County, 2-digit SIC -- by ownership sector","All establishment sizes",0,0,0,0,0,0,0,0
"05095","3","SIC_0J95","29","0",1981,"1","N","Monroe County, Arkansas","Local Government","SIC 95 Environmental Quality and Housing","County, 2-digit SIC -- by ownership sector","All establishment sizes",0,0,0,0,0,0,0,0
"05095","3","SIC_0J95","29","0",1981,"2","N","Monroe County, Arkansas","Local Government","SIC 95 Environmental Quality and Housing","County, 2-digit SIC -- by ownership sector","All establishment sizes",0,0,0,0,0,0,0,0
"05095","3","SIC_0J95","29","0",1981,"3","N","Monroe County, Arkansas","Local Government","SIC 95 Environmental Quality and Housing","County, 2-digit SIC -- by ownership sector","All establishment sizes",0,0,0,0,0,0,0,0
"05095","3","SIC_0J95","29","0",1981,"4","N","Monroe County, Arkansas","Local Government","SIC 95 Environmental Quality and Housing","County, 2-digit SIC -- by ownership sector","All establishment sizes",0,0,0,0,0,0,0,0
"05095","5","SIC_0Z","27","0",1981,"1","","Monroe County, Arkansas","Private","All Industries","County, Total -- by ownership sector","All establishment sizes",285,2102,2076,2107,4876561,0,0,179
"05095","5","SIC_0Z","27","0",1981,"2","","Monroe County, Arkansas","Private","All Industries","County, Total -- by ownership sector","All establishment sizes",280,2279,2328,2290,5261960,0,0,176
"05095","5","SIC_0Z","27","0",1981,"3","","Monroe County, Arkansas","Private","All Industries","County, Total -- by ownership sector","All establishment sizes",285,2348,2378,2396,5767225,0,0,186
"05095","5","SIC_0Z","27","0",1981,"4","","Monroe County, Arkansas","Private","All Industries","County, Total -- by ownership sector","All establishment sizes",291,2342,2319,2298,5932136,0,0,196
"05095","5","SIC_0A","28","0",1981,"1","","Monroe County, Arkansas","Private","Agriculture, Forestry, and Fishing Division","County, Industry Division -- by ownership sector","All establishment sizes",16,64,56,56,289079,0,0,379
"05095","5","SIC_0A","28","0",1981,"2","","Monroe County, Arkansas","Private","Agriculture, Forestry, and Fishing Division","County, Industry Division -- by ownership sector","All establishment sizes",16,66,78,79,173660,0,0,179
"05095","5","SIC_0A","28","0",1981,"3","","Monroe County, Arkansas","Private","Agriculture, Forestry, and Fishing Division","County, Industry Division -- by ownership sector","All establishment sizes",17,78,76,89,292039,0,0,277
"05095","5","SIC_0A","28","0",1981,"4","","Monroe County, Arkansas","Private","Agriculture, Forestry, and Fishing Division","County, Industry Division -- by ownership sector","All establishment sizes",17,100,89,90,315478,0,0,260
"05095","5","SIC_0A01","29","0",1981,"1","","Monroe County, Arkansas","Private","SIC 01 Agricultural Production Crops","County, 2-digit SIC -- by ownership sector","All establishment sizes",5,35,34,33,237301,0,0,536
"05095","5","SIC_0A01","29","0",1981,"2","","Monroe County, Arkansas","Private","SIC 01 Agricultural Production Crops","County, 2-digit SIC -- by ownership sector","All establishment sizes",5,35,43,43,87270,0,0,166
"05095","5","SIC_0A01","29","0",1981,"3","","Monroe County, Arkansas","Private","SIC 01 Agricultural Production Crops","County, 2-digit SIC -- by ownership sector","All establishment sizes",5,40,37,36,102350,0,0,209
"05095","5","SIC_0A01","29","0",1981,"4","N","Monroe County, Arkansas","Private","SIC 01 Agricultural Production Crops","County, 2-digit SIC -- by ownership sector","All establishment sizes",0,0,0,0,0,0,0,0
"05095","5","SIC_0A02","29","0",1981,"1","N","Monroe County, Arkansas","Private","SIC 02 Agricultural Production Livestock","County, 2-digit SIC -- by ownership sector","All establishment sizes",0,0,0,0,0,0,0,0
"05095","5","SIC_0A02","29","0",1981,"2","N","Monroe County, Arkansas","Private","SIC 02 Agricultural Production Livestock","County, 2-digit SIC -- by ownership sector","All establishment sizes",0,0,0,0,0,0,0,0
"05095","5","SIC_0A02","29","0",1981,"3","N","Monroe County, Arkansas","Private","SIC 02 Agricultural Production Livestock","County, 2-digit SIC -- by ownership sector","All establishment sizes",0,0,0,0,0,0,0,0
"05095","5","SIC_0A02","29","0",1981,"4","N","Monroe County, Arkansas","Private","SIC 02 Agricultural Production Livestock","County, 2-digit SIC -- by ownership sector","All establishment sizes",0,0,0,0,0,0,0,0
"05095","5","SIC_0A07","29","0",1981,"1","N","Monroe County, Arkansas","Private","SIC 07 Agricultural Services","County, 2-digit SIC -- by ownership sector","All establishment sizes",0,0,0,0,0,0,0,0
"05095","5","SIC_0A07","29","0",1981,"2","N","Monroe County, Arkansas","Private","SIC 07 Agricultural Services","County, 2-digit SIC -- by ownership sector","All establishment sizes",0,0,0,0,0,0,0,0
"05095","5","SIC_0A07","29","0",1981,"3","N","Monroe County, Arkansas","Private","SIC 07 Agricultural Services","County, 2-digit SIC -- by ownership sector","All establishment sizes",0,0,0,0,0,0,0,0
"05095","5","SIC_0A07","29","0",1981,"4","","Monroe County, Arkansas","Private","SIC 07 Agricultural Services","County, 2-digit SIC -- by ownership sector","All establishment sizes",10,61,50,50,188375,0,0,270
"05095","5","SIC_0C","28","0",1981,"1","","Monroe County, Arkansas","Private","Construction Division","County, Industry Division -- by ownership sector","All establishment sizes",16,17,11,9,31283,0,0,195
"05095","5","SIC_0C","28","0",1981,"2","","Monroe County, Arkansas","Private","Construction Division","County, Industry Division -- by ownership sector","All establishment sizes",14,18,24,20,41732,0,0,155
"05095","5","SIC_0C","28","0",1981,"3","","Monroe County, Arkansas","Private","Construction Division","County, Industry Division -- by ownership sector","All establishment sizes",15,35,36,38,132923,0,0,281
"05095","5","SIC_0C","28","0",1981,"4","","Monroe County, Arkansas","Private","Construction Division","County, Industry Division -- by ownership sector","All establishment sizes",17,37,35,36,162198,0,0,346
"05095","5","SIC_0C15","29","0",1981,"1","N","Monroe County, Arkansas","Private","SIC 15 General Building Contractors","County, 2-digit SIC -- by ownership sector","All establishment sizes",0,0,0,0,0,0,0,0
"05095","5","SIC_0C15","29","0",1981,"2","N","Monroe County, Arkansas","Private","SIC 15 General Building Contractors","County, 2-digit SIC -- by ownership sector","All establishment sizes",0,0,0,0,0,0,0,0
"05095","5","SIC_0C15","29","0",1981,"3","","Monroe County, Arkansas","Private","SIC 15 General Building Contractors","County, 2-digit SIC -- by ownership sector","All establishment sizes",5,7,7,7,15332,0,0,168
"05095","5","SIC_0C15","29","0",1981,"4","","Monroe County, Arkansas","Private","SIC 15 General Building Contractors","County, 2-digit SIC -- by ownership sector","All establishment sizes",5,6,2,2,3721,0,0,85
"05095","5","SIC_0C16","29","0",1981,"1","N","Monroe County, Arkansas","Private","SIC 16 Heavy Construction, ex. Building","County, 2-digit SIC -- by ownership sector","All establishment sizes",0,0,0,0,0,0,0,0
"05095","5","SIC_0C16","29","0",1981,"2","N","Monroe County, Arkansas","Private","SIC 16 Heavy Construction, ex. Building","County, 2-digit SIC -- by ownership sector","All establishment sizes",0,0,0,0,0,0,0,0
"05095","5","SIC_0C16","29","0",1981,"3","","Monroe County, Arkansas","Private","SIC 16 Heavy Construction, ex. Building","County, 2-digit SIC -- by ownership sector","All establishment sizes",3,15,14,16,91089,0,0,467
"05095","5","SIC_0C16","29","0",1981,"4","","Monroe County, Arkansas","Private","SIC 16 Heavy Construction, ex. Building","County, 2-digit SIC -- by ownership sector","All establishment sizes",4,16,16,18,127082,0,0,586
"05095","5","SIC_0C17","29","0",1981,"1","","Monroe County, Arkansas","Private","SIC 17 Special Trade Contractors","County, 2-digit SIC -- by ownership sector","All establishment sizes",9,8,8,8,23441,0,0,225
"05095","5","SIC_0C17","29","0",1981,"2","","Monroe County, Arkansas","Private","SIC 17 Special Trade Contractors","County, 2-digit SIC -- by ownership sector","All establishment sizes",7,15,19,14,34622,0,0,166
"05095","5","SIC_0C17","29","0",1981,"3","","Monroe County, Arkansas","Private","SIC 17 Special Trade Contractors","County, 2-digit SIC -- by ownership sector","All establishment sizes",7,13,15,15,26502,0,0,142
"05095","5","SIC_0C17","29","0",1981,"4","","Monroe County, Arkansas","Private","SIC 17 Special Trade Contractors","County, 2-digit SIC -- by ownership sector","All establishment sizes",8,15,17,16,31395,0,0,150
"05095","5","SIC_0D","28","0",1981,"1","","Monroe County, Arkansas","Private","Manufacturing Division","County, Industry Division -- by ownership sector","All establishment sizes",16,699,720,737,1668802,0,0,178
"05095","5","SIC_0D","28","0",1981,"2","","Monroe County, Arkansas","Private","Manufacturing Division","County, Industry Division -- by ownership sector","All establishment sizes",17,879,881,884,2075209,0,0,181
"05095","5","SIC_0D","28","0",1981,"3","","Monroe County, Arkansas","Private","Manufacturing Division","County, Industry Division -- by ownership sector","All establishment sizes",17,916,947,858,2128375,0,0,180
"05095","5","SIC_0D","28","0",1981,"4","","Monroe County, Arkansas","Private","Manufacturing Division","County, Industry Division -- by ownership sector","All establishment sizes",16,799,823,803,2061807,0,0,196
"05095","5","SIC_0D20","29","0",1981,"1","N","Monroe County, Arkansas","Private","SIC 20 Food and Kindred Products","County, 2-digit SIC -- by ownership sector","All establishment sizes",0,0,0,0,0,0,0,0
"05095","5","SIC_0D23","29","0",1981,"1","N","Monroe County, Arkansas","Private","SIC 23 Apparel and Other Textile Products","County, 2-digit SIC -- by ownership sector","All establishment sizes",0,0,0,0,0,0,0,0
"05095","5","SIC_0D23","29","0",1981,"2","N","Monroe County, Arkansas","Private","SIC 23 Apparel and Other Textile Products","County, 2-digit SIC -- by ownership sector","All establishment sizes",0,0,0,0,0,0,0,0
"05095","5","SIC_0D23","29","0",1981,"3","N","Monroe County, Arkansas","Private","SIC 23 Apparel and Other Textile Products","County, 2-digit SIC -- by ownership sector","All establishment sizes",0,0,0,0,0,0,0,0
"05095","5","SIC_0D23","29","0",1981,"4","N","Monroe County, Arkansas","Private","SIC 23 Apparel and Other Textile Products","County, 2-digit SIC -- by ownership sector","All establishment sizes",0,0,0,0,0,0,0,0
"05095","5","SIC_0D24","29","0",1981,"1","","Monroe County, Arkansas","Private","SIC 24 Lumber and Wood Products","County, 2-digit SIC -- by ownership sector","All establishment sizes",4,31,31,40,71481,0,0,161
"05095","5","SIC_0D24","29","0",1981,"2","","Monroe County, Arkansas","Private","SIC 24 Lumber and Wood Products","County, 2-digit SIC -- by ownership sector","All establishment sizes",5,49,54,55,119089,0,0,173
"05095","5","SIC_0D24","29","0",1981,"3","","Monroe County, Arkansas","Private","SIC 24 Lumber and Wood Products","County, 2-digit SIC -- by ownership sector","All establishment sizes",5,66,69,59,136214,0,0,162
"05095","5","SIC_0D24","29","0",1981,"4","","Monroe County, Arkansas","Private","SIC 24 Lumber and Wood Products","County, 2-digit SIC -- by ownership sector","All establishment sizes",4,48,45,45,117093,0,0,195
"05095","5","SIC_0D27","29","0",1981,"1","","Monroe County, Arkansas","Private","SIC 27 Printing and Publishing","County, 2-digit SIC -- by ownership sector","All establishment sizes",4,24,23,23,42283,0,0,139
"05095","5","SIC_0D27","29","0",1981,"2","","Monroe County, Arkansas","Private","SIC 27 Printing and Publishing","County, 2-digit SIC -- by ownership sector","All establishment sizes",4,22,23,25,44436,0,0,146
"05095","5","SIC_0D27","29","0",1981,"3","","Monroe County, Arkansas","Private","SIC 27 Printing and Publishing","County, 2-digit SIC -- by ownership sector","All establishment sizes",4,24,23,23,46880,0,0,154
"05095","5","SIC_0D27","29","0",1981,"4","","Monroe County, Arkansas","Private","SIC 27 Printing and Publishing","County, 2-digit SIC -- by ownership sector","All establishment sizes",4,27,24,24,49885,0,0,153
"05095","5","SIC_0D31","29","0",1981,"1","","Monroe County, Arkansas","Private","SIC 31 Leather and Leather Products","County, 2-digit SIC -- by ownership sector","All establishment sizes",0,0,0,0,0,0,0,0
"05095","5","SIC_0D31","29","0",1981,"2","N","Monroe County, Arkansas","Private","SIC 31 Leather and Leather Products","County, 2-digit SIC -- by ownership sector","All establishment sizes",0,0,0,0,0,0,0,0
"05095","5","SIC_0D31","29","0",1981,"3","N","Monroe County, Arkansas","Private","SIC 31 Leather and Leather Products","County, 2-digit SIC -- by ownership sector","All establishment sizes",0,0,0,0,0,0,0,0
"05095","5","SIC_0D31","29","0",1981,"4","N","Monroe County, Arkansas","Private","SIC 31 Leather and Leather Products","County, 2-digit SIC -- by ownership sector","All establishment sizes",0,0,0,0,0,0,0,0
"05095","5","SIC_0D32","29","0",1981,"1","N","Monroe County, Arkansas","Private","SIC 32 Stone, Clay, and Glass Products","County, 2-digit SIC -- by ownership sector","All establishment sizes",0,0,0,0,0,0,0,0
"05095","5","SIC_0D32","29","0",1981,"2","N","Monroe County, Arkansas","Private","SIC 32 Stone, Clay, and Glass Products","County, 2-digit SIC -- by ownership sector","All establishment sizes",0,0,0,0,0,0,0,0
"05095","5","SIC_0D32","29","0",1981,"3","N","Monroe County, Arkansas","Private","SIC 32 Stone, Clay, and Glass Products","County, 2-digit SIC -- by ownership sector","All establishment sizes",0,0,0,0,0,0,0,0
"05095","5","SIC_0D32","29","0",1981,"4","N","Monroe County, Arkansas","Private","SIC 32 Stone, Clay, and Glass Products","County, 2-digit SIC -- by ownership sector","All establishment sizes",0,0,0,0,0,0,0,0
"05095","5","SIC_0D34","29","0",1981,"1","N","Monroe County, Arkansas","Private","SIC 34 Fabricated Metal Products","County, 2-digit SIC -- by ownership sector","All establishment sizes",0,0,0,0,0,0,0,0
"05095","5","SIC_0D34","29","0",1981,"2","N","Monroe County, Arkansas","Private","SIC 34 Fabricated Metal Products","County, 2-digit SIC -- by ownership sector","All establishment sizes",0,0,0,0,0,0,0,0
"05095","5","SIC_0D34","29","0",1981,"3","N","Monroe County, Arkansas","Private","SIC 34 Fabricated Metal Products","County, 2-digit SIC -- by ownership sector","All establishment sizes",0,0,0,0,0,0,0,0
"05095","5","SIC_0D34","29","0",1981,"4","N","Monroe County, Arkansas","Private","SIC 34 Fabricated Metal Products","County, 2-digit SIC -- by ownership sector","All establishment sizes",0,0,0,0,0,0,0,0
"05095","5","SIC_0D35","29","0",1981,"1","N","Monroe County, Arkansas","Private","SIC 35 Industrial Machinery and Equipment","County, 2-digit SIC -- by ownership sector","All establishment sizes",0,0,0,0,0,0,0,0
"05095","5","SIC_0D35","29","0",1981,"2","N","Monroe County, Arkansas","Private","SIC 35 Industrial Machinery and Equipment","County, 2-digit SIC -- by ownership sector","All establishment sizes",0,0,0,0,0,0,0,0
"05095","5","SIC_0D35","29","0",1981,"3","N","Monroe County, Arkansas","Private","SIC 35 Industrial Machinery and Equipment","County, 2-digit SIC -- by ownership sector","All establishment sizes",0,0,0,0,0,0,0,0
"05095","5","SIC_0D35","29","0",1981,"4","N","Monroe County, Arkansas","Private","SIC 35 Industrial Machinery and Equipment","County, 2-digit SIC -- by ownership sector","All establishment sizes",0,0,0,0,0,0,0,0
"05095","5","SIC_0D36","29","0",1981,"1","N","Monroe County, Arkansas","Private","SIC 36 Electronic and Other Electric Equipment","County, 2-digit SIC -- by ownership sector","All establishment sizes",0,0,0,0,0,0,0,0
"05095","5","SIC_0D36","29","0",1981,"2","N","Monroe County, Arkansas","Private","SIC 36 Electronic and Other Electric Equipment","County, 2-digit SIC -- by ownership sector","All establishment sizes",0,0,0,0,0,0,0,0
"05095","5","SIC_0D36","29","0",1981,"3","N","Monroe County, Arkansas","Private","SIC 36 Electronic and Other Electric Equipment","County, 2-digit SIC -- by ownership sector","All establishment sizes",0,0,0,0,0,0,0,0
"05095","5","SIC_0D36","29","0",1981,"4","N","Monroe County, Arkansas","Private","SIC 36 Electronic and Other Electric Equipment","County, 2-digit SIC -- by ownership sector","All establishment sizes",0,0,0,0,0,0,0,0
"05095","5","SIC_0D37","29","0",1981,"1","N","Monroe County, Arkansas","Private","SIC 37 Transportation Equipment","County, 2-digit SIC -- by ownership sector","All establishment sizes",0,0,0,0,0,0,0,0
"05095","5","SIC_0D37","29","0",1981,"2","N","Monroe County, Arkansas","Private","SIC 37 Transportation Equipment","County, 2-digit SIC -- by ownership sector","All establishment sizes",0,0,0,0,0,0,0,0
"05095","5","SIC_0D37","29","0",1981,"3","N","Monroe County, Arkansas","Private","SIC 37 Transportation Equipment","County, 2-digit SIC -- by ownership sector","All establishment sizes",0,0,0,0,0,0,0,0
"05095","5","SIC_0D37","29","0",1981,"4","N","Monroe County, Arkansas","Private","SIC 37 Transportation Equipment","County, 2-digit SIC -- by ownership sector","All establishment sizes",0,0,0,0,0,0,0,0
"05095","5","SIC_0E","28","0",1981,"1","","Monroe County, Arkansas","Private","Transportation and Public Utilities Division","County, Industry Division -- by ownership sector","All establishment sizes",15,104,101,98,332694,0,0,253
"05095","5","SIC_0E","28","0",1981,"2","","Monroe County, Arkansas","Private","Transportation and Public Utilities Division","County, Industry Division -- by ownership sector","All establishment sizes",15,99,101,91,335116,0,0,265
"05095","5","SIC_0E","28","0",1981,"3","","Monroe County, Arkansas","Private","Transportation and Public Utilities Division","County, Industry Division -- by ownership sector","All establishment sizes",15,97,98,96,378479,0,0,300
"05095","5","SIC_0E","28","0",1981,"4","","Monroe County, Arkansas","Private","Transportation and Public Utilities Division","County, Industry Division -- by ownership sector","All establishment sizes",15,94,96,94,379941,0,0,308
"05095","5","SIC_0E42","29","0",1981,"1","","Monroe County, Arkansas","Private","SIC 42 Trucking And Warehousing","County, 2-digit SIC -- by ownership sector","All establishment sizes",7,49,47,45,136639,0,0,223
"05095","5","SIC_0E42","29","0",1981,"2","","Monroe County, Arkansas","Private","SIC 42 Trucking And Warehousing","County, 2-digit SIC -- by ownership sector","All establishment sizes",7,46,44,40,138946,0,0,246
"05095","5","SIC_0E42","29","0",1981,"3","","Monroe County, Arkansas","Private","SIC 42 Trucking And Warehousing","County, 2-digit SIC -- by ownership sector","All establishment sizes",7,44,47,46,160105,0,0,269
"05095","5","SIC_0E42","29","0",1981,"4","","Monroe County, Arkansas","Private","SIC 42 Trucking And Warehousing","County, 2-digit SIC -- by ownership sector","All establishment sizes",7,45,46,43,160432,0,0,276
"05095","5","SIC_0E45","29","0",1981,"1","N","Monroe County, Arkansas","Private","SIC 45 Transportation By Air","County, 2-digit SIC -- by ownership sector","All establishment sizes",0,0,0,0,0,0,0,0
"05095","5","SIC_0E45","29","0",1981,"2","N","Monroe County, Arkansas","Private","SIC 45 Transportation By Air","County, 2-digit SIC -- by ownership sector","All establishment sizes",0,0,0,0,0,0,0,0
"05095","5","SIC_0E45","29","0",1981,"3","N","Monroe County, Arkansas","Private","SIC 45 Transportation By Air","County, 2-digit SIC -- by ownership sector","All establishment sizes",0,0,0,0,0,0,0,0
"05095","5","SIC_0E45","29","0",1981,"4","N","Monroe County, Arkansas","Private","SIC 45 Transportation By Air","County, 2-digit SIC -- by ownership sector","All establishment sizes",0,0,0,0,0,0,0,0
"05095","5","SIC_0E47","29","0",1981,"1","N","Monroe County, Arkansas","Private","SIC 47 Transportation Services","County, 2-digit SIC -- by ownership sector","All establishment sizes",0,0,0,0,0,0,0,0
"05095","5","SIC_0E47","29","0",1981,"2","N","Monroe County, Arkansas","Private","SIC 47 Transportation Services","County, 2-digit SIC -- by ownership sector","All establishment sizes",0,0,0,0,0,0,0,0
"05095","5","SIC_0E47","29","0",1981,"3","N","Monroe County, Arkansas","Private","SIC 47 Transportation Services","County, 2-digit SIC -- by ownership sector","All establishment sizes",0,0,0,0,0,0,0,0
"05095","5","SIC_0E47","29","0",1981,"4","N","Monroe County, Arkansas","Private","SIC 47 Transportation Services","County, 2-digit SIC -- by ownership sector","All establishment sizes",0,0,0,0,0,0,0,0
"05095","5","SIC_0E48","29","0",1981,"1","","Monroe County, Arkansas","Private","SIC 48 Communication","County, 2-digit SIC -- by ownership sector","All establishment sizes",3,16,15,15,53260,0,0,267
"05095","5","SIC_0E48","29","0",1981,"2","","Monroe County, Arkansas","Private","SIC 48 Communication","County, 2-digit SIC -- by ownership sector","All establishment sizes",3,17,18,20,62667,0,0,262
"05095","5","SIC_0E48","29","0",1981,"3","","Monroe County, Arkansas","Private","SIC 48 Communication","County, 2-digit SIC -- by ownership sector","All establishment sizes",3,14,13,12,60772,0,0,359
"05095","5","SIC_0E48","29","0",1981,"4","","Monroe County, Arkansas","Private","SIC 48 Communication","County, 2-digit SIC -- by ownership sector","All establishment sizes",3,12,12,14,66248,0,0,402
"05095","5","SIC_0E49","29","0",1981,"1","","Monroe County, Arkansas","Private","SIC 49 Electric, Gas, And Sanitary Services","County, 2-digit SIC -- by ownership sector","All establishment sizes",3,34,35,34,138232,0,0,309
"05095","5","SIC_0E49","29","0",1981,"2","","Monroe County, Arkansas","Private","SIC 49 Electric, Gas, And Sanitary Services","County, 2-digit SIC -- by ownership sector","All establishment sizes",3,33,35,27,128511,0,0,312
"05095","5","SIC_0E49","29","0",1981,"3","","Monroe County, Arkansas","Private","SIC 49 Electric, Gas, And Sanitary Services","County, 2-digit SIC -- by ownership sector","All establishment sizes",3,35,34,34,151341,0,0,339
"05095","5","SIC_0E49","29","0",1981,"4","","Monroe County, Arkansas","Private","SIC 49 Electric, Gas, And Sanitary Services","County, 2-digit SIC -- by ownership sector","All establishment sizes",3,33,34,33,147187,0,0,339
"05095","5","SIC_0F","28","0",1981,"1","","Monroe County, Arkansas","Private","Wholesale Trade Division","County, Industry Division -- by ownership sector","All establishment sizes",22,147,141,155,481741,0,0,250
"05095","5","SIC_0F","28","0",1981,"2","","Monroe County, Arkansas","Private","Wholesale Trade Division","County, Industry Division -- by ownership sector","All establishment sizes",22,156,168,165,477963,0,0,225
"05095","5","SIC_0F","28","0",1981,"3","","Monroe County, Arkansas","Private","Wholesale Trade Division","County, Industry Division -- by ownership sector","All establishment sizes",22,165,155,165,558523,0,0,265
"05095","5","SIC_0F","28","0",1981,"4","","Monroe County, Arkansas","Private","Wholesale Trade Division","County, Industry Division -- by ownership sector","All establishment sizes",23,172,166,157,582573,0,0,271
"05095","5","SIC_0F50","29","0",1981,"1","","Monroe County, Arkansas","Private","SIC 50 Wholesale Trade Durable Goods","County, 2-digit SIC -- by ownership sector","All establishment sizes",10,67,64,65,219454,0,0,258
"05095","5","SIC_0F50","29","0",1981,"2","","Monroe County, Arkansas","Private","SIC 50 Wholesale Trade Durable Goods","County, 2-digit SIC -- by ownership sector","All establishment sizes",10,65,72,65,218024,0,0,249
"05095","5","SIC_0F50","29","0",1981,"3","","Monroe County, Arkansas","Private","SIC 50 Wholesale Trade Durable Goods","County, 2-digit SIC -- by ownership sector","All establishment sizes",10,65,64,66,288578,0,0,341
"05095","5","SIC_0F50","29","0",1981,"4","","Monroe County, Arkansas","Private","SIC 50 Wholesale Trade Durable Goods","County, 2-digit SIC -- by ownership sector","All establishment sizes",11,67,65,62,243609,0,0,289
"05095","5","SIC_0F51","29","0",1981,"1","","Monroe County, Arkansas","Private","SIC 51 Wholesale Trade Nondurable Goods","County, 2-digit SIC -- by ownership sector","All establishment sizes",12,80,77,90,262287,0,0,245
"05095","5","SIC_0F51","29","0",1981,"2","","Monroe County, Arkansas","Private","SIC 51 Wholesale Trade Nondurable Goods","County, 2-digit SIC -- by ownership sector","All establishment sizes",12,91,96,100,259939,0,0,209
"05095","5","SIC_0F51","29","0",1981,"3","","Monroe County, Arkansas","Private","SIC 51 Wholesale Trade Nondurable Goods","County, 2-digit SIC -- by ownership sector","All establishment sizes",12,100,91,99,269945,0,0,214
"05095","5","SIC_0F51","29","0",1981,"4","","Monroe County, Arkansas","Private","SIC 51 Wholesale Trade Nondurable Goods","County, 2-digit SIC -- by ownership sector","All establishment sizes",12,105,101,95,338964,0,0,259
"05095","5","SIC_0G","28","0",1981,"1","","Monroe County, Arkansas","Private","Retail Trade Division","County, Industry Division -- by ownership sector","All establishment sizes",118,642,615,625,1194228,0,0,146
"05095","5","SIC_0G","28","0",1981,"2","","Monroe County, Arkansas","Private","Retail Trade Division","County, Industry Division -- by ownership sector","All establishment sizes",114,637,653,661,1232079,0,0,145
"05095","5","SIC_0G","28","0",1981,"3","","Monroe County, Arkansas","Private","Retail Trade Division","County, Industry Division -- by ownership sector","All establishment sizes",115,671,679,744,1391827,0,0,153
"05095","5","SIC_0G","28","0",1981,"4","","Monroe County, Arkansas","Private","Retail Trade Division","County, Industry Division -- by ownership sector","All establishment sizes",116,733,709,710,1376564,0,0,147
"05095","5","SIC_0G52","29","0",1981,"1","","Monroe County, Arkansas","Private","SIC 52 Building Materials and Garden Supplies","County, 2-digit SIC -- by ownership sector","All establishment sizes",10,39,36,38,102029,0,0,208
"05095","5","SIC_0G52","29","0",1981,"2","","Monroe County, Arkansas","Private","SIC 52 Building Materials and Garden Supplies","County, 2-digit SIC -- by ownership sector","All establishment sizes",9,42,38,40,105096,0,0,202
"05095","5","SIC_0G52","29","0",1981,"3","","Monroe County, Arkansas","Private","SIC 52 Building Materials and Garden Supplies","County, 2-digit SIC -- by ownership sector","All establishment sizes",9,42,39,36,127915,0,0,252
"05095","5","SIC_0G52","29","0",1981,"4","","Monroe County, Arkansas","Private","SIC 52 Building Materials and Garden Supplies","County, 2-digit SIC -- by ownership sector","All establishment sizes",9,37,39,38,112007,0,0,226
"05095","5","SIC_0G53","29","0",1981,"1","","Monroe County, Arkansas","Private","SIC 53 General Merchandise Stores","County, 2-digit SIC -- by ownership sector","All establishment sizes",7,84,80,80,164420,0,0,155
"05095","5","SIC_0G53","29","0",1981,"2","","Monroe County, Arkansas","Private","SIC 53 General Merchandise Stores","County, 2-digit SIC -- by ownership sector","All establishment sizes",6,80,80,82,129278,0,0,123
"05095","5","SIC_0G53","29","0",1981,"3","","Monroe County, Arkansas","Private","SIC 53 General Merchandise Stores","County, 2-digit SIC -- by ownership sector","All establishment sizes",6,83,86,85,155738,0,0,141
"05095","5","SIC_0G53","29","0",1981,"4","","Monroe County, Arkansas","Private","SIC 53 General Merchandise Stores","County, 2-digit SIC -- by ownership sector","All establishment sizes",6,86,84,89,159159,0,0,141
"05095","5","SIC_0G54","29","0",1981,"1","","Monroe County, Arkansas","Private","SIC 54 Food Stores","County, 2-digit SIC -- by ownership sector","All establishment sizes",17,122,129,133,316523,0,0,190
"05095","5","SIC_0G54","29","0",1981,"2","","Monroe County, Arkansas","Private","SIC 54 Food Stores","County, 2-digit SIC -- by ownership sector","All establishment sizes",17,137,141,142,340407,0,0,187
"05095","5","SIC_0G54","29","0",1981,"3","","Monroe County, Arkansas","Private","SIC 54 Food Stores","County, 2-digit SIC -- by ownership sector","All establishment sizes",17,147,147,145,354546,0,0,186
"05095","5","SIC_0G54","29","0",1981,"4","","Monroe County, Arkansas","Private","SIC 54 Food Stores","County, 2-digit SIC -- by ownership sector","All establishment sizes",17,140,139,138,351416,0,0,194
"05095","5","SIC_0G55","29","0",1981,"1","","Monroe County, Arkansas","Private","SIC 55 Automotive Dealers and Service Stations","County, 2-digit SIC -- by ownership sector","All establishment sizes",21,88,81,86,196591,0,0,177
"05095","5","SIC_0G55","29","0",1981,"2","","Monroe County, Arkansas","Private","SIC 55 Automotive Dealers and Service Stations","County, 2-digit SIC -- by ownership sector","All establishment sizes",21,77,82,80,205422,0,0,198
"05095","5","SIC_0G55","29","0",1981,"3","","Monroe County, Arkansas","Private","SIC 55 Automotive Dealers and Service Stations","County, 2-digit SIC -- by ownership sector","All establishment sizes",23,90,89,96,243342,0,0,204
"05095","5","SIC_0G55","29","0",1981,"4","","Monroe County, Arkansas","Private","SIC 55 Automotive Dealers and Service Stations","County, 2-digit SIC -- by ownership sector","All establishment sizes",23,113,99,90,230679,0,0,176
"05095","5","SIC_0G56","29","0",1981,"1","","Monroe County, Arkansas","Private","SIC 56 Apparel and Accessory Stores","County, 2-digit SIC -- by ownership sector","All establishment sizes",8,25,26,26,38385,0,0,115
"05095","5","SIC_0G56","29","0",1981,"2","","Monroe County, Arkansas","Private","SIC 56 Apparel and Accessory Stores","County, 2-digit SIC -- by ownership sector","All establishment sizes",8,24,26,24,34798,0,0,108
"05095","5","SIC_0G56","29","0",1981,"3","","Monroe County, Arkansas","Private","SIC 56 Apparel and Accessory Stores","County, 2-digit SIC -- by ownership sector","All establishment sizes",8,24,28,28,36079,0,0,104
"05095","5","SIC_0G56","29","0",1981,"4","","Monroe County, Arkansas","Private","SIC 56 Apparel and Accessory Stores","County, 2-digit SIC -- by ownership sector","All establishment sizes",8,30,27,31,42295,0,0,110
"05095","5","SIC_0G57","29","0",1981,"1","","Monroe County, Arkansas","Private","SIC 57 Furniture and Homefurnishings Stores","County, 2-digit SIC -- by ownership sector","All establishment sizes",5,16,15,15,17076,0,0,85
"05095","5","SIC_0G57","29","0",1981,"2","","Monroe County, Arkansas","Private","SIC 57 Furniture and Homefurnishings Stores","County, 2-digit SIC -- by ownership sector","All establishment sizes",5,17,17,18,26068,0,0,115
"05095","5","SIC_0G57","29","0",1981,"3","","Monroe County, Arkansas","Private","SIC 57 Furniture and Homefurnishings Stores","County, 2-digit SIC -- by ownership sector","All establishment sizes",5,18,16,16,23050,0,0,106
"05095","5","SIC_0G57","29","0",1981,"4","","Monroe County, Arkansas","Private","SIC 57 Furniture and Homefurnishings Stores","County, 2-digit SIC -- by ownership sector","All establishment sizes",5,16,15,15,23459,0,0,117
"05095","5","SIC_0G58","29","0",1981,"1","","Monroe County, Arkansas","Private","SIC 58 Eating and Drinking Places","County, 2-digit SIC -- by ownership sector","All establishment sizes",22,179,169,170,196388,0,0,87
"05095","5","SIC_0G58","29","0",1981,"2","","Monroe County, Arkansas","Private","SIC 58 Eating and Drinking Places","County, 2-digit SIC -- by ownership sector","All establishment sizes",22,180,183,188,212572,0,0,89
"05095","5","SIC_0G58","29","0",1981,"3","","Monroe County, Arkansas","Private","SIC 58 Eating and Drinking Places","County, 2-digit SIC -- by ownership sector","All establishment sizes",22,179,185,251,278169,0,0,104
"05095","5","SIC_0G58","29","0",1981,"4","","Monroe County, Arkansas","Private","SIC 58 Eating and Drinking Places","County, 2-digit SIC -- by ownership sector","All establishment sizes",22,226,222,220,285149,0,0,98
"05095","5","SIC_0G59","29","0",1981,"1","","Monroe County, Arkansas","Private","SIC 59 Miscellaneous Retail","County, 2-digit SIC -- by ownership sector","All establishment sizes",28,89,79,77,162816,0,0,153
"05095","5","SIC_0G59","29","0",1981,"2","","Monroe County, Arkansas","Private","SIC 59 Miscellaneous Retail","County, 2-digit SIC -- by ownership sector","All establishment sizes",26,80,86,87,178438,0,0,162
"05095","5","SIC_0G59","29","0",1981,"3","","Monroe County, Arkansas","Private","SIC 59 Miscellaneous Retail","County, 2-digit SIC -- by ownership sector","All establishment sizes",25,88,89,87,172988,0,0,151
"05095","5","SIC_0G59","29","0",1981,"4","","Monroe County, Arkansas","Private","SIC 59 Miscellaneous Retail","County, 2-digit SIC -- by ownership sector","All establishment sizes",26,85,84,89,172400,0,0,154
"05095","5","SIC_0H","28","0",1981,"1","","Monroe County, Arkansas","Private","Finance, Insurance, and Real Estate Division","County, Industry Division -- by ownership sector","All establishment sizes",20,112,114,113,321017,0,0,218
"05095","5","SIC_0H","28","0",1981,"2","","Monroe County, Arkansas","Private","Finance, Insurance, and Real Estate Division","County, Industry Division -- by ownership sector","All establishment sizes",20,121,122,128,357980,0,0,222
"05095","5","SIC_0H","28","0",1981,"3","","Monroe County, Arkansas","Private","Finance, Insurance, and Real Estate Division","County, Industry Division -- by ownership sector","All establishment sizes",19,123,126,125,361260,0,0,222
"05095","5","SIC_0H","28","0",1981,"4","","Monroe County, Arkansas","Private","Finance, Insurance, and Real Estate Division","County, Industry Division -- by ownership sector","All establishment sizes",20,128,125,126,455641,0,0,277
"05095","5","SIC_0H60","29","0",1981,"1","","Monroe County, Arkansas","Private","SIC 60 Depository Institutions","County, 2-digit SIC -- by ownership sector","All establishment sizes",4,67,69,68,197351,0,0,223
"05095","5","SIC_0H60","29","0",1981,"2","","Monroe County, Arkansas","Private","SIC 60 Depository Institutions","County, 2-digit SIC -- by ownership sector","All establishment sizes",4,67,67,69,202498,0,0,230
"05095","5","SIC_0H60","29","0",1981,"3","","Monroe County, Arkansas","Private","SIC 60 Depository Institutions","County, 2-digit SIC -- by ownership sector","All establishment sizes",4,67,69,67,198375,0,0,225
"05095","5","SIC_0H60","29","0",1981,"4","","Monroe County, Arkansas","Private","SIC 60 Depository Institutions","County, 2-digit SIC -- by ownership sector","All establishment sizes",4,67,66,67,272886,0,0,314
"05095","5","SIC_0H61","29","0",1981,"1","N","Monroe County, Arkansas","Private","SIC 61 Nondepository Institutions","County, 2-digit SIC -- by ownership sector","All establishment sizes",0,0,0,0,0,0,0,0
"05095","5","SIC_0H61","29","0",1981,"2","N","Monroe County, Arkansas","Private","SIC 61 Nondepository Institutions","County, 2-digit SIC -- by ownership sector","All establishment sizes",0,0,0,0,0,0,0,0
"05095","5","SIC_0H61","29","0",1981,"3","N","Monroe County, Arkansas","Private","SIC 61 Nondepository Institutions","County, 2-digit SIC -- by ownership sector","All establishment sizes",0,0,0,0,0,0,0,0
"05095","5","SIC_0H61","29","0",1981,"4","N","Monroe County, Arkansas","Private","SIC 61 Nondepository Institutions","County, 2-digit SIC -- by ownership sector","All establishment sizes",0,0,0,0,0,0,0,0
"05095","5","SIC_0H64","29","0",1981,"1","N","Monroe County, Arkansas","Private","SIC 64 Insurance Agents, Brokers, and Service","County, 2-digit SIC -- by ownership sector","All establishment sizes",0,0,0,0,0,0,0,0
"05095","5","SIC_0H64","29","0",1981,"2","N","Monroe County, Arkansas","Private","SIC 64 Insurance Agents, Brokers, and Service","County, 2-digit SIC -- by ownership sector","All establishment sizes",0,0,0,0,0,0,0,0
"05095","5","SIC_0H64","29","0",1981,"3","N","Monroe County, Arkansas","Private","SIC 64 Insurance Agents, Brokers, and Service","County, 2-digit SIC -- by ownership sector","All establishment sizes",0,0,0,0,0,0,0,0
"05095","5","SIC_0H64","29","0",1981,"4","","Monroe County, Arkansas","Private","SIC 64 Insurance Agents, Brokers, and Service","County, 2-digit SIC -- by ownership sector","All establishment sizes",7,10,9,9,17927,0,0,147
"05095","5","SIC_0H65","29","0",1981,"1","","Monroe County, Arkansas","Private","SIC 65 Real Estate","County, 2-digit SIC -- by ownership sector","All establishment sizes",8,14,14,14,34366,0,0,188
"05095","5","SIC_0H65","29","0",1981,"2","","Monroe County, Arkansas","Private","SIC 65 Real Estate","County, 2-digit SIC -- by ownership sector","All establishment sizes",8,24,24,27,68012,0,0,209
"05095","5","SIC_0H65","29","0",1981,"3","","Monroe County, Arkansas","Private","SIC 65 Real Estate","County, 2-digit SIC -- by ownership sector","All establishment sizes",7,24,26,26,71838,0,0,218
"05095","5","SIC_0H65","29","0",1981,"4","","Monroe County, Arkansas","Private","SIC 65 Real Estate","County, 2-digit SIC -- by ownership sector","All establishment sizes",7,28,26,26,73395,0,0,211
"05095","5","SIC_0H67","29","0",1981,"1","","Monroe County, Arkansas","Private","SIC 67 Holding and Other Investment Offices","County, 2-digit SIC -- by ownership sector","All establishment sizes",0,0,0,0,0,0,0,0
"05095","5","SIC_0H67","29","0",1981,"2","","Monroe County, Arkansas","Private","SIC 67 Holding and Other Investment Offices","County, 2-digit SIC -- by ownership sector","All establishment sizes",0,0,0,0,0,0,0,0
"05095","5","SIC_0H67","29","0",1981,"3","","Monroe County, Arkansas","Private","SIC 67 Holding and Other Investment Offices","County, 2-digit SIC -- by ownership sector","All establishment sizes",0,0,0,0,0,0,0,0
"05095","5","SIC_0H67","29","0",1981,"4","N","Monroe County, Arkansas","Private","SIC 67 Holding and Other Investment Offices","County, 2-digit SIC -- by ownership sector","All establishment sizes",0,0,0,0,0,0,0,0
"05095","5","SIC_0I","28","0",1981,"1","","Monroe County, Arkansas","Private","Services Division","County, Industry Division -- by ownership sector","All establishment sizes",62,317,318,314,557717,0,0,135
"05095","5","SIC_0I","28","0",1981,"2","","Monroe County, Arkansas","Private","Services Division","County, Industry Division -- by ownership sector","All establishment sizes",62,303,301,262,568221,0,0,151
"05095","5","SIC_0I","28","0",1981,"3","","Monroe County, Arkansas","Private","Services Division","County, Industry Division -- by ownership sector","All establishment sizes",65,263,261,281,523799,0,0,150
"05095","5","SIC_0I","28","0",1981,"4","","Monroe County, Arkansas","Private","Services Division","County, Industry Division -- by ownership sector","All establishment sizes",67,279,276,282,597934,0,0,164
"05095","5","SIC_0I70","29","0",1981,"1","","Monroe County, Arkansas","Private","SIC 70 Hotels and Other Lodging Places","County, 2-digit SIC -- by ownership sector","All establishment sizes",7,50,52,52,84253,0,0,126
"05095","5","SIC_0I70","29","0",1981,"2","","Monroe County, Arkansas","Private","SIC 70 Hotels and Other Lodging Places","County, 2-digit SIC -- by ownership sector","All establishment sizes",7,53,54,55,110363,0,0,157
"05095","5","SIC_0I70","29","0",1981,"3","","Monroe County, Arkansas","Private","SIC 70 Hotels and Other Lodging Places","County, 2-digit SIC -- by ownership sector","All establishment sizes",7,52,50,49,100695,0,0,153
"05095","5","SIC_0I70","29","0",1981,"4","","Monroe County, Arkansas","Private","SIC 70 Hotels and Other Lodging Places","County, 2-digit SIC -- by ownership sector","All establishment sizes",7,47,47,54,103522,0,0,161
"05095","5","SIC_0I72","29","0",1981,"1","","Monroe County, Arkansas","Private","SIC 72 Personal Services","County, 2-digit SIC -- by ownership sector","All establishment sizes",12,27,28,26,41924,0,0,119
"05095","5","SIC_0I72","29","0",1981,"2","","Monroe County, Arkansas","Private","SIC 72 Personal Services","County, 2-digit SIC -- by ownership sector","All establishment sizes",12,23,24,23,38293,0,0,126
"05095","5","SIC_0I72","29","0",1981,"3","","Monroe County, Arkansas","Private","SIC 72 Personal Services","County, 2-digit SIC -- by ownership sector","All establishment sizes",13,22,23,23,35764,0,0,121
"05095","5","SIC_0I72","29","0",1981,"4","","Monroe County, Arkansas","Private","SIC 72 Personal Services","County, 2-digit SIC -- by ownership sector","All establishment sizes",12,24,24,23,41691,0,0,135
"05095","5","SIC_0I73","29","0",1981,"1","N","Monroe County, Arkansas","Private","SIC 73 Business Services","County, 2-digit SIC -- by ownership sector","All establishment sizes",0,0,0,0,0,0,0,0
"05095","5","SIC_0I73","29","0",1981,"2","N","Monroe County, Arkansas","Private","SIC 73 Business Services","County, 2-digit SIC -- by ownership sector","All establishment sizes",0,0,0,0,0,0,0,0
"05095","5","SIC_0I73","29","0",1981,"3","N","Monroe County, Arkansas","Private","SIC 73 Business Services","County, 2-digit SIC -- by ownership sector","All establishment sizes",0,0,0,0,0,0,0,0
"05095","5","SIC_0I73","29","0",1981,"4","","Monroe County, Arkansas","Private","SIC 73 Business Services","County, 2-digit SIC -- by ownership sector","All establishment sizes",0,0,0,0,0,0,0,0
"05095","5","SIC_0I75","29","0",1981,"1","","Monroe County, Arkansas","Private","SIC 75 Auto Repair, Services, and Parking","County, 2-digit SIC -- by ownership sector","All establishment sizes",4,10,12,11,28500,0,0,199
"05095","5","SIC_0I75","29","0",1981,"2","","Monroe County, Arkansas","Private","SIC 75 Auto Repair, Services, and Parking","County, 2-digit SIC -- by ownership sector","All establishment sizes",4,11,10,9,28802,0,0,221
"05095","5","SIC_0I75","29","0",1981,"3","","Monroe County, Arkansas","Private","SIC 75 Auto Repair, Services, and Parking","County, 2-digit SIC -- by ownership sector","All establishment sizes",4,12,12,15,36714,0,0,217
"05095","5","SIC_0I75","29","0",1981,"4","","Monroe County, Arkansas","Private","SIC 75 Auto Repair, Services, and Parking","County, 2-digit SIC -- by ownership sector","All establishment sizes",4,13,12,12,56093,0,0,349
"05095","5","SIC_0I76","29","0",1981,"1","","Monroe County, Arkansas","Private","SIC 76 Miscellaneous Repair Services","County, 2-digit SIC -- by ownership sector","All establishment sizes",0,0,0,0,0,0,0,0
"05095","5","SIC_0I76","29","0",1981,"2","","Monroe County, Arkansas","Private","SIC 76 Miscellaneous Repair Services","County, 2-digit SIC -- by ownership sector","All establishment sizes",0,0,0,0,0,0,0,0
"05095","5","SIC_0I76","29","0",1981,"3","N","Monroe County, Arkansas","Private","SIC 76 Miscellaneous Repair Services","County, 2-digit SIC -- by ownership sector","All establishment sizes",0,0,0,0,0,0,0,0
"05095","5","SIC_0I76","29","0",1981,"4","","Monroe County, Arkansas","Private","SIC 76 Miscellaneous Repair Services","County, 2-digit SIC -- by ownership sector","All establishment sizes",0,0,0,0,0,0,0,0
"05095","5","SIC_0I79","29","0",1981,"1","","Monroe County, Arkansas","Private","SIC 79 Amusement and Recreation Services","County, 2-digit SIC -- by ownership sector","All establishment sizes",4,3,3,3,7500,0,0,192
"05095","5","SIC_0I79","29","0",1981,"2","","Monroe County, Arkansas","Private","SIC 79 Amusement and Recreation Services","County, 2-digit SIC -- by ownership sector","All establishment sizes",4,3,5,4,7634,0,0,146
"05095","5","SIC_0I79","29","0",1981,"3","","Monroe County, Arkansas","Private","SIC 79 Amusement and Recreation Services","County, 2-digit SIC -- by ownership sector","All establishment sizes",4,5,4,4,7292,0,0,129
"05095","5","SIC_0I79","29","0",1981,"4","","Monroe County, Arkansas","Private","SIC 79 Amusement and Recreation Services","County, 2-digit SIC -- by ownership sector","All establishment sizes",4,4,4,5,8762,0,0,155
"05095","5","SIC_0I80","29","0",1981,"1","","Monroe County, Arkansas","Private","SIC 80 Health Services","County, 2-digit SIC -- by ownership sector","All establishment sizes",12,93,92,90,168721,0,0,141
"05095","5","SIC_0I80","29","0",1981,"2","","Monroe County, Arkansas","Private","SIC 80 Health Services","County, 2-digit SIC -- by ownership sector","All establishment sizes",12,97,97,93,199620,0,0,160
"05095","5","SIC_0I80","29","0",1981,"3","","Monroe County, Arkansas","Private","SIC 80 Health Services","County, 2-digit SIC -- by ownership sector","All establishment sizes",13,94,95,97,187306,0,0,151
"05095","5","SIC_0I80","29","0",1981,"4","","Monroe County, Arkansas","Private","SIC 80 Health Services","County, 2-digit SIC -- by ownership sector","All establishment sizes",15,100,99,99,220565,0,0,170
"05095","5","SIC_0I81","29","0",1981,"1","","Monroe County, Arkansas","Private","SIC 81 Legal Services","County, 2-digit SIC -- by ownership sector","All establishment sizes",6,12,12,11,24631,0,0,162
"05095","5","SIC_0I81","29","0",1981,"2","","Monroe County, Arkansas","Private","SIC 81 Legal Services","County, 2-digit SIC -- by ownership sector","All establishment sizes",6,10,10,10,21812,0,0,167
"05095","5","SIC_0I81","29","0",1981,"3","","Monroe County, Arkansas","Private","SIC 81 Legal Services","County, 2-digit SIC -- by ownership sector","All establishment sizes",6,10,10,11,24282,0,0,180
"05095","5","SIC_0I81","29","0",1981,"4","","Monroe County, Arkansas","Private","SIC 81 Legal Services","County, 2-digit SIC -- by ownership sector","All establishment sizes",6,11,11,11,31646,0,0,221
"05095","5","SIC_0I82","29","0",1981,"1","N","Monroe County, Arkansas","Private","SIC 82 Educational Services","County, 2-digit SIC -- by ownership sector","All establishment sizes",0,0,0,0,0,0,0,0
"05095","5","SIC_0I82","29","0",1981,"2","N","Monroe County, Arkansas","Private","SIC 82 Educational Services","County, 2-digit SIC -- by ownership sector","All establishment sizes",0,0,0,0,0,0,0,0
"05095","5","SIC_0I82","29","0",1981,"3","N","Monroe County, Arkansas","Private","SIC 82 Educational Services","County, 2-digit SIC -- by ownership sector","All establishment sizes",0,0,0,0,0,0,0,0
"05095","5","SIC_0I82","29","0",1981,"4","N","Monroe County, Arkansas","Private","SIC 82 Educational Services","County, 2-digit SIC -- by ownership sector","All establishment sizes",0,0,0,0,0,0,0,0
"05095","5","SIC_0I83","29","0",1981,"1","","Monroe County, Arkansas","Private","SIC 83 Social Services","County, 2-digit SIC -- by ownership sector","All establishment sizes",5,87,85,87,126186,0,0,112
"05095","5","SIC_0I83","29","0",1981,"2","","Monroe County, Arkansas","Private","SIC 83 Social Services","County, 2-digit SIC -- by ownership sector","All establishment sizes",5,70,66,35,81205,0,0,109
"05095","5","SIC_0I83","29","0",1981,"3","","Monroe County, Arkansas","Private","SIC 83 Social Services","County, 2-digit SIC -- by ownership sector","All establishment sizes",5,33,30,46,56232,0,0,119
"05095","5","SIC_0I83","29","0",1981,"4","","Monroe County, Arkansas","Private","SIC 83 Social Services","County, 2-digit SIC -- by ownership sector","All establishment sizes",5,44,44,42,62362,0,0,110
"05095","5","SIC_0I86","29","0",1981,"1","N","Monroe County, Arkansas","Private","SIC 86 Membership Organizations","County, 2-digit SIC -- by ownership sector","All establishment sizes",0,0,0,0,0,0,0,0
"05095","5","SIC_0I86","29","0",1981,"2","N","Monroe County, Arkansas","Private","SIC 86 Membership Organizations","County, 2-digit SIC -- by ownership sector","All establishment sizes",0,0,0,0,0,0,0,0
"05095","5","SIC_0I86","29","0",1981,"3","N","Monroe County, Arkansas","Private","SIC 86 Membership Organizations","County, 2-digit SIC -- by ownership sector","All establishment sizes",0,0,0,0,0,0,0,0
"05095","5","SIC_0I86","29","0",1981,"4","N","Monroe County, Arkansas","Private","SIC 86 Membership Organizations","County, 2-digit SIC -- by ownership sector","All establishment sizes",0,0,0,0,0,0,0,0
"05095","5","SIC_0I88","29","0",1981,"1","","Monroe County, Arkansas","Private","SIC 88 Private Households","County, 2-digit SIC -- by ownership sector","All establishment sizes",3,7,7,7,7194,0,0,79
"05095","5","SIC_0I88","29","0",1981,"2","","Monroe County, Arkansas","Private","SIC 88 Private Households","County, 2-digit SIC -- by ownership sector","All establishment sizes",3,7,7,7,7515,0,0,82
"05095","5","SIC_0I88","29","0",1981,"3","","Monroe County, Arkansas","Private","SIC 88 Private Households","County, 2-digit SIC -- by ownership sector","All establishment sizes",3,7,7,8,7177,0,0,75
"05095","5","SIC_0I88","29","0",1981,"4","","Monroe County, Arkansas","Private","SIC 88 Private Households","County, 2-digit SIC -- by ownership sector","All establishment sizes",6,11,11,11,11770,0,0,82
"05095","5","SIC_0I89","29","0",1981,"1","","Monroe County, Arkansas","Private","SIC 89 Services, Nec","County, 2-digit SIC -- by ownership sector","All establishment sizes",4,20,20,20,59017,0,0,226
"05095","5","SIC_0I89","29","0",1981,"2","","Monroe County, Arkansas","Private","SIC 89 Services, Nec","County, 2-digit SIC -- by ownership sector","All establishment sizes",4,21,20,19,63679,0,0,244
"05095","5","SIC_0I89","29","0",1981,"3","","Monroe County, Arkansas","Private","SIC 89 Services, Nec","County, 2-digit SIC -- by ownership sector","All establishment sizes",4,19,17,18,58628,0,0,250
"05095","5","SIC_0I89","29","0",1981,"4","","Monroe County, Arkansas","Private","SIC 89 Services, Nec","County, 2-digit SIC -- by ownership sector","All establishment sizes",4,18,17,18,52649,0,0,229
