"area_fips","own_code","industry_code","agglvl_code","size_code","year","qtr","disclosure_code","area_title","own_title","industry_title","agglvl_title","size_title","qtrly_estabs_count","month1_emplvl","month2_emplvl","month3_emplvl","total_qtrly_wages","taxable_qtrly_wages","qtrly_contributions","avg_wkly_wage"
"04023","0","SIC_0Z","26","0",1981,"1","","Santa Cruz County, Arizona","Total Covered","All Industries","County, Total Covered","All establishment sizes",665,7858,7973,8070,22660078,0,0,218
"04023","0","SIC_0Z","26","0",1981,"2","","Santa Cruz County, Arizona","Total Covered","All Industries","County, Total Covered","All establishment sizes",675,8316,8182,7758,24681252,0,0,234
"04023","0","SIC_0Z","26","0",1981,"3","","Santa Cruz County, Arizona","Total Covered","All Industries","County, Total Covered","All establishment sizes",671,7314,7344,7437,22534014,0,0,235
"04023","0","SIC_0Z","26","0",1981,"4","","Santa Cruz County, Arizona","Total Covered","All Industries","County, Total Covered","All establishment sizes",677,7490,7738,8086,24426714,0,0,241
"04023","1","SIC_0Z","27","0",1981,"1","","Santa Cruz County, Arizona","Federal Government","All Industries","County, Total -- by ownership sector","All establishment sizes",11,372,370,363,2487411,0,0,519
"04023","1","SIC_0Z","27","0",1981,"2","","Santa Cruz County, Arizona","Federal Government","All Industries","County, Total -- by ownership sector","All establishment sizes",11,374,375,377,2265429,0,0,464
"04023","1","SIC_0Z","27","0",1981,"3","","Santa Cruz County, Arizona","Federal Government","All Industries","County, Total -- by ownership sector","All establishment sizes",11,367,367,363,2346135,0,0,493
"04023","1","SIC_0Z","27","0",1981,"4","","Santa Cruz County, Arizona","Federal Government","All Industries","County, Total -- by ownership sector","All establishment sizes",11,362,360,358,2200271,0,0,470
"04023","1","SIC_0E","28","0",1981,"1","","Santa Cruz County, Arizona","Federal Government","Transportation and Public Utilities Division","County, Industry Division -- by ownership sector","All establishment sizes",1,36,36,36,187150,0,0,399
"04023","1","SIC_0E","28","0",1981,"2","","Santa Cruz County, Arizona","Federal Government","Transportation and Public Utilities Division","County, Industry Division -- by ownership sector","All establishment sizes",1,42,42,42,166579,0,0,305
"04023","1","SIC_0E","28","0",1981,"3","","Santa Cruz County, Arizona","Federal Government","Transportation and Public Utilities Division","County, Industry Division -- by ownership sector","All establishment sizes",1,37,39,39,219200,0,0,439
"04023","1","SIC_0E","28","0",1981,"4","","Santa Cruz County, Arizona","Federal Government","Transportation and Public Utilities Division","County, Industry Division -- by ownership sector","All establishment sizes",1,39,38,38,224517,0,0,450
"04023","1","SIC_0E43","29","0",1981,"1","","Santa Cruz County, Arizona","Federal Government","SIC 43 U.S. Postal Service","County, 2-digit SIC -- by ownership sector","All establishment sizes",1,36,36,36,187150,0,0,399
"04023","1","SIC_0E43","29","0",1981,"2","","Santa Cruz County, Arizona","Federal Government","SIC 43 U.S. Postal Service","County, 2-digit SIC -- by ownership sector","All establishment sizes",1,42,42,42,166579,0,0,305
"04023","1","SIC_0E43","29","0",1981,"3","","Santa Cruz County, Arizona","Federal Government","SIC 43 U.S. Postal Service","County, 2-digit SIC -- by ownership sector","All establishment sizes",1,37,39,39,219200,0,0,439
"04023","1","SIC_0E43","29","0",1981,"4","","Santa Cruz County, Arizona","Federal Government","SIC 43 U.S. Postal Service","County, 2-digit SIC -- by ownership sector","All establishment sizes",1,39,38,38,224517,0,0,450
"04023","1","SIC_0I","28","0",1981,"1","","Santa Cruz County, Arizona","Federal Government","Services Division","County, Industry Division -- by ownership sector","All establishment sizes",3,36,37,35,184625,0,0,394
"04023","1","SIC_0I","28","0",1981,"2","","Santa Cruz County, Arizona","Federal Government","Services Division","County, Industry Division -- by ownership sector","All establishment sizes",3,34,34,33,171206,0,0,391
"04023","1","SIC_0I","28","0",1981,"3","","Santa Cruz County, Arizona","Federal Government","Services Division","County, Industry Division -- by ownership sector","All establishment sizes",3,35,35,35,199459,0,0,438
"04023","1","SIC_0I","28","0",1981,"4","","Santa Cruz County, Arizona","Federal Government","Services Division","County, Industry Division -- by ownership sector","All establishment sizes",3,33,35,33,176593,0,0,403
"04023","1","SIC_0I79","29","0",1981,"1","","Santa Cruz County, Arizona","Federal Government","SIC 79 Amusement and Recreation Services","County, 2-digit SIC -- by ownership sector","All establishment sizes",1,8,9,8,21034,0,0,194
"04023","1","SIC_0I79","29","0",1981,"2","","Santa Cruz County, Arizona","Federal Government","SIC 79 Amusement and Recreation Services","County, 2-digit SIC -- by ownership sector","All establishment sizes",1,8,9,8,31903,0,0,294
"04023","1","SIC_0I79","29","0",1981,"3","","Santa Cruz County, Arizona","Federal Government","SIC 79 Amusement and Recreation Services","County, 2-digit SIC -- by ownership sector","All establishment sizes",1,9,9,8,37204,0,0,330
"04023","1","SIC_0I79","29","0",1981,"4","","Santa Cruz County, Arizona","Federal Government","SIC 79 Amusement and Recreation Services","County, 2-digit SIC -- by ownership sector","All establishment sizes",1,9,8,8,30211,0,0,278
"04023","1","SIC_0I80","29","0",1981,"1","","Santa Cruz County, Arizona","Federal Government","SIC 80 Health Services","County, 2-digit SIC -- by ownership sector","All establishment sizes",1,1,1,1,8467,0,0,651
"04023","1","SIC_0I80","29","0",1981,"2","","Santa Cruz County, Arizona","Federal Government","SIC 80 Health Services","County, 2-digit SIC -- by ownership sector","All establishment sizes",1,1,1,1,6220,0,0,478
"04023","1","SIC_0I80","29","0",1981,"3","","Santa Cruz County, Arizona","Federal Government","SIC 80 Health Services","County, 2-digit SIC -- by ownership sector","All establishment sizes",1,1,1,1,7429,0,0,571
"04023","1","SIC_0I80","29","0",1981,"4","","Santa Cruz County, Arizona","Federal Government","SIC 80 Health Services","County, 2-digit SIC -- by ownership sector","All establishment sizes",1,1,1,1,6683,0,0,514
"04023","1","SIC_0I84","29","0",1981,"1","","Santa Cruz County, Arizona","Federal Government","SIC 84 Museums, Botanical, Zoological Gardens","County, 2-digit SIC -- by ownership sector","All establishment sizes",1,27,27,26,155124,0,0,447
"04023","1","SIC_0I84","29","0",1981,"2","","Santa Cruz County, Arizona","Federal Government","SIC 84 Museums, Botanical, Zoological Gardens","County, 2-digit SIC -- by ownership sector","All establishment sizes",1,25,24,24,133083,0,0,420
"04023","1","SIC_0I84","29","0",1981,"3","","Santa Cruz County, Arizona","Federal Government","SIC 84 Museums, Botanical, Zoological Gardens","County, 2-digit SIC -- by ownership sector","All establishment sizes",1,25,25,26,154826,0,0,470
"04023","1","SIC_0I84","29","0",1981,"4","","Santa Cruz County, Arizona","Federal Government","SIC 84 Museums, Botanical, Zoological Gardens","County, 2-digit SIC -- by ownership sector","All establishment sizes",1,23,26,24,139699,0,0,441
"04023","1","SIC_0J","28","0",1981,"1","","Santa Cruz County, Arizona","Federal Government","Public Administration Division","County, Industry Division -- by ownership sector","All establishment sizes",7,300,297,292,2115636,0,0,549
"04023","1","SIC_0J","28","0",1981,"2","","Santa Cruz County, Arizona","Federal Government","Public Administration Division","County, Industry Division -- by ownership sector","All establishment sizes",7,298,299,302,1927644,0,0,494
"04023","1","SIC_0J","28","0",1981,"3","","Santa Cruz County, Arizona","Federal Government","Public Administration Division","County, Industry Division -- by ownership sector","All establishment sizes",7,295,293,289,1927476,0,0,507
"04023","1","SIC_0J","28","0",1981,"4","","Santa Cruz County, Arizona","Federal Government","Public Administration Division","County, Industry Division -- by ownership sector","All establishment sizes",7,290,287,287,1799161,0,0,480
"04023","1","SIC_0J91","29","0",1981,"1","","Santa Cruz County, Arizona","Federal Government","SIC 91 Executive, Legislative, and General","County, 2-digit SIC -- by ownership sector","All establishment sizes",1,13,13,13,56920,0,0,336
"04023","1","SIC_0J91","29","0",1981,"2","","Santa Cruz County, Arizona","Federal Government","SIC 91 Executive, Legislative, and General","County, 2-digit SIC -- by ownership sector","All establishment sizes",1,14,13,13,51243,0,0,295
"04023","1","SIC_0J91","29","0",1981,"3","","Santa Cruz County, Arizona","Federal Government","SIC 91 Executive, Legislative, and General","County, 2-digit SIC -- by ownership sector","All establishment sizes",1,13,13,12,60310,0,0,366
"04023","1","SIC_0J91","29","0",1981,"4","","Santa Cruz County, Arizona","Federal Government","SIC 91 Executive, Legislative, and General","County, 2-digit SIC -- by ownership sector","All establishment sizes",1,12,12,12,49889,0,0,319
"04023","1","SIC_0J92","29","0",1981,"1","","Santa Cruz County, Arizona","Federal Government","SIC 92 Justice, Public Order, and Safety","County, 2-digit SIC -- by ownership sector","All establishment sizes",1,89,90,90,633849,0,0,543
"04023","1","SIC_0J92","29","0",1981,"2","","Santa Cruz County, Arizona","Federal Government","SIC 92 Justice, Public Order, and Safety","County, 2-digit SIC -- by ownership sector","All establishment sizes",1,89,88,90,614586,0,0,531
"04023","1","SIC_0J92","29","0",1981,"3","","Santa Cruz County, Arizona","Federal Government","SIC 92 Justice, Public Order, and Safety","County, 2-digit SIC -- by ownership sector","All establishment sizes",1,86,86,87,605943,0,0,539
"04023","1","SIC_0J92","29","0",1981,"4","","Santa Cruz County, Arizona","Federal Government","SIC 92 Justice, Public Order, and Safety","County, 2-digit SIC -- by ownership sector","All establishment sizes",1,86,83,84,572907,0,0,522
"04023","1","SIC_0J93","29","0",1981,"1","","Santa Cruz County, Arizona","Federal Government","SIC 93 Finance, Taxation, and Monetary Policy","County, 2-digit SIC -- by ownership sector","All establishment sizes",1,152,150,145,1192823,0,0,615
"04023","1","SIC_0J93","29","0",1981,"2","","Santa Cruz County, Arizona","Federal Government","SIC 93 Finance, Taxation, and Monetary Policy","County, 2-digit SIC -- by ownership sector","All establishment sizes",1,144,145,145,979936,0,0,521
"04023","1","SIC_0J93","29","0",1981,"3","","Santa Cruz County, Arizona","Federal Government","SIC 93 Finance, Taxation, and Monetary Policy","County, 2-digit SIC -- by ownership sector","All establishment sizes",1,143,143,143,1004313,0,0,540
"04023","1","SIC_0J93","29","0",1981,"4","","Santa Cruz County, Arizona","Federal Government","SIC 93 Finance, Taxation, and Monetary Policy","County, 2-digit SIC -- by ownership sector","All establishment sizes",1,142,142,142,888199,0,0,481
"04023","1","SIC_0J95","29","0",1981,"1","","Santa Cruz County, Arizona","Federal Government","SIC 95 Environmental Quality and Housing","County, 2-digit SIC -- by ownership sector","All establishment sizes",1,25,23,23,83557,0,0,271
"04023","1","SIC_0J95","29","0",1981,"2","","Santa Cruz County, Arizona","Federal Government","SIC 95 Environmental Quality and Housing","County, 2-digit SIC -- by ownership sector","All establishment sizes",1,30,32,32,117573,0,0,288
"04023","1","SIC_0J95","29","0",1981,"3","","Santa Cruz County, Arizona","Federal Government","SIC 95 Environmental Quality and Housing","County, 2-digit SIC -- by ownership sector","All establishment sizes",1,31,30,26,113542,0,0,301
"04023","1","SIC_0J95","29","0",1981,"4","","Santa Cruz County, Arizona","Federal Government","SIC 95 Environmental Quality and Housing","County, 2-digit SIC -- by ownership sector","All establishment sizes",1,27,27,26,113681,0,0,327
"04023","1","SIC_0J96","29","0",1981,"1","","Santa Cruz County, Arizona","Federal Government","SIC 96 Administration of Economic Programs","County, 2-digit SIC -- by ownership sector","All establishment sizes",3,21,21,21,148487,0,0,543
"04023","1","SIC_0J96","29","0",1981,"2","","Santa Cruz County, Arizona","Federal Government","SIC 96 Administration of Economic Programs","County, 2-digit SIC -- by ownership sector","All establishment sizes",3,21,21,22,164306,0,0,592
"04023","1","SIC_0J96","29","0",1981,"3","","Santa Cruz County, Arizona","Federal Government","SIC 96 Administration of Economic Programs","County, 2-digit SIC -- by ownership sector","All establishment sizes",3,22,21,21,143368,0,0,516
"04023","1","SIC_0J96","29","0",1981,"4","","Santa Cruz County, Arizona","Federal Government","SIC 96 Administration of Economic Programs","County, 2-digit SIC -- by ownership sector","All establishment sizes",3,23,23,23,174485,0,0,583
"04023","2","SIC_0Z","27","0",1981,"1","","Santa Cruz County, Arizona","State Government","All Industries","County, Total -- by ownership sector","All establishment sizes",4,108,108,108,374200,0,0,266
"04023","2","SIC_0Z","27","0",1981,"2","","Santa Cruz County, Arizona","State Government","All Industries","County, Total -- by ownership sector","All establishment sizes",4,112,111,112,439715,0,0,302
"04023","2","SIC_0Z","27","0",1981,"3","","Santa Cruz County, Arizona","State Government","All Industries","County, Total -- by ownership sector","All establishment sizes",4,111,111,111,403540,0,0,279
"04023","2","SIC_0Z","27","0",1981,"4","","Santa Cruz County, Arizona","State Government","All Industries","County, Total -- by ownership sector","All establishment sizes",4,109,109,109,506955,0,0,357
"04023","2","SIC_0J","28","0",1981,"1","","Santa Cruz County, Arizona","State Government","Public Administration Division","County, Industry Division -- by ownership sector","All establishment sizes",4,108,108,108,374200,0,0,266
"04023","2","SIC_0J","28","0",1981,"2","","Santa Cruz County, Arizona","State Government","Public Administration Division","County, Industry Division -- by ownership sector","All establishment sizes",4,112,111,112,439715,0,0,302
"04023","2","SIC_0J","28","0",1981,"3","","Santa Cruz County, Arizona","State Government","Public Administration Division","County, Industry Division -- by ownership sector","All establishment sizes",4,111,111,111,403540,0,0,279
"04023","2","SIC_0J","28","0",1981,"4","","Santa Cruz County, Arizona","State Government","Public Administration Division","County, Industry Division -- by ownership sector","All establishment sizes",4,109,109,109,506955,0,0,357
"04023","2","SIC_0J91","29","0",1981,"1","N","Santa Cruz County, Arizona","State Government","SIC 91 Executive, Legislative, and General","County, 2-digit SIC -- by ownership sector","All establishment sizes",0,0,0,0,0,0,0,0
"04023","2","SIC_0J91","29","0",1981,"2","N","Santa Cruz County, Arizona","State Government","SIC 91 Executive, Legislative, and General","County, 2-digit SIC -- by ownership sector","All establishment sizes",0,0,0,0,0,0,0,0
"04023","2","SIC_0J91","29","0",1981,"3","N","Santa Cruz County, Arizona","State Government","SIC 91 Executive, Legislative, and General","County, 2-digit SIC -- by ownership sector","All establishment sizes",0,0,0,0,0,0,0,0
"04023","2","SIC_0J91","29","0",1981,"4","N","Santa Cruz County, Arizona","State Government","SIC 91 Executive, Legislative, and General","County, 2-digit SIC -- by ownership sector","All establishment sizes",0,0,0,0,0,0,0,0
"04023","2","SIC_0J92","29","0",1981,"1","N","Santa Cruz County, Arizona","State Government","SIC 92 Justice, Public Order, and Safety","County, 2-digit SIC -- by ownership sector","All establishment sizes",0,0,0,0,0,0,0,0
"04023","2","SIC_0J92","29","0",1981,"2","N","Santa Cruz County, Arizona","State Government","SIC 92 Justice, Public Order, and Safety","County, 2-digit SIC -- by ownership sector","All establishment sizes",0,0,0,0,0,0,0,0
"04023","2","SIC_0J92","29","0",1981,"3","N","Santa Cruz County, Arizona","State Government","SIC 92 Justice, Public Order, and Safety","County, 2-digit SIC -- by ownership sector","All establishment sizes",0,0,0,0,0,0,0,0
"04023","2","SIC_0J92","29","0",1981,"4","N","Santa Cruz County, Arizona","State Government","SIC 92 Justice, Public Order, and Safety","County, 2-digit SIC -- by ownership sector","All establishment sizes",0,0,0,0,0,0,0,0
"04023","2","SIC_0J94","29","0",1981,"1","N","Santa Cruz County, Arizona","State Government","SIC 94 Administration of Human Resources","County, 2-digit SIC -- by ownership sector","All establishment sizes",0,0,0,0,0,0,0,0
"04023","2","SIC_0J94","29","0",1981,"2","N","Santa Cruz County, Arizona","State Government","SIC 94 Administration of Human Resources","County, 2-digit SIC -- by ownership sector","All establishment sizes",0,0,0,0,0,0,0,0
"04023","2","SIC_0J94","29","0",1981,"3","N","Santa Cruz County, Arizona","State Government","SIC 94 Administration of Human Resources","County, 2-digit SIC -- by ownership sector","All establishment sizes",0,0,0,0,0,0,0,0
"04023","2","SIC_0J94","29","0",1981,"4","N","Santa Cruz County, Arizona","State Government","SIC 94 Administration of Human Resources","County, 2-digit SIC -- by ownership sector","All establishment sizes",0,0,0,0,0,0,0,0
"04023","2","SIC_0J96","29","0",1981,"1","N","Santa Cruz County, Arizona","State Government","SIC 96 Administration of Economic Programs","County, 2-digit SIC -- by ownership sector","All establishment sizes",0,0,0,0,0,0,0,0
"04023","2","SIC_0J96","29","0",1981,"2","N","Santa Cruz County, Arizona","State Government","SIC 96 Administration of Economic Programs","County, 2-digit SIC -- by ownership sector","All establishment sizes",0,0,0,0,0,0,0,0
"04023","2","SIC_0J96","29","0",1981,"3","N","Santa Cruz County, Arizona","State Government","SIC 96 Administration of Economic Programs","County, 2-digit SIC -- by ownership sector","All establishment sizes",0,0,0,0,0,0,0,0
"04023","2","SIC_0J96","29","0",1981,"4","N","Santa Cruz County, Arizona","State Government","SIC 96 Administration of Economic Programs","County, 2-digit SIC -- by ownership sector","All establishment sizes",0,0,0,0,0,0,0,0
"04023","3","SIC_0Z","27","0",1981,"1","","Santa Cruz County, Arizona","Local Government","All Industries","County, Total -- by ownership sector","All establishment sizes",30,1028,1030,1027,2853114,0,0,213
"04023","3","SIC_0Z","27","0",1981,"2","","Santa Cruz County, Arizona","Local Government","All Industries","County, Total -- by ownership sector","All establishment sizes",30,960,948,701,3235364,0,0,286
"04023","3","SIC_0Z","27","0",1981,"3","","Santa Cruz County, Arizona","Local Government","All Industries","County, Total -- by ownership sector","All establishment sizes",30,730,752,926,2193109,0,0,210
"04023","3","SIC_0Z","27","0",1981,"4","","Santa Cruz County, Arizona","Local Government","All Industries","County, Total -- by ownership sector","All establishment sizes",29,933,948,944,2882526,0,0,235
"04023","3","SIC_0C","28","0",1981,"1","N","Santa Cruz County, Arizona","Local Government","Construction Division","County, Industry Division -- by ownership sector","All establishment sizes",0,0,0,0,0,0,0,0
"04023","3","SIC_0C","28","0",1981,"2","N","Santa Cruz County, Arizona","Local Government","Construction Division","County, Industry Division -- by ownership sector","All establishment sizes",0,0,0,0,0,0,0,0
"04023","3","SIC_0C","28","0",1981,"3","N","Santa Cruz County, Arizona","Local Government","Construction Division","County, Industry Division -- by ownership sector","All establishment sizes",0,0,0,0,0,0,0,0
"04023","3","SIC_0C","28","0",1981,"4","N","Santa Cruz County, Arizona","Local Government","Construction Division","County, Industry Division -- by ownership sector","All establishment sizes",0,0,0,0,0,0,0,0
"04023","3","SIC_0C16","29","0",1981,"1","N","Santa Cruz County, Arizona","Local Government","SIC 16 Heavy Construction, ex. Building","County, 2-digit SIC -- by ownership sector","All establishment sizes",0,0,0,0,0,0,0,0
"04023","3","SIC_0C16","29","0",1981,"2","N","Santa Cruz County, Arizona","Local Government","SIC 16 Heavy Construction, ex. Building","County, 2-digit SIC -- by ownership sector","All establishment sizes",0,0,0,0,0,0,0,0
"04023","3","SIC_0C16","29","0",1981,"3","N","Santa Cruz County, Arizona","Local Government","SIC 16 Heavy Construction, ex. Building","County, 2-digit SIC -- by ownership sector","All establishment sizes",0,0,0,0,0,0,0,0
"04023","3","SIC_0C16","29","0",1981,"4","N","Santa Cruz County, Arizona","Local Government","SIC 16 Heavy Construction, ex. Building","County, 2-digit SIC -- by ownership sector","All establishment sizes",0,0,0,0,0,0,0,0
"04023","3","SIC_0E","28","0",1981,"1","","Santa Cruz County, Arizona","Local Government","Transportation and Public Utilities Division","County, Industry Division -- by ownership sector","All establishment sizes",3,51,52,52,125400,0,0,186
"04023","3","SIC_0E","28","0",1981,"2","","Santa Cruz County, Arizona","Local Government","Transportation and Public Utilities Division","County, Industry Division -- by ownership sector","All establishment sizes",3,51,51,51,125900,0,0,189
"04023","3","SIC_0E","28","0",1981,"3","","Santa Cruz County, Arizona","Local Government","Transportation and Public Utilities Division","County, Industry Division -- by ownership sector","All establishment sizes",3,51,51,50,148765,0,0,225
"04023","3","SIC_0E","28","0",1981,"4","","Santa Cruz County, Arizona","Local Government","Transportation and Public Utilities Division","County, Industry Division -- by ownership sector","All establishment sizes",3,50,51,51,139282,0,0,211
"04023","3","SIC_0E49","29","0",1981,"1","","Santa Cruz County, Arizona","Local Government","SIC 49 Electric, Gas, And Sanitary Services","County, 2-digit SIC -- by ownership sector","All establishment sizes",3,51,52,52,125400,0,0,186
"04023","3","SIC_0E49","29","0",1981,"2","","Santa Cruz County, Arizona","Local Government","SIC 49 Electric, Gas, And Sanitary Services","County, 2-digit SIC -- by ownership sector","All establishment sizes",3,51,51,51,125900,0,0,189
"04023","3","SIC_0E49","29","0",1981,"3","","Santa Cruz County, Arizona","Local Government","SIC 49 Electric, Gas, And Sanitary Services","County, 2-digit SIC -- by ownership sector","All establishment sizes",3,51,51,50,148765,0,0,225
"04023","3","SIC_0E49","29","0",1981,"4","","Santa Cruz County, Arizona","Local Government","SIC 49 Electric, Gas, And Sanitary Services","County, 2-digit SIC -- by ownership sector","All establishment sizes",3,50,51,51,139282,0,0,211
"04023","3","SIC_0H","28","0",1981,"1","N","Santa Cruz County, Arizona","Local Government","Finance, Insurance, and Real Estate Division","County, Industry Division -- by ownership sector","All establishment sizes",0,0,0,0,0,0,0,0
"04023","3","SIC_0H","28","0",1981,"2","N","Santa Cruz County, Arizona","Local Government","Finance, Insurance, and Real Estate Division","County, Industry Division -- by ownership sector","All establishment sizes",0,0,0,0,0,0,0,0
"04023","3","SIC_0H","28","0",1981,"3","N","Santa Cruz County, Arizona","Local Government","Finance, Insurance, and Real Estate Division","County, Industry Division -- by ownership sector","All establishment sizes",0,0,0,0,0,0,0,0
"04023","3","SIC_0H","28","0",1981,"4","N","Santa Cruz County, Arizona","Local Government","Finance, Insurance, and Real Estate Division","County, Industry Division -- by ownership sector","All establishment sizes",0,0,0,0,0,0,0,0
"04023","3","SIC_0H65","29","0",1981,"1","N","Santa Cruz County, Arizona","Local Government","SIC 65 Real Estate","County, 2-digit SIC -- by ownership sector","All establishment sizes",0,0,0,0,0,0,0,0
"04023","3","SIC_0H65","29","0",1981,"2","N","Santa Cruz County, Arizona","Local Government","SIC 65 Real Estate","County, 2-digit SIC -- by ownership sector","All establishment sizes",0,0,0,0,0,0,0,0
"04023","3","SIC_0H65","29","0",1981,"3","N","Santa Cruz County, Arizona","Local Government","SIC 65 Real Estate","County, 2-digit SIC -- by ownership sector","All establishment sizes",0,0,0,0,0,0,0,0
"04023","3","SIC_0H65","29","0",1981,"4","N","Santa Cruz County, Arizona","Local Government","SIC 65 Real Estate","County, 2-digit SIC -- by ownership sector","All establishment sizes",0,0,0,0,0,0,0,0
"04023","3","SIC_0I","28","0",1981,"1","","Santa Cruz County, Arizona","Local Government","Services Division","County, Industry Division -- by ownership sector","All establishment sizes",11,582,584,586,1806942,0,0,238
"04023","3","SIC_0I","28","0",1981,"2","","Santa Cruz County, Arizona","Local Government","Services Division","County, Industry Division -- by ownership sector","All establishment sizes",11,544,541,209,2195583,0,0,391
"04023","3","SIC_0I","28","0",1981,"3","N","Santa Cruz County, Arizona","Local Government","Services Division","County, Industry Division -- by ownership sector","All establishment sizes",0,0,0,0,0,0,0,0
"04023","3","SIC_0I","28","0",1981,"4","","Santa Cruz County, Arizona","Local Government","Services Division","County, Industry Division -- by ownership sector","All establishment sizes",10,552,555,558,1745715,0,0,241
"04023","3","SIC_0I79","29","0",1981,"1","N","Santa Cruz County, Arizona","Local Government","SIC 79 Amusement and Recreation Services","County, 2-digit SIC -- by ownership sector","All establishment sizes",0,0,0,0,0,0,0,0
"04023","3","SIC_0I79","29","0",1981,"2","N","Santa Cruz County, Arizona","Local Government","SIC 79 Amusement and Recreation Services","County, 2-digit SIC -- by ownership sector","All establishment sizes",0,0,0,0,0,0,0,0
"04023","3","SIC_0I79","29","0",1981,"3","N","Santa Cruz County, Arizona","Local Government","SIC 79 Amusement and Recreation Services","County, 2-digit SIC -- by ownership sector","All establishment sizes",0,0,0,0,0,0,0,0
"04023","3","SIC_0I79","29","0",1981,"4","N","Santa Cruz County, Arizona","Local Government","SIC 79 Amusement and Recreation Services","County, 2-digit SIC -- by ownership sector","All establishment sizes",0,0,0,0,0,0,0,0
"04023","3","SIC_0I82","29","0",1981,"1","N","Santa Cruz County, Arizona","Local Government","SIC 82 Educational Services","County, 2-digit SIC -- by ownership sector","All establishment sizes",0,0,0,0,0,0,0,0
"04023","3","SIC_0I82","29","0",1981,"2","N","Santa Cruz County, Arizona","Local Government","SIC 82 Educational Services","County, 2-digit SIC -- by ownership sector","All establishment sizes",0,0,0,0,0,0,0,0
"04023","3","SIC_0I82","29","0",1981,"3","N","Santa Cruz County, Arizona","Local Government","SIC 82 Educational Services","County, 2-digit SIC -- by ownership sector","All establishment sizes",0,0,0,0,0,0,0,0
"04023","3","SIC_0I82","29","0",1981,"4","N","Santa Cruz County, Arizona","Local Government","SIC 82 Educational Services","County, 2-digit SIC -- by ownership sector","All establishment sizes",0,0,0,0,0,0,0,0
"04023","3","SIC_0J","28","0",1981,"1","","Santa Cruz County, Arizona","Local Government","Public Administration Division","County, Industry Division -- by ownership sector","All establishment sizes",13,323,324,320,781033,0,0,186
"04023","3","SIC_0J","28","0",1981,"2","","Santa Cruz County, Arizona","Local Government","Public Administration Division","County, Industry Division -- by ownership sector","All establishment sizes",13,298,290,375,780336,0,0,186
"04023","3","SIC_0J","28","0",1981,"3","","Santa Cruz County, Arizona","Local Government","Public Administration Division","County, Industry Division -- by ownership sector","All establishment sizes",13,352,334,271,848424,0,0,204
"04023","3","SIC_0J","28","0",1981,"4","","Santa Cruz County, Arizona","Local Government","Public Administration Division","County, Industry Division -- by ownership sector","All establishment sizes",13,262,273,267,844823,0,0,243
"04023","3","SIC_0J91","29","0",1981,"1","","Santa Cruz County, Arizona","Local Government","SIC 91 Executive, Legislative, and General","County, 2-digit SIC -- by ownership sector","All establishment sizes",6,215,216,213,404263,0,0,144
"04023","3","SIC_0J91","29","0",1981,"2","","Santa Cruz County, Arizona","Local Government","SIC 91 Executive, Legislative, and General","County, 2-digit SIC -- by ownership sector","All establishment sizes",6,193,185,268,400087,0,0,142
"04023","3","SIC_0J91","29","0",1981,"3","","Santa Cruz County, Arizona","Local Government","SIC 91 Executive, Legislative, and General","County, 2-digit SIC -- by ownership sector","All establishment sizes",6,239,221,163,429354,0,0,159
"04023","3","SIC_0J91","29","0",1981,"4","","Santa Cruz County, Arizona","Local Government","SIC 91 Executive, Legislative, and General","County, 2-digit SIC -- by ownership sector","All establishment sizes",6,144,149,145,387957,0,0,204
"04023","3","SIC_0J92","29","0",1981,"1","","Santa Cruz County, Arizona","Local Government","SIC 92 Justice, Public Order, and Safety","County, 2-digit SIC -- by ownership sector","All establishment sizes",5,93,94,93,321848,0,0,265
"04023","3","SIC_0J92","29","0",1981,"2","","Santa Cruz County, Arizona","Local Government","SIC 92 Justice, Public Order, and Safety","County, 2-digit SIC -- by ownership sector","All establishment sizes",5,91,91,92,324461,0,0,273
"04023","3","SIC_0J92","29","0",1981,"3","","Santa Cruz County, Arizona","Local Government","SIC 92 Justice, Public Order, and Safety","County, 2-digit SIC -- by ownership sector","All establishment sizes",5,98,98,92,359139,0,0,287
"04023","3","SIC_0J92","29","0",1981,"4","","Santa Cruz County, Arizona","Local Government","SIC 92 Justice, Public Order, and Safety","County, 2-digit SIC -- by ownership sector","All establishment sizes",5,102,108,106,390063,0,0,284
"04023","3","SIC_0J93","29","0",1981,"1","N","Santa Cruz County, Arizona","Local Government","SIC 93 Finance, Taxation, and Monetary Policy","County, 2-digit SIC -- by ownership sector","All establishment sizes",0,0,0,0,0,0,0,0
"04023","3","SIC_0J93","29","0",1981,"2","N","Santa Cruz County, Arizona","Local Government","SIC 93 Finance, Taxation, and Monetary Policy","County, 2-digit SIC -- by ownership sector","All establishment sizes",0,0,0,0,0,0,0,0
"04023","3","SIC_0J93","29","0",1981,"3","N","Santa Cruz County, Arizona","Local Government","SIC 93 Finance, Taxation, and Monetary Policy","County, 2-digit SIC -- by ownership sector","All establishment sizes",0,0,0,0,0,0,0,0
"04023","3","SIC_0J93","29","0",1981,"4","N","Santa Cruz County, Arizona","Local Government","SIC 93 Finance, Taxation, and Monetary Policy","County, 2-digit SIC -- by ownership sector","All establishment sizes",0,0,0,0,0,0,0,0
"04023","3","SIC_0J94","29","0",1981,"1","N","Santa Cruz County, Arizona","Local Government","SIC 94 Administration of Human Resources","County, 2-digit SIC -- by ownership sector","All establishment sizes",0,0,0,0,0,0,0,0
"04023","3","SIC_0J94","29","0",1981,"2","N","Santa Cruz County, Arizona","Local Government","SIC 94 Administration of Human Resources","County, 2-digit SIC -- by ownership sector","All establishment sizes",0,0,0,0,0,0,0,0
"04023","3","SIC_0J94","29","0",1981,"3","N","Santa Cruz County, Arizona","Local Government","SIC 94 Administration of Human Resources","County, 2-digit SIC -- by ownership sector","All establishment sizes",0,0,0,0,0,0,0,0
"04023","3","SIC_0J94","29","0",1981,"4","N","Santa Cruz County, Arizona","Local Government","SIC 94 Administration of Human Resources","County, 2-digit SIC -- by ownership sector","All establishment sizes",0,0,0,0,0,0,0,0
"04023","5","SIC_0Z","27","0",1981,"1","","Santa Cruz County, Arizona","Private","All Industries","County, Total -- by ownership sector","All establishment sizes",620,6350,6465,6572,16945353,0,0,201
"04023","5","SIC_0Z","27","0",1981,"2","","Santa Cruz County, Arizona","Private","All Industries","County, Total -- by ownership sector","All establishment sizes",630,6870,6748,6568,18740744,0,0,214
"04023","5","SIC_0Z","27","0",1981,"3","","Santa Cruz County, Arizona","Private","All Industries","County, Total -- by ownership sector","All establishment sizes",626,6106,6114,6037,17591230,0,0,222
"04023","5","SIC_0Z","27","0",1981,"4","","Santa Cruz County, Arizona","Private","All Industries","County, Total -- by ownership sector","All establishment sizes",633,6086,6321,6675,18836962,0,0,227
"04023","5","SIC_0A","28","0",1981,"1","N","Santa Cruz County, Arizona","Private","Agriculture, Forestry, and Fishing Division","County, Industry Division -- by ownership sector","All establishment sizes",0,0,0,0,0,0,0,0
"04023","5","SIC_0A","28","0",1981,"2","N","Santa Cruz County, Arizona","Private","Agriculture, Forestry, and Fishing Division","County, Industry Division -- by ownership sector","All establishment sizes",0,0,0,0,0,0,0,0
"04023","5","SIC_0A","28","0",1981,"3","N","Santa Cruz County, Arizona","Private","Agriculture, Forestry, and Fishing Division","County, Industry Division -- by ownership sector","All establishment sizes",0,0,0,0,0,0,0,0
"04023","5","SIC_0A","28","0",1981,"4","N","Santa Cruz County, Arizona","Private","Agriculture, Forestry, and Fishing Division","County, Industry Division -- by ownership sector","All establishment sizes",0,0,0,0,0,0,0,0
"04023","5","SIC_0A02","29","0",1981,"1","","Santa Cruz County, Arizona","Private","SIC 02 Agricultural Production Livestock","County, 2-digit SIC -- by ownership sector","All establishment sizes",4,25,25,26,46791,0,0,142
"04023","5","SIC_0A02","29","0",1981,"2","","Santa Cruz County, Arizona","Private","SIC 02 Agricultural Production Livestock","County, 2-digit SIC -- by ownership sector","All establishment sizes",4,22,29,25,46931,0,0,142
"04023","5","SIC_0A02","29","0",1981,"3","","Santa Cruz County, Arizona","Private","SIC 02 Agricultural Production Livestock","County, 2-digit SIC -- by ownership sector","All establishment sizes",4,26,31,23,45608,0,0,131
"04023","5","SIC_0A02","29","0",1981,"4","","Santa Cruz County, Arizona","Private","SIC 02 Agricultural Production Livestock","County, 2-digit SIC -- by ownership sector","All establishment sizes",4,24,34,27,57562,0,0,156
"04023","5","SIC_0A07","29","0",1981,"1","N","Santa Cruz County, Arizona","Private","SIC 07 Agricultural Services","County, 2-digit SIC -- by ownership sector","All establishment sizes",0,0,0,0,0,0,0,0
"04023","5","SIC_0A07","29","0",1981,"2","N","Santa Cruz County, Arizona","Private","SIC 07 Agricultural Services","County, 2-digit SIC -- by ownership sector","All establishment sizes",0,0,0,0,0,0,0,0
"04023","5","SIC_0A07","29","0",1981,"3","N","Santa Cruz County, Arizona","Private","SIC 07 Agricultural Services","County, 2-digit SIC -- by ownership sector","All establishment sizes",0,0,0,0,0,0,0,0
"04023","5","SIC_0A07","29","0",1981,"4","N","Santa Cruz County, Arizona","Private","SIC 07 Agricultural Services","County, 2-digit SIC -- by ownership sector","All establishment sizes",0,0,0,0,0,0,0,0
"04023","5","SIC_0B","28","0",1981,"1","N","Santa Cruz County, Arizona","Private","Mining Division","County, Industry Division -- by ownership sector","All establishment sizes",0,0,0,0,0,0,0,0
"04023","5","SIC_0B","28","0",1981,"2","N","Santa Cruz County, Arizona","Private","Mining Division","County, Industry Division -- by ownership sector","All establishment sizes",0,0,0,0,0,0,0,0
"04023","5","SIC_0B","28","0",1981,"3","N","Santa Cruz County, Arizona","Private","Mining Division","County, Industry Division -- by ownership sector","All establishment sizes",0,0,0,0,0,0,0,0
"04023","5","SIC_0B","28","0",1981,"4","N","Santa Cruz County, Arizona","Private","Mining Division","County, Industry Division -- by ownership sector","All establishment sizes",0,0,0,0,0,0,0,0
"04023","5","SIC_0B10","29","0",1981,"1","N","Santa Cruz County, Arizona","Private","SIC 10 Metal Mining","County, 2-digit SIC -- by ownership sector","All establishment sizes",0,0,0,0,0,0,0,0
"04023","5","SIC_0B10","29","0",1981,"2","N","Santa Cruz County, Arizona","Private","SIC 10 Metal Mining","County, 2-digit SIC -- by ownership sector","All establishment sizes",0,0,0,0,0,0,0,0
"04023","5","SIC_0B10","29","0",1981,"3","N","Santa Cruz County, Arizona","Private","SIC 10 Metal Mining","County, 2-digit SIC -- by ownership sector","All establishment sizes",0,0,0,0,0,0,0,0
"04023","5","SIC_0B10","29","0",1981,"4","N","Santa Cruz County, Arizona","Private","SIC 10 Metal Mining","County, 2-digit SIC -- by ownership sector","All establishment sizes",0,0,0,0,0,0,0,0
"04023","5","SIC_0C","28","0",1981,"1","","Santa Cruz County, Arizona","Private","Construction Division","County, Industry Division -- by ownership sector","All establishment sizes",43,190,196,208,502463,0,0,195
"04023","5","SIC_0C","28","0",1981,"2","","Santa Cruz County, Arizona","Private","Construction Division","County, Industry Division -- by ownership sector","All establishment sizes",47,238,254,252,697823,0,0,216
"04023","5","SIC_0C","28","0",1981,"3","","Santa Cruz County, Arizona","Private","Construction Division","County, Industry Division -- by ownership sector","All establishment sizes",48,283,280,263,734008,0,0,205
"04023","5","SIC_0C","28","0",1981,"4","","Santa Cruz County, Arizona","Private","Construction Division","County, Industry Division -- by ownership sector","All establishment sizes",47,258,271,291,756503,0,0,212
"04023","5","SIC_0C15","29","0",1981,"1","N","Santa Cruz County, Arizona","Private","SIC 15 General Building Contractors","County, 2-digit SIC -- by ownership sector","All establishment sizes",0,0,0,0,0,0,0,0
"04023","5","SIC_0C15","29","0",1981,"2","","Santa Cruz County, Arizona","Private","SIC 15 General Building Contractors","County, 2-digit SIC -- by ownership sector","All establishment sizes",23,119,117,86,334045,0,0,239
"04023","5","SIC_0C15","29","0",1981,"3","","Santa Cruz County, Arizona","Private","SIC 15 General Building Contractors","County, 2-digit SIC -- by ownership sector","All establishment sizes",23,133,135,94,303930,0,0,193
"04023","5","SIC_0C15","29","0",1981,"4","N","Santa Cruz County, Arizona","Private","SIC 15 General Building Contractors","County, 2-digit SIC -- by ownership sector","All establishment sizes",0,0,0,0,0,0,0,0
"04023","5","SIC_0C16","29","0",1981,"1","N","Santa Cruz County, Arizona","Private","SIC 16 Heavy Construction, ex. Building","County, 2-digit SIC -- by ownership sector","All establishment sizes",0,0,0,0,0,0,0,0
"04023","5","SIC_0C16","29","0",1981,"4","N","Santa Cruz County, Arizona","Private","SIC 16 Heavy Construction, ex. Building","County, 2-digit SIC -- by ownership sector","All establishment sizes",0,0,0,0,0,0,0,0
"04023","5","SIC_0C17","29","0",1981,"1","","Santa Cruz County, Arizona","Private","SIC 17 Special Trade Contractors","County, 2-digit SIC -- by ownership sector","All establishment sizes",22,100,103,111,270739,0,0,198
"04023","5","SIC_0C17","29","0",1981,"2","","Santa Cruz County, Arizona","Private","SIC 17 Special Trade Contractors","County, 2-digit SIC -- by ownership sector","All establishment sizes",24,119,137,166,363778,0,0,198
"04023","5","SIC_0C17","29","0",1981,"3","","Santa Cruz County, Arizona","Private","SIC 17 Special Trade Contractors","County, 2-digit SIC -- by ownership sector","All establishment sizes",25,150,145,169,430078,0,0,213
"04023","5","SIC_0C17","29","0",1981,"4","","Santa Cruz County, Arizona","Private","SIC 17 Special Trade Contractors","County, 2-digit SIC -- by ownership sector","All establishment sizes",24,165,168,181,462086,0,0,207
"04023","5","SIC_0D","28","0",1981,"1","","Santa Cruz County, Arizona","Private","Manufacturing Division","County, Industry Division -- by ownership sector","All establishment sizes",33,853,855,867,2771217,0,0,248
"04023","5","SIC_0D","28","0",1981,"2","","Santa Cruz County, Arizona","Private","Manufacturing Division","County, Industry Division -- by ownership sector","All establishment sizes",36,1107,1150,1159,3504193,0,0,236
"04023","5","SIC_0D","28","0",1981,"3","","Santa Cruz County, Arizona","Private","Manufacturing Division","County, Industry Division -- by ownership sector","All establishment sizes",37,942,931,947,3179594,0,0,260
"04023","5","SIC_0D","28","0",1981,"4","","Santa Cruz County, Arizona","Private","Manufacturing Division","County, Industry Division -- by ownership sector","All establishment sizes",38,979,996,946,3496836,0,0,276
"04023","5","SIC_0D20","29","0",1981,"1","","Santa Cruz County, Arizona","Private","SIC 20 Food and Kindred Products","County, 2-digit SIC -- by ownership sector","All establishment sizes",4,38,39,41,65031,0,0,127
"04023","5","SIC_0D20","29","0",1981,"2","","Santa Cruz County, Arizona","Private","SIC 20 Food and Kindred Products","County, 2-digit SIC -- by ownership sector","All establishment sizes",4,36,35,38,63117,0,0,133
"04023","5","SIC_0D20","29","0",1981,"3","","Santa Cruz County, Arizona","Private","SIC 20 Food and Kindred Products","County, 2-digit SIC -- by ownership sector","All establishment sizes",4,35,32,45,56319,0,0,116
"04023","5","SIC_0D20","29","0",1981,"4","","Santa Cruz County, Arizona","Private","SIC 20 Food and Kindred Products","County, 2-digit SIC -- by ownership sector","All establishment sizes",4,51,68,40,80703,0,0,117
"04023","5","SIC_0D22","29","0",1981,"1","N","Santa Cruz County, Arizona","Private","SIC 22 Textile Mill Products","County, 2-digit SIC -- by ownership sector","All establishment sizes",0,0,0,0,0,0,0,0
"04023","5","SIC_0D22","29","0",1981,"2","N","Santa Cruz County, Arizona","Private","SIC 22 Textile Mill Products","County, 2-digit SIC -- by ownership sector","All establishment sizes",0,0,0,0,0,0,0,0
"04023","5","SIC_0D22","29","0",1981,"3","N","Santa Cruz County, Arizona","Private","SIC 22 Textile Mill Products","County, 2-digit SIC -- by ownership sector","All establishment sizes",0,0,0,0,0,0,0,0
"04023","5","SIC_0D22","29","0",1981,"4","N","Santa Cruz County, Arizona","Private","SIC 22 Textile Mill Products","County, 2-digit SIC -- by ownership sector","All establishment sizes",0,0,0,0,0,0,0,0
"04023","5","SIC_0D23","29","0",1981,"1","","Santa Cruz County, Arizona","Private","SIC 23 Apparel and Other Textile Products","County, 2-digit SIC -- by ownership sector","All establishment sizes",3,264,268,276,691221,0,0,197
"04023","5","SIC_0D23","29","0",1981,"2","","Santa Cruz County, Arizona","Private","SIC 23 Apparel and Other Textile Products","County, 2-digit SIC -- by ownership sector","All establishment sizes",5,502,523,533,1196878,0,0,177
"04023","5","SIC_0D23","29","0",1981,"3","","Santa Cruz County, Arizona","Private","SIC 23 Apparel and Other Textile Products","County, 2-digit SIC -- by ownership sector","All establishment sizes",4,316,305,310,768346,0,0,190
"04023","5","SIC_0D23","29","0",1981,"4","","Santa Cruz County, Arizona","Private","SIC 23 Apparel and Other Textile Products","County, 2-digit SIC -- by ownership sector","All establishment sizes",5,318,326,321,934770,0,0,223
"04023","5","SIC_0D27","29","0",1981,"1","","Santa Cruz County, Arizona","Private","SIC 27 Printing and Publishing","County, 2-digit SIC -- by ownership sector","All establishment sizes",6,38,40,39,76440,0,0,150
"04023","5","SIC_0D27","29","0",1981,"2","","Santa Cruz County, Arizona","Private","SIC 27 Printing and Publishing","County, 2-digit SIC -- by ownership sector","All establishment sizes",6,39,38,38,75426,0,0,151
"04023","5","SIC_0D27","29","0",1981,"3","","Santa Cruz County, Arizona","Private","SIC 27 Printing and Publishing","County, 2-digit SIC -- by ownership sector","All establishment sizes",6,32,32,27,70309,0,0,178
"04023","5","SIC_0D27","29","0",1981,"4","","Santa Cruz County, Arizona","Private","SIC 27 Printing and Publishing","County, 2-digit SIC -- by ownership sector","All establishment sizes",6,39,37,38,77949,0,0,157
"04023","5","SIC_0D31","29","0",1981,"1","N","Santa Cruz County, Arizona","Private","SIC 31 Leather and Leather Products","County, 2-digit SIC -- by ownership sector","All establishment sizes",0,0,0,0,0,0,0,0
"04023","5","SIC_0D31","29","0",1981,"2","N","Santa Cruz County, Arizona","Private","SIC 31 Leather and Leather Products","County, 2-digit SIC -- by ownership sector","All establishment sizes",0,0,0,0,0,0,0,0
"04023","5","SIC_0D31","29","0",1981,"3","N","Santa Cruz County, Arizona","Private","SIC 31 Leather and Leather Products","County, 2-digit SIC -- by ownership sector","All establishment sizes",0,0,0,0,0,0,0,0
"04023","5","SIC_0D31","29","0",1981,"4","N","Santa Cruz County, Arizona","Private","SIC 31 Leather and Leather Products","County, 2-digit SIC -- by ownership sector","All establishment sizes",0,0,0,0,0,0,0,0
"04023","5","SIC_0D32","29","0",1981,"1","N","Santa Cruz County, Arizona","Private","SIC 32 Stone, Clay, and Glass Products","County, 2-digit SIC -- by ownership sector","All establishment sizes",0,0,0,0,0,0,0,0
"04023","5","SIC_0D32","29","0",1981,"2","N","Santa Cruz County, Arizona","Private","SIC 32 Stone, Clay, and Glass Products","County, 2-digit SIC -- by ownership sector","All establishment sizes",0,0,0,0,0,0,0,0
"04023","5","SIC_0D32","29","0",1981,"3","N","Santa Cruz County, Arizona","Private","SIC 32 Stone, Clay, and Glass Products","County, 2-digit SIC -- by ownership sector","All establishment sizes",0,0,0,0,0,0,0,0
"04023","5","SIC_0D32","29","0",1981,"4","N","Santa Cruz County, Arizona","Private","SIC 32 Stone, Clay, and Glass Products","County, 2-digit SIC -- by ownership sector","All establishment sizes",0,0,0,0,0,0,0,0
"04023","5","SIC_0D34","29","0",1981,"1","N","Santa Cruz County, Arizona","Private","SIC 34 Fabricated Metal Products","County, 2-digit SIC -- by ownership sector","All establishment sizes",0,0,0,0,0,0,0,0
"04023","5","SIC_0D34","29","0",1981,"2","N","Santa Cruz County, Arizona","Private","SIC 34 Fabricated Metal Products","County, 2-digit SIC -- by ownership sector","All establishment sizes",0,0,0,0,0,0,0,0
"04023","5","SIC_0D34","29","0",1981,"3","N","Santa Cruz County, Arizona","Private","SIC 34 Fabricated Metal Products","County, 2-digit SIC -- by ownership sector","All establishment sizes",0,0,0,0,0,0,0,0
"04023","5","SIC_0D34","29","0",1981,"4","N","Santa Cruz County, Arizona","Private","SIC 34 Fabricated Metal Products","County, 2-digit SIC -- by ownership sector","All establishment sizes",0,0,0,0,0,0,0,0
"04023","5","SIC_0D35","29","0",1981,"1","","Santa Cruz County, Arizona","Private","SIC 35 Industrial Machinery and Equipment","County, 2-digit SIC -- by ownership sector","All establishment sizes",4,60,62,63,282155,0,0,351
"04023","5","SIC_0D35","29","0",1981,"2","","Santa Cruz County, Arizona","Private","SIC 35 Industrial Machinery and Equipment","County, 2-digit SIC -- by ownership sector","All establishment sizes",4,68,82,84,319893,0,0,315
"04023","5","SIC_0D35","29","0",1981,"3","","Santa Cruz County, Arizona","Private","SIC 35 Industrial Machinery and Equipment","County, 2-digit SIC -- by ownership sector","All establishment sizes",4,82,79,73,298201,0,0,294
"04023","5","SIC_0D35","29","0",1981,"4","","Santa Cruz County, Arizona","Private","SIC 35 Industrial Machinery and Equipment","County, 2-digit SIC -- by ownership sector","All establishment sizes",4,83,78,53,268313,0,0,289
"04023","5","SIC_0D36","29","0",1981,"1","","Santa Cruz County, Arizona","Private","SIC 36 Electronic and Other Electric Equipment","County, 2-digit SIC -- by ownership sector","All establishment sizes",8,220,211,212,984232,0,0,353
"04023","5","SIC_0D36","29","0",1981,"2","","Santa Cruz County, Arizona","Private","SIC 36 Electronic and Other Electric Equipment","County, 2-digit SIC -- by ownership sector","All establishment sizes",8,221,234,227,1109539,0,0,375
"04023","5","SIC_0D36","29","0",1981,"3","","Santa Cruz County, Arizona","Private","SIC 36 Electronic and Other Electric Equipment","County, 2-digit SIC -- by ownership sector","All establishment sizes",9,249,251,256,1208785,0,0,368
"04023","5","SIC_0D36","29","0",1981,"4","","Santa Cruz County, Arizona","Private","SIC 36 Electronic and Other Electric Equipment","County, 2-digit SIC -- by ownership sector","All establishment sizes",9,249,249,249,1288918,0,0,398
"04023","5","SIC_0D38","29","0",1981,"1","","Santa Cruz County, Arizona","Private","SIC 38 Instruments and Related Products","County, 2-digit SIC -- by ownership sector","All establishment sizes",0,0,0,0,0,0,0,0
"04023","5","SIC_0D38","29","0",1981,"2","","Santa Cruz County, Arizona","Private","SIC 38 Instruments and Related Products","County, 2-digit SIC -- by ownership sector","All establishment sizes",0,0,0,0,0,0,0,0
"04023","5","SIC_0D38","29","0",1981,"3","N","Santa Cruz County, Arizona","Private","SIC 38 Instruments and Related Products","County, 2-digit SIC -- by ownership sector","All establishment sizes",0,0,0,0,0,0,0,0
"04023","5","SIC_0D38","29","0",1981,"4","N","Santa Cruz County, Arizona","Private","SIC 38 Instruments and Related Products","County, 2-digit SIC -- by ownership sector","All establishment sizes",0,0,0,0,0,0,0,0
"04023","5","SIC_0D39","29","0",1981,"1","N","Santa Cruz County, Arizona","Private","SIC 39 Miscellaneous Manufacturing Industries","County, 2-digit SIC -- by ownership sector","All establishment sizes",0,0,0,0,0,0,0,0
"04023","5","SIC_0D39","29","0",1981,"2","","Santa Cruz County, Arizona","Private","SIC 39 Miscellaneous Manufacturing Industries","County, 2-digit SIC -- by ownership sector","All establishment sizes",3,187,183,186,511099,0,0,212
"04023","5","SIC_0D39","29","0",1981,"3","","Santa Cruz County, Arizona","Private","SIC 39 Miscellaneous Manufacturing Industries","County, 2-digit SIC -- by ownership sector","All establishment sizes",3,172,174,172,513317,0,0,228
"04023","5","SIC_0D39","29","0",1981,"4","","Santa Cruz County, Arizona","Private","SIC 39 Miscellaneous Manufacturing Industries","County, 2-digit SIC -- by ownership sector","All establishment sizes",3,175,173,177,558366,0,0,245
"04023","5","SIC_0E","28","0",1981,"1","","Santa Cruz County, Arizona","Private","Transportation and Public Utilities Division","County, Industry Division -- by ownership sector","All establishment sizes",58,531,526,535,1816101,0,0,263
"04023","5","SIC_0E","28","0",1981,"2","","Santa Cruz County, Arizona","Private","Transportation and Public Utilities Division","County, Industry Division -- by ownership sector","All establishment sizes",60,558,568,513,1935085,0,0,272
"04023","5","SIC_0E","28","0",1981,"3","","Santa Cruz County, Arizona","Private","Transportation and Public Utilities Division","County, Industry Division -- by ownership sector","All establishment sizes",56,468,448,479,1711564,0,0,283
"04023","5","SIC_0E","28","0",1981,"4","","Santa Cruz County, Arizona","Private","Transportation and Public Utilities Division","County, Industry Division -- by ownership sector","All establishment sizes",60,487,486,520,2118683,0,0,327
"04023","5","SIC_0E41","29","0",1981,"1","","Santa Cruz County, Arizona","Private","SIC 41 Local And Interurban Passenger Transit","County, 2-digit SIC -- by ownership sector","All establishment sizes",6,46,50,58,50038,0,0,74
"04023","5","SIC_0E41","29","0",1981,"2","","Santa Cruz County, Arizona","Private","SIC 41 Local And Interurban Passenger Transit","County, 2-digit SIC -- by ownership sector","All establishment sizes",6,47,44,42,57407,0,0,99
"04023","5","SIC_0E41","29","0",1981,"3","","Santa Cruz County, Arizona","Private","SIC 41 Local And Interurban Passenger Transit","County, 2-digit SIC -- by ownership sector","All establishment sizes",6,20,16,48,28391,0,0,77
"04023","5","SIC_0E41","29","0",1981,"4","","Santa Cruz County, Arizona","Private","SIC 41 Local And Interurban Passenger Transit","County, 2-digit SIC -- by ownership sector","All establishment sizes",6,49,46,43,57953,0,0,96
"04023","5","SIC_0E42","29","0",1981,"1","","Santa Cruz County, Arizona","Private","SIC 42 Trucking And Warehousing","County, 2-digit SIC -- by ownership sector","All establishment sizes",18,225,222,213,682667,0,0,238
"04023","5","SIC_0E42","29","0",1981,"2","","Santa Cruz County, Arizona","Private","SIC 42 Trucking And Warehousing","County, 2-digit SIC -- by ownership sector","All establishment sizes",21,217,223,221,832745,0,0,290
"04023","5","SIC_0E42","29","0",1981,"3","","Santa Cruz County, Arizona","Private","SIC 42 Trucking And Warehousing","County, 2-digit SIC -- by ownership sector","All establishment sizes",20,220,211,207,711522,0,0,257
"04023","5","SIC_0E42","29","0",1981,"4","","Santa Cruz County, Arizona","Private","SIC 42 Trucking And Warehousing","County, 2-digit SIC -- by ownership sector","All establishment sizes",20,213,216,227,1022416,0,0,359
"04023","5","SIC_0E44","29","0",1981,"1","N","Santa Cruz County, Arizona","Private","SIC 44 Water Transportation","County, 2-digit SIC -- by ownership sector","All establishment sizes",0,0,0,0,0,0,0,0
"04023","5","SIC_0E44","29","0",1981,"2","N","Santa Cruz County, Arizona","Private","SIC 44 Water Transportation","County, 2-digit SIC -- by ownership sector","All establishment sizes",0,0,0,0,0,0,0,0
"04023","5","SIC_0E44","29","0",1981,"3","N","Santa Cruz County, Arizona","Private","SIC 44 Water Transportation","County, 2-digit SIC -- by ownership sector","All establishment sizes",0,0,0,0,0,0,0,0
"04023","5","SIC_0E44","29","0",1981,"4","N","Santa Cruz County, Arizona","Private","SIC 44 Water Transportation","County, 2-digit SIC -- by ownership sector","All establishment sizes",0,0,0,0,0,0,0,0
"04023","5","SIC_0E47","29","0",1981,"1","","Santa Cruz County, Arizona","Private","SIC 47 Transportation Services","County, 2-digit SIC -- by ownership sector","All establishment sizes",27,157,157,165,701659,0,0,338
"04023","5","SIC_0E47","29","0",1981,"2","","Santa Cruz County, Arizona","Private","SIC 47 Transportation Services","County, 2-digit SIC -- by ownership sector","All establishment sizes",26,192,196,142,635073,0,0,276
"04023","5","SIC_0E47","29","0",1981,"3","","Santa Cruz County, Arizona","Private","SIC 47 Transportation Services","County, 2-digit SIC -- by ownership sector","All establishment sizes",23,124,118,122,531654,0,0,337
"04023","5","SIC_0E47","29","0",1981,"4","","Santa Cruz County, Arizona","Private","SIC 47 Transportation Services","County, 2-digit SIC -- by ownership sector","All establishment sizes",27,124,125,145,556502,0,0,325
"04023","5","SIC_0E48","29","0",1981,"1","","Santa Cruz County, Arizona","Private","SIC 48 Communication","County, 2-digit SIC -- by ownership sector","All establishment sizes",4,49,45,47,203844,0,0,333
"04023","5","SIC_0E48","29","0",1981,"2","","Santa Cruz County, Arizona","Private","SIC 48 Communication","County, 2-digit SIC -- by ownership sector","All establishment sizes",4,51,51,51,203510,0,0,306
"04023","5","SIC_0E48","29","0",1981,"3","","Santa Cruz County, Arizona","Private","SIC 48 Communication","County, 2-digit SIC -- by ownership sector","All establishment sizes",4,48,47,49,220753,0,0,353
"04023","5","SIC_0E48","29","0",1981,"4","","Santa Cruz County, Arizona","Private","SIC 48 Communication","County, 2-digit SIC -- by ownership sector","All establishment sizes",4,48,46,53,258245,0,0,405
"04023","5","SIC_0E49","29","0",1981,"1","N","Santa Cruz County, Arizona","Private","SIC 49 Electric, Gas, And Sanitary Services","County, 2-digit SIC -- by ownership sector","All establishment sizes",0,0,0,0,0,0,0,0
"04023","5","SIC_0E49","29","0",1981,"2","N","Santa Cruz County, Arizona","Private","SIC 49 Electric, Gas, And Sanitary Services","County, 2-digit SIC -- by ownership sector","All establishment sizes",0,0,0,0,0,0,0,0
"04023","5","SIC_0E49","29","0",1981,"3","N","Santa Cruz County, Arizona","Private","SIC 49 Electric, Gas, And Sanitary Services","County, 2-digit SIC -- by ownership sector","All establishment sizes",0,0,0,0,0,0,0,0
"04023","5","SIC_0E49","29","0",1981,"4","N","Santa Cruz County, Arizona","Private","SIC 49 Electric, Gas, And Sanitary Services","County, 2-digit SIC -- by ownership sector","All establishment sizes",0,0,0,0,0,0,0,0
"04023","5","SIC_0F","28","0",1981,"1","","Santa Cruz County, Arizona","Private","Wholesale Trade Division","County, Industry Division -- by ownership sector","All establishment sizes",154,964,1088,1133,3884205,0,0,281
"04023","5","SIC_0F","28","0",1981,"2","","Santa Cruz County, Arizona","Private","Wholesale Trade Division","County, Industry Division -- by ownership sector","All establishment sizes",156,1086,924,774,4102362,0,0,340
"04023","5","SIC_0F","28","0",1981,"3","","Santa Cruz County, Arizona","Private","Wholesale Trade Division","County, Industry Division -- by ownership sector","All establishment sizes",153,669,643,600,3263796,0,0,393
"04023","5","SIC_0F","28","0",1981,"4","","Santa Cruz County, Arizona","Private","Wholesale Trade Division","County, Industry Division -- by ownership sector","All establishment sizes",155,552,630,805,3213458,0,0,373
"04023","5","SIC_0F50","29","0",1981,"1","","Santa Cruz County, Arizona","Private","SIC 50 Wholesale Trade Durable Goods","County, 2-digit SIC -- by ownership sector","All establishment sizes",16,158,154,154,505067,0,0,250
"04023","5","SIC_0F50","29","0",1981,"2","","Santa Cruz County, Arizona","Private","SIC 50 Wholesale Trade Durable Goods","County, 2-digit SIC -- by ownership sector","All establishment sizes",19,159,164,162,555043,0,0,264
"04023","5","SIC_0F50","29","0",1981,"3","","Santa Cruz County, Arizona","Private","SIC 50 Wholesale Trade Durable Goods","County, 2-digit SIC -- by ownership sector","All establishment sizes",19,173,162,155,510559,0,0,240
"04023","5","SIC_0F50","29","0",1981,"4","","Santa Cruz County, Arizona","Private","SIC 50 Wholesale Trade Durable Goods","County, 2-digit SIC -- by ownership sector","All establishment sizes",18,163,165,164,566607,0,0,265
"04023","5","SIC_0F51","29","0",1981,"1","","Santa Cruz County, Arizona","Private","SIC 51 Wholesale Trade Nondurable Goods","County, 2-digit SIC -- by ownership sector","All establishment sizes",138,806,934,979,3379138,0,0,286
"04023","5","SIC_0F51","29","0",1981,"2","","Santa Cruz County, Arizona","Private","SIC 51 Wholesale Trade Nondurable Goods","County, 2-digit SIC -- by ownership sector","All establishment sizes",137,927,760,612,3547319,0,0,356
"04023","5","SIC_0F51","29","0",1981,"3","","Santa Cruz County, Arizona","Private","SIC 51 Wholesale Trade Nondurable Goods","County, 2-digit SIC -- by ownership sector","All establishment sizes",134,496,481,445,2753237,0,0,446
"04023","5","SIC_0F51","29","0",1981,"4","","Santa Cruz County, Arizona","Private","SIC 51 Wholesale Trade Nondurable Goods","County, 2-digit SIC -- by ownership sector","All establishment sizes",137,389,465,641,2646851,0,0,408
"04023","5","SIC_0G","28","0",1981,"1","","Santa Cruz County, Arizona","Private","Retail Trade Division","County, Industry Division -- by ownership sector","All establishment sizes",156,2490,2459,2487,5231330,0,0,162
"04023","5","SIC_0G","28","0",1981,"2","","Santa Cruz County, Arizona","Private","Retail Trade Division","County, Industry Division -- by ownership sector","All establishment sizes",156,2551,2547,2557,5552927,0,0,167
"04023","5","SIC_0G","28","0",1981,"3","","Santa Cruz County, Arizona","Private","Retail Trade Division","County, Industry Division -- by ownership sector","All establishment sizes",156,2484,2549,2516,5802771,0,0,177
"04023","5","SIC_0G","28","0",1981,"4","","Santa Cruz County, Arizona","Private","Retail Trade Division","County, Industry Division -- by ownership sector","All establishment sizes",160,2551,2678,2858,6323500,0,0,180
"04023","5","SIC_0G52","29","0",1981,"1","","Santa Cruz County, Arizona","Private","SIC 52 Building Materials and Garden Supplies","County, 2-digit SIC -- by ownership sector","All establishment sizes",5,51,54,52,136895,0,0,201
"04023","5","SIC_0G52","29","0",1981,"2","","Santa Cruz County, Arizona","Private","SIC 52 Building Materials and Garden Supplies","County, 2-digit SIC -- by ownership sector","All establishment sizes",5,57,59,58,149018,0,0,197
"04023","5","SIC_0G52","29","0",1981,"3","","Santa Cruz County, Arizona","Private","SIC 52 Building Materials and Garden Supplies","County, 2-digit SIC -- by ownership sector","All establishment sizes",5,59,56,56,142285,0,0,192
"04023","5","SIC_0G52","29","0",1981,"4","","Santa Cruz County, Arizona","Private","SIC 52 Building Materials and Garden Supplies","County, 2-digit SIC -- by ownership sector","All establishment sizes",6,59,61,65,172054,0,0,214
"04023","5","SIC_0G53","29","0",1981,"1","","Santa Cruz County, Arizona","Private","SIC 53 General Merchandise Stores","County, 2-digit SIC -- by ownership sector","All establishment sizes",19,1011,928,963,2007805,0,0,159
"04023","5","SIC_0G53","29","0",1981,"2","","Santa Cruz County, Arizona","Private","SIC 53 General Merchandise Stores","County, 2-digit SIC -- by ownership sector","All establishment sizes",18,966,976,986,2144426,0,0,169
"04023","5","SIC_0G53","29","0",1981,"3","","Santa Cruz County, Arizona","Private","SIC 53 General Merchandise Stores","County, 2-digit SIC -- by ownership sector","All establishment sizes",18,979,1014,982,2049478,0,0,158
"04023","5","SIC_0G53","29","0",1981,"4","","Santa Cruz County, Arizona","Private","SIC 53 General Merchandise Stores","County, 2-digit SIC -- by ownership sector","All establishment sizes",18,991,1065,1193,2497462,0,0,177
"04023","5","SIC_0G54","29","0",1981,"1","","Santa Cruz County, Arizona","Private","SIC 54 Food Stores","County, 2-digit SIC -- by ownership sector","All establishment sizes",16,349,363,365,905218,0,0,193
"04023","5","SIC_0G54","29","0",1981,"2","","Santa Cruz County, Arizona","Private","SIC 54 Food Stores","County, 2-digit SIC -- by ownership sector","All establishment sizes",17,363,374,375,983512,0,0,204
"04023","5","SIC_0G54","29","0",1981,"3","","Santa Cruz County, Arizona","Private","SIC 54 Food Stores","County, 2-digit SIC -- by ownership sector","All establishment sizes",18,381,378,380,1048915,0,0,212
"04023","5","SIC_0G54","29","0",1981,"4","","Santa Cruz County, Arizona","Private","SIC 54 Food Stores","County, 2-digit SIC -- by ownership sector","All establishment sizes",19,386,381,385,1075993,0,0,215
"04023","5","SIC_0G55","29","0",1981,"1","","Santa Cruz County, Arizona","Private","SIC 55 Automotive Dealers and Service Stations","County, 2-digit SIC -- by ownership sector","All establishment sizes",24,168,173,167,476400,0,0,216
"04023","5","SIC_0G55","29","0",1981,"2","","Santa Cruz County, Arizona","Private","SIC 55 Automotive Dealers and Service Stations","County, 2-digit SIC -- by ownership sector","All establishment sizes",23,169,154,145,467713,0,0,230
"04023","5","SIC_0G55","29","0",1981,"3","","Santa Cruz County, Arizona","Private","SIC 55 Automotive Dealers and Service Stations","County, 2-digit SIC -- by ownership sector","All establishment sizes",22,135,135,137,461235,0,0,261
"04023","5","SIC_0G55","29","0",1981,"4","","Santa Cruz County, Arizona","Private","SIC 55 Automotive Dealers and Service Stations","County, 2-digit SIC -- by ownership sector","All establishment sizes",22,131,141,156,421386,0,0,227
"04023","5","SIC_0G56","29","0",1981,"1","","Santa Cruz County, Arizona","Private","SIC 56 Apparel and Accessory Stores","County, 2-digit SIC -- by ownership sector","All establishment sizes",14,267,263,266,541728,0,0,157
"04023","5","SIC_0G56","29","0",1981,"2","","Santa Cruz County, Arizona","Private","SIC 56 Apparel and Accessory Stores","County, 2-digit SIC -- by ownership sector","All establishment sizes",13,299,295,306,604983,0,0,155
"04023","5","SIC_0G56","29","0",1981,"3","","Santa Cruz County, Arizona","Private","SIC 56 Apparel and Accessory Stores","County, 2-digit SIC -- by ownership sector","All establishment sizes",15,270,296,290,809972,0,0,218
"04023","5","SIC_0G56","29","0",1981,"4","","Santa Cruz County, Arizona","Private","SIC 56 Apparel and Accessory Stores","County, 2-digit SIC -- by ownership sector","All establishment sizes",15,347,372,387,743573,0,0,155
"04023","5","SIC_0G57","29","0",1981,"1","","Santa Cruz County, Arizona","Private","SIC 57 Furniture and Homefurnishings Stores","County, 2-digit SIC -- by ownership sector","All establishment sizes",15,97,97,97,310829,0,0,246
"04023","5","SIC_0G57","29","0",1981,"2","","Santa Cruz County, Arizona","Private","SIC 57 Furniture and Homefurnishings Stores","County, 2-digit SIC -- by ownership sector","All establishment sizes",15,92,93,92,321698,0,0,268
"04023","5","SIC_0G57","29","0",1981,"3","","Santa Cruz County, Arizona","Private","SIC 57 Furniture and Homefurnishings Stores","County, 2-digit SIC -- by ownership sector","All establishment sizes",16,117,117,113,441336,0,0,293
"04023","5","SIC_0G57","29","0",1981,"4","","Santa Cruz County, Arizona","Private","SIC 57 Furniture and Homefurnishings Stores","County, 2-digit SIC -- by ownership sector","All establishment sizes",18,83,76,85,486231,0,0,459
"04023","5","SIC_0G58","29","0",1981,"1","","Santa Cruz County, Arizona","Private","SIC 58 Eating and Drinking Places","County, 2-digit SIC -- by ownership sector","All establishment sizes",37,407,439,430,557426,0,0,100
"04023","5","SIC_0G58","29","0",1981,"2","","Santa Cruz County, Arizona","Private","SIC 58 Eating and Drinking Places","County, 2-digit SIC -- by ownership sector","All establishment sizes",39,454,443,443,558679,0,0,96
"04023","5","SIC_0G58","29","0",1981,"3","","Santa Cruz County, Arizona","Private","SIC 58 Eating and Drinking Places","County, 2-digit SIC -- by ownership sector","All establishment sizes",36,382,399,405,541377,0,0,105
"04023","5","SIC_0G58","29","0",1981,"4","","Santa Cruz County, Arizona","Private","SIC 58 Eating and Drinking Places","County, 2-digit SIC -- by ownership sector","All establishment sizes",35,391,422,417,573216,0,0,107
"04023","5","SIC_0G59","29","0",1981,"1","","Santa Cruz County, Arizona","Private","SIC 59 Miscellaneous Retail","County, 2-digit SIC -- by ownership sector","All establishment sizes",26,140,142,147,295029,0,0,158
"04023","5","SIC_0G59","29","0",1981,"2","","Santa Cruz County, Arizona","Private","SIC 59 Miscellaneous Retail","County, 2-digit SIC -- by ownership sector","All establishment sizes",26,151,153,152,322898,0,0,163
"04023","5","SIC_0G59","29","0",1981,"3","","Santa Cruz County, Arizona","Private","SIC 59 Miscellaneous Retail","County, 2-digit SIC -- by ownership sector","All establishment sizes",26,161,154,153,308173,0,0,151
"04023","5","SIC_0G59","29","0",1981,"4","","Santa Cruz County, Arizona","Private","SIC 59 Miscellaneous Retail","County, 2-digit SIC -- by ownership sector","All establishment sizes",27,163,160,170,353585,0,0,165
"04023","5","SIC_0H","28","0",1981,"1","","Santa Cruz County, Arizona","Private","Finance, Insurance, and Real Estate Division","County, Industry Division -- by ownership sector","All establishment sizes",36,281,280,277,769208,0,0,211
"04023","5","SIC_0H","28","0",1981,"2","","Santa Cruz County, Arizona","Private","Finance, Insurance, and Real Estate Division","County, Industry Division -- by ownership sector","All establishment sizes",35,257,251,260,782712,0,0,235
"04023","5","SIC_0H","28","0",1981,"3","","Santa Cruz County, Arizona","Private","Finance, Insurance, and Real Estate Division","County, Industry Division -- by ownership sector","All establishment sizes",35,252,256,254,844828,0,0,255
"04023","5","SIC_0H","28","0",1981,"4","","Santa Cruz County, Arizona","Private","Finance, Insurance, and Real Estate Division","County, Industry Division -- by ownership sector","All establishment sizes",36,251,248,250,832418,0,0,256
"04023","5","SIC_0H60","29","0",1981,"1","","Santa Cruz County, Arizona","Private","SIC 60 Depository Institutions","County, 2-digit SIC -- by ownership sector","All establishment sizes",3,144,143,140,427449,0,0,231
"04023","5","SIC_0H60","29","0",1981,"2","","Santa Cruz County, Arizona","Private","SIC 60 Depository Institutions","County, 2-digit SIC -- by ownership sector","All establishment sizes",3,140,141,146,450206,0,0,243
"04023","5","SIC_0H60","29","0",1981,"3","","Santa Cruz County, Arizona","Private","SIC 60 Depository Institutions","County, 2-digit SIC -- by ownership sector","All establishment sizes",3,131,133,134,460510,0,0,267
"04023","5","SIC_0H60","29","0",1981,"4","","Santa Cruz County, Arizona","Private","SIC 60 Depository Institutions","County, 2-digit SIC -- by ownership sector","All establishment sizes",3,136,134,133,475216,0,0,272
"04023","5","SIC_0H61","29","0",1981,"1","N","Santa Cruz County, Arizona","Private","SIC 61 Nondepository Institutions","County, 2-digit SIC -- by ownership sector","All establishment sizes",0,0,0,0,0,0,0,0
"04023","5","SIC_0H61","29","0",1981,"2","N","Santa Cruz County, Arizona","Private","SIC 61 Nondepository Institutions","County, 2-digit SIC -- by ownership sector","All establishment sizes",0,0,0,0,0,0,0,0
"04023","5","SIC_0H61","29","0",1981,"3","N","Santa Cruz County, Arizona","Private","SIC 61 Nondepository Institutions","County, 2-digit SIC -- by ownership sector","All establishment sizes",0,0,0,0,0,0,0,0
"04023","5","SIC_0H61","29","0",1981,"4","N","Santa Cruz County, Arizona","Private","SIC 61 Nondepository Institutions","County, 2-digit SIC -- by ownership sector","All establishment sizes",0,0,0,0,0,0,0,0
"04023","5","SIC_0H63","29","0",1981,"1","N","Santa Cruz County, Arizona","Private","SIC 63 Insurance Carriers","County, 2-digit SIC -- by ownership sector","All establishment sizes",0,0,0,0,0,0,0,0
"04023","5","SIC_0H63","29","0",1981,"2","N","Santa Cruz County, Arizona","Private","SIC 63 Insurance Carriers","County, 2-digit SIC -- by ownership sector","All establishment sizes",0,0,0,0,0,0,0,0
"04023","5","SIC_0H63","29","0",1981,"3","N","Santa Cruz County, Arizona","Private","SIC 63 Insurance Carriers","County, 2-digit SIC -- by ownership sector","All establishment sizes",0,0,0,0,0,0,0,0
"04023","5","SIC_0H63","29","0",1981,"4","N","Santa Cruz County, Arizona","Private","SIC 63 Insurance Carriers","County, 2-digit SIC -- by ownership sector","All establishment sizes",0,0,0,0,0,0,0,0
"04023","5","SIC_0H64","29","0",1981,"1","","Santa Cruz County, Arizona","Private","SIC 64 Insurance Agents, Brokers, and Service","County, 2-digit SIC -- by ownership sector","All establishment sizes",9,35,34,32,76800,0,0,175
"04023","5","SIC_0H64","29","0",1981,"2","","Santa Cruz County, Arizona","Private","SIC 64 Insurance Agents, Brokers, and Service","County, 2-digit SIC -- by ownership sector","All establishment sizes",9,33,28,26,67907,0,0,180
"04023","5","SIC_0H64","29","0",1981,"3","","Santa Cruz County, Arizona","Private","SIC 64 Insurance Agents, Brokers, and Service","County, 2-digit SIC -- by ownership sector","All establishment sizes",9,29,28,27,77171,0,0,212
"04023","5","SIC_0H64","29","0",1981,"4","","Santa Cruz County, Arizona","Private","SIC 64 Insurance Agents, Brokers, and Service","County, 2-digit SIC -- by ownership sector","All establishment sizes",9,29,30,31,77905,0,0,199
"04023","5","SIC_0H65","29","0",1981,"1","","Santa Cruz County, Arizona","Private","SIC 65 Real Estate","County, 2-digit SIC -- by ownership sector","All establishment sizes",18,73,73,76,183164,0,0,190
"04023","5","SIC_0H65","29","0",1981,"2","","Santa Cruz County, Arizona","Private","SIC 65 Real Estate","County, 2-digit SIC -- by ownership sector","All establishment sizes",18,53,52,58,173160,0,0,245
"04023","5","SIC_0H65","29","0",1981,"3","","Santa Cruz County, Arizona","Private","SIC 65 Real Estate","County, 2-digit SIC -- by ownership sector","All establishment sizes",18,61,63,63,208794,0,0,257
"04023","5","SIC_0H65","29","0",1981,"4","","Santa Cruz County, Arizona","Private","SIC 65 Real Estate","County, 2-digit SIC -- by ownership sector","All establishment sizes",19,57,56,55,184177,0,0,252
"04023","5","SIC_0H67","29","0",1981,"1","N","Santa Cruz County, Arizona","Private","SIC 67 Holding and Other Investment Offices","County, 2-digit SIC -- by ownership sector","All establishment sizes",0,0,0,0,0,0,0,0
"04023","5","SIC_0H67","29","0",1981,"2","N","Santa Cruz County, Arizona","Private","SIC 67 Holding and Other Investment Offices","County, 2-digit SIC -- by ownership sector","All establishment sizes",0,0,0,0,0,0,0,0
"04023","5","SIC_0H67","29","0",1981,"3","N","Santa Cruz County, Arizona","Private","SIC 67 Holding and Other Investment Offices","County, 2-digit SIC -- by ownership sector","All establishment sizes",0,0,0,0,0,0,0,0
"04023","5","SIC_0H67","29","0",1981,"4","N","Santa Cruz County, Arizona","Private","SIC 67 Holding and Other Investment Offices","County, 2-digit SIC -- by ownership sector","All establishment sizes",0,0,0,0,0,0,0,0
"04023","5","SIC_0I","28","0",1981,"1","","Santa Cruz County, Arizona","Private","Services Division","County, Industry Division -- by ownership sector","All establishment sizes",132,1001,1021,1025,1889143,0,0,143
"04023","5","SIC_0I","28","0",1981,"2","","Santa Cruz County, Arizona","Private","Services Division","County, Industry Division -- by ownership sector","All establishment sizes",130,1036,1008,1008,2069609,0,0,156
"04023","5","SIC_0I","28","0",1981,"3","","Santa Cruz County, Arizona","Private","Services Division","County, Industry Division -- by ownership sector","All establishment sizes",131,962,956,936,1952914,0,0,157
"04023","5","SIC_0I","28","0",1981,"4","","Santa Cruz County, Arizona","Private","Services Division","County, Industry Division -- by ownership sector","All establishment sizes",127,966,960,955,1971381,0,0,157
"04023","5","SIC_0I70","29","0",1981,"1","","Santa Cruz County, Arizona","Private","SIC 70 Hotels and Other Lodging Places","County, 2-digit SIC -- by ownership sector","All establishment sizes",20,386,400,403,606325,0,0,117
"04023","5","SIC_0I70","29","0",1981,"2","","Santa Cruz County, Arizona","Private","SIC 70 Hotels and Other Lodging Places","County, 2-digit SIC -- by ownership sector","All establishment sizes",20,428,402,414,679860,0,0,126
"04023","5","SIC_0I70","29","0",1981,"3","","Santa Cruz County, Arizona","Private","SIC 70 Hotels and Other Lodging Places","County, 2-digit SIC -- by ownership sector","All establishment sizes",19,350,346,352,561025,0,0,123
"04023","5","SIC_0I70","29","0",1981,"4","","Santa Cruz County, Arizona","Private","SIC 70 Hotels and Other Lodging Places","County, 2-digit SIC -- by ownership sector","All establishment sizes",19,375,374,376,636170,0,0,130
"04023","5","SIC_0I72","29","0",1981,"1","","Santa Cruz County, Arizona","Private","SIC 72 Personal Services","County, 2-digit SIC -- by ownership sector","All establishment sizes",10,45,46,47,76278,0,0,127
"04023","5","SIC_0I72","29","0",1981,"2","","Santa Cruz County, Arizona","Private","SIC 72 Personal Services","County, 2-digit SIC -- by ownership sector","All establishment sizes",10,49,51,49,91583,0,0,141
"04023","5","SIC_0I72","29","0",1981,"3","","Santa Cruz County, Arizona","Private","SIC 72 Personal Services","County, 2-digit SIC -- by ownership sector","All establishment sizes",10,52,54,54,90709,0,0,130
"04023","5","SIC_0I72","29","0",1981,"4","","Santa Cruz County, Arizona","Private","SIC 72 Personal Services","County, 2-digit SIC -- by ownership sector","All establishment sizes",9,50,50,50,105780,0,0,162
"04023","5","SIC_0I73","29","0",1981,"1","","Santa Cruz County, Arizona","Private","SIC 73 Business Services","County, 2-digit SIC -- by ownership sector","All establishment sizes",14,31,41,42,95454,0,0,193
"04023","5","SIC_0I73","29","0",1981,"2","","Santa Cruz County, Arizona","Private","SIC 73 Business Services","County, 2-digit SIC -- by ownership sector","All establishment sizes",14,56,48,32,102462,0,0,173
"04023","5","SIC_0I73","29","0",1981,"3","","Santa Cruz County, Arizona","Private","SIC 73 Business Services","County, 2-digit SIC -- by ownership sector","All establishment sizes",15,36,37,34,78735,0,0,169
"04023","5","SIC_0I73","29","0",1981,"4","","Santa Cruz County, Arizona","Private","SIC 73 Business Services","County, 2-digit SIC -- by ownership sector","All establishment sizes",14,35,34,32,64242,0,0,146
"04023","5","SIC_0I75","29","0",1981,"1","","Santa Cruz County, Arizona","Private","SIC 75 Auto Repair, Services, and Parking","County, 2-digit SIC -- by ownership sector","All establishment sizes",15,33,31,28,70107,0,0,175
"04023","5","SIC_0I75","29","0",1981,"2","","Santa Cruz County, Arizona","Private","SIC 75 Auto Repair, Services, and Parking","County, 2-digit SIC -- by ownership sector","All establishment sizes",15,31,33,31,81460,0,0,197
"04023","5","SIC_0I75","29","0",1981,"3","","Santa Cruz County, Arizona","Private","SIC 75 Auto Repair, Services, and Parking","County, 2-digit SIC -- by ownership sector","All establishment sizes",16,25,24,23,60567,0,0,194
"04023","5","SIC_0I75","29","0",1981,"4","","Santa Cruz County, Arizona","Private","SIC 75 Auto Repair, Services, and Parking","County, 2-digit SIC -- by ownership sector","All establishment sizes",15,21,23,25,64935,0,0,217
"04023","5","SIC_0I76","29","0",1981,"1","N","Santa Cruz County, Arizona","Private","SIC 76 Miscellaneous Repair Services","County, 2-digit SIC -- by ownership sector","All establishment sizes",0,0,0,0,0,0,0,0
"04023","5","SIC_0I76","29","0",1981,"2","N","Santa Cruz County, Arizona","Private","SIC 76 Miscellaneous Repair Services","County, 2-digit SIC -- by ownership sector","All establishment sizes",0,0,0,0,0,0,0,0
"04023","5","SIC_0I76","29","0",1981,"3","N","Santa Cruz County, Arizona","Private","SIC 76 Miscellaneous Repair Services","County, 2-digit SIC -- by ownership sector","All establishment sizes",0,0,0,0,0,0,0,0
"04023","5","SIC_0I76","29","0",1981,"4","N","Santa Cruz County, Arizona","Private","SIC 76 Miscellaneous Repair Services","County, 2-digit SIC -- by ownership sector","All establishment sizes",0,0,0,0,0,0,0,0
"04023","5","SIC_0I79","29","0",1981,"1","","Santa Cruz County, Arizona","Private","SIC 79 Amusement and Recreation Services","County, 2-digit SIC -- by ownership sector","All establishment sizes",3,48,51,53,109567,0,0,166
"04023","5","SIC_0I79","29","0",1981,"2","","Santa Cruz County, Arizona","Private","SIC 79 Amusement and Recreation Services","County, 2-digit SIC -- by ownership sector","All establishment sizes",3,48,46,44,107648,0,0,180
"04023","5","SIC_0I79","29","0",1981,"3","","Santa Cruz County, Arizona","Private","SIC 79 Amusement and Recreation Services","County, 2-digit SIC -- by ownership sector","All establishment sizes",5,78,68,66,150831,0,0,164
"04023","5","SIC_0I79","29","0",1981,"4","","Santa Cruz County, Arizona","Private","SIC 79 Amusement and Recreation Services","County, 2-digit SIC -- by ownership sector","All establishment sizes",5,79,72,70,148831,0,0,155
"04023","5","SIC_0I80","29","0",1981,"1","","Santa Cruz County, Arizona","Private","SIC 80 Health Services","County, 2-digit SIC -- by ownership sector","All establishment sizes",19,224,223,220,516190,0,0,178
"04023","5","SIC_0I80","29","0",1981,"2","","Santa Cruz County, Arizona","Private","SIC 80 Health Services","County, 2-digit SIC -- by ownership sector","All establishment sizes",18,208,218,232,572182,0,0,200
"04023","5","SIC_0I80","29","0",1981,"3","","Santa Cruz County, Arizona","Private","SIC 80 Health Services","County, 2-digit SIC -- by ownership sector","All establishment sizes",16,216,220,211,578874,0,0,206
"04023","5","SIC_0I80","29","0",1981,"4","","Santa Cruz County, Arizona","Private","SIC 80 Health Services","County, 2-digit SIC -- by ownership sector","All establishment sizes",15,214,214,210,516792,0,0,186
"04023","5","SIC_0I81","29","0",1981,"1","","Santa Cruz County, Arizona","Private","SIC 81 Legal Services","County, 2-digit SIC -- by ownership sector","All establishment sizes",5,16,16,17,40967,0,0,192
"04023","5","SIC_0I81","29","0",1981,"2","","Santa Cruz County, Arizona","Private","SIC 81 Legal Services","County, 2-digit SIC -- by ownership sector","All establishment sizes",5,17,17,18,43174,0,0,191
"04023","5","SIC_0I81","29","0",1981,"3","","Santa Cruz County, Arizona","Private","SIC 81 Legal Services","County, 2-digit SIC -- by ownership sector","All establishment sizes",5,17,18,16,42998,0,0,194
"04023","5","SIC_0I81","29","0",1981,"4","","Santa Cruz County, Arizona","Private","SIC 81 Legal Services","County, 2-digit SIC -- by ownership sector","All establishment sizes",5,16,16,18,48368,0,0,223
"04023","5","SIC_0I82","29","0",1981,"1","N","Santa Cruz County, Arizona","Private","SIC 82 Educational Services","County, 2-digit SIC -- by ownership sector","All establishment sizes",0,0,0,0,0,0,0,0
"04023","5","SIC_0I82","29","0",1981,"2","N","Santa Cruz County, Arizona","Private","SIC 82 Educational Services","County, 2-digit SIC -- by ownership sector","All establishment sizes",0,0,0,0,0,0,0,0
"04023","5","SIC_0I82","29","0",1981,"3","N","Santa Cruz County, Arizona","Private","SIC 82 Educational Services","County, 2-digit SIC -- by ownership sector","All establishment sizes",0,0,0,0,0,0,0,0
"04023","5","SIC_0I82","29","0",1981,"4","N","Santa Cruz County, Arizona","Private","SIC 82 Educational Services","County, 2-digit SIC -- by ownership sector","All establishment sizes",0,0,0,0,0,0,0,0
"04023","5","SIC_0I83","29","0",1981,"1","","Santa Cruz County, Arizona","Private","SIC 83 Social Services","County, 2-digit SIC -- by ownership sector","All establishment sizes",5,99,98,95,154924,0,0,122
"04023","5","SIC_0I83","29","0",1981,"2","","Santa Cruz County, Arizona","Private","SIC 83 Social Services","County, 2-digit SIC -- by ownership sector","All establishment sizes",5,93,90,79,139665,0,0,123
"04023","5","SIC_0I83","29","0",1981,"3","","Santa Cruz County, Arizona","Private","SIC 83 Social Services","County, 2-digit SIC -- by ownership sector","All establishment sizes",4,81,80,78,128983,0,0,124
"04023","5","SIC_0I83","29","0",1981,"4","","Santa Cruz County, Arizona","Private","SIC 83 Social Services","County, 2-digit SIC -- by ownership sector","All establishment sizes",4,74,73,72,135625,0,0,142
"04023","5","SIC_0I86","29","0",1981,"1","","Santa Cruz County, Arizona","Private","SIC 86 Membership Organizations","County, 2-digit SIC -- by ownership sector","All establishment sizes",6,15,16,16,26273,0,0,129
"04023","5","SIC_0I86","29","0",1981,"2","","Santa Cruz County, Arizona","Private","SIC 86 Membership Organizations","County, 2-digit SIC -- by ownership sector","All establishment sizes",6,17,16,16,30545,0,0,143
"04023","5","SIC_0I86","29","0",1981,"3","","Santa Cruz County, Arizona","Private","SIC 86 Membership Organizations","County, 2-digit SIC -- by ownership sector","All establishment sizes",6,15,16,15,29858,0,0,149
"04023","5","SIC_0I86","29","0",1981,"4","","Santa Cruz County, Arizona","Private","SIC 86 Membership Organizations","County, 2-digit SIC -- by ownership sector","All establishment sizes",5,16,15,14,31771,0,0,162
"04023","5","SIC_0I88","29","0",1981,"1","","Santa Cruz County, Arizona","Private","SIC 88 Private Households","County, 2-digit SIC -- by ownership sector","All establishment sizes",15,17,16,17,22376,0,0,103
"04023","5","SIC_0I88","29","0",1981,"2","","Santa Cruz County, Arizona","Private","SIC 88 Private Households","County, 2-digit SIC -- by ownership sector","All establishment sizes",15,16,16,17,22892,0,0,107
"04023","5","SIC_0I88","29","0",1981,"3","","Santa Cruz County, Arizona","Private","SIC 88 Private Households","County, 2-digit SIC -- by ownership sector","All establishment sizes",16,16,16,16,22945,0,0,110
"04023","5","SIC_0I88","29","0",1981,"4","","Santa Cruz County, Arizona","Private","SIC 88 Private Households","County, 2-digit SIC -- by ownership sector","All establishment sizes",16,15,16,16,22370,0,0,109
"04023","5","SIC_0I89","29","0",1981,"1","","Santa Cruz County, Arizona","Private","SIC 89 Services, Nec","County, 2-digit SIC -- by ownership sector","All establishment sizes",15,43,41,43,89026,0,0,161
"04023","5","SIC_0I89","29","0",1981,"2","","Santa Cruz County, Arizona","Private","SIC 89 Services, Nec","County, 2-digit SIC -- by ownership sector","All establishment sizes",14,43,38,45,126578,0,0,231
"04023","5","SIC_0I89","29","0",1981,"3","","Santa Cruz County, Arizona","Private","SIC 89 Services, Nec","County, 2-digit SIC -- by ownership sector","All establishment sizes",14,46,46,41,131269,0,0,227
"04023","5","SIC_0I89","29","0",1981,"4","","Santa Cruz County, Arizona","Private","SIC 89 Services, Nec","County, 2-digit SIC -- by ownership sector","All establishment sizes",15,40,41,40,109567,0,0,208
