"area_fips","own_code","industry_code","agglvl_code","size_code","year","qtr","disclosure_code","area_title","own_title","industry_title","agglvl_title","size_title","qtrly_estabs_count","month1_emplvl","month2_emplvl","month3_emplvl","total_qtrly_wages","taxable_qtrly_wages","qtrly_contributions","avg_wkly_wage"
"05999","0","SIC_0Z","26","0",1981,"1","N","Unknown Or Undefined, Arkansas","Total Covered","All Industries","County, Total Covered","All establishment sizes",0,0,0,0,0,0,0,0
"05999","0","SIC_0Z","26","0",1981,"2","N","Unknown Or Undefined, Arkansas","Total Covered","All Industries","County, Total Covered","All establishment sizes",0,0,0,0,0,0,0,0
"05999","0","SIC_0Z","26","0",1981,"3","N","Unknown Or Undefined, Arkansas","Total Covered","All Industries","County, Total Covered","All establishment sizes",0,0,0,0,0,0,0,0
"05999","0","SIC_0Z","26","0",1981,"4","N","Unknown Or Undefined, Arkansas","Total Covered","All Industries","County, Total Covered","All establishment sizes",0,0,0,0,0,0,0,0
"05999","1","SIC_0Z","27","0",1981,"1","","Unknown Or Undefined, Arkansas","Federal Government","All Industries","County, Total -- by ownership sector","All establishment sizes",4,194,196,196,990282,0,0,389
"05999","1","SIC_0Z","27","0",1981,"2","","Unknown Or Undefined, Arkansas","Federal Government","All Industries","County, Total -- by ownership sector","All establishment sizes",5,208,210,220,1140238,0,0,412
"05999","1","SIC_0Z","27","0",1981,"3","","Unknown Or Undefined, Arkansas","Federal Government","All Industries","County, Total -- by ownership sector","All establishment sizes",4,96,93,95,550241,0,0,447
"05999","1","SIC_0Z","27","0",1981,"4","","Unknown Or Undefined, Arkansas","Federal Government","All Industries","County, Total -- by ownership sector","All establishment sizes",4,243,244,243,1242823,0,0,392
"05999","1","SIC_0J","28","0",1981,"1","","Unknown Or Undefined, Arkansas","Federal Government","Public Administration Division","County, Industry Division -- by ownership sector","All establishment sizes",4,194,196,196,990282,0,0,389
"05999","1","SIC_0J","28","0",1981,"2","","Unknown Or Undefined, Arkansas","Federal Government","Public Administration Division","County, Industry Division -- by ownership sector","All establishment sizes",5,208,210,220,1140238,0,0,412
"05999","1","SIC_0J","28","0",1981,"3","","Unknown Or Undefined, Arkansas","Federal Government","Public Administration Division","County, Industry Division -- by ownership sector","All establishment sizes",4,96,93,95,550241,0,0,447
"05999","1","SIC_0J","28","0",1981,"4","","Unknown Or Undefined, Arkansas","Federal Government","Public Administration Division","County, Industry Division -- by ownership sector","All establishment sizes",4,243,244,243,1242823,0,0,392
"05999","1","SIC_0J93","29","0",1981,"1","","Unknown Or Undefined, Arkansas","Federal Government","SIC 93 Finance, Taxation, and Monetary Policy","County, 2-digit SIC -- by ownership sector","All establishment sizes",1,16,16,16,100318,0,0,482
"05999","1","SIC_0J93","29","0",1981,"2","","Unknown Or Undefined, Arkansas","Federal Government","SIC 93 Finance, Taxation, and Monetary Policy","County, 2-digit SIC -- by ownership sector","All establishment sizes",1,15,15,13,81329,0,0,436
"05999","1","SIC_0J93","29","0",1981,"3","","Unknown Or Undefined, Arkansas","Federal Government","SIC 93 Finance, Taxation, and Monetary Policy","County, 2-digit SIC -- by ownership sector","All establishment sizes",1,12,11,10,67227,0,0,470
"05999","1","SIC_0J93","29","0",1981,"4","","Unknown Or Undefined, Arkansas","Federal Government","SIC 93 Finance, Taxation, and Monetary Policy","County, 2-digit SIC -- by ownership sector","All establishment sizes",1,10,10,11,77626,0,0,577
"05999","1","SIC_0J94","29","0",1981,"1","","Unknown Or Undefined, Arkansas","Federal Government","SIC 94 Administration of Human Resources","County, 2-digit SIC -- by ownership sector","All establishment sizes",1,4,4,4,41066,0,0,789
"05999","1","SIC_0J94","29","0",1981,"2","","Unknown Or Undefined, Arkansas","Federal Government","SIC 94 Administration of Human Resources","County, 2-digit SIC -- by ownership sector","All establishment sizes",1,4,4,4,32746,0,0,629
"05999","1","SIC_0J94","29","0",1981,"3","","Unknown Or Undefined, Arkansas","Federal Government","SIC 94 Administration of Human Resources","County, 2-digit SIC -- by ownership sector","All establishment sizes",1,4,4,5,37054,0,0,657
"05999","1","SIC_0J94","29","0",1981,"4","","Unknown Or Undefined, Arkansas","Federal Government","SIC 94 Administration of Human Resources","County, 2-digit SIC -- by ownership sector","All establishment sizes",1,3,4,3,27054,0,0,624
"05999","1","SIC_0J96","29","0",1981,"1","","Unknown Or Undefined, Arkansas","Federal Government","SIC 96 Administration of Economic Programs","County, 2-digit SIC -- by ownership sector","All establishment sizes",0,0,0,0,0,0,0,0
"05999","1","SIC_0J96","29","0",1981,"2","","Unknown Or Undefined, Arkansas","Federal Government","SIC 96 Administration of Economic Programs","County, 2-digit SIC -- by ownership sector","All establishment sizes",1,0,0,10,7114,0,0,164
"05999","1","SIC_0J96","29","0",1981,"3","","Unknown Or Undefined, Arkansas","Federal Government","SIC 96 Administration of Economic Programs","County, 2-digit SIC -- by ownership sector","All establishment sizes",0,0,0,0,0,0,0,0
"05999","1","SIC_0J96","29","0",1981,"4","","Unknown Or Undefined, Arkansas","Federal Government","SIC 96 Administration of Economic Programs","County, 2-digit SIC -- by ownership sector","All establishment sizes",0,0,0,0,0,0,0,0
"05999","1","SIC_0J97","29","0",1981,"1","","Unknown Or Undefined, Arkansas","Federal Government","SIC 97 National Security and Intl. Affairs","County, 2-digit SIC -- by ownership sector","All establishment sizes",2,174,176,176,848898,0,0,372
"05999","1","SIC_0J97","29","0",1981,"2","","Unknown Or Undefined, Arkansas","Federal Government","SIC 97 National Security and Intl. Affairs","County, 2-digit SIC -- by ownership sector","All establishment sizes",2,189,191,193,1019049,0,0,410
"05999","1","SIC_0J97","29","0",1981,"3","","Unknown Or Undefined, Arkansas","Federal Government","SIC 97 National Security and Intl. Affairs","County, 2-digit SIC -- by ownership sector","All establishment sizes",2,80,78,80,445960,0,0,432
"05999","1","SIC_0J97","29","0",1981,"4","","Unknown Or Undefined, Arkansas","Federal Government","SIC 97 National Security and Intl. Affairs","County, 2-digit SIC -- by ownership sector","All establishment sizes",2,230,230,229,1138143,0,0,381
"05999","2","SIC_0Z","27","0",1981,"1","N","Unknown Or Undefined, Arkansas","State Government","All Industries","County, Total -- by ownership sector","All establishment sizes",0,0,0,0,0,0,0,0
"05999","2","SIC_0Z","27","0",1981,"2","N","Unknown Or Undefined, Arkansas","State Government","All Industries","County, Total -- by ownership sector","All establishment sizes",0,0,0,0,0,0,0,0
"05999","2","SIC_0Z","27","0",1981,"3","N","Unknown Or Undefined, Arkansas","State Government","All Industries","County, Total -- by ownership sector","All establishment sizes",0,0,0,0,0,0,0,0
"05999","2","SIC_0Z","27","0",1981,"4","N","Unknown Or Undefined, Arkansas","State Government","All Industries","County, Total -- by ownership sector","All establishment sizes",0,0,0,0,0,0,0,0
"05999","2","SIC_0J","28","0",1981,"1","N","Unknown Or Undefined, Arkansas","State Government","Public Administration Division","County, Industry Division -- by ownership sector","All establishment sizes",0,0,0,0,0,0,0,0
"05999","2","SIC_0J","28","0",1981,"2","N","Unknown Or Undefined, Arkansas","State Government","Public Administration Division","County, Industry Division -- by ownership sector","All establishment sizes",0,0,0,0,0,0,0,0
"05999","2","SIC_0J","28","0",1981,"3","N","Unknown Or Undefined, Arkansas","State Government","Public Administration Division","County, Industry Division -- by ownership sector","All establishment sizes",0,0,0,0,0,0,0,0
"05999","2","SIC_0J","28","0",1981,"4","N","Unknown Or Undefined, Arkansas","State Government","Public Administration Division","County, Industry Division -- by ownership sector","All establishment sizes",0,0,0,0,0,0,0,0
"05999","2","SIC_0J95","29","0",1981,"1","N","Unknown Or Undefined, Arkansas","State Government","SIC 95 Environmental Quality and Housing","County, 2-digit SIC -- by ownership sector","All establishment sizes",0,0,0,0,0,0,0,0
"05999","2","SIC_0J95","29","0",1981,"2","N","Unknown Or Undefined, Arkansas","State Government","SIC 95 Environmental Quality and Housing","County, 2-digit SIC -- by ownership sector","All establishment sizes",0,0,0,0,0,0,0,0
"05999","2","SIC_0J95","29","0",1981,"3","N","Unknown Or Undefined, Arkansas","State Government","SIC 95 Environmental Quality and Housing","County, 2-digit SIC -- by ownership sector","All establishment sizes",0,0,0,0,0,0,0,0
"05999","2","SIC_0J95","29","0",1981,"4","","Unknown Or Undefined, Arkansas","State Government","SIC 95 Environmental Quality and Housing","County, 2-digit SIC -- by ownership sector","All establishment sizes",0,0,0,0,0,0,0,0
"05999","2","SIC_0J96","29","0",1981,"1","N","Unknown Or Undefined, Arkansas","State Government","SIC 96 Administration of Economic Programs","County, 2-digit SIC -- by ownership sector","All establishment sizes",0,0,0,0,0,0,0,0
"05999","2","SIC_0J96","29","0",1981,"2","N","Unknown Or Undefined, Arkansas","State Government","SIC 96 Administration of Economic Programs","County, 2-digit SIC -- by ownership sector","All establishment sizes",0,0,0,0,0,0,0,0
"05999","2","SIC_0J96","29","0",1981,"3","N","Unknown Or Undefined, Arkansas","State Government","SIC 96 Administration of Economic Programs","County, 2-digit SIC -- by ownership sector","All establishment sizes",0,0,0,0,0,0,0,0
"05999","2","SIC_0J96","29","0",1981,"4","N","Unknown Or Undefined, Arkansas","State Government","SIC 96 Administration of Economic Programs","County, 2-digit SIC -- by ownership sector","All establishment sizes",0,0,0,0,0,0,0,0
"05999","5","SIC_0Z","27","0",1981,"1","","Unknown Or Undefined, Arkansas","Private","All Industries","County, Total -- by ownership sector","All establishment sizes",1346,5155,5202,5166,23116376,0,0,343
"05999","5","SIC_0Z","27","0",1981,"2","","Unknown Or Undefined, Arkansas","Private","All Industries","County, Total -- by ownership sector","All establishment sizes",1361,5350,5412,5454,24637116,0,0,350
"05999","5","SIC_0Z","27","0",1981,"3","","Unknown Or Undefined, Arkansas","Private","All Industries","County, Total -- by ownership sector","All establishment sizes",1386,5148,5261,5080,24499619,0,0,365
"05999","5","SIC_0Z","27","0",1981,"4","","Unknown Or Undefined, Arkansas","Private","All Industries","County, Total -- by ownership sector","All establishment sizes",1408,4966,5161,5211,25741747,0,0,387
"05999","5","SIC_0A","28","0",1981,"1","N","Unknown Or Undefined, Arkansas","Private","Agriculture, Forestry, and Fishing Division","County, Industry Division -- by ownership sector","All establishment sizes",0,0,0,0,0,0,0,0
"05999","5","SIC_0A","28","0",1981,"2","N","Unknown Or Undefined, Arkansas","Private","Agriculture, Forestry, and Fishing Division","County, Industry Division -- by ownership sector","All establishment sizes",0,0,0,0,0,0,0,0
"05999","5","SIC_0A","28","0",1981,"3","N","Unknown Or Undefined, Arkansas","Private","Agriculture, Forestry, and Fishing Division","County, Industry Division -- by ownership sector","All establishment sizes",0,0,0,0,0,0,0,0
"05999","5","SIC_0A","28","0",1981,"4","N","Unknown Or Undefined, Arkansas","Private","Agriculture, Forestry, and Fishing Division","County, Industry Division -- by ownership sector","All establishment sizes",0,0,0,0,0,0,0,0
"05999","5","SIC_0A01","29","0",1981,"1","N","Unknown Or Undefined, Arkansas","Private","SIC 01 Agricultural Production Crops","County, 2-digit SIC -- by ownership sector","All establishment sizes",0,0,0,0,0,0,0,0
"05999","5","SIC_0A01","29","0",1981,"2","N","Unknown Or Undefined, Arkansas","Private","SIC 01 Agricultural Production Crops","County, 2-digit SIC -- by ownership sector","All establishment sizes",0,0,0,0,0,0,0,0
"05999","5","SIC_0A01","29","0",1981,"3","N","Unknown Or Undefined, Arkansas","Private","SIC 01 Agricultural Production Crops","County, 2-digit SIC -- by ownership sector","All establishment sizes",0,0,0,0,0,0,0,0
"05999","5","SIC_0A01","29","0",1981,"4","N","Unknown Or Undefined, Arkansas","Private","SIC 01 Agricultural Production Crops","County, 2-digit SIC -- by ownership sector","All establishment sizes",0,0,0,0,0,0,0,0
"05999","5","SIC_0A07","29","0",1981,"1","","Unknown Or Undefined, Arkansas","Private","SIC 07 Agricultural Services","County, 2-digit SIC -- by ownership sector","All establishment sizes",4,48,72,64,131819,0,0,165
"05999","5","SIC_0A07","29","0",1981,"2","","Unknown Or Undefined, Arkansas","Private","SIC 07 Agricultural Services","County, 2-digit SIC -- by ownership sector","All establishment sizes",5,66,45,47,109520,0,0,159
"05999","5","SIC_0A07","29","0",1981,"3","","Unknown Or Undefined, Arkansas","Private","SIC 07 Agricultural Services","County, 2-digit SIC -- by ownership sector","All establishment sizes",5,47,50,55,112880,0,0,171
"05999","5","SIC_0A07","29","0",1981,"4","","Unknown Or Undefined, Arkansas","Private","SIC 07 Agricultural Services","County, 2-digit SIC -- by ownership sector","All establishment sizes",5,56,57,63,144109,0,0,188
"05999","5","SIC_0A08","29","0",1981,"1","N","Unknown Or Undefined, Arkansas","Private","SIC 08 Forestry","County, 2-digit SIC -- by ownership sector","All establishment sizes",0,0,0,0,0,0,0,0
"05999","5","SIC_0A08","29","0",1981,"2","N","Unknown Or Undefined, Arkansas","Private","SIC 08 Forestry","County, 2-digit SIC -- by ownership sector","All establishment sizes",0,0,0,0,0,0,0,0
"05999","5","SIC_0A08","29","0",1981,"3","N","Unknown Or Undefined, Arkansas","Private","SIC 08 Forestry","County, 2-digit SIC -- by ownership sector","All establishment sizes",0,0,0,0,0,0,0,0
"05999","5","SIC_0A08","29","0",1981,"4","N","Unknown Or Undefined, Arkansas","Private","SIC 08 Forestry","County, 2-digit SIC -- by ownership sector","All establishment sizes",0,0,0,0,0,0,0,0
"05999","5","SIC_0B","28","0",1981,"1","","Unknown Or Undefined, Arkansas","Private","Mining Division","County, Industry Division -- by ownership sector","All establishment sizes",37,214,252,247,1332930,0,0,431
"05999","5","SIC_0B","28","0",1981,"2","","Unknown Or Undefined, Arkansas","Private","Mining Division","County, Industry Division -- by ownership sector","All establishment sizes",43,271,253,217,1457787,0,0,453
"05999","5","SIC_0B","28","0",1981,"3","","Unknown Or Undefined, Arkansas","Private","Mining Division","County, Industry Division -- by ownership sector","All establishment sizes",40,304,343,266,1664001,0,0,420
"05999","5","SIC_0B","28","0",1981,"4","","Unknown Or Undefined, Arkansas","Private","Mining Division","County, Industry Division -- by ownership sector","All establishment sizes",38,358,366,372,2121297,0,0,446
"05999","5","SIC_0B10","29","0",1981,"1","N","Unknown Or Undefined, Arkansas","Private","SIC 10 Metal Mining","County, 2-digit SIC -- by ownership sector","All establishment sizes",0,0,0,0,0,0,0,0
"05999","5","SIC_0B10","29","0",1981,"2","N","Unknown Or Undefined, Arkansas","Private","SIC 10 Metal Mining","County, 2-digit SIC -- by ownership sector","All establishment sizes",0,0,0,0,0,0,0,0
"05999","5","SIC_0B10","29","0",1981,"3","N","Unknown Or Undefined, Arkansas","Private","SIC 10 Metal Mining","County, 2-digit SIC -- by ownership sector","All establishment sizes",0,0,0,0,0,0,0,0
"05999","5","SIC_0B10","29","0",1981,"4","N","Unknown Or Undefined, Arkansas","Private","SIC 10 Metal Mining","County, 2-digit SIC -- by ownership sector","All establishment sizes",0,0,0,0,0,0,0,0
"05999","5","SIC_0B12","29","0",1981,"1","","Unknown Or Undefined, Arkansas","Private","SIC 12 Coal Mining","County, 2-digit SIC -- by ownership sector","All establishment sizes",0,0,0,0,0,0,0,0
"05999","5","SIC_0B12","29","0",1981,"2","N","Unknown Or Undefined, Arkansas","Private","SIC 12 Coal Mining","County, 2-digit SIC -- by ownership sector","All establishment sizes",0,0,0,0,0,0,0,0
"05999","5","SIC_0B12","29","0",1981,"3","","Unknown Or Undefined, Arkansas","Private","SIC 12 Coal Mining","County, 2-digit SIC -- by ownership sector","All establishment sizes",0,0,0,0,0,0,0,0
"05999","5","SIC_0B12","29","0",1981,"4","","Unknown Or Undefined, Arkansas","Private","SIC 12 Coal Mining","County, 2-digit SIC -- by ownership sector","All establishment sizes",0,0,0,0,0,0,0,0
"05999","5","SIC_0B13","29","0",1981,"1","","Unknown Or Undefined, Arkansas","Private","SIC 13 Oil and Gas Extraction","County, 2-digit SIC -- by ownership sector","All establishment sizes",35,210,244,238,1310544,0,0,437
"05999","5","SIC_0B13","29","0",1981,"2","","Unknown Or Undefined, Arkansas","Private","SIC 13 Oil and Gas Extraction","County, 2-digit SIC -- by ownership sector","All establishment sizes",40,251,233,199,1387345,0,0,468
"05999","5","SIC_0B13","29","0",1981,"3","","Unknown Or Undefined, Arkansas","Private","SIC 13 Oil and Gas Extraction","County, 2-digit SIC -- by ownership sector","All establishment sizes",38,295,343,266,1655199,0,0,422
"05999","5","SIC_0B13","29","0",1981,"4","N","Unknown Or Undefined, Arkansas","Private","SIC 13 Oil and Gas Extraction","County, 2-digit SIC -- by ownership sector","All establishment sizes",0,0,0,0,0,0,0,0
"05999","5","SIC_0B14","29","0",1981,"1","N","Unknown Or Undefined, Arkansas","Private","SIC 14 Nonmetallic Minerals, Except Fuels","County, 2-digit SIC -- by ownership sector","All establishment sizes",0,0,0,0,0,0,0,0
"05999","5","SIC_0B14","29","0",1981,"2","N","Unknown Or Undefined, Arkansas","Private","SIC 14 Nonmetallic Minerals, Except Fuels","County, 2-digit SIC -- by ownership sector","All establishment sizes",0,0,0,0,0,0,0,0
"05999","5","SIC_0B14","29","0",1981,"3","N","Unknown Or Undefined, Arkansas","Private","SIC 14 Nonmetallic Minerals, Except Fuels","County, 2-digit SIC -- by ownership sector","All establishment sizes",0,0,0,0,0,0,0,0
"05999","5","SIC_0B14","29","0",1981,"4","","Unknown Or Undefined, Arkansas","Private","SIC 14 Nonmetallic Minerals, Except Fuels","County, 2-digit SIC -- by ownership sector","All establishment sizes",0,0,0,0,0,0,0,0
"05999","5","SIC_0C","28","0",1981,"1","","Unknown Or Undefined, Arkansas","Private","Construction Division","County, Industry Division -- by ownership sector","All establishment sizes",288,1331,1266,1218,5120739,0,0,309
"05999","5","SIC_0C","28","0",1981,"2","","Unknown Or Undefined, Arkansas","Private","Construction Division","County, Industry Division -- by ownership sector","All establishment sizes",291,1313,1405,1456,6073982,0,0,335
"05999","5","SIC_0C","28","0",1981,"3","","Unknown Or Undefined, Arkansas","Private","Construction Division","County, Industry Division -- by ownership sector","All establishment sizes",291,1110,1149,1051,5200142,0,0,362
"05999","5","SIC_0C","28","0",1981,"4","","Unknown Or Undefined, Arkansas","Private","Construction Division","County, Industry Division -- by ownership sector","All establishment sizes",302,898,971,944,4655960,0,0,381
"05999","5","SIC_0C15","29","0",1981,"1","","Unknown Or Undefined, Arkansas","Private","SIC 15 General Building Contractors","County, 2-digit SIC -- by ownership sector","All establishment sizes",57,83,80,60,281311,0,0,291
"05999","5","SIC_0C15","29","0",1981,"2","","Unknown Or Undefined, Arkansas","Private","SIC 15 General Building Contractors","County, 2-digit SIC -- by ownership sector","All establishment sizes",58,51,60,61,245626,0,0,329
"05999","5","SIC_0C15","29","0",1981,"3","","Unknown Or Undefined, Arkansas","Private","SIC 15 General Building Contractors","County, 2-digit SIC -- by ownership sector","All establishment sizes",56,67,73,63,270413,0,0,307
"05999","5","SIC_0C15","29","0",1981,"4","","Unknown Or Undefined, Arkansas","Private","SIC 15 General Building Contractors","County, 2-digit SIC -- by ownership sector","All establishment sizes",58,107,131,120,416266,0,0,268
"05999","5","SIC_0C16","29","0",1981,"1","","Unknown Or Undefined, Arkansas","Private","SIC 16 Heavy Construction, ex. Building","County, 2-digit SIC -- by ownership sector","All establishment sizes",73,307,259,278,905590,0,0,247
"05999","5","SIC_0C16","29","0",1981,"2","","Unknown Or Undefined, Arkansas","Private","SIC 16 Heavy Construction, ex. Building","County, 2-digit SIC -- by ownership sector","All establishment sizes",74,329,362,390,1270612,0,0,271
"05999","5","SIC_0C16","29","0",1981,"3","","Unknown Or Undefined, Arkansas","Private","SIC 16 Heavy Construction, ex. Building","County, 2-digit SIC -- by ownership sector","All establishment sizes",73,319,407,327,1253022,0,0,274
"05999","5","SIC_0C16","29","0",1981,"4","","Unknown Or Undefined, Arkansas","Private","SIC 16 Heavy Construction, ex. Building","County, 2-digit SIC -- by ownership sector","All establishment sizes",75,216,184,178,819946,0,0,327
"05999","5","SIC_0C17","29","0",1981,"1","","Unknown Or Undefined, Arkansas","Private","SIC 17 Special Trade Contractors","County, 2-digit SIC -- by ownership sector","All establishment sizes",158,941,927,880,3933838,0,0,330
"05999","5","SIC_0C17","29","0",1981,"2","","Unknown Or Undefined, Arkansas","Private","SIC 17 Special Trade Contractors","County, 2-digit SIC -- by ownership sector","All establishment sizes",159,933,983,1005,4557744,0,0,360
"05999","5","SIC_0C17","29","0",1981,"3","","Unknown Or Undefined, Arkansas","Private","SIC 17 Special Trade Contractors","County, 2-digit SIC -- by ownership sector","All establishment sizes",162,724,669,661,3676707,0,0,413
"05999","5","SIC_0C17","29","0",1981,"4","","Unknown Or Undefined, Arkansas","Private","SIC 17 Special Trade Contractors","County, 2-digit SIC -- by ownership sector","All establishment sizes",169,575,656,646,3419748,0,0,420
"05999","5","SIC_0D","28","0",1981,"1","N","Unknown Or Undefined, Arkansas","Private","Manufacturing Division","County, Industry Division -- by ownership sector","All establishment sizes",0,0,0,0,0,0,0,0
"05999","5","SIC_0D","28","0",1981,"2","N","Unknown Or Undefined, Arkansas","Private","Manufacturing Division","County, Industry Division -- by ownership sector","All establishment sizes",0,0,0,0,0,0,0,0
"05999","5","SIC_0D","28","0",1981,"3","N","Unknown Or Undefined, Arkansas","Private","Manufacturing Division","County, Industry Division -- by ownership sector","All establishment sizes",0,0,0,0,0,0,0,0
"05999","5","SIC_0D","28","0",1981,"4","N","Unknown Or Undefined, Arkansas","Private","Manufacturing Division","County, Industry Division -- by ownership sector","All establishment sizes",0,0,0,0,0,0,0,0
"05999","5","SIC_0D24","29","0",1981,"1","N","Unknown Or Undefined, Arkansas","Private","SIC 24 Lumber and Wood Products","County, 2-digit SIC -- by ownership sector","All establishment sizes",0,0,0,0,0,0,0,0
"05999","5","SIC_0D24","29","0",1981,"2","N","Unknown Or Undefined, Arkansas","Private","SIC 24 Lumber and Wood Products","County, 2-digit SIC -- by ownership sector","All establishment sizes",0,0,0,0,0,0,0,0
"05999","5","SIC_0D24","29","0",1981,"3","N","Unknown Or Undefined, Arkansas","Private","SIC 24 Lumber and Wood Products","County, 2-digit SIC -- by ownership sector","All establishment sizes",0,0,0,0,0,0,0,0
"05999","5","SIC_0D24","29","0",1981,"4","N","Unknown Or Undefined, Arkansas","Private","SIC 24 Lumber and Wood Products","County, 2-digit SIC -- by ownership sector","All establishment sizes",0,0,0,0,0,0,0,0
"05999","5","SIC_0E","28","0",1981,"1","","Unknown Or Undefined, Arkansas","Private","Transportation and Public Utilities Division","County, Industry Division -- by ownership sector","All establishment sizes",31,216,218,231,1134454,0,0,393
"05999","5","SIC_0E","28","0",1981,"2","","Unknown Or Undefined, Arkansas","Private","Transportation and Public Utilities Division","County, Industry Division -- by ownership sector","All establishment sizes",32,264,274,274,1302817,0,0,370
"05999","5","SIC_0E","28","0",1981,"3","","Unknown Or Undefined, Arkansas","Private","Transportation and Public Utilities Division","County, Industry Division -- by ownership sector","All establishment sizes",33,267,259,265,1278569,0,0,373
"05999","5","SIC_0E","28","0",1981,"4","","Unknown Or Undefined, Arkansas","Private","Transportation and Public Utilities Division","County, Industry Division -- by ownership sector","All establishment sizes",33,282,278,267,1294274,0,0,361
"05999","5","SIC_0E42","29","0",1981,"1","","Unknown Or Undefined, Arkansas","Private","SIC 42 Trucking And Warehousing","County, 2-digit SIC -- by ownership sector","All establishment sizes",22,171,176,189,883794,0,0,380
"05999","5","SIC_0E42","29","0",1981,"2","","Unknown Or Undefined, Arkansas","Private","SIC 42 Trucking And Warehousing","County, 2-digit SIC -- by ownership sector","All establishment sizes",23,210,219,217,1003997,0,0,358
"05999","5","SIC_0E42","29","0",1981,"3","","Unknown Or Undefined, Arkansas","Private","SIC 42 Trucking And Warehousing","County, 2-digit SIC -- by ownership sector","All establishment sizes",24,194,189,198,969980,0,0,385
"05999","5","SIC_0E42","29","0",1981,"4","","Unknown Or Undefined, Arkansas","Private","SIC 42 Trucking And Warehousing","County, 2-digit SIC -- by ownership sector","All establishment sizes",24,219,215,207,968129,0,0,348
"05999","5","SIC_0E44","29","0",1981,"1","N","Unknown Or Undefined, Arkansas","Private","SIC 44 Water Transportation","County, 2-digit SIC -- by ownership sector","All establishment sizes",0,0,0,0,0,0,0,0
"05999","5","SIC_0E44","29","0",1981,"2","N","Unknown Or Undefined, Arkansas","Private","SIC 44 Water Transportation","County, 2-digit SIC -- by ownership sector","All establishment sizes",0,0,0,0,0,0,0,0
"05999","5","SIC_0E44","29","0",1981,"3","N","Unknown Or Undefined, Arkansas","Private","SIC 44 Water Transportation","County, 2-digit SIC -- by ownership sector","All establishment sizes",0,0,0,0,0,0,0,0
"05999","5","SIC_0E44","29","0",1981,"4","N","Unknown Or Undefined, Arkansas","Private","SIC 44 Water Transportation","County, 2-digit SIC -- by ownership sector","All establishment sizes",0,0,0,0,0,0,0,0
"05999","5","SIC_0E45","29","0",1981,"1","N","Unknown Or Undefined, Arkansas","Private","SIC 45 Transportation By Air","County, 2-digit SIC -- by ownership sector","All establishment sizes",0,0,0,0,0,0,0,0
"05999","5","SIC_0E45","29","0",1981,"2","N","Unknown Or Undefined, Arkansas","Private","SIC 45 Transportation By Air","County, 2-digit SIC -- by ownership sector","All establishment sizes",0,0,0,0,0,0,0,0
"05999","5","SIC_0E45","29","0",1981,"3","N","Unknown Or Undefined, Arkansas","Private","SIC 45 Transportation By Air","County, 2-digit SIC -- by ownership sector","All establishment sizes",0,0,0,0,0,0,0,0
"05999","5","SIC_0E45","29","0",1981,"4","N","Unknown Or Undefined, Arkansas","Private","SIC 45 Transportation By Air","County, 2-digit SIC -- by ownership sector","All establishment sizes",0,0,0,0,0,0,0,0
"05999","5","SIC_0E46","29","0",1981,"1","","Unknown Or Undefined, Arkansas","Private","SIC 46 Pipelines, Except Natural Gas","County, 2-digit SIC -- by ownership sector","All establishment sizes",3,22,22,22,142472,0,0,498
"05999","5","SIC_0E46","29","0",1981,"2","N","Unknown Or Undefined, Arkansas","Private","SIC 46 Pipelines, Except Natural Gas","County, 2-digit SIC -- by ownership sector","All establishment sizes",0,0,0,0,0,0,0,0
"05999","5","SIC_0E46","29","0",1981,"3","N","Unknown Or Undefined, Arkansas","Private","SIC 46 Pipelines, Except Natural Gas","County, 2-digit SIC -- by ownership sector","All establishment sizes",0,0,0,0,0,0,0,0
"05999","5","SIC_0E46","29","0",1981,"4","N","Unknown Or Undefined, Arkansas","Private","SIC 46 Pipelines, Except Natural Gas","County, 2-digit SIC -- by ownership sector","All establishment sizes",0,0,0,0,0,0,0,0
"05999","5","SIC_0E47","29","0",1981,"1","N","Unknown Or Undefined, Arkansas","Private","SIC 47 Transportation Services","County, 2-digit SIC -- by ownership sector","All establishment sizes",0,0,0,0,0,0,0,0
"05999","5","SIC_0E47","29","0",1981,"2","N","Unknown Or Undefined, Arkansas","Private","SIC 47 Transportation Services","County, 2-digit SIC -- by ownership sector","All establishment sizes",0,0,0,0,0,0,0,0
"05999","5","SIC_0E47","29","0",1981,"3","N","Unknown Or Undefined, Arkansas","Private","SIC 47 Transportation Services","County, 2-digit SIC -- by ownership sector","All establishment sizes",0,0,0,0,0,0,0,0
"05999","5","SIC_0E47","29","0",1981,"4","","Unknown Or Undefined, Arkansas","Private","SIC 47 Transportation Services","County, 2-digit SIC -- by ownership sector","All establishment sizes",3,3,4,4,22151,0,0,464
"05999","5","SIC_0E48","29","0",1981,"1","N","Unknown Or Undefined, Arkansas","Private","SIC 48 Communication","County, 2-digit SIC -- by ownership sector","All establishment sizes",0,0,0,0,0,0,0,0
"05999","5","SIC_0E48","29","0",1981,"2","N","Unknown Or Undefined, Arkansas","Private","SIC 48 Communication","County, 2-digit SIC -- by ownership sector","All establishment sizes",0,0,0,0,0,0,0,0
"05999","5","SIC_0E48","29","0",1981,"3","N","Unknown Or Undefined, Arkansas","Private","SIC 48 Communication","County, 2-digit SIC -- by ownership sector","All establishment sizes",0,0,0,0,0,0,0,0
"05999","5","SIC_0E48","29","0",1981,"4","N","Unknown Or Undefined, Arkansas","Private","SIC 48 Communication","County, 2-digit SIC -- by ownership sector","All establishment sizes",0,0,0,0,0,0,0,0
"05999","5","SIC_0E49","29","0",1981,"1","N","Unknown Or Undefined, Arkansas","Private","SIC 49 Electric, Gas, And Sanitary Services","County, 2-digit SIC -- by ownership sector","All establishment sizes",0,0,0,0,0,0,0,0
"05999","5","SIC_0E49","29","0",1981,"2","N","Unknown Or Undefined, Arkansas","Private","SIC 49 Electric, Gas, And Sanitary Services","County, 2-digit SIC -- by ownership sector","All establishment sizes",0,0,0,0,0,0,0,0
"05999","5","SIC_0E49","29","0",1981,"3","N","Unknown Or Undefined, Arkansas","Private","SIC 49 Electric, Gas, And Sanitary Services","County, 2-digit SIC -- by ownership sector","All establishment sizes",0,0,0,0,0,0,0,0
"05999","5","SIC_0E49","29","0",1981,"4","","Unknown Or Undefined, Arkansas","Private","SIC 49 Electric, Gas, And Sanitary Services","County, 2-digit SIC -- by ownership sector","All establishment sizes",0,0,0,0,0,0,0,0
"05999","5","SIC_0F","28","0",1981,"1","","Unknown Or Undefined, Arkansas","Private","Wholesale Trade Division","County, Industry Division -- by ownership sector","All establishment sizes",737,2131,2147,2167,11300565,0,0,404
"05999","5","SIC_0F","28","0",1981,"2","","Unknown Or Undefined, Arkansas","Private","Wholesale Trade Division","County, Industry Division -- by ownership sector","All establishment sizes",739,2197,2229,2229,11402676,0,0,395
"05999","5","SIC_0F","28","0",1981,"3","","Unknown Or Undefined, Arkansas","Private","Wholesale Trade Division","County, Industry Division -- by ownership sector","All establishment sizes",758,2245,2276,2259,11871290,0,0,404
"05999","5","SIC_0F","28","0",1981,"4","","Unknown Or Undefined, Arkansas","Private","Wholesale Trade Division","County, Industry Division -- by ownership sector","All establishment sizes",766,2250,2307,2326,12709932,0,0,426
"05999","5","SIC_0F50","29","0",1981,"1","","Unknown Or Undefined, Arkansas","Private","SIC 50 Wholesale Trade Durable Goods","County, 2-digit SIC -- by ownership sector","All establishment sizes",360,799,806,798,4481573,0,0,430
"05999","5","SIC_0F50","29","0",1981,"2","","Unknown Or Undefined, Arkansas","Private","SIC 50 Wholesale Trade Durable Goods","County, 2-digit SIC -- by ownership sector","All establishment sizes",360,819,826,845,4755535,0,0,440
"05999","5","SIC_0F50","29","0",1981,"3","","Unknown Or Undefined, Arkansas","Private","SIC 50 Wholesale Trade Durable Goods","County, 2-digit SIC -- by ownership sector","All establishment sizes",369,860,879,876,5053855,0,0,445
"05999","5","SIC_0F50","29","0",1981,"4","","Unknown Or Undefined, Arkansas","Private","SIC 50 Wholesale Trade Durable Goods","County, 2-digit SIC -- by ownership sector","All establishment sizes",377,866,892,909,5459827,0,0,472
"05999","5","SIC_0F51","29","0",1981,"1","","Unknown Or Undefined, Arkansas","Private","SIC 51 Wholesale Trade Nondurable Goods","County, 2-digit SIC -- by ownership sector","All establishment sizes",377,1332,1341,1369,6818992,0,0,389
"05999","5","SIC_0F51","29","0",1981,"2","","Unknown Or Undefined, Arkansas","Private","SIC 51 Wholesale Trade Nondurable Goods","County, 2-digit SIC -- by ownership sector","All establishment sizes",379,1378,1403,1384,6647141,0,0,368
"05999","5","SIC_0F51","29","0",1981,"3","","Unknown Or Undefined, Arkansas","Private","SIC 51 Wholesale Trade Nondurable Goods","County, 2-digit SIC -- by ownership sector","All establishment sizes",389,1385,1397,1383,6817435,0,0,377
"05999","5","SIC_0F51","29","0",1981,"4","","Unknown Or Undefined, Arkansas","Private","SIC 51 Wholesale Trade Nondurable Goods","County, 2-digit SIC -- by ownership sector","All establishment sizes",389,1384,1415,1417,7250105,0,0,396
"05999","5","SIC_0G","28","0",1981,"1","","Unknown Or Undefined, Arkansas","Private","Retail Trade Division","County, Industry Division -- by ownership sector","All establishment sizes",22,189,200,202,599057,0,0,233
"05999","5","SIC_0G","28","0",1981,"2","","Unknown Or Undefined, Arkansas","Private","Retail Trade Division","County, Industry Division -- by ownership sector","All establishment sizes",21,160,158,158,644339,0,0,312
"05999","5","SIC_0G","28","0",1981,"3","","Unknown Or Undefined, Arkansas","Private","Retail Trade Division","County, Industry Division -- by ownership sector","All establishment sizes",20,134,138,143,669554,0,0,372
"05999","5","SIC_0G","28","0",1981,"4","","Unknown Or Undefined, Arkansas","Private","Retail Trade Division","County, Industry Division -- by ownership sector","All establishment sizes",19,149,150,140,694968,0,0,365
"05999","5","SIC_0G53","29","0",1981,"1","N","Unknown Or Undefined, Arkansas","Private","SIC 53 General Merchandise Stores","County, 2-digit SIC -- by ownership sector","All establishment sizes",0,0,0,0,0,0,0,0
"05999","5","SIC_0G53","29","0",1981,"2","N","Unknown Or Undefined, Arkansas","Private","SIC 53 General Merchandise Stores","County, 2-digit SIC -- by ownership sector","All establishment sizes",0,0,0,0,0,0,0,0
"05999","5","SIC_0G53","29","0",1981,"3","N","Unknown Or Undefined, Arkansas","Private","SIC 53 General Merchandise Stores","County, 2-digit SIC -- by ownership sector","All establishment sizes",0,0,0,0,0,0,0,0
"05999","5","SIC_0G53","29","0",1981,"4","N","Unknown Or Undefined, Arkansas","Private","SIC 53 General Merchandise Stores","County, 2-digit SIC -- by ownership sector","All establishment sizes",0,0,0,0,0,0,0,0
"05999","5","SIC_0G55","29","0",1981,"1","N","Unknown Or Undefined, Arkansas","Private","SIC 55 Automotive Dealers and Service Stations","County, 2-digit SIC -- by ownership sector","All establishment sizes",0,0,0,0,0,0,0,0
"05999","5","SIC_0G55","29","0",1981,"2","N","Unknown Or Undefined, Arkansas","Private","SIC 55 Automotive Dealers and Service Stations","County, 2-digit SIC -- by ownership sector","All establishment sizes",0,0,0,0,0,0,0,0
"05999","5","SIC_0G55","29","0",1981,"3","N","Unknown Or Undefined, Arkansas","Private","SIC 55 Automotive Dealers and Service Stations","County, 2-digit SIC -- by ownership sector","All establishment sizes",0,0,0,0,0,0,0,0
"05999","5","SIC_0G55","29","0",1981,"4","N","Unknown Or Undefined, Arkansas","Private","SIC 55 Automotive Dealers and Service Stations","County, 2-digit SIC -- by ownership sector","All establishment sizes",0,0,0,0,0,0,0,0
"05999","5","SIC_0G56","29","0",1981,"1","N","Unknown Or Undefined, Arkansas","Private","SIC 56 Apparel and Accessory Stores","County, 2-digit SIC -- by ownership sector","All establishment sizes",0,0,0,0,0,0,0,0
"05999","5","SIC_0G56","29","0",1981,"2","N","Unknown Or Undefined, Arkansas","Private","SIC 56 Apparel and Accessory Stores","County, 2-digit SIC -- by ownership sector","All establishment sizes",0,0,0,0,0,0,0,0
"05999","5","SIC_0G56","29","0",1981,"3","N","Unknown Or Undefined, Arkansas","Private","SIC 56 Apparel and Accessory Stores","County, 2-digit SIC -- by ownership sector","All establishment sizes",0,0,0,0,0,0,0,0
"05999","5","SIC_0G56","29","0",1981,"4","N","Unknown Or Undefined, Arkansas","Private","SIC 56 Apparel and Accessory Stores","County, 2-digit SIC -- by ownership sector","All establishment sizes",0,0,0,0,0,0,0,0
"05999","5","SIC_0G58","29","0",1981,"1","","Unknown Or Undefined, Arkansas","Private","SIC 58 Eating and Drinking Places","County, 2-digit SIC -- by ownership sector","All establishment sizes",5,62,66,67,276035,0,0,326
"05999","5","SIC_0G58","29","0",1981,"2","","Unknown Or Undefined, Arkansas","Private","SIC 58 Eating and Drinking Places","County, 2-digit SIC -- by ownership sector","All establishment sizes",5,69,65,65,285518,0,0,331
"05999","5","SIC_0G58","29","0",1981,"3","","Unknown Or Undefined, Arkansas","Private","SIC 58 Eating and Drinking Places","County, 2-digit SIC -- by ownership sector","All establishment sizes",4,48,53,58,287495,0,0,417
"05999","5","SIC_0G58","29","0",1981,"4","","Unknown Or Undefined, Arkansas","Private","SIC 58 Eating and Drinking Places","County, 2-digit SIC -- by ownership sector","All establishment sizes",4,64,62,61,274483,0,0,338
"05999","5","SIC_0G59","29","0",1981,"1","","Unknown Or Undefined, Arkansas","Private","SIC 59 Miscellaneous Retail","County, 2-digit SIC -- by ownership sector","All establishment sizes",13,114,121,120,247954,0,0,161
"05999","5","SIC_0G59","29","0",1981,"2","","Unknown Or Undefined, Arkansas","Private","SIC 59 Miscellaneous Retail","County, 2-digit SIC -- by ownership sector","All establishment sizes",12,77,79,79,281577,0,0,276
"05999","5","SIC_0G59","29","0",1981,"3","","Unknown Or Undefined, Arkansas","Private","SIC 59 Miscellaneous Retail","County, 2-digit SIC -- by ownership sector","All establishment sizes",12,72,71,71,292415,0,0,315
"05999","5","SIC_0G59","29","0",1981,"4","","Unknown Or Undefined, Arkansas","Private","SIC 59 Miscellaneous Retail","County, 2-digit SIC -- by ownership sector","All establishment sizes",11,70,73,64,333906,0,0,372
"05999","5","SIC_0H","28","0",1981,"1","","Unknown Or Undefined, Arkansas","Private","Finance, Insurance, and Real Estate Division","County, Industry Division -- by ownership sector","All establishment sizes",59,234,231,238,1147456,0,0,376
"05999","5","SIC_0H","28","0",1981,"2","","Unknown Or Undefined, Arkansas","Private","Finance, Insurance, and Real Estate Division","County, Industry Division -- by ownership sector","All establishment sizes",58,239,239,250,1194488,0,0,378
"05999","5","SIC_0H","28","0",1981,"3","","Unknown Or Undefined, Arkansas","Private","Finance, Insurance, and Real Estate Division","County, Industry Division -- by ownership sector","All establishment sizes",60,267,273,268,1343568,0,0,383
"05999","5","SIC_0H","28","0",1981,"4","","Unknown Or Undefined, Arkansas","Private","Finance, Insurance, and Real Estate Division","County, Industry Division -- by ownership sector","All establishment sizes",63,286,288,299,1777338,0,0,469
"05999","5","SIC_0H61","29","0",1981,"1","","Unknown Or Undefined, Arkansas","Private","SIC 61 Nondepository Institutions","County, 2-digit SIC -- by ownership sector","All establishment sizes",6,25,25,24,137150,0,0,427
"05999","5","SIC_0H61","29","0",1981,"2","","Unknown Or Undefined, Arkansas","Private","SIC 61 Nondepository Institutions","County, 2-digit SIC -- by ownership sector","All establishment sizes",6,25,24,23,105167,0,0,337
"05999","5","SIC_0H61","29","0",1981,"3","","Unknown Or Undefined, Arkansas","Private","SIC 61 Nondepository Institutions","County, 2-digit SIC -- by ownership sector","All establishment sizes",6,28,27,27,127628,0,0,359
"05999","5","SIC_0H61","29","0",1981,"4","","Unknown Or Undefined, Arkansas","Private","SIC 61 Nondepository Institutions","County, 2-digit SIC -- by ownership sector","All establishment sizes",8,28,25,26,145181,0,0,424
"05999","5","SIC_0H62","29","0",1981,"1","","Unknown Or Undefined, Arkansas","Private","SIC 62 Security and Commodity Brokers","County, 2-digit SIC -- by ownership sector","All establishment sizes",3,63,63,65,375264,0,0,453
"05999","5","SIC_0H62","29","0",1981,"2","","Unknown Or Undefined, Arkansas","Private","SIC 62 Security and Commodity Brokers","County, 2-digit SIC -- by ownership sector","All establishment sizes",3,64,62,62,429809,0,0,527
"05999","5","SIC_0H62","29","0",1981,"3","","Unknown Or Undefined, Arkansas","Private","SIC 62 Security and Commodity Brokers","County, 2-digit SIC -- by ownership sector","All establishment sizes",3,62,64,62,453675,0,0,556
"05999","5","SIC_0H62","29","0",1981,"4","","Unknown Or Undefined, Arkansas","Private","SIC 62 Security and Commodity Brokers","County, 2-digit SIC -- by ownership sector","All establishment sizes",3,75,77,80,754762,0,0,750
"05999","5","SIC_0H63","29","0",1981,"1","","Unknown Or Undefined, Arkansas","Private","SIC 63 Insurance Carriers","County, 2-digit SIC -- by ownership sector","All establishment sizes",26,90,89,89,414925,0,0,357
"05999","5","SIC_0H63","29","0",1981,"2","","Unknown Or Undefined, Arkansas","Private","SIC 63 Insurance Carriers","County, 2-digit SIC -- by ownership sector","All establishment sizes",26,86,88,92,409278,0,0,355
"05999","5","SIC_0H63","29","0",1981,"3","","Unknown Or Undefined, Arkansas","Private","SIC 63 Insurance Carriers","County, 2-digit SIC -- by ownership sector","All establishment sizes",27,98,104,104,475195,0,0,358
"05999","5","SIC_0H63","29","0",1981,"4","","Unknown Or Undefined, Arkansas","Private","SIC 63 Insurance Carriers","County, 2-digit SIC -- by ownership sector","All establishment sizes",29,107,106,109,529083,0,0,379
"05999","5","SIC_0H64","29","0",1981,"1","","Unknown Or Undefined, Arkansas","Private","SIC 64 Insurance Agents, Brokers, and Service","County, 2-digit SIC -- by ownership sector","All establishment sizes",18,54,52,54,197516,0,0,284
"05999","5","SIC_0H64","29","0",1981,"2","","Unknown Or Undefined, Arkansas","Private","SIC 64 Insurance Agents, Brokers, and Service","County, 2-digit SIC -- by ownership sector","All establishment sizes",18,56,58,64,217022,0,0,281
"05999","5","SIC_0H64","29","0",1981,"3","","Unknown Or Undefined, Arkansas","Private","SIC 64 Insurance Agents, Brokers, and Service","County, 2-digit SIC -- by ownership sector","All establishment sizes",18,65,64,63,252354,0,0,303
"05999","5","SIC_0H64","29","0",1981,"4","","Unknown Or Undefined, Arkansas","Private","SIC 64 Insurance Agents, Brokers, and Service","County, 2-digit SIC -- by ownership sector","All establishment sizes",17,67,71,73,318824,0,0,348
"05999","5","SIC_0H65","29","0",1981,"1","N","Unknown Or Undefined, Arkansas","Private","SIC 65 Real Estate","County, 2-digit SIC -- by ownership sector","All establishment sizes",0,0,0,0,0,0,0,0
"05999","5","SIC_0H65","29","0",1981,"2","N","Unknown Or Undefined, Arkansas","Private","SIC 65 Real Estate","County, 2-digit SIC -- by ownership sector","All establishment sizes",0,0,0,0,0,0,0,0
"05999","5","SIC_0H65","29","0",1981,"3","N","Unknown Or Undefined, Arkansas","Private","SIC 65 Real Estate","County, 2-digit SIC -- by ownership sector","All establishment sizes",0,0,0,0,0,0,0,0
"05999","5","SIC_0H65","29","0",1981,"4","N","Unknown Or Undefined, Arkansas","Private","SIC 65 Real Estate","County, 2-digit SIC -- by ownership sector","All establishment sizes",0,0,0,0,0,0,0,0
"05999","5","SIC_0H67","29","0",1981,"1","N","Unknown Or Undefined, Arkansas","Private","SIC 67 Holding and Other Investment Offices","County, 2-digit SIC -- by ownership sector","All establishment sizes",0,0,0,0,0,0,0,0
"05999","5","SIC_0H67","29","0",1981,"2","N","Unknown Or Undefined, Arkansas","Private","SIC 67 Holding and Other Investment Offices","County, 2-digit SIC -- by ownership sector","All establishment sizes",0,0,0,0,0,0,0,0
"05999","5","SIC_0H67","29","0",1981,"3","N","Unknown Or Undefined, Arkansas","Private","SIC 67 Holding and Other Investment Offices","County, 2-digit SIC -- by ownership sector","All establishment sizes",0,0,0,0,0,0,0,0
"05999","5","SIC_0H67","29","0",1981,"4","N","Unknown Or Undefined, Arkansas","Private","SIC 67 Holding and Other Investment Offices","County, 2-digit SIC -- by ownership sector","All establishment sizes",0,0,0,0,0,0,0,0
"05999","5","SIC_0I","28","0",1981,"1","","Unknown Or Undefined, Arkansas","Private","Services Division","County, Industry Division -- by ownership sector","All establishment sizes",164,782,806,788,2309577,0,0,224
"05999","5","SIC_0I","28","0",1981,"2","","Unknown Or Undefined, Arkansas","Private","Services Division","County, Industry Division -- by ownership sector","All establishment sizes",168,828,797,808,2393813,0,0,227
"05999","5","SIC_0I","28","0",1981,"3","","Unknown Or Undefined, Arkansas","Private","Services Division","County, Industry Division -- by ownership sector","All establishment sizes",175,760,755,756,2306428,0,0,234
"05999","5","SIC_0I","28","0",1981,"4","","Unknown Or Undefined, Arkansas","Private","Services Division","County, Industry Division -- by ownership sector","All establishment sizes",178,674,731,787,2275577,0,0,239
"05999","5","SIC_0I72","29","0",1981,"1","","Unknown Or Undefined, Arkansas","Private","SIC 72 Personal Services","County, 2-digit SIC -- by ownership sector","All establishment sizes",10,223,236,242,213898,0,0,70
"05999","5","SIC_0I72","29","0",1981,"2","","Unknown Or Undefined, Arkansas","Private","SIC 72 Personal Services","County, 2-digit SIC -- by ownership sector","All establishment sizes",10,263,245,245,242548,0,0,74
"05999","5","SIC_0I72","29","0",1981,"3","","Unknown Or Undefined, Arkansas","Private","SIC 72 Personal Services","County, 2-digit SIC -- by ownership sector","All establishment sizes",10,243,240,249,261409,0,0,82
"05999","5","SIC_0I72","29","0",1981,"4","","Unknown Or Undefined, Arkansas","Private","SIC 72 Personal Services","County, 2-digit SIC -- by ownership sector","All establishment sizes",10,238,260,254,299204,0,0,91
"05999","5","SIC_0I73","29","0",1981,"1","","Unknown Or Undefined, Arkansas","Private","SIC 73 Business Services","County, 2-digit SIC -- by ownership sector","All establishment sizes",80,392,397,386,1230634,0,0,241
"05999","5","SIC_0I73","29","0",1981,"2","","Unknown Or Undefined, Arkansas","Private","SIC 73 Business Services","County, 2-digit SIC -- by ownership sector","All establishment sizes",81,363,345,343,1073916,0,0,235
"05999","5","SIC_0I73","29","0",1981,"3","","Unknown Or Undefined, Arkansas","Private","SIC 73 Business Services","County, 2-digit SIC -- by ownership sector","All establishment sizes",87,297,281,291,865546,0,0,229
"05999","5","SIC_0I73","29","0",1981,"4","","Unknown Or Undefined, Arkansas","Private","SIC 73 Business Services","County, 2-digit SIC -- by ownership sector","All establishment sizes",88,248,267,290,827467,0,0,237
"05999","5","SIC_0I75","29","0",1981,"1","","Unknown Or Undefined, Arkansas","Private","SIC 75 Auto Repair, Services, and Parking","County, 2-digit SIC -- by ownership sector","All establishment sizes",3,1,1,1,5850,0,0,450
"05999","5","SIC_0I75","29","0",1981,"2","N","Unknown Or Undefined, Arkansas","Private","SIC 75 Auto Repair, Services, and Parking","County, 2-digit SIC -- by ownership sector","All establishment sizes",0,0,0,0,0,0,0,0
"05999","5","SIC_0I75","29","0",1981,"3","N","Unknown Or Undefined, Arkansas","Private","SIC 75 Auto Repair, Services, and Parking","County, 2-digit SIC -- by ownership sector","All establishment sizes",0,0,0,0,0,0,0,0
"05999","5","SIC_0I75","29","0",1981,"4","N","Unknown Or Undefined, Arkansas","Private","SIC 75 Auto Repair, Services, and Parking","County, 2-digit SIC -- by ownership sector","All establishment sizes",0,0,0,0,0,0,0,0
"05999","5","SIC_0I76","29","0",1981,"1","","Unknown Or Undefined, Arkansas","Private","SIC 76 Miscellaneous Repair Services","County, 2-digit SIC -- by ownership sector","All establishment sizes",6,3,3,3,16394,0,0,420
"05999","5","SIC_0I76","29","0",1981,"2","","Unknown Or Undefined, Arkansas","Private","SIC 76 Miscellaneous Repair Services","County, 2-digit SIC -- by ownership sector","All establishment sizes",8,44,54,71,191549,0,0,261
"05999","5","SIC_0I76","29","0",1981,"3","","Unknown Or Undefined, Arkansas","Private","SIC 76 Miscellaneous Repair Services","County, 2-digit SIC -- by ownership sector","All establishment sizes",8,69,66,52,262081,0,0,323
"05999","5","SIC_0I76","29","0",1981,"4","","Unknown Or Undefined, Arkansas","Private","SIC 76 Miscellaneous Repair Services","County, 2-digit SIC -- by ownership sector","All establishment sizes",6,4,4,4,26569,0,0,510
"05999","5","SIC_0I78","29","0",1981,"1","","Unknown Or Undefined, Arkansas","Private","SIC 78 Motion Pictures","County, 2-digit SIC -- by ownership sector","All establishment sizes",0,0,0,0,0,0,0,0
"05999","5","SIC_0I78","29","0",1981,"2","N","Unknown Or Undefined, Arkansas","Private","SIC 78 Motion Pictures","County, 2-digit SIC -- by ownership sector","All establishment sizes",0,0,0,0,0,0,0,0
"05999","5","SIC_0I78","29","0",1981,"3","N","Unknown Or Undefined, Arkansas","Private","SIC 78 Motion Pictures","County, 2-digit SIC -- by ownership sector","All establishment sizes",0,0,0,0,0,0,0,0
"05999","5","SIC_0I78","29","0",1981,"4","N","Unknown Or Undefined, Arkansas","Private","SIC 78 Motion Pictures","County, 2-digit SIC -- by ownership sector","All establishment sizes",0,0,0,0,0,0,0,0
"05999","5","SIC_0I79","29","0",1981,"1","","Unknown Or Undefined, Arkansas","Private","SIC 79 Amusement and Recreation Services","County, 2-digit SIC -- by ownership sector","All establishment sizes",3,2,4,4,10326,0,0,238
"05999","5","SIC_0I79","29","0",1981,"2","N","Unknown Or Undefined, Arkansas","Private","SIC 79 Amusement and Recreation Services","County, 2-digit SIC -- by ownership sector","All establishment sizes",0,0,0,0,0,0,0,0
"05999","5","SIC_0I79","29","0",1981,"3","N","Unknown Or Undefined, Arkansas","Private","SIC 79 Amusement and Recreation Services","County, 2-digit SIC -- by ownership sector","All establishment sizes",0,0,0,0,0,0,0,0
"05999","5","SIC_0I79","29","0",1981,"4","N","Unknown Or Undefined, Arkansas","Private","SIC 79 Amusement and Recreation Services","County, 2-digit SIC -- by ownership sector","All establishment sizes",0,0,0,0,0,0,0,0
"05999","5","SIC_0I80","29","0",1981,"1","","Unknown Or Undefined, Arkansas","Private","SIC 80 Health Services","County, 2-digit SIC -- by ownership sector","All establishment sizes",3,3,3,3,4648,0,0,119
"05999","5","SIC_0I80","29","0",1981,"2","","Unknown Or Undefined, Arkansas","Private","SIC 80 Health Services","County, 2-digit SIC -- by ownership sector","All establishment sizes",4,2,2,5,3483,0,0,89
"05999","5","SIC_0I80","29","0",1981,"3","","Unknown Or Undefined, Arkansas","Private","SIC 80 Health Services","County, 2-digit SIC -- by ownership sector","All establishment sizes",4,4,4,4,8489,0,0,163
"05999","5","SIC_0I80","29","0",1981,"4","","Unknown Or Undefined, Arkansas","Private","SIC 80 Health Services","County, 2-digit SIC -- by ownership sector","All establishment sizes",4,5,5,5,10645,0,0,163
"05999","5","SIC_0I82","29","0",1981,"1","","Unknown Or Undefined, Arkansas","Private","SIC 82 Educational Services","County, 2-digit SIC -- by ownership sector","All establishment sizes",3,4,4,4,13723,0,0,263
"05999","5","SIC_0I82","29","0",1981,"2","","Unknown Or Undefined, Arkansas","Private","SIC 82 Educational Services","County, 2-digit SIC -- by ownership sector","All establishment sizes",3,4,4,4,15440,0,0,296
"05999","5","SIC_0I82","29","0",1981,"3","","Unknown Or Undefined, Arkansas","Private","SIC 82 Educational Services","County, 2-digit SIC -- by ownership sector","All establishment sizes",3,3,3,3,12555,0,0,321
"05999","5","SIC_0I82","29","0",1981,"4","","Unknown Or Undefined, Arkansas","Private","SIC 82 Educational Services","County, 2-digit SIC -- by ownership sector","All establishment sizes",3,3,3,3,12188,0,0,312
"05999","5","SIC_0I83","29","0",1981,"1","","Unknown Or Undefined, Arkansas","Private","SIC 83 Social Services","County, 2-digit SIC -- by ownership sector","All establishment sizes",3,14,10,10,46564,0,0,316
"05999","5","SIC_0I83","29","0",1981,"2","","Unknown Or Undefined, Arkansas","Private","SIC 83 Social Services","County, 2-digit SIC -- by ownership sector","All establishment sizes",3,10,7,5,18733,0,0,196
"05999","5","SIC_0I83","29","0",1981,"3","","Unknown Or Undefined, Arkansas","Private","SIC 83 Social Services","County, 2-digit SIC -- by ownership sector","All establishment sizes",3,2,2,2,14058,0,0,540
"05999","5","SIC_0I83","29","0",1981,"4","","Unknown Or Undefined, Arkansas","Private","SIC 83 Social Services","County, 2-digit SIC -- by ownership sector","All establishment sizes",3,1,2,2,9312,0,0,429
"05999","5","SIC_0I86","29","0",1981,"1","","Unknown Or Undefined, Arkansas","Private","SIC 86 Membership Organizations","County, 2-digit SIC -- by ownership sector","All establishment sizes",23,76,85,77,437900,0,0,424
"05999","5","SIC_0I86","29","0",1981,"2","","Unknown Or Undefined, Arkansas","Private","SIC 86 Membership Organizations","County, 2-digit SIC -- by ownership sector","All establishment sizes",24,79,77,81,469238,0,0,456
"05999","5","SIC_0I86","29","0",1981,"3","","Unknown Or Undefined, Arkansas","Private","SIC 86 Membership Organizations","County, 2-digit SIC -- by ownership sector","All establishment sizes",24,76,78,77,510825,0,0,510
"05999","5","SIC_0I86","29","0",1981,"4","","Unknown Or Undefined, Arkansas","Private","SIC 86 Membership Organizations","County, 2-digit SIC -- by ownership sector","All establishment sizes",26,85,83,80,509515,0,0,474
"05999","5","SIC_0I89","29","0",1981,"1","","Unknown Or Undefined, Arkansas","Private","SIC 89 Services, Nec","County, 2-digit SIC -- by ownership sector","All establishment sizes",30,64,63,58,329640,0,0,411
"05999","5","SIC_0I89","29","0",1981,"2","","Unknown Or Undefined, Arkansas","Private","SIC 89 Services, Nec","County, 2-digit SIC -- by ownership sector","All establishment sizes",30,56,61,52,367675,0,0,502
"05999","5","SIC_0I89","29","0",1981,"3","","Unknown Or Undefined, Arkansas","Private","SIC 89 Services, Nec","County, 2-digit SIC -- by ownership sector","All establishment sizes",32,58,73,70,360693,0,0,414
"05999","5","SIC_0I89","29","0",1981,"4","","Unknown Or Undefined, Arkansas","Private","SIC 89 Services, Nec","County, 2-digit SIC -- by ownership sector","All establishment sizes",34,87,104,122,556529,0,0,410
