"area_fips","own_code","industry_code","agglvl_code","size_code","year","qtr","disclosure_code","area_title","own_title","industry_title","agglvl_title","size_title","qtrly_estabs_count","month1_emplvl","month2_emplvl","month3_emplvl","total_qtrly_wages","taxable_qtrly_wages","qtrly_contributions","avg_wkly_wage"
"13133","0","SIC_0Z","26","0",1981,"1","","Greene County, Georgia","Total Covered","All Industries","County, Total Covered","All establishment sizes",199,2975,2943,3003,7209703,0,0,186
"13133","0","SIC_0Z","26","0",1981,"2","","Greene County, Georgia","Total Covered","All Industries","County, Total Covered","All establishment sizes",199,2954,3018,3078,7315169,0,0,186
"13133","0","SIC_0Z","26","0",1981,"3","","Greene County, Georgia","Total Covered","All Industries","County, Total Covered","All establishment sizes",201,3085,3086,3139,7391829,0,0,183
"13133","0","SIC_0Z","26","0",1981,"4","","Greene County, Georgia","Total Covered","All Industries","County, Total Covered","All establishment sizes",203,3026,3000,3077,7961758,0,0,201
"13133","1","SIC_0Z","27","0",1981,"1","","Greene County, Georgia","Federal Government","All Industries","County, Total -- by ownership sector","All establishment sizes",8,44,41,41,169060,0,0,309
"13133","1","SIC_0Z","27","0",1981,"2","","Greene County, Georgia","Federal Government","All Industries","County, Total -- by ownership sector","All establishment sizes",8,40,38,40,186796,0,0,365
"13133","1","SIC_0Z","27","0",1981,"3","","Greene County, Georgia","Federal Government","All Industries","County, Total -- by ownership sector","All establishment sizes",8,41,40,38,175505,0,0,340
"13133","1","SIC_0Z","27","0",1981,"4","","Greene County, Georgia","Federal Government","All Industries","County, Total -- by ownership sector","All establishment sizes",8,43,39,36,186766,0,0,365
"13133","1","SIC_0E","28","0",1981,"1","","Greene County, Georgia","Federal Government","Transportation and Public Utilities Division","County, Industry Division -- by ownership sector","All establishment sizes",4,23,20,21,106080,0,0,382
"13133","1","SIC_0E","28","0",1981,"2","","Greene County, Georgia","Federal Government","Transportation and Public Utilities Division","County, Industry Division -- by ownership sector","All establishment sizes",4,23,20,21,90941,0,0,327
"13133","1","SIC_0E","28","0",1981,"3","","Greene County, Georgia","Federal Government","Transportation and Public Utilities Division","County, Industry Division -- by ownership sector","All establishment sizes",4,23,23,21,111847,0,0,385
"13133","1","SIC_0E","28","0",1981,"4","","Greene County, Georgia","Federal Government","Transportation and Public Utilities Division","County, Industry Division -- by ownership sector","All establishment sizes",4,23,23,20,113537,0,0,396
"13133","1","SIC_0E43","29","0",1981,"1","","Greene County, Georgia","Federal Government","SIC 43 U.S. Postal Service","County, 2-digit SIC -- by ownership sector","All establishment sizes",4,23,20,21,106080,0,0,382
"13133","1","SIC_0E43","29","0",1981,"2","","Greene County, Georgia","Federal Government","SIC 43 U.S. Postal Service","County, 2-digit SIC -- by ownership sector","All establishment sizes",4,23,20,21,90941,0,0,327
"13133","1","SIC_0E43","29","0",1981,"3","","Greene County, Georgia","Federal Government","SIC 43 U.S. Postal Service","County, 2-digit SIC -- by ownership sector","All establishment sizes",4,23,23,21,111847,0,0,385
"13133","1","SIC_0E43","29","0",1981,"4","","Greene County, Georgia","Federal Government","SIC 43 U.S. Postal Service","County, 2-digit SIC -- by ownership sector","All establishment sizes",4,23,23,20,113537,0,0,396
"13133","1","SIC_0H","28","0",1981,"1","","Greene County, Georgia","Federal Government","Finance, Insurance, and Real Estate Division","County, Industry Division -- by ownership sector","All establishment sizes",1,3,4,3,13773,0,0,317
"13133","1","SIC_0H","28","0",1981,"2","","Greene County, Georgia","Federal Government","Finance, Insurance, and Real Estate Division","County, Industry Division -- by ownership sector","All establishment sizes",1,3,5,5,16690,0,0,296
"13133","1","SIC_0H","28","0",1981,"3","","Greene County, Georgia","Federal Government","Finance, Insurance, and Real Estate Division","County, Industry Division -- by ownership sector","All establishment sizes",1,3,3,3,13843,0,0,354
"13133","1","SIC_0H","28","0",1981,"4","","Greene County, Georgia","Federal Government","Finance, Insurance, and Real Estate Division","County, Industry Division -- by ownership sector","All establishment sizes",1,5,3,3,17064,0,0,357
"13133","1","SIC_0H61","29","0",1981,"1","","Greene County, Georgia","Federal Government","SIC 61 Nondepository Institutions","County, 2-digit SIC -- by ownership sector","All establishment sizes",1,3,4,3,13773,0,0,317
"13133","1","SIC_0H61","29","0",1981,"2","","Greene County, Georgia","Federal Government","SIC 61 Nondepository Institutions","County, 2-digit SIC -- by ownership sector","All establishment sizes",1,3,5,5,16690,0,0,296
"13133","1","SIC_0H61","29","0",1981,"3","","Greene County, Georgia","Federal Government","SIC 61 Nondepository Institutions","County, 2-digit SIC -- by ownership sector","All establishment sizes",1,3,3,3,13843,0,0,354
"13133","1","SIC_0H61","29","0",1981,"4","","Greene County, Georgia","Federal Government","SIC 61 Nondepository Institutions","County, 2-digit SIC -- by ownership sector","All establishment sizes",1,5,3,3,17064,0,0,357
"13133","1","SIC_0J","28","0",1981,"1","","Greene County, Georgia","Federal Government","Public Administration Division","County, Industry Division -- by ownership sector","All establishment sizes",3,18,17,17,49207,0,0,218
"13133","1","SIC_0J","28","0",1981,"2","","Greene County, Georgia","Federal Government","Public Administration Division","County, Industry Division -- by ownership sector","All establishment sizes",3,14,13,14,79165,0,0,445
"13133","1","SIC_0J","28","0",1981,"3","","Greene County, Georgia","Federal Government","Public Administration Division","County, Industry Division -- by ownership sector","All establishment sizes",3,15,14,14,49815,0,0,267
"13133","1","SIC_0J","28","0",1981,"4","","Greene County, Georgia","Federal Government","Public Administration Division","County, Industry Division -- by ownership sector","All establishment sizes",3,15,13,13,56165,0,0,316
"13133","1","SIC_0J95","29","0",1981,"1","","Greene County, Georgia","Federal Government","SIC 95 Environmental Quality and Housing","County, 2-digit SIC -- by ownership sector","All establishment sizes",3,18,17,17,49207,0,0,218
"13133","1","SIC_0J95","29","0",1981,"2","","Greene County, Georgia","Federal Government","SIC 95 Environmental Quality and Housing","County, 2-digit SIC -- by ownership sector","All establishment sizes",3,14,13,14,79165,0,0,445
"13133","1","SIC_0J95","29","0",1981,"3","","Greene County, Georgia","Federal Government","SIC 95 Environmental Quality and Housing","County, 2-digit SIC -- by ownership sector","All establishment sizes",3,15,14,14,49815,0,0,267
"13133","1","SIC_0J95","29","0",1981,"4","","Greene County, Georgia","Federal Government","SIC 95 Environmental Quality and Housing","County, 2-digit SIC -- by ownership sector","All establishment sizes",3,15,13,13,56165,0,0,316
"13133","2","SIC_0Z","27","0",1981,"1","","Greene County, Georgia","State Government","All Industries","County, Total -- by ownership sector","All establishment sizes",7,56,52,52,146579,0,0,211
"13133","2","SIC_0Z","27","0",1981,"2","","Greene County, Georgia","State Government","All Industries","County, Total -- by ownership sector","All establishment sizes",7,53,54,54,149537,0,0,214
"13133","2","SIC_0Z","27","0",1981,"3","","Greene County, Georgia","State Government","All Industries","County, Total -- by ownership sector","All establishment sizes",7,53,53,53,161140,0,0,233
"13133","2","SIC_0Z","27","0",1981,"4","","Greene County, Georgia","State Government","All Industries","County, Total -- by ownership sector","All establishment sizes",7,54,54,54,165538,0,0,235
"13133","2","SIC_0A","28","0",1981,"1","N","Greene County, Georgia","State Government","Agriculture, Forestry, and Fishing Division","County, Industry Division -- by ownership sector","All establishment sizes",0,0,0,0,0,0,0,0
"13133","2","SIC_0A","28","0",1981,"2","N","Greene County, Georgia","State Government","Agriculture, Forestry, and Fishing Division","County, Industry Division -- by ownership sector","All establishment sizes",0,0,0,0,0,0,0,0
"13133","2","SIC_0A","28","0",1981,"3","N","Greene County, Georgia","State Government","Agriculture, Forestry, and Fishing Division","County, Industry Division -- by ownership sector","All establishment sizes",0,0,0,0,0,0,0,0
"13133","2","SIC_0A","28","0",1981,"4","N","Greene County, Georgia","State Government","Agriculture, Forestry, and Fishing Division","County, Industry Division -- by ownership sector","All establishment sizes",0,0,0,0,0,0,0,0
"13133","2","SIC_0A08","29","0",1981,"1","N","Greene County, Georgia","State Government","SIC 08 Forestry","County, 2-digit SIC -- by ownership sector","All establishment sizes",0,0,0,0,0,0,0,0
"13133","2","SIC_0A08","29","0",1981,"2","N","Greene County, Georgia","State Government","SIC 08 Forestry","County, 2-digit SIC -- by ownership sector","All establishment sizes",0,0,0,0,0,0,0,0
"13133","2","SIC_0A08","29","0",1981,"3","N","Greene County, Georgia","State Government","SIC 08 Forestry","County, 2-digit SIC -- by ownership sector","All establishment sizes",0,0,0,0,0,0,0,0
"13133","2","SIC_0A08","29","0",1981,"4","N","Greene County, Georgia","State Government","SIC 08 Forestry","County, 2-digit SIC -- by ownership sector","All establishment sizes",0,0,0,0,0,0,0,0
"13133","2","SIC_0C","28","0",1981,"1","N","Greene County, Georgia","State Government","Construction Division","County, Industry Division -- by ownership sector","All establishment sizes",0,0,0,0,0,0,0,0
"13133","2","SIC_0C","28","0",1981,"2","N","Greene County, Georgia","State Government","Construction Division","County, Industry Division -- by ownership sector","All establishment sizes",0,0,0,0,0,0,0,0
"13133","2","SIC_0C","28","0",1981,"3","N","Greene County, Georgia","State Government","Construction Division","County, Industry Division -- by ownership sector","All establishment sizes",0,0,0,0,0,0,0,0
"13133","2","SIC_0C","28","0",1981,"4","N","Greene County, Georgia","State Government","Construction Division","County, Industry Division -- by ownership sector","All establishment sizes",0,0,0,0,0,0,0,0
"13133","2","SIC_0C16","29","0",1981,"1","N","Greene County, Georgia","State Government","SIC 16 Heavy Construction, ex. Building","County, 2-digit SIC -- by ownership sector","All establishment sizes",0,0,0,0,0,0,0,0
"13133","2","SIC_0C16","29","0",1981,"2","N","Greene County, Georgia","State Government","SIC 16 Heavy Construction, ex. Building","County, 2-digit SIC -- by ownership sector","All establishment sizes",0,0,0,0,0,0,0,0
"13133","2","SIC_0C16","29","0",1981,"3","N","Greene County, Georgia","State Government","SIC 16 Heavy Construction, ex. Building","County, 2-digit SIC -- by ownership sector","All establishment sizes",0,0,0,0,0,0,0,0
"13133","2","SIC_0C16","29","0",1981,"4","N","Greene County, Georgia","State Government","SIC 16 Heavy Construction, ex. Building","County, 2-digit SIC -- by ownership sector","All establishment sizes",0,0,0,0,0,0,0,0
"13133","2","SIC_0I","28","0",1981,"1","","Greene County, Georgia","State Government","Services Division","County, Industry Division -- by ownership sector","All establishment sizes",4,37,34,34,96079,0,0,211
"13133","2","SIC_0I","28","0",1981,"2","","Greene County, Georgia","State Government","Services Division","County, Industry Division -- by ownership sector","All establishment sizes",4,35,36,36,100414,0,0,216
"13133","2","SIC_0I","28","0",1981,"3","","Greene County, Georgia","State Government","Services Division","County, Industry Division -- by ownership sector","All establishment sizes",4,35,35,35,107685,0,0,236
"13133","2","SIC_0I","28","0",1981,"4","","Greene County, Georgia","State Government","Services Division","County, Industry Division -- by ownership sector","All establishment sizes",4,35,35,35,108259,0,0,237
"13133","2","SIC_0I80","29","0",1981,"1","N","Greene County, Georgia","State Government","SIC 80 Health Services","County, 2-digit SIC -- by ownership sector","All establishment sizes",0,0,0,0,0,0,0,0
"13133","2","SIC_0I80","29","0",1981,"2","N","Greene County, Georgia","State Government","SIC 80 Health Services","County, 2-digit SIC -- by ownership sector","All establishment sizes",0,0,0,0,0,0,0,0
"13133","2","SIC_0I80","29","0",1981,"3","N","Greene County, Georgia","State Government","SIC 80 Health Services","County, 2-digit SIC -- by ownership sector","All establishment sizes",0,0,0,0,0,0,0,0
"13133","2","SIC_0I80","29","0",1981,"4","N","Greene County, Georgia","State Government","SIC 80 Health Services","County, 2-digit SIC -- by ownership sector","All establishment sizes",0,0,0,0,0,0,0,0
"13133","2","SIC_0I83","29","0",1981,"1","N","Greene County, Georgia","State Government","SIC 83 Social Services","County, 2-digit SIC -- by ownership sector","All establishment sizes",0,0,0,0,0,0,0,0
"13133","2","SIC_0I83","29","0",1981,"2","N","Greene County, Georgia","State Government","SIC 83 Social Services","County, 2-digit SIC -- by ownership sector","All establishment sizes",0,0,0,0,0,0,0,0
"13133","2","SIC_0I83","29","0",1981,"3","N","Greene County, Georgia","State Government","SIC 83 Social Services","County, 2-digit SIC -- by ownership sector","All establishment sizes",0,0,0,0,0,0,0,0
"13133","2","SIC_0I83","29","0",1981,"4","N","Greene County, Georgia","State Government","SIC 83 Social Services","County, 2-digit SIC -- by ownership sector","All establishment sizes",0,0,0,0,0,0,0,0
"13133","2","SIC_0J","28","0",1981,"1","N","Greene County, Georgia","State Government","Public Administration Division","County, Industry Division -- by ownership sector","All establishment sizes",0,0,0,0,0,0,0,0
"13133","2","SIC_0J","28","0",1981,"2","N","Greene County, Georgia","State Government","Public Administration Division","County, Industry Division -- by ownership sector","All establishment sizes",0,0,0,0,0,0,0,0
"13133","2","SIC_0J","28","0",1981,"3","N","Greene County, Georgia","State Government","Public Administration Division","County, Industry Division -- by ownership sector","All establishment sizes",0,0,0,0,0,0,0,0
"13133","2","SIC_0J","28","0",1981,"4","N","Greene County, Georgia","State Government","Public Administration Division","County, Industry Division -- by ownership sector","All establishment sizes",0,0,0,0,0,0,0,0
"13133","2","SIC_0J94","29","0",1981,"1","N","Greene County, Georgia","State Government","SIC 94 Administration of Human Resources","County, 2-digit SIC -- by ownership sector","All establishment sizes",0,0,0,0,0,0,0,0
"13133","2","SIC_0J94","29","0",1981,"2","N","Greene County, Georgia","State Government","SIC 94 Administration of Human Resources","County, 2-digit SIC -- by ownership sector","All establishment sizes",0,0,0,0,0,0,0,0
"13133","2","SIC_0J94","29","0",1981,"3","N","Greene County, Georgia","State Government","SIC 94 Administration of Human Resources","County, 2-digit SIC -- by ownership sector","All establishment sizes",0,0,0,0,0,0,0,0
"13133","2","SIC_0J94","29","0",1981,"4","N","Greene County, Georgia","State Government","SIC 94 Administration of Human Resources","County, 2-digit SIC -- by ownership sector","All establishment sizes",0,0,0,0,0,0,0,0
"13133","3","SIC_0Z","27","0",1981,"1","","Greene County, Georgia","Local Government","All Industries","County, Total -- by ownership sector","All establishment sizes",14,448,446,439,1063262,0,0,184
"13133","3","SIC_0Z","27","0",1981,"2","","Greene County, Georgia","Local Government","All Industries","County, Total -- by ownership sector","All establishment sizes",14,448,466,449,1083615,0,0,183
"13133","3","SIC_0Z","27","0",1981,"3","","Greene County, Georgia","Local Government","All Industries","County, Total -- by ownership sector","All establishment sizes",14,464,456,488,1103038,0,0,180
"13133","3","SIC_0Z","27","0",1981,"4","","Greene County, Georgia","Local Government","All Industries","County, Total -- by ownership sector","All establishment sizes",14,471,472,482,1243639,0,0,201
"13133","3","SIC_0E","28","0",1981,"1","N","Greene County, Georgia","Local Government","Transportation and Public Utilities Division","County, Industry Division -- by ownership sector","All establishment sizes",0,0,0,0,0,0,0,0
"13133","3","SIC_0E","28","0",1981,"2","N","Greene County, Georgia","Local Government","Transportation and Public Utilities Division","County, Industry Division -- by ownership sector","All establishment sizes",0,0,0,0,0,0,0,0
"13133","3","SIC_0E","28","0",1981,"3","N","Greene County, Georgia","Local Government","Transportation and Public Utilities Division","County, Industry Division -- by ownership sector","All establishment sizes",0,0,0,0,0,0,0,0
"13133","3","SIC_0E","28","0",1981,"4","N","Greene County, Georgia","Local Government","Transportation and Public Utilities Division","County, Industry Division -- by ownership sector","All establishment sizes",0,0,0,0,0,0,0,0
"13133","3","SIC_0E49","29","0",1981,"1","N","Greene County, Georgia","Local Government","SIC 49 Electric, Gas, And Sanitary Services","County, 2-digit SIC -- by ownership sector","All establishment sizes",0,0,0,0,0,0,0,0
"13133","3","SIC_0E49","29","0",1981,"2","N","Greene County, Georgia","Local Government","SIC 49 Electric, Gas, And Sanitary Services","County, 2-digit SIC -- by ownership sector","All establishment sizes",0,0,0,0,0,0,0,0
"13133","3","SIC_0E49","29","0",1981,"3","N","Greene County, Georgia","Local Government","SIC 49 Electric, Gas, And Sanitary Services","County, 2-digit SIC -- by ownership sector","All establishment sizes",0,0,0,0,0,0,0,0
"13133","3","SIC_0E49","29","0",1981,"4","N","Greene County, Georgia","Local Government","SIC 49 Electric, Gas, And Sanitary Services","County, 2-digit SIC -- by ownership sector","All establishment sizes",0,0,0,0,0,0,0,0
"13133","3","SIC_0H","28","0",1981,"1","N","Greene County, Georgia","Local Government","Finance, Insurance, and Real Estate Division","County, Industry Division -- by ownership sector","All establishment sizes",0,0,0,0,0,0,0,0
"13133","3","SIC_0H","28","0",1981,"2","N","Greene County, Georgia","Local Government","Finance, Insurance, and Real Estate Division","County, Industry Division -- by ownership sector","All establishment sizes",0,0,0,0,0,0,0,0
"13133","3","SIC_0H","28","0",1981,"3","N","Greene County, Georgia","Local Government","Finance, Insurance, and Real Estate Division","County, Industry Division -- by ownership sector","All establishment sizes",0,0,0,0,0,0,0,0
"13133","3","SIC_0H","28","0",1981,"4","N","Greene County, Georgia","Local Government","Finance, Insurance, and Real Estate Division","County, Industry Division -- by ownership sector","All establishment sizes",0,0,0,0,0,0,0,0
"13133","3","SIC_0H65","29","0",1981,"1","N","Greene County, Georgia","Local Government","SIC 65 Real Estate","County, 2-digit SIC -- by ownership sector","All establishment sizes",0,0,0,0,0,0,0,0
"13133","3","SIC_0H65","29","0",1981,"2","N","Greene County, Georgia","Local Government","SIC 65 Real Estate","County, 2-digit SIC -- by ownership sector","All establishment sizes",0,0,0,0,0,0,0,0
"13133","3","SIC_0H65","29","0",1981,"3","N","Greene County, Georgia","Local Government","SIC 65 Real Estate","County, 2-digit SIC -- by ownership sector","All establishment sizes",0,0,0,0,0,0,0,0
"13133","3","SIC_0H65","29","0",1981,"4","N","Greene County, Georgia","Local Government","SIC 65 Real Estate","County, 2-digit SIC -- by ownership sector","All establishment sizes",0,0,0,0,0,0,0,0
"13133","3","SIC_0I","28","0",1981,"1","","Greene County, Georgia","Local Government","Services Division","County, Industry Division -- by ownership sector","All establishment sizes",3,306,304,300,795784,0,0,201
"13133","3","SIC_0I","28","0",1981,"2","","Greene County, Georgia","Local Government","Services Division","County, Industry Division -- by ownership sector","All establishment sizes",3,313,327,311,797813,0,0,193
"13133","3","SIC_0I","28","0",1981,"3","","Greene County, Georgia","Local Government","Services Division","County, Industry Division -- by ownership sector","All establishment sizes",3,316,311,342,809594,0,0,192
"13133","3","SIC_0I","28","0",1981,"4","","Greene County, Georgia","Local Government","Services Division","County, Industry Division -- by ownership sector","All establishment sizes",3,312,313,316,906001,0,0,222
"13133","3","SIC_0I80","29","0",1981,"1","N","Greene County, Georgia","Local Government","SIC 80 Health Services","County, 2-digit SIC -- by ownership sector","All establishment sizes",0,0,0,0,0,0,0,0
"13133","3","SIC_0I80","29","0",1981,"2","N","Greene County, Georgia","Local Government","SIC 80 Health Services","County, 2-digit SIC -- by ownership sector","All establishment sizes",0,0,0,0,0,0,0,0
"13133","3","SIC_0I80","29","0",1981,"3","N","Greene County, Georgia","Local Government","SIC 80 Health Services","County, 2-digit SIC -- by ownership sector","All establishment sizes",0,0,0,0,0,0,0,0
"13133","3","SIC_0I80","29","0",1981,"4","N","Greene County, Georgia","Local Government","SIC 80 Health Services","County, 2-digit SIC -- by ownership sector","All establishment sizes",0,0,0,0,0,0,0,0
"13133","3","SIC_0I82","29","0",1981,"1","N","Greene County, Georgia","Local Government","SIC 82 Educational Services","County, 2-digit SIC -- by ownership sector","All establishment sizes",0,0,0,0,0,0,0,0
"13133","3","SIC_0I82","29","0",1981,"2","N","Greene County, Georgia","Local Government","SIC 82 Educational Services","County, 2-digit SIC -- by ownership sector","All establishment sizes",0,0,0,0,0,0,0,0
"13133","3","SIC_0I82","29","0",1981,"3","N","Greene County, Georgia","Local Government","SIC 82 Educational Services","County, 2-digit SIC -- by ownership sector","All establishment sizes",0,0,0,0,0,0,0,0
"13133","3","SIC_0I82","29","0",1981,"4","N","Greene County, Georgia","Local Government","SIC 82 Educational Services","County, 2-digit SIC -- by ownership sector","All establishment sizes",0,0,0,0,0,0,0,0
"13133","3","SIC_0J","28","0",1981,"1","","Greene County, Georgia","Local Government","Public Administration Division","County, Industry Division -- by ownership sector","All establishment sizes",8,133,133,130,247859,0,0,144
"13133","3","SIC_0J","28","0",1981,"2","","Greene County, Georgia","Local Government","Public Administration Division","County, Industry Division -- by ownership sector","All establishment sizes",8,128,132,131,268978,0,0,158
"13133","3","SIC_0J","28","0",1981,"3","","Greene County, Georgia","Local Government","Public Administration Division","County, Industry Division -- by ownership sector","All establishment sizes",8,139,136,137,278476,0,0,155
"13133","3","SIC_0J","28","0",1981,"4","","Greene County, Georgia","Local Government","Public Administration Division","County, Industry Division -- by ownership sector","All establishment sizes",8,150,150,157,319368,0,0,161
"13133","3","SIC_0J91","29","0",1981,"1","N","Greene County, Georgia","Local Government","SIC 91 Executive, Legislative, and General","County, 2-digit SIC -- by ownership sector","All establishment sizes",0,0,0,0,0,0,0,0
"13133","3","SIC_0J91","29","0",1981,"2","N","Greene County, Georgia","Local Government","SIC 91 Executive, Legislative, and General","County, 2-digit SIC -- by ownership sector","All establishment sizes",0,0,0,0,0,0,0,0
"13133","3","SIC_0J91","29","0",1981,"3","N","Greene County, Georgia","Local Government","SIC 91 Executive, Legislative, and General","County, 2-digit SIC -- by ownership sector","All establishment sizes",0,0,0,0,0,0,0,0
"13133","3","SIC_0J91","29","0",1981,"4","N","Greene County, Georgia","Local Government","SIC 91 Executive, Legislative, and General","County, 2-digit SIC -- by ownership sector","All establishment sizes",0,0,0,0,0,0,0,0
"13133","3","SIC_0J92","29","0",1981,"1","N","Greene County, Georgia","Local Government","SIC 92 Justice, Public Order, and Safety","County, 2-digit SIC -- by ownership sector","All establishment sizes",0,0,0,0,0,0,0,0
"13133","3","SIC_0J92","29","0",1981,"2","N","Greene County, Georgia","Local Government","SIC 92 Justice, Public Order, and Safety","County, 2-digit SIC -- by ownership sector","All establishment sizes",0,0,0,0,0,0,0,0
"13133","3","SIC_0J92","29","0",1981,"3","N","Greene County, Georgia","Local Government","SIC 92 Justice, Public Order, and Safety","County, 2-digit SIC -- by ownership sector","All establishment sizes",0,0,0,0,0,0,0,0
"13133","3","SIC_0J92","29","0",1981,"4","N","Greene County, Georgia","Local Government","SIC 92 Justice, Public Order, and Safety","County, 2-digit SIC -- by ownership sector","All establishment sizes",0,0,0,0,0,0,0,0
"13133","5","SIC_0Z","27","0",1981,"1","","Greene County, Georgia","Private","All Industries","County, Total -- by ownership sector","All establishment sizes",170,2427,2404,2471,5830802,0,0,184
"13133","5","SIC_0Z","27","0",1981,"2","","Greene County, Georgia","Private","All Industries","County, Total -- by ownership sector","All establishment sizes",170,2413,2460,2535,5895221,0,0,183
"13133","5","SIC_0Z","27","0",1981,"3","","Greene County, Georgia","Private","All Industries","County, Total -- by ownership sector","All establishment sizes",172,2527,2537,2560,5952146,0,0,180
"13133","5","SIC_0Z","27","0",1981,"4","","Greene County, Georgia","Private","All Industries","County, Total -- by ownership sector","All establishment sizes",174,2458,2435,2505,6365815,0,0,198
"13133","5","SIC_0A","28","0",1981,"1","N","Greene County, Georgia","Private","Agriculture, Forestry, and Fishing Division","County, Industry Division -- by ownership sector","All establishment sizes",0,0,0,0,0,0,0,0
"13133","5","SIC_0A","28","0",1981,"2","N","Greene County, Georgia","Private","Agriculture, Forestry, and Fishing Division","County, Industry Division -- by ownership sector","All establishment sizes",0,0,0,0,0,0,0,0
"13133","5","SIC_0A","28","0",1981,"3","N","Greene County, Georgia","Private","Agriculture, Forestry, and Fishing Division","County, Industry Division -- by ownership sector","All establishment sizes",0,0,0,0,0,0,0,0
"13133","5","SIC_0A","28","0",1981,"4","N","Greene County, Georgia","Private","Agriculture, Forestry, and Fishing Division","County, Industry Division -- by ownership sector","All establishment sizes",0,0,0,0,0,0,0,0
"13133","5","SIC_0A02","29","0",1981,"1","N","Greene County, Georgia","Private","SIC 02 Agricultural Production Livestock","County, 2-digit SIC -- by ownership sector","All establishment sizes",0,0,0,0,0,0,0,0
"13133","5","SIC_0A02","29","0",1981,"2","N","Greene County, Georgia","Private","SIC 02 Agricultural Production Livestock","County, 2-digit SIC -- by ownership sector","All establishment sizes",0,0,0,0,0,0,0,0
"13133","5","SIC_0A02","29","0",1981,"3","N","Greene County, Georgia","Private","SIC 02 Agricultural Production Livestock","County, 2-digit SIC -- by ownership sector","All establishment sizes",0,0,0,0,0,0,0,0
"13133","5","SIC_0A02","29","0",1981,"4","N","Greene County, Georgia","Private","SIC 02 Agricultural Production Livestock","County, 2-digit SIC -- by ownership sector","All establishment sizes",0,0,0,0,0,0,0,0
"13133","5","SIC_0C","28","0",1981,"1","","Greene County, Georgia","Private","Construction Division","County, Industry Division -- by ownership sector","All establishment sizes",13,31,36,39,75074,0,0,163
"13133","5","SIC_0C","28","0",1981,"2","","Greene County, Georgia","Private","Construction Division","County, Industry Division -- by ownership sector","All establishment sizes",13,43,37,41,89208,0,0,170
"13133","5","SIC_0C","28","0",1981,"3","","Greene County, Georgia","Private","Construction Division","County, Industry Division -- by ownership sector","All establishment sizes",13,41,47,60,122484,0,0,190
"13133","5","SIC_0C","28","0",1981,"4","","Greene County, Georgia","Private","Construction Division","County, Industry Division -- by ownership sector","All establishment sizes",13,63,63,62,143911,0,0,176
"13133","5","SIC_0C15","29","0",1981,"1","","Greene County, Georgia","Private","SIC 15 General Building Contractors","County, 2-digit SIC -- by ownership sector","All establishment sizes",6,11,16,19,18892,0,0,94
"13133","5","SIC_0C15","29","0",1981,"2","","Greene County, Georgia","Private","SIC 15 General Building Contractors","County, 2-digit SIC -- by ownership sector","All establishment sizes",6,18,16,18,26357,0,0,116
"13133","5","SIC_0C15","29","0",1981,"3","","Greene County, Georgia","Private","SIC 15 General Building Contractors","County, 2-digit SIC -- by ownership sector","All establishment sizes",7,19,21,23,36726,0,0,134
"13133","5","SIC_0C15","29","0",1981,"4","","Greene County, Georgia","Private","SIC 15 General Building Contractors","County, 2-digit SIC -- by ownership sector","All establishment sizes",7,24,19,16,34058,0,0,133
"13133","5","SIC_0C16","29","0",1981,"1","","Greene County, Georgia","Private","SIC 16 Heavy Construction, ex. Building","County, 2-digit SIC -- by ownership sector","All establishment sizes",3,14,14,12,36774,0,0,212
"13133","5","SIC_0C16","29","0",1981,"2","","Greene County, Georgia","Private","SIC 16 Heavy Construction, ex. Building","County, 2-digit SIC -- by ownership sector","All establishment sizes",3,14,12,12,39004,0,0,236
"13133","5","SIC_0C16","29","0",1981,"3","","Greene County, Georgia","Private","SIC 16 Heavy Construction, ex. Building","County, 2-digit SIC -- by ownership sector","All establishment sizes",3,14,20,31,64233,0,0,228
"13133","5","SIC_0C16","29","0",1981,"4","","Greene County, Georgia","Private","SIC 16 Heavy Construction, ex. Building","County, 2-digit SIC -- by ownership sector","All establishment sizes",3,31,35,38,86357,0,0,191
"13133","5","SIC_0C17","29","0",1981,"1","","Greene County, Georgia","Private","SIC 17 Special Trade Contractors","County, 2-digit SIC -- by ownership sector","All establishment sizes",4,6,6,8,19408,0,0,223
"13133","5","SIC_0C17","29","0",1981,"2","","Greene County, Georgia","Private","SIC 17 Special Trade Contractors","County, 2-digit SIC -- by ownership sector","All establishment sizes",4,11,9,11,23847,0,0,177
"13133","5","SIC_0C17","29","0",1981,"3","","Greene County, Georgia","Private","SIC 17 Special Trade Contractors","County, 2-digit SIC -- by ownership sector","All establishment sizes",3,8,6,6,21525,0,0,248
"13133","5","SIC_0C17","29","0",1981,"4","","Greene County, Georgia","Private","SIC 17 Special Trade Contractors","County, 2-digit SIC -- by ownership sector","All establishment sizes",3,8,9,8,23496,0,0,216
"13133","5","SIC_0D","28","0",1981,"1","","Greene County, Georgia","Private","Manufacturing Division","County, Industry Division -- by ownership sector","All establishment sizes",36,1598,1597,1639,4021502,0,0,191
"13133","5","SIC_0D","28","0",1981,"2","","Greene County, Georgia","Private","Manufacturing Division","County, Industry Division -- by ownership sector","All establishment sizes",35,1469,1524,1582,4000484,0,0,201
"13133","5","SIC_0D","28","0",1981,"3","","Greene County, Georgia","Private","Manufacturing Division","County, Industry Division -- by ownership sector","All establishment sizes",37,1568,1555,1557,3938069,0,0,194
"13133","5","SIC_0D","28","0",1981,"4","","Greene County, Georgia","Private","Manufacturing Division","County, Industry Division -- by ownership sector","All establishment sizes",37,1456,1443,1483,4085533,0,0,215
"13133","5","SIC_0D22","29","0",1981,"1","N","Greene County, Georgia","Private","SIC 22 Textile Mill Products","County, 2-digit SIC -- by ownership sector","All establishment sizes",0,0,0,0,0,0,0,0
"13133","5","SIC_0D22","29","0",1981,"2","N","Greene County, Georgia","Private","SIC 22 Textile Mill Products","County, 2-digit SIC -- by ownership sector","All establishment sizes",0,0,0,0,0,0,0,0
"13133","5","SIC_0D22","29","0",1981,"3","N","Greene County, Georgia","Private","SIC 22 Textile Mill Products","County, 2-digit SIC -- by ownership sector","All establishment sizes",0,0,0,0,0,0,0,0
"13133","5","SIC_0D22","29","0",1981,"4","N","Greene County, Georgia","Private","SIC 22 Textile Mill Products","County, 2-digit SIC -- by ownership sector","All establishment sizes",0,0,0,0,0,0,0,0
"13133","5","SIC_0D23","29","0",1981,"1","","Greene County, Georgia","Private","SIC 23 Apparel and Other Textile Products","County, 2-digit SIC -- by ownership sector","All establishment sizes",4,468,499,539,1074569,0,0,164
"13133","5","SIC_0D23","29","0",1981,"2","","Greene County, Georgia","Private","SIC 23 Apparel and Other Textile Products","County, 2-digit SIC -- by ownership sector","All establishment sizes",3,316,329,322,623957,0,0,148
"13133","5","SIC_0D23","29","0",1981,"3","","Greene County, Georgia","Private","SIC 23 Apparel and Other Textile Products","County, 2-digit SIC -- by ownership sector","All establishment sizes",3,324,314,311,576808,0,0,140
"13133","5","SIC_0D23","29","0",1981,"4","","Greene County, Georgia","Private","SIC 23 Apparel and Other Textile Products","County, 2-digit SIC -- by ownership sector","All establishment sizes",3,309,293,284,569309,0,0,148
"13133","5","SIC_0D24","29","0",1981,"1","","Greene County, Georgia","Private","SIC 24 Lumber and Wood Products","County, 2-digit SIC -- by ownership sector","All establishment sizes",23,193,197,178,514181,0,0,208
"13133","5","SIC_0D24","29","0",1981,"2","","Greene County, Georgia","Private","SIC 24 Lumber and Wood Products","County, 2-digit SIC -- by ownership sector","All establishment sizes",22,183,192,202,537244,0,0,214
"13133","5","SIC_0D24","29","0",1981,"3","","Greene County, Georgia","Private","SIC 24 Lumber and Wood Products","County, 2-digit SIC -- by ownership sector","All establishment sizes",24,194,188,178,492000,0,0,202
"13133","5","SIC_0D24","29","0",1981,"4","","Greene County, Georgia","Private","SIC 24 Lumber and Wood Products","County, 2-digit SIC -- by ownership sector","All establishment sizes",24,169,174,168,478890,0,0,216
"13133","5","SIC_0D27","29","0",1981,"1","N","Greene County, Georgia","Private","SIC 27 Printing and Publishing","County, 2-digit SIC -- by ownership sector","All establishment sizes",0,0,0,0,0,0,0,0
"13133","5","SIC_0D27","29","0",1981,"2","N","Greene County, Georgia","Private","SIC 27 Printing and Publishing","County, 2-digit SIC -- by ownership sector","All establishment sizes",0,0,0,0,0,0,0,0
"13133","5","SIC_0D27","29","0",1981,"3","N","Greene County, Georgia","Private","SIC 27 Printing and Publishing","County, 2-digit SIC -- by ownership sector","All establishment sizes",0,0,0,0,0,0,0,0
"13133","5","SIC_0D27","29","0",1981,"4","N","Greene County, Georgia","Private","SIC 27 Printing and Publishing","County, 2-digit SIC -- by ownership sector","All establishment sizes",0,0,0,0,0,0,0,0
"13133","5","SIC_0D30","29","0",1981,"1","","Greene County, Georgia","Private","SIC 30 Rubber and Misc. Plastics Products","County, 2-digit SIC -- by ownership sector","All establishment sizes",4,251,241,269,752661,0,0,228
"13133","5","SIC_0D30","29","0",1981,"2","","Greene County, Georgia","Private","SIC 30 Rubber and Misc. Plastics Products","County, 2-digit SIC -- by ownership sector","All establishment sizes",4,283,297,327,925353,0,0,235
"13133","5","SIC_0D30","29","0",1981,"3","","Greene County, Georgia","Private","SIC 30 Rubber and Misc. Plastics Products","County, 2-digit SIC -- by ownership sector","All establishment sizes",4,328,311,325,993153,0,0,237
"13133","5","SIC_0D30","29","0",1981,"4","","Greene County, Georgia","Private","SIC 30 Rubber and Misc. Plastics Products","County, 2-digit SIC -- by ownership sector","All establishment sizes",4,324,307,301,1049271,0,0,259
"13133","5","SIC_0D33","29","0",1981,"1","","Greene County, Georgia","Private","SIC 33 Primary Metal Industries","County, 2-digit SIC -- by ownership sector","All establishment sizes",0,0,0,0,0,0,0,0
"13133","5","SIC_0D33","29","0",1981,"2","N","Greene County, Georgia","Private","SIC 33 Primary Metal Industries","County, 2-digit SIC -- by ownership sector","All establishment sizes",0,0,0,0,0,0,0,0
"13133","5","SIC_0D33","29","0",1981,"3","N","Greene County, Georgia","Private","SIC 33 Primary Metal Industries","County, 2-digit SIC -- by ownership sector","All establishment sizes",0,0,0,0,0,0,0,0
"13133","5","SIC_0D33","29","0",1981,"4","N","Greene County, Georgia","Private","SIC 33 Primary Metal Industries","County, 2-digit SIC -- by ownership sector","All establishment sizes",0,0,0,0,0,0,0,0
"13133","5","SIC_0D35","29","0",1981,"1","N","Greene County, Georgia","Private","SIC 35 Industrial Machinery and Equipment","County, 2-digit SIC -- by ownership sector","All establishment sizes",0,0,0,0,0,0,0,0
"13133","5","SIC_0D35","29","0",1981,"2","N","Greene County, Georgia","Private","SIC 35 Industrial Machinery and Equipment","County, 2-digit SIC -- by ownership sector","All establishment sizes",0,0,0,0,0,0,0,0
"13133","5","SIC_0D35","29","0",1981,"3","N","Greene County, Georgia","Private","SIC 35 Industrial Machinery and Equipment","County, 2-digit SIC -- by ownership sector","All establishment sizes",0,0,0,0,0,0,0,0
"13133","5","SIC_0D35","29","0",1981,"4","N","Greene County, Georgia","Private","SIC 35 Industrial Machinery and Equipment","County, 2-digit SIC -- by ownership sector","All establishment sizes",0,0,0,0,0,0,0,0
"13133","5","SIC_0D39","29","0",1981,"1","N","Greene County, Georgia","Private","SIC 39 Miscellaneous Manufacturing Industries","County, 2-digit SIC -- by ownership sector","All establishment sizes",0,0,0,0,0,0,0,0
"13133","5","SIC_0D39","29","0",1981,"2","N","Greene County, Georgia","Private","SIC 39 Miscellaneous Manufacturing Industries","County, 2-digit SIC -- by ownership sector","All establishment sizes",0,0,0,0,0,0,0,0
"13133","5","SIC_0D39","29","0",1981,"3","N","Greene County, Georgia","Private","SIC 39 Miscellaneous Manufacturing Industries","County, 2-digit SIC -- by ownership sector","All establishment sizes",0,0,0,0,0,0,0,0
"13133","5","SIC_0D39","29","0",1981,"4","N","Greene County, Georgia","Private","SIC 39 Miscellaneous Manufacturing Industries","County, 2-digit SIC -- by ownership sector","All establishment sizes",0,0,0,0,0,0,0,0
"13133","5","SIC_0E","28","0",1981,"1","","Greene County, Georgia","Private","Transportation and Public Utilities Division","County, Industry Division -- by ownership sector","All establishment sizes",10,35,34,32,79802,0,0,182
"13133","5","SIC_0E","28","0",1981,"2","","Greene County, Georgia","Private","Transportation and Public Utilities Division","County, Industry Division -- by ownership sector","All establishment sizes",10,33,30,35,82823,0,0,195
"13133","5","SIC_0E","28","0",1981,"3","","Greene County, Georgia","Private","Transportation and Public Utilities Division","County, Industry Division -- by ownership sector","All establishment sizes",11,34,32,31,82856,0,0,197
"13133","5","SIC_0E","28","0",1981,"4","","Greene County, Georgia","Private","Transportation and Public Utilities Division","County, Industry Division -- by ownership sector","All establishment sizes",11,32,29,30,81761,0,0,207
"13133","5","SIC_0E42","29","0",1981,"1","","Greene County, Georgia","Private","SIC 42 Trucking And Warehousing","County, 2-digit SIC -- by ownership sector","All establishment sizes",7,24,24,22,40317,0,0,132
"13133","5","SIC_0E42","29","0",1981,"2","","Greene County, Georgia","Private","SIC 42 Trucking And Warehousing","County, 2-digit SIC -- by ownership sector","All establishment sizes",7,22,20,25,39389,0,0,135
"13133","5","SIC_0E42","29","0",1981,"3","","Greene County, Georgia","Private","SIC 42 Trucking And Warehousing","County, 2-digit SIC -- by ownership sector","All establishment sizes",8,24,22,21,40522,0,0,139
"13133","5","SIC_0E42","29","0",1981,"4","","Greene County, Georgia","Private","SIC 42 Trucking And Warehousing","County, 2-digit SIC -- by ownership sector","All establishment sizes",8,22,20,21,40290,0,0,147
"13133","5","SIC_0E44","29","0",1981,"1","N","Greene County, Georgia","Private","SIC 44 Water Transportation","County, 2-digit SIC -- by ownership sector","All establishment sizes",0,0,0,0,0,0,0,0
"13133","5","SIC_0E44","29","0",1981,"2","N","Greene County, Georgia","Private","SIC 44 Water Transportation","County, 2-digit SIC -- by ownership sector","All establishment sizes",0,0,0,0,0,0,0,0
"13133","5","SIC_0E44","29","0",1981,"3","N","Greene County, Georgia","Private","SIC 44 Water Transportation","County, 2-digit SIC -- by ownership sector","All establishment sizes",0,0,0,0,0,0,0,0
"13133","5","SIC_0E44","29","0",1981,"4","N","Greene County, Georgia","Private","SIC 44 Water Transportation","County, 2-digit SIC -- by ownership sector","All establishment sizes",0,0,0,0,0,0,0,0
"13133","5","SIC_0E48","29","0",1981,"1","N","Greene County, Georgia","Private","SIC 48 Communication","County, 2-digit SIC -- by ownership sector","All establishment sizes",0,0,0,0,0,0,0,0
"13133","5","SIC_0E48","29","0",1981,"2","N","Greene County, Georgia","Private","SIC 48 Communication","County, 2-digit SIC -- by ownership sector","All establishment sizes",0,0,0,0,0,0,0,0
"13133","5","SIC_0E48","29","0",1981,"3","N","Greene County, Georgia","Private","SIC 48 Communication","County, 2-digit SIC -- by ownership sector","All establishment sizes",0,0,0,0,0,0,0,0
"13133","5","SIC_0E48","29","0",1981,"4","N","Greene County, Georgia","Private","SIC 48 Communication","County, 2-digit SIC -- by ownership sector","All establishment sizes",0,0,0,0,0,0,0,0
"13133","5","SIC_0E49","29","0",1981,"1","N","Greene County, Georgia","Private","SIC 49 Electric, Gas, And Sanitary Services","County, 2-digit SIC -- by ownership sector","All establishment sizes",0,0,0,0,0,0,0,0
"13133","5","SIC_0E49","29","0",1981,"2","N","Greene County, Georgia","Private","SIC 49 Electric, Gas, And Sanitary Services","County, 2-digit SIC -- by ownership sector","All establishment sizes",0,0,0,0,0,0,0,0
"13133","5","SIC_0E49","29","0",1981,"3","N","Greene County, Georgia","Private","SIC 49 Electric, Gas, And Sanitary Services","County, 2-digit SIC -- by ownership sector","All establishment sizes",0,0,0,0,0,0,0,0
"13133","5","SIC_0E49","29","0",1981,"4","N","Greene County, Georgia","Private","SIC 49 Electric, Gas, And Sanitary Services","County, 2-digit SIC -- by ownership sector","All establishment sizes",0,0,0,0,0,0,0,0
"13133","5","SIC_0F","28","0",1981,"1","","Greene County, Georgia","Private","Wholesale Trade Division","County, Industry Division -- by ownership sector","All establishment sizes",11,90,89,93,182217,0,0,154
"13133","5","SIC_0F","28","0",1981,"2","","Greene County, Georgia","Private","Wholesale Trade Division","County, Industry Division -- by ownership sector","All establishment sizes",9,81,80,81,165192,0,0,157
"13133","5","SIC_0F","28","0",1981,"3","","Greene County, Georgia","Private","Wholesale Trade Division","County, Industry Division -- by ownership sector","All establishment sizes",10,83,85,84,173917,0,0,159
"13133","5","SIC_0F","28","0",1981,"4","","Greene County, Georgia","Private","Wholesale Trade Division","County, Industry Division -- by ownership sector","All establishment sizes",11,84,97,95,229603,0,0,191
"13133","5","SIC_0F50","29","0",1981,"1","","Greene County, Georgia","Private","SIC 50 Wholesale Trade Durable Goods","County, 2-digit SIC -- by ownership sector","All establishment sizes",6,24,23,23,61868,0,0,203
"13133","5","SIC_0F50","29","0",1981,"2","","Greene County, Georgia","Private","SIC 50 Wholesale Trade Durable Goods","County, 2-digit SIC -- by ownership sector","All establishment sizes",5,18,18,19,52549,0,0,220
"13133","5","SIC_0F50","29","0",1981,"3","","Greene County, Georgia","Private","SIC 50 Wholesale Trade Durable Goods","County, 2-digit SIC -- by ownership sector","All establishment sizes",6,18,21,20,55567,0,0,217
"13133","5","SIC_0F50","29","0",1981,"4","","Greene County, Georgia","Private","SIC 50 Wholesale Trade Durable Goods","County, 2-digit SIC -- by ownership sector","All establishment sizes",7,18,20,18,81473,0,0,335
"13133","5","SIC_0F51","29","0",1981,"1","","Greene County, Georgia","Private","SIC 51 Wholesale Trade Nondurable Goods","County, 2-digit SIC -- by ownership sector","All establishment sizes",5,66,66,70,120349,0,0,137
"13133","5","SIC_0F51","29","0",1981,"2","","Greene County, Georgia","Private","SIC 51 Wholesale Trade Nondurable Goods","County, 2-digit SIC -- by ownership sector","All establishment sizes",4,63,62,62,112643,0,0,139
"13133","5","SIC_0F51","29","0",1981,"3","","Greene County, Georgia","Private","SIC 51 Wholesale Trade Nondurable Goods","County, 2-digit SIC -- by ownership sector","All establishment sizes",4,65,64,64,118350,0,0,141
"13133","5","SIC_0F51","29","0",1981,"4","","Greene County, Georgia","Private","SIC 51 Wholesale Trade Nondurable Goods","County, 2-digit SIC -- by ownership sector","All establishment sizes",4,66,77,77,148130,0,0,155
"13133","5","SIC_0G","28","0",1981,"1","","Greene County, Georgia","Private","Retail Trade Division","County, Industry Division -- by ownership sector","All establishment sizes",53,373,374,390,835719,0,0,169
"13133","5","SIC_0G","28","0",1981,"2","","Greene County, Georgia","Private","Retail Trade Division","County, Industry Division -- by ownership sector","All establishment sizes",53,458,462,467,885162,0,0,147
"13133","5","SIC_0G","28","0",1981,"3","","Greene County, Georgia","Private","Retail Trade Division","County, Industry Division -- by ownership sector","All establishment sizes",55,475,486,492,937823,0,0,148
"13133","5","SIC_0G","28","0",1981,"4","","Greene County, Georgia","Private","Retail Trade Division","County, Industry Division -- by ownership sector","All establishment sizes",53,495,480,507,993480,0,0,154
"13133","5","SIC_0G52","29","0",1981,"1","","Greene County, Georgia","Private","SIC 52 Building Materials and Garden Supplies","County, 2-digit SIC -- by ownership sector","All establishment sizes",3,9,9,9,28231,0,0,241
"13133","5","SIC_0G52","29","0",1981,"2","","Greene County, Georgia","Private","SIC 52 Building Materials and Garden Supplies","County, 2-digit SIC -- by ownership sector","All establishment sizes",3,9,9,9,26808,0,0,229
"13133","5","SIC_0G52","29","0",1981,"3","","Greene County, Georgia","Private","SIC 52 Building Materials and Garden Supplies","County, 2-digit SIC -- by ownership sector","All establishment sizes",3,9,9,9,26402,0,0,225
"13133","5","SIC_0G52","29","0",1981,"4","","Greene County, Georgia","Private","SIC 52 Building Materials and Garden Supplies","County, 2-digit SIC -- by ownership sector","All establishment sizes",3,9,9,11,70726,0,0,562
"13133","5","SIC_0G53","29","0",1981,"1","","Greene County, Georgia","Private","SIC 53 General Merchandise Stores","County, 2-digit SIC -- by ownership sector","All establishment sizes",6,25,24,24,36386,0,0,115
"13133","5","SIC_0G53","29","0",1981,"2","","Greene County, Georgia","Private","SIC 53 General Merchandise Stores","County, 2-digit SIC -- by ownership sector","All establishment sizes",6,27,27,28,32867,0,0,92
"13133","5","SIC_0G53","29","0",1981,"3","","Greene County, Georgia","Private","SIC 53 General Merchandise Stores","County, 2-digit SIC -- by ownership sector","All establishment sizes",6,24,24,24,33856,0,0,108
"13133","5","SIC_0G53","29","0",1981,"4","","Greene County, Georgia","Private","SIC 53 General Merchandise Stores","County, 2-digit SIC -- by ownership sector","All establishment sizes",7,45,35,34,51506,0,0,104
"13133","5","SIC_0G54","29","0",1981,"1","","Greene County, Georgia","Private","SIC 54 Food Stores","County, 2-digit SIC -- by ownership sector","All establishment sizes",7,176,181,196,460575,0,0,192
"13133","5","SIC_0G54","29","0",1981,"2","","Greene County, Georgia","Private","SIC 54 Food Stores","County, 2-digit SIC -- by ownership sector","All establishment sizes",8,250,250,253,504142,0,0,154
"13133","5","SIC_0G54","29","0",1981,"3","","Greene County, Georgia","Private","SIC 54 Food Stores","County, 2-digit SIC -- by ownership sector","All establishment sizes",8,255,262,271,522642,0,0,153
"13133","5","SIC_0G54","29","0",1981,"4","","Greene County, Georgia","Private","SIC 54 Food Stores","County, 2-digit SIC -- by ownership sector","All establishment sizes",8,275,281,301,551072,0,0,148
"13133","5","SIC_0G55","29","0",1981,"1","","Greene County, Georgia","Private","SIC 55 Automotive Dealers and Service Stations","County, 2-digit SIC -- by ownership sector","All establishment sizes",15,84,84,87,190145,0,0,172
"13133","5","SIC_0G55","29","0",1981,"2","","Greene County, Georgia","Private","SIC 55 Automotive Dealers and Service Stations","County, 2-digit SIC -- by ownership sector","All establishment sizes",15,89,87,90,191747,0,0,166
"13133","5","SIC_0G55","29","0",1981,"3","","Greene County, Georgia","Private","SIC 55 Automotive Dealers and Service Stations","County, 2-digit SIC -- by ownership sector","All establishment sizes",13,78,84,82,186196,0,0,176
"13133","5","SIC_0G55","29","0",1981,"4","","Greene County, Georgia","Private","SIC 55 Automotive Dealers and Service Stations","County, 2-digit SIC -- by ownership sector","All establishment sizes",13,80,68,70,167701,0,0,177
"13133","5","SIC_0G56","29","0",1981,"1","","Greene County, Georgia","Private","SIC 56 Apparel and Accessory Stores","County, 2-digit SIC -- by ownership sector","All establishment sizes",4,13,13,12,13241,0,0,80
"13133","5","SIC_0G56","29","0",1981,"2","","Greene County, Georgia","Private","SIC 56 Apparel and Accessory Stores","County, 2-digit SIC -- by ownership sector","All establishment sizes",4,13,13,13,13579,0,0,80
"13133","5","SIC_0G56","29","0",1981,"3","","Greene County, Georgia","Private","SIC 56 Apparel and Accessory Stores","County, 2-digit SIC -- by ownership sector","All establishment sizes",4,13,13,13,14755,0,0,87
"13133","5","SIC_0G56","29","0",1981,"4","","Greene County, Georgia","Private","SIC 56 Apparel and Accessory Stores","County, 2-digit SIC -- by ownership sector","All establishment sizes",3,10,10,14,15250,0,0,103
"13133","5","SIC_0G57","29","0",1981,"1","","Greene County, Georgia","Private","SIC 57 Furniture and Homefurnishings Stores","County, 2-digit SIC -- by ownership sector","All establishment sizes",5,10,9,9,24762,0,0,204
"13133","5","SIC_0G57","29","0",1981,"2","","Greene County, Georgia","Private","SIC 57 Furniture and Homefurnishings Stores","County, 2-digit SIC -- by ownership sector","All establishment sizes",4,10,11,11,27484,0,0,198
"13133","5","SIC_0G57","29","0",1981,"3","","Greene County, Georgia","Private","SIC 57 Furniture and Homefurnishings Stores","County, 2-digit SIC -- by ownership sector","All establishment sizes",4,13,12,12,30721,0,0,191
"13133","5","SIC_0G57","29","0",1981,"4","","Greene County, Georgia","Private","SIC 57 Furniture and Homefurnishings Stores","County, 2-digit SIC -- by ownership sector","All establishment sizes",4,12,12,12,30973,0,0,198
"13133","5","SIC_0G58","29","0",1981,"1","","Greene County, Georgia","Private","SIC 58 Eating and Drinking Places","County, 2-digit SIC -- by ownership sector","All establishment sizes",5,28,26,25,27305,0,0,79
"13133","5","SIC_0G58","29","0",1981,"2","","Greene County, Georgia","Private","SIC 58 Eating and Drinking Places","County, 2-digit SIC -- by ownership sector","All establishment sizes",5,32,37,36,31879,0,0,70
"13133","5","SIC_0G58","29","0",1981,"3","","Greene County, Georgia","Private","SIC 58 Eating and Drinking Places","County, 2-digit SIC -- by ownership sector","All establishment sizes",7,46,47,45,50442,0,0,84
"13133","5","SIC_0G58","29","0",1981,"4","","Greene County, Georgia","Private","SIC 58 Eating and Drinking Places","County, 2-digit SIC -- by ownership sector","All establishment sizes",6,29,31,33,34323,0,0,85
"13133","5","SIC_0G59","29","0",1981,"1","","Greene County, Georgia","Private","SIC 59 Miscellaneous Retail","County, 2-digit SIC -- by ownership sector","All establishment sizes",8,28,28,28,55074,0,0,151
"13133","5","SIC_0G59","29","0",1981,"2","","Greene County, Georgia","Private","SIC 59 Miscellaneous Retail","County, 2-digit SIC -- by ownership sector","All establishment sizes",8,28,28,27,56656,0,0,157
"13133","5","SIC_0G59","29","0",1981,"3","","Greene County, Georgia","Private","SIC 59 Miscellaneous Retail","County, 2-digit SIC -- by ownership sector","All establishment sizes",10,37,35,36,72809,0,0,155
"13133","5","SIC_0G59","29","0",1981,"4","","Greene County, Georgia","Private","SIC 59 Miscellaneous Retail","County, 2-digit SIC -- by ownership sector","All establishment sizes",9,35,34,32,71929,0,0,164
"13133","5","SIC_0H","28","0",1981,"1","","Greene County, Georgia","Private","Finance, Insurance, and Real Estate Division","County, Industry Division -- by ownership sector","All establishment sizes",7,114,88,91,287959,0,0,226
"13133","5","SIC_0H","28","0",1981,"2","","Greene County, Georgia","Private","Finance, Insurance, and Real Estate Division","County, Industry Division -- by ownership sector","All establishment sizes",7,119,120,121,289216,0,0,185
"13133","5","SIC_0H","28","0",1981,"3","","Greene County, Georgia","Private","Finance, Insurance, and Real Estate Division","County, Industry Division -- by ownership sector","All establishment sizes",7,121,122,121,308865,0,0,195
"13133","5","SIC_0H","28","0",1981,"4","","Greene County, Georgia","Private","Finance, Insurance, and Real Estate Division","County, Industry Division -- by ownership sector","All establishment sizes",7,116,117,119,406459,0,0,266
"13133","5","SIC_0H60","29","0",1981,"1","","Greene County, Georgia","Private","SIC 60 Depository Institutions","County, 2-digit SIC -- by ownership sector","All establishment sizes",3,92,66,68,241841,0,0,246
"13133","5","SIC_0H60","29","0",1981,"2","","Greene County, Georgia","Private","SIC 60 Depository Institutions","County, 2-digit SIC -- by ownership sector","All establishment sizes",3,93,94,94,242644,0,0,199
"13133","5","SIC_0H60","29","0",1981,"3","","Greene County, Georgia","Private","SIC 60 Depository Institutions","County, 2-digit SIC -- by ownership sector","All establishment sizes",3,96,97,96,259278,0,0,207
"13133","5","SIC_0H60","29","0",1981,"4","","Greene County, Georgia","Private","SIC 60 Depository Institutions","County, 2-digit SIC -- by ownership sector","All establishment sizes",3,94,95,96,352095,0,0,285
"13133","5","SIC_0H61","29","0",1981,"1","N","Greene County, Georgia","Private","SIC 61 Nondepository Institutions","County, 2-digit SIC -- by ownership sector","All establishment sizes",0,0,0,0,0,0,0,0
"13133","5","SIC_0H61","29","0",1981,"2","N","Greene County, Georgia","Private","SIC 61 Nondepository Institutions","County, 2-digit SIC -- by ownership sector","All establishment sizes",0,0,0,0,0,0,0,0
"13133","5","SIC_0H61","29","0",1981,"3","N","Greene County, Georgia","Private","SIC 61 Nondepository Institutions","County, 2-digit SIC -- by ownership sector","All establishment sizes",0,0,0,0,0,0,0,0
"13133","5","SIC_0H61","29","0",1981,"4","N","Greene County, Georgia","Private","SIC 61 Nondepository Institutions","County, 2-digit SIC -- by ownership sector","All establishment sizes",0,0,0,0,0,0,0,0
"13133","5","SIC_0H64","29","0",1981,"1","N","Greene County, Georgia","Private","SIC 64 Insurance Agents, Brokers, and Service","County, 2-digit SIC -- by ownership sector","All establishment sizes",0,0,0,0,0,0,0,0
"13133","5","SIC_0H64","29","0",1981,"2","N","Greene County, Georgia","Private","SIC 64 Insurance Agents, Brokers, and Service","County, 2-digit SIC -- by ownership sector","All establishment sizes",0,0,0,0,0,0,0,0
"13133","5","SIC_0H64","29","0",1981,"3","N","Greene County, Georgia","Private","SIC 64 Insurance Agents, Brokers, and Service","County, 2-digit SIC -- by ownership sector","All establishment sizes",0,0,0,0,0,0,0,0
"13133","5","SIC_0H64","29","0",1981,"4","N","Greene County, Georgia","Private","SIC 64 Insurance Agents, Brokers, and Service","County, 2-digit SIC -- by ownership sector","All establishment sizes",0,0,0,0,0,0,0,0
"13133","5","SIC_0H65","29","0",1981,"1","N","Greene County, Georgia","Private","SIC 65 Real Estate","County, 2-digit SIC -- by ownership sector","All establishment sizes",0,0,0,0,0,0,0,0
"13133","5","SIC_0H65","29","0",1981,"2","N","Greene County, Georgia","Private","SIC 65 Real Estate","County, 2-digit SIC -- by ownership sector","All establishment sizes",0,0,0,0,0,0,0,0
"13133","5","SIC_0H65","29","0",1981,"3","N","Greene County, Georgia","Private","SIC 65 Real Estate","County, 2-digit SIC -- by ownership sector","All establishment sizes",0,0,0,0,0,0,0,0
"13133","5","SIC_0H65","29","0",1981,"4","N","Greene County, Georgia","Private","SIC 65 Real Estate","County, 2-digit SIC -- by ownership sector","All establishment sizes",0,0,0,0,0,0,0,0
"13133","5","SIC_0I","28","0",1981,"1","","Greene County, Georgia","Private","Services Division","County, Industry Division -- by ownership sector","All establishment sizes",35,169,168,167,318364,0,0,145
"13133","5","SIC_0I","28","0",1981,"2","","Greene County, Georgia","Private","Services Division","County, Industry Division -- by ownership sector","All establishment sizes",37,178,175,176,331468,0,0,144
"13133","5","SIC_0I","28","0",1981,"3","","Greene County, Georgia","Private","Services Division","County, Industry Division -- by ownership sector","All establishment sizes",34,172,176,181,328567,0,0,143
"13133","5","SIC_0I","28","0",1981,"4","","Greene County, Georgia","Private","Services Division","County, Industry Division -- by ownership sector","All establishment sizes",36,179,173,175,364575,0,0,159
"13133","5","SIC_0I70","29","0",1981,"1","N","Greene County, Georgia","Private","SIC 70 Hotels and Other Lodging Places","County, 2-digit SIC -- by ownership sector","All establishment sizes",0,0,0,0,0,0,0,0
"13133","5","SIC_0I70","29","0",1981,"2","N","Greene County, Georgia","Private","SIC 70 Hotels and Other Lodging Places","County, 2-digit SIC -- by ownership sector","All establishment sizes",0,0,0,0,0,0,0,0
"13133","5","SIC_0I70","29","0",1981,"3","N","Greene County, Georgia","Private","SIC 70 Hotels and Other Lodging Places","County, 2-digit SIC -- by ownership sector","All establishment sizes",0,0,0,0,0,0,0,0
"13133","5","SIC_0I70","29","0",1981,"4","N","Greene County, Georgia","Private","SIC 70 Hotels and Other Lodging Places","County, 2-digit SIC -- by ownership sector","All establishment sizes",0,0,0,0,0,0,0,0
"13133","5","SIC_0I72","29","0",1981,"1","","Greene County, Georgia","Private","SIC 72 Personal Services","County, 2-digit SIC -- by ownership sector","All establishment sizes",7,43,42,42,60661,0,0,110
"13133","5","SIC_0I72","29","0",1981,"2","","Greene County, Georgia","Private","SIC 72 Personal Services","County, 2-digit SIC -- by ownership sector","All establishment sizes",7,47,46,45,62200,0,0,104
"13133","5","SIC_0I72","29","0",1981,"3","","Greene County, Georgia","Private","SIC 72 Personal Services","County, 2-digit SIC -- by ownership sector","All establishment sizes",5,44,44,43,61180,0,0,107
"13133","5","SIC_0I72","29","0",1981,"4","","Greene County, Georgia","Private","SIC 72 Personal Services","County, 2-digit SIC -- by ownership sector","All establishment sizes",6,44,43,44,65053,0,0,114
"13133","5","SIC_0I73","29","0",1981,"1","N","Greene County, Georgia","Private","SIC 73 Business Services","County, 2-digit SIC -- by ownership sector","All establishment sizes",0,0,0,0,0,0,0,0
"13133","5","SIC_0I73","29","0",1981,"2","N","Greene County, Georgia","Private","SIC 73 Business Services","County, 2-digit SIC -- by ownership sector","All establishment sizes",0,0,0,0,0,0,0,0
"13133","5","SIC_0I73","29","0",1981,"3","N","Greene County, Georgia","Private","SIC 73 Business Services","County, 2-digit SIC -- by ownership sector","All establishment sizes",0,0,0,0,0,0,0,0
"13133","5","SIC_0I73","29","0",1981,"4","N","Greene County, Georgia","Private","SIC 73 Business Services","County, 2-digit SIC -- by ownership sector","All establishment sizes",0,0,0,0,0,0,0,0
"13133","5","SIC_0I75","29","0",1981,"1","","Greene County, Georgia","Private","SIC 75 Auto Repair, Services, and Parking","County, 2-digit SIC -- by ownership sector","All establishment sizes",6,10,10,10,25622,0,0,197
"13133","5","SIC_0I75","29","0",1981,"2","","Greene County, Georgia","Private","SIC 75 Auto Repair, Services, and Parking","County, 2-digit SIC -- by ownership sector","All establishment sizes",6,11,10,10,31354,0,0,233
"13133","5","SIC_0I75","29","0",1981,"3","","Greene County, Georgia","Private","SIC 75 Auto Repair, Services, and Parking","County, 2-digit SIC -- by ownership sector","All establishment sizes",6,10,10,11,32497,0,0,241
"13133","5","SIC_0I75","29","0",1981,"4","","Greene County, Georgia","Private","SIC 75 Auto Repair, Services, and Parking","County, 2-digit SIC -- by ownership sector","All establishment sizes",6,12,12,12,32684,0,0,209
"13133","5","SIC_0I76","29","0",1981,"1","","Greene County, Georgia","Private","SIC 76 Miscellaneous Repair Services","County, 2-digit SIC -- by ownership sector","All establishment sizes",0,0,0,0,0,0,0,0
"13133","5","SIC_0I76","29","0",1981,"2","","Greene County, Georgia","Private","SIC 76 Miscellaneous Repair Services","County, 2-digit SIC -- by ownership sector","All establishment sizes",0,0,0,0,0,0,0,0
"13133","5","SIC_0I76","29","0",1981,"3","","Greene County, Georgia","Private","SIC 76 Miscellaneous Repair Services","County, 2-digit SIC -- by ownership sector","All establishment sizes",0,0,0,0,0,0,0,0
"13133","5","SIC_0I76","29","0",1981,"4","N","Greene County, Georgia","Private","SIC 76 Miscellaneous Repair Services","County, 2-digit SIC -- by ownership sector","All establishment sizes",0,0,0,0,0,0,0,0
"13133","5","SIC_0I79","29","0",1981,"1","N","Greene County, Georgia","Private","SIC 79 Amusement and Recreation Services","County, 2-digit SIC -- by ownership sector","All establishment sizes",0,0,0,0,0,0,0,0
"13133","5","SIC_0I79","29","0",1981,"2","N","Greene County, Georgia","Private","SIC 79 Amusement and Recreation Services","County, 2-digit SIC -- by ownership sector","All establishment sizes",0,0,0,0,0,0,0,0
"13133","5","SIC_0I79","29","0",1981,"3","N","Greene County, Georgia","Private","SIC 79 Amusement and Recreation Services","County, 2-digit SIC -- by ownership sector","All establishment sizes",0,0,0,0,0,0,0,0
"13133","5","SIC_0I79","29","0",1981,"4","N","Greene County, Georgia","Private","SIC 79 Amusement and Recreation Services","County, 2-digit SIC -- by ownership sector","All establishment sizes",0,0,0,0,0,0,0,0
"13133","5","SIC_0I80","29","0",1981,"1","","Greene County, Georgia","Private","SIC 80 Health Services","County, 2-digit SIC -- by ownership sector","All establishment sizes",9,70,69,69,133198,0,0,147
"13133","5","SIC_0I80","29","0",1981,"2","","Greene County, Georgia","Private","SIC 80 Health Services","County, 2-digit SIC -- by ownership sector","All establishment sizes",11,70,67,70,142844,0,0,159
"13133","5","SIC_0I80","29","0",1981,"3","","Greene County, Georgia","Private","SIC 80 Health Services","County, 2-digit SIC -- by ownership sector","All establishment sizes",10,70,72,74,139650,0,0,149
"13133","5","SIC_0I80","29","0",1981,"4","","Greene County, Georgia","Private","SIC 80 Health Services","County, 2-digit SIC -- by ownership sector","All establishment sizes",10,73,68,70,160066,0,0,175
"13133","5","SIC_0I81","29","0",1981,"1","","Greene County, Georgia","Private","SIC 81 Legal Services","County, 2-digit SIC -- by ownership sector","All establishment sizes",3,5,6,5,24626,0,0,355
"13133","5","SIC_0I81","29","0",1981,"2","","Greene County, Georgia","Private","SIC 81 Legal Services","County, 2-digit SIC -- by ownership sector","All establishment sizes",3,6,5,5,15960,0,0,230
"13133","5","SIC_0I81","29","0",1981,"3","","Greene County, Georgia","Private","SIC 81 Legal Services","County, 2-digit SIC -- by ownership sector","All establishment sizes",3,5,5,5,17570,0,0,270
"13133","5","SIC_0I81","29","0",1981,"4","","Greene County, Georgia","Private","SIC 81 Legal Services","County, 2-digit SIC -- by ownership sector","All establishment sizes",3,5,5,5,17840,0,0,274
"13133","5","SIC_0I82","29","0",1981,"1","N","Greene County, Georgia","Private","SIC 82 Educational Services","County, 2-digit SIC -- by ownership sector","All establishment sizes",0,0,0,0,0,0,0,0
"13133","5","SIC_0I82","29","0",1981,"2","N","Greene County, Georgia","Private","SIC 82 Educational Services","County, 2-digit SIC -- by ownership sector","All establishment sizes",0,0,0,0,0,0,0,0
"13133","5","SIC_0I82","29","0",1981,"3","N","Greene County, Georgia","Private","SIC 82 Educational Services","County, 2-digit SIC -- by ownership sector","All establishment sizes",0,0,0,0,0,0,0,0
"13133","5","SIC_0I82","29","0",1981,"4","N","Greene County, Georgia","Private","SIC 82 Educational Services","County, 2-digit SIC -- by ownership sector","All establishment sizes",0,0,0,0,0,0,0,0
"13133","5","SIC_0I86","29","0",1981,"1","N","Greene County, Georgia","Private","SIC 86 Membership Organizations","County, 2-digit SIC -- by ownership sector","All establishment sizes",0,0,0,0,0,0,0,0
"13133","5","SIC_0I86","29","0",1981,"2","N","Greene County, Georgia","Private","SIC 86 Membership Organizations","County, 2-digit SIC -- by ownership sector","All establishment sizes",0,0,0,0,0,0,0,0
"13133","5","SIC_0I86","29","0",1981,"3","N","Greene County, Georgia","Private","SIC 86 Membership Organizations","County, 2-digit SIC -- by ownership sector","All establishment sizes",0,0,0,0,0,0,0,0
"13133","5","SIC_0I86","29","0",1981,"4","N","Greene County, Georgia","Private","SIC 86 Membership Organizations","County, 2-digit SIC -- by ownership sector","All establishment sizes",0,0,0,0,0,0,0,0
"13133","5","SIC_0I88","29","0",1981,"1","","Greene County, Georgia","Private","SIC 88 Private Households","County, 2-digit SIC -- by ownership sector","All establishment sizes",5,6,6,6,5432,0,0,69
"13133","5","SIC_0I88","29","0",1981,"2","","Greene County, Georgia","Private","SIC 88 Private Households","County, 2-digit SIC -- by ownership sector","All establishment sizes",5,7,7,7,5749,0,0,63
"13133","5","SIC_0I88","29","0",1981,"3","","Greene County, Georgia","Private","SIC 88 Private Households","County, 2-digit SIC -- by ownership sector","All establishment sizes",5,7,7,7,6145,0,0,67
"13133","5","SIC_0I88","29","0",1981,"4","","Greene County, Georgia","Private","SIC 88 Private Households","County, 2-digit SIC -- by ownership sector","All establishment sizes",5,6,6,6,6323,0,0,81
"13133","5","SIC_0K","28","0",1981,"1","N","Greene County, Georgia","Private","Nonclassifiable Establishments","County, Industry Division -- by ownership sector","All establishment sizes",0,0,0,0,0,0,0,0
"13133","5","SIC_0K","28","0",1981,"2","N","Greene County, Georgia","Private","Nonclassifiable Establishments","County, Industry Division -- by ownership sector","All establishment sizes",0,0,0,0,0,0,0,0
"13133","5","SIC_0K","28","0",1981,"3","N","Greene County, Georgia","Private","Nonclassifiable Establishments","County, Industry Division -- by ownership sector","All establishment sizes",0,0,0,0,0,0,0,0
"13133","5","SIC_0K","28","0",1981,"4","N","Greene County, Georgia","Private","Nonclassifiable Establishments","County, Industry Division -- by ownership sector","All establishment sizes",0,0,0,0,0,0,0,0
"13133","5","SIC_0K99","29","0",1981,"1","N","Greene County, Georgia","Private","SIC 99 Nonclassifiable Establishments","County, 2-digit SIC -- by ownership sector","All establishment sizes",0,0,0,0,0,0,0,0
"13133","5","SIC_0K99","29","0",1981,"2","N","Greene County, Georgia","Private","SIC 99 Nonclassifiable Establishments","County, 2-digit SIC -- by ownership sector","All establishment sizes",0,0,0,0,0,0,0,0
"13133","5","SIC_0K99","29","0",1981,"3","N","Greene County, Georgia","Private","SIC 99 Nonclassifiable Establishments","County, 2-digit SIC -- by ownership sector","All establishment sizes",0,0,0,0,0,0,0,0
"13133","5","SIC_0K99","29","0",1981,"4","N","Greene County, Georgia","Private","SIC 99 Nonclassifiable Establishments","County, 2-digit SIC -- by ownership sector","All establishment sizes",0,0,0,0,0,0,0,0
