"area_fips","own_code","industry_code","agglvl_code","size_code","year","qtr","disclosure_code","area_title","own_title","industry_title","agglvl_title","size_title","qtrly_estabs_count","month1_emplvl","month2_emplvl","month3_emplvl","total_qtrly_wages","taxable_qtrly_wages","qtrly_contributions","avg_wkly_wage"
"12065","0","SIC_0Z","26","0",1981,"1","","Jefferson County, Florida","Total Covered","All Industries","County, Total Covered","All establishment sizes",201,2427,2420,2403,5497506,0,0,174
"12065","0","SIC_0Z","26","0",1981,"2","","Jefferson County, Florida","Total Covered","All Industries","County, Total Covered","All establishment sizes",198,2363,2390,2588,6124129,0,0,192
"12065","0","SIC_0Z","26","0",1981,"3","","Jefferson County, Florida","Total Covered","All Industries","County, Total Covered","All establishment sizes",202,2246,2303,2437,5650620,0,0,186
"12065","0","SIC_0Z","26","0",1981,"4","","Jefferson County, Florida","Total Covered","All Industries","County, Total Covered","All establishment sizes",197,2400,2310,2315,6092164,0,0,200
"12065","1","SIC_0Z","27","0",1981,"1","","Jefferson County, Florida","Federal Government","All Industries","County, Total -- by ownership sector","All establishment sizes",4,34,31,32,142436,0,0,338
"12065","1","SIC_0Z","27","0",1981,"2","","Jefferson County, Florida","Federal Government","All Industries","County, Total -- by ownership sector","All establishment sizes",3,31,30,30,127573,0,0,323
"12065","1","SIC_0Z","27","0",1981,"3","","Jefferson County, Florida","Federal Government","All Industries","County, Total -- by ownership sector","All establishment sizes",3,31,29,31,144573,0,0,366
"12065","1","SIC_0Z","27","0",1981,"4","","Jefferson County, Florida","Federal Government","All Industries","County, Total -- by ownership sector","All establishment sizes",3,32,34,34,157218,0,0,362
"12065","1","SIC_0E","28","0",1981,"1","","Jefferson County, Florida","Federal Government","Transportation and Public Utilities Division","County, Industry Division -- by ownership sector","All establishment sizes",1,25,24,24,112663,0,0,356
"12065","1","SIC_0E","28","0",1981,"2","","Jefferson County, Florida","Federal Government","Transportation and Public Utilities Division","County, Industry Division -- by ownership sector","All establishment sizes",1,24,23,23,90857,0,0,299
"12065","1","SIC_0E","28","0",1981,"3","","Jefferson County, Florida","Federal Government","Transportation and Public Utilities Division","County, Industry Division -- by ownership sector","All establishment sizes",1,24,22,22,111438,0,0,378
"12065","1","SIC_0E","28","0",1981,"4","","Jefferson County, Florida","Federal Government","Transportation and Public Utilities Division","County, Industry Division -- by ownership sector","All establishment sizes",1,23,25,25,116325,0,0,367
"12065","1","SIC_0E43","29","0",1981,"1","","Jefferson County, Florida","Federal Government","SIC 43 U.S. Postal Service","County, 2-digit SIC -- by ownership sector","All establishment sizes",1,25,24,24,112663,0,0,356
"12065","1","SIC_0E43","29","0",1981,"2","","Jefferson County, Florida","Federal Government","SIC 43 U.S. Postal Service","County, 2-digit SIC -- by ownership sector","All establishment sizes",1,24,23,23,90857,0,0,299
"12065","1","SIC_0E43","29","0",1981,"3","","Jefferson County, Florida","Federal Government","SIC 43 U.S. Postal Service","County, 2-digit SIC -- by ownership sector","All establishment sizes",1,24,22,22,111438,0,0,378
"12065","1","SIC_0E43","29","0",1981,"4","","Jefferson County, Florida","Federal Government","SIC 43 U.S. Postal Service","County, 2-digit SIC -- by ownership sector","All establishment sizes",1,23,25,25,116325,0,0,367
"12065","1","SIC_0H","28","0",1981,"1","","Jefferson County, Florida","Federal Government","Finance, Insurance, and Real Estate Division","County, Industry Division -- by ownership sector","All establishment sizes",1,1,0,0,944,0,0,217
"12065","1","SIC_0H63","29","0",1981,"1","","Jefferson County, Florida","Federal Government","SIC 63 Insurance Carriers","County, 2-digit SIC -- by ownership sector","All establishment sizes",1,1,0,0,944,0,0,217
"12065","1","SIC_0J","28","0",1981,"1","","Jefferson County, Florida","Federal Government","Public Administration Division","County, Industry Division -- by ownership sector","All establishment sizes",2,8,7,8,28829,0,0,289
"12065","1","SIC_0J","28","0",1981,"2","","Jefferson County, Florida","Federal Government","Public Administration Division","County, Industry Division -- by ownership sector","All establishment sizes",2,7,7,7,36716,0,0,403
"12065","1","SIC_0J","28","0",1981,"3","","Jefferson County, Florida","Federal Government","Public Administration Division","County, Industry Division -- by ownership sector","All establishment sizes",2,7,7,9,33135,0,0,332
"12065","1","SIC_0J","28","0",1981,"4","","Jefferson County, Florida","Federal Government","Public Administration Division","County, Industry Division -- by ownership sector","All establishment sizes",2,9,9,9,40893,0,0,349
"12065","1","SIC_0J95","29","0",1981,"1","","Jefferson County, Florida","Federal Government","SIC 95 Environmental Quality and Housing","County, 2-digit SIC -- by ownership sector","All establishment sizes",2,8,7,8,28829,0,0,289
"12065","1","SIC_0J95","29","0",1981,"2","","Jefferson County, Florida","Federal Government","SIC 95 Environmental Quality and Housing","County, 2-digit SIC -- by ownership sector","All establishment sizes",2,7,7,7,36716,0,0,403
"12065","1","SIC_0J95","29","0",1981,"3","","Jefferson County, Florida","Federal Government","SIC 95 Environmental Quality and Housing","County, 2-digit SIC -- by ownership sector","All establishment sizes",2,7,7,9,33135,0,0,332
"12065","1","SIC_0J95","29","0",1981,"4","","Jefferson County, Florida","Federal Government","SIC 95 Environmental Quality and Housing","County, 2-digit SIC -- by ownership sector","All establishment sizes",2,9,9,9,40893,0,0,349
"12065","2","SIC_0Z","27","0",1981,"1","","Jefferson County, Florida","State Government","All Industries","County, Total -- by ownership sector","All establishment sizes",16,110,108,110,343959,0,0,241
"12065","2","SIC_0Z","27","0",1981,"2","","Jefferson County, Florida","State Government","All Industries","County, Total -- by ownership sector","All establishment sizes",15,108,109,117,314224,0,0,217
"12065","2","SIC_0Z","27","0",1981,"3","","Jefferson County, Florida","State Government","All Industries","County, Total -- by ownership sector","All establishment sizes",15,113,114,115,322437,0,0,217
"12065","2","SIC_0Z","27","0",1981,"4","","Jefferson County, Florida","State Government","All Industries","County, Total -- by ownership sector","All establishment sizes",15,104,97,98,326458,0,0,251
"12065","2","SIC_0A","28","0",1981,"1","N","Jefferson County, Florida","State Government","Agriculture, Forestry, and Fishing Division","County, Industry Division -- by ownership sector","All establishment sizes",0,0,0,0,0,0,0,0
"12065","2","SIC_0A","28","0",1981,"2","N","Jefferson County, Florida","State Government","Agriculture, Forestry, and Fishing Division","County, Industry Division -- by ownership sector","All establishment sizes",0,0,0,0,0,0,0,0
"12065","2","SIC_0A","28","0",1981,"3","N","Jefferson County, Florida","State Government","Agriculture, Forestry, and Fishing Division","County, Industry Division -- by ownership sector","All establishment sizes",0,0,0,0,0,0,0,0
"12065","2","SIC_0A","28","0",1981,"4","N","Jefferson County, Florida","State Government","Agriculture, Forestry, and Fishing Division","County, Industry Division -- by ownership sector","All establishment sizes",0,0,0,0,0,0,0,0
"12065","2","SIC_0A08","29","0",1981,"1","N","Jefferson County, Florida","State Government","SIC 08 Forestry","County, 2-digit SIC -- by ownership sector","All establishment sizes",0,0,0,0,0,0,0,0
"12065","2","SIC_0A08","29","0",1981,"2","N","Jefferson County, Florida","State Government","SIC 08 Forestry","County, 2-digit SIC -- by ownership sector","All establishment sizes",0,0,0,0,0,0,0,0
"12065","2","SIC_0A08","29","0",1981,"3","N","Jefferson County, Florida","State Government","SIC 08 Forestry","County, 2-digit SIC -- by ownership sector","All establishment sizes",0,0,0,0,0,0,0,0
"12065","2","SIC_0A08","29","0",1981,"4","N","Jefferson County, Florida","State Government","SIC 08 Forestry","County, 2-digit SIC -- by ownership sector","All establishment sizes",0,0,0,0,0,0,0,0
"12065","2","SIC_0C","28","0",1981,"1","N","Jefferson County, Florida","State Government","Construction Division","County, Industry Division -- by ownership sector","All establishment sizes",0,0,0,0,0,0,0,0
"12065","2","SIC_0C","28","0",1981,"2","N","Jefferson County, Florida","State Government","Construction Division","County, Industry Division -- by ownership sector","All establishment sizes",0,0,0,0,0,0,0,0
"12065","2","SIC_0C","28","0",1981,"3","N","Jefferson County, Florida","State Government","Construction Division","County, Industry Division -- by ownership sector","All establishment sizes",0,0,0,0,0,0,0,0
"12065","2","SIC_0C","28","0",1981,"4","N","Jefferson County, Florida","State Government","Construction Division","County, Industry Division -- by ownership sector","All establishment sizes",0,0,0,0,0,0,0,0
"12065","2","SIC_0C16","29","0",1981,"1","N","Jefferson County, Florida","State Government","SIC 16 Heavy Construction, ex. Building","County, 2-digit SIC -- by ownership sector","All establishment sizes",0,0,0,0,0,0,0,0
"12065","2","SIC_0C16","29","0",1981,"2","N","Jefferson County, Florida","State Government","SIC 16 Heavy Construction, ex. Building","County, 2-digit SIC -- by ownership sector","All establishment sizes",0,0,0,0,0,0,0,0
"12065","2","SIC_0C16","29","0",1981,"3","N","Jefferson County, Florida","State Government","SIC 16 Heavy Construction, ex. Building","County, 2-digit SIC -- by ownership sector","All establishment sizes",0,0,0,0,0,0,0,0
"12065","2","SIC_0C16","29","0",1981,"4","N","Jefferson County, Florida","State Government","SIC 16 Heavy Construction, ex. Building","County, 2-digit SIC -- by ownership sector","All establishment sizes",0,0,0,0,0,0,0,0
"12065","2","SIC_0I","28","0",1981,"1","","Jefferson County, Florida","State Government","Services Division","County, Industry Division -- by ownership sector","All establishment sizes",4,29,31,31,112916,0,0,286
"12065","2","SIC_0I","28","0",1981,"2","","Jefferson County, Florida","State Government","Services Division","County, Industry Division -- by ownership sector","All establishment sizes",4,30,31,28,94146,0,0,244
"12065","2","SIC_0I","28","0",1981,"3","","Jefferson County, Florida","State Government","Services Division","County, Industry Division -- by ownership sector","All establishment sizes",4,28,29,28,92829,0,0,252
"12065","2","SIC_0I","28","0",1981,"4","","Jefferson County, Florida","State Government","Services Division","County, Industry Division -- by ownership sector","All establishment sizes",3,22,23,23,74339,0,0,252
"12065","2","SIC_0I82","29","0",1981,"1","N","Jefferson County, Florida","State Government","SIC 82 Educational Services","County, 2-digit SIC -- by ownership sector","All establishment sizes",0,0,0,0,0,0,0,0
"12065","2","SIC_0I82","29","0",1981,"2","N","Jefferson County, Florida","State Government","SIC 82 Educational Services","County, 2-digit SIC -- by ownership sector","All establishment sizes",0,0,0,0,0,0,0,0
"12065","2","SIC_0I82","29","0",1981,"3","N","Jefferson County, Florida","State Government","SIC 82 Educational Services","County, 2-digit SIC -- by ownership sector","All establishment sizes",0,0,0,0,0,0,0,0
"12065","2","SIC_0I82","29","0",1981,"4","N","Jefferson County, Florida","State Government","SIC 82 Educational Services","County, 2-digit SIC -- by ownership sector","All establishment sizes",0,0,0,0,0,0,0,0
"12065","2","SIC_0I83","29","0",1981,"1","N","Jefferson County, Florida","State Government","SIC 83 Social Services","County, 2-digit SIC -- by ownership sector","All establishment sizes",0,0,0,0,0,0,0,0
"12065","2","SIC_0I83","29","0",1981,"2","N","Jefferson County, Florida","State Government","SIC 83 Social Services","County, 2-digit SIC -- by ownership sector","All establishment sizes",0,0,0,0,0,0,0,0
"12065","2","SIC_0I83","29","0",1981,"3","N","Jefferson County, Florida","State Government","SIC 83 Social Services","County, 2-digit SIC -- by ownership sector","All establishment sizes",0,0,0,0,0,0,0,0
"12065","2","SIC_0I83","29","0",1981,"4","N","Jefferson County, Florida","State Government","SIC 83 Social Services","County, 2-digit SIC -- by ownership sector","All establishment sizes",0,0,0,0,0,0,0,0
"12065","2","SIC_0J","28","0",1981,"1","","Jefferson County, Florida","State Government","Public Administration Division","County, Industry Division -- by ownership sector","All establishment sizes",10,46,42,44,135233,0,0,236
"12065","2","SIC_0J","28","0",1981,"2","","Jefferson County, Florida","State Government","Public Administration Division","County, Industry Division -- by ownership sector","All establishment sizes",9,43,43,54,123960,0,0,204
"12065","2","SIC_0J","28","0",1981,"3","","Jefferson County, Florida","State Government","Public Administration Division","County, Industry Division -- by ownership sector","All establishment sizes",9,56,56,58,148580,0,0,201
"12065","2","SIC_0J","28","0",1981,"4","","Jefferson County, Florida","State Government","Public Administration Division","County, Industry Division -- by ownership sector","All establishment sizes",10,57,49,49,168669,0,0,251
"12065","2","SIC_0J92","29","0",1981,"1","N","Jefferson County, Florida","State Government","SIC 92 Justice, Public Order, and Safety","County, 2-digit SIC -- by ownership sector","All establishment sizes",0,0,0,0,0,0,0,0
"12065","2","SIC_0J92","29","0",1981,"2","N","Jefferson County, Florida","State Government","SIC 92 Justice, Public Order, and Safety","County, 2-digit SIC -- by ownership sector","All establishment sizes",0,0,0,0,0,0,0,0
"12065","2","SIC_0J92","29","0",1981,"3","N","Jefferson County, Florida","State Government","SIC 92 Justice, Public Order, and Safety","County, 2-digit SIC -- by ownership sector","All establishment sizes",0,0,0,0,0,0,0,0
"12065","2","SIC_0J92","29","0",1981,"4","N","Jefferson County, Florida","State Government","SIC 92 Justice, Public Order, and Safety","County, 2-digit SIC -- by ownership sector","All establishment sizes",0,0,0,0,0,0,0,0
"12065","2","SIC_0J93","29","0",1981,"1","N","Jefferson County, Florida","State Government","SIC 93 Finance, Taxation, and Monetary Policy","County, 2-digit SIC -- by ownership sector","All establishment sizes",0,0,0,0,0,0,0,0
"12065","2","SIC_0J94","29","0",1981,"1","","Jefferson County, Florida","State Government","SIC 94 Administration of Human Resources","County, 2-digit SIC -- by ownership sector","All establishment sizes",3,33,29,31,90699,0,0,225
"12065","2","SIC_0J94","29","0",1981,"2","","Jefferson County, Florida","State Government","SIC 94 Administration of Human Resources","County, 2-digit SIC -- by ownership sector","All establishment sizes",3,30,30,33,77806,0,0,193
"12065","2","SIC_0J94","29","0",1981,"3","","Jefferson County, Florida","State Government","SIC 94 Administration of Human Resources","County, 2-digit SIC -- by ownership sector","All establishment sizes",3,30,30,33,77806,0,0,193
"12065","2","SIC_0J94","29","0",1981,"4","","Jefferson County, Florida","State Government","SIC 94 Administration of Human Resources","County, 2-digit SIC -- by ownership sector","All establishment sizes",4,33,33,33,113364,0,0,264
"12065","2","SIC_0J95","29","0",1981,"1","N","Jefferson County, Florida","State Government","SIC 95 Environmental Quality and Housing","County, 2-digit SIC -- by ownership sector","All establishment sizes",0,0,0,0,0,0,0,0
"12065","2","SIC_0J95","29","0",1981,"2","N","Jefferson County, Florida","State Government","SIC 95 Environmental Quality and Housing","County, 2-digit SIC -- by ownership sector","All establishment sizes",0,0,0,0,0,0,0,0
"12065","2","SIC_0J95","29","0",1981,"3","N","Jefferson County, Florida","State Government","SIC 95 Environmental Quality and Housing","County, 2-digit SIC -- by ownership sector","All establishment sizes",0,0,0,0,0,0,0,0
"12065","2","SIC_0J95","29","0",1981,"4","N","Jefferson County, Florida","State Government","SIC 95 Environmental Quality and Housing","County, 2-digit SIC -- by ownership sector","All establishment sizes",0,0,0,0,0,0,0,0
"12065","2","SIC_0J96","29","0",1981,"1","","Jefferson County, Florida","State Government","SIC 96 Administration of Economic Programs","County, 2-digit SIC -- by ownership sector","All establishment sizes",4,7,7,7,21159,0,0,232
"12065","2","SIC_0J96","29","0",1981,"2","","Jefferson County, Florida","State Government","SIC 96 Administration of Economic Programs","County, 2-digit SIC -- by ownership sector","All establishment sizes",4,7,7,15,23851,0,0,189
"12065","2","SIC_0J96","29","0",1981,"3","","Jefferson County, Florida","State Government","SIC 96 Administration of Economic Programs","County, 2-digit SIC -- by ownership sector","All establishment sizes",4,19,19,18,43999,0,0,181
"12065","2","SIC_0J96","29","0",1981,"4","","Jefferson County, Florida","State Government","SIC 96 Administration of Economic Programs","County, 2-digit SIC -- by ownership sector","All establishment sizes",4,17,9,9,34482,0,0,227
"12065","3","SIC_0Z","27","0",1981,"1","","Jefferson County, Florida","Local Government","All Industries","County, Total -- by ownership sector","All establishment sizes",9,493,488,487,1150312,0,0,180
"12065","3","SIC_0Z","27","0",1981,"2","","Jefferson County, Florida","Local Government","All Industries","County, Total -- by ownership sector","All establishment sizes",9,459,463,468,1429707,0,0,237
"12065","3","SIC_0Z","27","0",1981,"3","","Jefferson County, Florida","Local Government","All Industries","County, Total -- by ownership sector","All establishment sizes",8,230,326,463,816174,0,0,184
"12065","3","SIC_0Z","27","0",1981,"4","","Jefferson County, Florida","Local Government","All Industries","County, Total -- by ownership sector","All establishment sizes",8,465,471,470,1239029,0,0,203
"12065","3","SIC_0I","28","0",1981,"1","N","Jefferson County, Florida","Local Government","Services Division","County, Industry Division -- by ownership sector","All establishment sizes",0,0,0,0,0,0,0,0
"12065","3","SIC_0I","28","0",1981,"2","N","Jefferson County, Florida","Local Government","Services Division","County, Industry Division -- by ownership sector","All establishment sizes",0,0,0,0,0,0,0,0
"12065","3","SIC_0I","28","0",1981,"3","N","Jefferson County, Florida","Local Government","Services Division","County, Industry Division -- by ownership sector","All establishment sizes",0,0,0,0,0,0,0,0
"12065","3","SIC_0I","28","0",1981,"4","N","Jefferson County, Florida","Local Government","Services Division","County, Industry Division -- by ownership sector","All establishment sizes",0,0,0,0,0,0,0,0
"12065","3","SIC_0I82","29","0",1981,"1","N","Jefferson County, Florida","Local Government","SIC 82 Educational Services","County, 2-digit SIC -- by ownership sector","All establishment sizes",0,0,0,0,0,0,0,0
"12065","3","SIC_0I82","29","0",1981,"2","N","Jefferson County, Florida","Local Government","SIC 82 Educational Services","County, 2-digit SIC -- by ownership sector","All establishment sizes",0,0,0,0,0,0,0,0
"12065","3","SIC_0I82","29","0",1981,"3","N","Jefferson County, Florida","Local Government","SIC 82 Educational Services","County, 2-digit SIC -- by ownership sector","All establishment sizes",0,0,0,0,0,0,0,0
"12065","3","SIC_0I82","29","0",1981,"4","N","Jefferson County, Florida","Local Government","SIC 82 Educational Services","County, 2-digit SIC -- by ownership sector","All establishment sizes",0,0,0,0,0,0,0,0
"12065","3","SIC_0J","28","0",1981,"1","N","Jefferson County, Florida","Local Government","Public Administration Division","County, Industry Division -- by ownership sector","All establishment sizes",0,0,0,0,0,0,0,0
"12065","3","SIC_0J","28","0",1981,"2","N","Jefferson County, Florida","Local Government","Public Administration Division","County, Industry Division -- by ownership sector","All establishment sizes",0,0,0,0,0,0,0,0
"12065","3","SIC_0J","28","0",1981,"3","N","Jefferson County, Florida","Local Government","Public Administration Division","County, Industry Division -- by ownership sector","All establishment sizes",0,0,0,0,0,0,0,0
"12065","3","SIC_0J","28","0",1981,"4","N","Jefferson County, Florida","Local Government","Public Administration Division","County, Industry Division -- by ownership sector","All establishment sizes",0,0,0,0,0,0,0,0
"12065","3","SIC_0J91","29","0",1981,"1","","Jefferson County, Florida","Local Government","SIC 91 Executive, Legislative, and General","County, 2-digit SIC -- by ownership sector","All establishment sizes",4,129,121,116,243901,0,0,153
"12065","3","SIC_0J91","29","0",1981,"2","","Jefferson County, Florida","Local Government","SIC 91 Executive, Legislative, and General","County, 2-digit SIC -- by ownership sector","All establishment sizes",4,95,94,95,202731,0,0,164
"12065","3","SIC_0J91","29","0",1981,"3","","Jefferson County, Florida","Local Government","SIC 91 Executive, Legislative, and General","County, 2-digit SIC -- by ownership sector","All establishment sizes",3,96,96,97,210490,0,0,168
"12065","3","SIC_0J91","29","0",1981,"4","","Jefferson County, Florida","Local Government","SIC 91 Executive, Legislative, and General","County, 2-digit SIC -- by ownership sector","All establishment sizes",3,99,105,104,235664,0,0,176
"12065","3","SIC_0J92","29","0",1981,"1","N","Jefferson County, Florida","Local Government","SIC 92 Justice, Public Order, and Safety","County, 2-digit SIC -- by ownership sector","All establishment sizes",0,0,0,0,0,0,0,0
"12065","3","SIC_0J92","29","0",1981,"2","N","Jefferson County, Florida","Local Government","SIC 92 Justice, Public Order, and Safety","County, 2-digit SIC -- by ownership sector","All establishment sizes",0,0,0,0,0,0,0,0
"12065","3","SIC_0J92","29","0",1981,"3","N","Jefferson County, Florida","Local Government","SIC 92 Justice, Public Order, and Safety","County, 2-digit SIC -- by ownership sector","All establishment sizes",0,0,0,0,0,0,0,0
"12065","3","SIC_0J92","29","0",1981,"4","N","Jefferson County, Florida","Local Government","SIC 92 Justice, Public Order, and Safety","County, 2-digit SIC -- by ownership sector","All establishment sizes",0,0,0,0,0,0,0,0
"12065","3","SIC_0J93","29","0",1981,"1","N","Jefferson County, Florida","Local Government","SIC 93 Finance, Taxation, and Monetary Policy","County, 2-digit SIC -- by ownership sector","All establishment sizes",0,0,0,0,0,0,0,0
"12065","3","SIC_0J93","29","0",1981,"2","N","Jefferson County, Florida","Local Government","SIC 93 Finance, Taxation, and Monetary Policy","County, 2-digit SIC -- by ownership sector","All establishment sizes",0,0,0,0,0,0,0,0
"12065","3","SIC_0J93","29","0",1981,"3","N","Jefferson County, Florida","Local Government","SIC 93 Finance, Taxation, and Monetary Policy","County, 2-digit SIC -- by ownership sector","All establishment sizes",0,0,0,0,0,0,0,0
"12065","3","SIC_0J93","29","0",1981,"4","N","Jefferson County, Florida","Local Government","SIC 93 Finance, Taxation, and Monetary Policy","County, 2-digit SIC -- by ownership sector","All establishment sizes",0,0,0,0,0,0,0,0
"12065","5","SIC_0Z","27","0",1981,"1","","Jefferson County, Florida","Private","All Industries","County, Total -- by ownership sector","All establishment sizes",172,1790,1793,1774,3860799,0,0,166
"12065","5","SIC_0Z","27","0",1981,"2","","Jefferson County, Florida","Private","All Industries","County, Total -- by ownership sector","All establishment sizes",171,1765,1788,1973,4252625,0,0,177
"12065","5","SIC_0Z","27","0",1981,"3","","Jefferson County, Florida","Private","All Industries","County, Total -- by ownership sector","All establishment sizes",176,1872,1834,1828,4367436,0,0,182
"12065","5","SIC_0Z","27","0",1981,"4","","Jefferson County, Florida","Private","All Industries","County, Total -- by ownership sector","All establishment sizes",171,1799,1708,1713,4369459,0,0,193
"12065","5","SIC_0A","28","0",1981,"1","","Jefferson County, Florida","Private","Agriculture, Forestry, and Fishing Division","County, Industry Division -- by ownership sector","All establishment sizes",13,406,415,412,768010,0,0,143
"12065","5","SIC_0A","28","0",1981,"2","","Jefferson County, Florida","Private","Agriculture, Forestry, and Fishing Division","County, Industry Division -- by ownership sector","All establishment sizes",13,394,376,371,739286,0,0,149
"12065","5","SIC_0A","28","0",1981,"3","","Jefferson County, Florida","Private","Agriculture, Forestry, and Fishing Division","County, Industry Division -- by ownership sector","All establishment sizes",13,355,317,313,692673,0,0,162
"12065","5","SIC_0A","28","0",1981,"4","","Jefferson County, Florida","Private","Agriculture, Forestry, and Fishing Division","County, Industry Division -- by ownership sector","All establishment sizes",12,314,351,359,710922,0,0,160
"12065","5","SIC_0A01","29","0",1981,"1","","Jefferson County, Florida","Private","SIC 01 Agricultural Production Crops","County, 2-digit SIC -- by ownership sector","All establishment sizes",8,290,298,287,495208,0,0,130
"12065","5","SIC_0A01","29","0",1981,"2","","Jefferson County, Florida","Private","SIC 01 Agricultural Production Crops","County, 2-digit SIC -- by ownership sector","All establishment sizes",8,273,253,247,448529,0,0,133
"12065","5","SIC_0A01","29","0",1981,"3","","Jefferson County, Florida","Private","SIC 01 Agricultural Production Crops","County, 2-digit SIC -- by ownership sector","All establishment sizes",8,230,206,205,411018,0,0,147
"12065","5","SIC_0A01","29","0",1981,"4","","Jefferson County, Florida","Private","SIC 01 Agricultural Production Crops","County, 2-digit SIC -- by ownership sector","All establishment sizes",8,199,233,245,421284,0,0,143
"12065","5","SIC_0A02","29","0",1981,"1","N","Jefferson County, Florida","Private","SIC 02 Agricultural Production Livestock","County, 2-digit SIC -- by ownership sector","All establishment sizes",0,0,0,0,0,0,0,0
"12065","5","SIC_0A02","29","0",1981,"2","N","Jefferson County, Florida","Private","SIC 02 Agricultural Production Livestock","County, 2-digit SIC -- by ownership sector","All establishment sizes",0,0,0,0,0,0,0,0
"12065","5","SIC_0A02","29","0",1981,"3","N","Jefferson County, Florida","Private","SIC 02 Agricultural Production Livestock","County, 2-digit SIC -- by ownership sector","All establishment sizes",0,0,0,0,0,0,0,0
"12065","5","SIC_0A02","29","0",1981,"4","N","Jefferson County, Florida","Private","SIC 02 Agricultural Production Livestock","County, 2-digit SIC -- by ownership sector","All establishment sizes",0,0,0,0,0,0,0,0
"12065","5","SIC_0A07","29","0",1981,"1","N","Jefferson County, Florida","Private","SIC 07 Agricultural Services","County, 2-digit SIC -- by ownership sector","All establishment sizes",0,0,0,0,0,0,0,0
"12065","5","SIC_0A07","29","0",1981,"2","N","Jefferson County, Florida","Private","SIC 07 Agricultural Services","County, 2-digit SIC -- by ownership sector","All establishment sizes",0,0,0,0,0,0,0,0
"12065","5","SIC_0A07","29","0",1981,"3","N","Jefferson County, Florida","Private","SIC 07 Agricultural Services","County, 2-digit SIC -- by ownership sector","All establishment sizes",0,0,0,0,0,0,0,0
"12065","5","SIC_0A07","29","0",1981,"4","N","Jefferson County, Florida","Private","SIC 07 Agricultural Services","County, 2-digit SIC -- by ownership sector","All establishment sizes",0,0,0,0,0,0,0,0
"12065","5","SIC_0A08","29","0",1981,"1","N","Jefferson County, Florida","Private","SIC 08 Forestry","County, 2-digit SIC -- by ownership sector","All establishment sizes",0,0,0,0,0,0,0,0
"12065","5","SIC_0A08","29","0",1981,"2","N","Jefferson County, Florida","Private","SIC 08 Forestry","County, 2-digit SIC -- by ownership sector","All establishment sizes",0,0,0,0,0,0,0,0
"12065","5","SIC_0A08","29","0",1981,"3","N","Jefferson County, Florida","Private","SIC 08 Forestry","County, 2-digit SIC -- by ownership sector","All establishment sizes",0,0,0,0,0,0,0,0
"12065","5","SIC_0A08","29","0",1981,"4","","Jefferson County, Florida","Private","SIC 08 Forestry","County, 2-digit SIC -- by ownership sector","All establishment sizes",0,0,0,0,0,0,0,0
"12065","5","SIC_0C","28","0",1981,"1","","Jefferson County, Florida","Private","Construction Division","County, Industry Division -- by ownership sector","All establishment sizes",17,140,140,133,367339,0,0,205
"12065","5","SIC_0C","28","0",1981,"2","","Jefferson County, Florida","Private","Construction Division","County, Industry Division -- by ownership sector","All establishment sizes",18,126,147,152,369752,0,0,200
"12065","5","SIC_0C","28","0",1981,"3","","Jefferson County, Florida","Private","Construction Division","County, Industry Division -- by ownership sector","All establishment sizes",18,134,128,139,407225,0,0,234
"12065","5","SIC_0C","28","0",1981,"4","","Jefferson County, Florida","Private","Construction Division","County, Industry Division -- by ownership sector","All establishment sizes",12,134,129,121,407887,0,0,245
"12065","5","SIC_0C15","29","0",1981,"1","","Jefferson County, Florida","Private","SIC 15 General Building Contractors","County, 2-digit SIC -- by ownership sector","All establishment sizes",7,15,20,23,37499,0,0,149
"12065","5","SIC_0C15","29","0",1981,"2","","Jefferson County, Florida","Private","SIC 15 General Building Contractors","County, 2-digit SIC -- by ownership sector","All establishment sizes",7,19,21,20,40276,0,0,154
"12065","5","SIC_0C15","29","0",1981,"3","","Jefferson County, Florida","Private","SIC 15 General Building Contractors","County, 2-digit SIC -- by ownership sector","All establishment sizes",7,20,16,15,49129,0,0,222
"12065","5","SIC_0C15","29","0",1981,"4","","Jefferson County, Florida","Private","SIC 15 General Building Contractors","County, 2-digit SIC -- by ownership sector","All establishment sizes",5,16,16,19,49209,0,0,222
"12065","5","SIC_0C16","29","0",1981,"1","","Jefferson County, Florida","Private","SIC 16 Heavy Construction, ex. Building","County, 2-digit SIC -- by ownership sector","All establishment sizes",3,95,89,80,272241,0,0,237
"12065","5","SIC_0C16","29","0",1981,"2","","Jefferson County, Florida","Private","SIC 16 Heavy Construction, ex. Building","County, 2-digit SIC -- by ownership sector","All establishment sizes",3,79,66,54,216775,0,0,251
"12065","5","SIC_0C16","29","0",1981,"3","","Jefferson County, Florida","Private","SIC 16 Heavy Construction, ex. Building","County, 2-digit SIC -- by ownership sector","All establishment sizes",3,58,55,60,247994,0,0,330
"12065","5","SIC_0C16","29","0",1981,"4","","Jefferson County, Florida","Private","SIC 16 Heavy Construction, ex. Building","County, 2-digit SIC -- by ownership sector","All establishment sizes",3,67,71,76,238423,0,0,257
"12065","5","SIC_0C17","29","0",1981,"1","","Jefferson County, Florida","Private","SIC 17 Special Trade Contractors","County, 2-digit SIC -- by ownership sector","All establishment sizes",7,30,31,30,57599,0,0,146
"12065","5","SIC_0C17","29","0",1981,"2","","Jefferson County, Florida","Private","SIC 17 Special Trade Contractors","County, 2-digit SIC -- by ownership sector","All establishment sizes",8,28,60,78,112701,0,0,156
"12065","5","SIC_0C17","29","0",1981,"3","","Jefferson County, Florida","Private","SIC 17 Special Trade Contractors","County, 2-digit SIC -- by ownership sector","All establishment sizes",8,56,57,64,110102,0,0,143
"12065","5","SIC_0C17","29","0",1981,"4","","Jefferson County, Florida","Private","SIC 17 Special Trade Contractors","County, 2-digit SIC -- by ownership sector","All establishment sizes",4,51,42,26,120255,0,0,233
"12065","5","SIC_0D","28","0",1981,"1","","Jefferson County, Florida","Private","Manufacturing Division","County, Industry Division -- by ownership sector","All establishment sizes",18,384,386,384,761137,0,0,152
"12065","5","SIC_0D","28","0",1981,"2","","Jefferson County, Florida","Private","Manufacturing Division","County, Industry Division -- by ownership sector","All establishment sizes",17,375,369,381,936107,0,0,192
"12065","5","SIC_0D","28","0",1981,"3","","Jefferson County, Florida","Private","Manufacturing Division","County, Industry Division -- by ownership sector","All establishment sizes",19,384,400,395,801279,0,0,156
"12065","5","SIC_0D","28","0",1981,"4","","Jefferson County, Florida","Private","Manufacturing Division","County, Industry Division -- by ownership sector","All establishment sizes",19,394,383,381,847509,0,0,168
"12065","5","SIC_0D20","29","0",1981,"1","N","Jefferson County, Florida","Private","SIC 20 Food and Kindred Products","County, 2-digit SIC -- by ownership sector","All establishment sizes",0,0,0,0,0,0,0,0
"12065","5","SIC_0D20","29","0",1981,"2","N","Jefferson County, Florida","Private","SIC 20 Food and Kindred Products","County, 2-digit SIC -- by ownership sector","All establishment sizes",0,0,0,0,0,0,0,0
"12065","5","SIC_0D20","29","0",1981,"3","N","Jefferson County, Florida","Private","SIC 20 Food and Kindred Products","County, 2-digit SIC -- by ownership sector","All establishment sizes",0,0,0,0,0,0,0,0
"12065","5","SIC_0D20","29","0",1981,"4","N","Jefferson County, Florida","Private","SIC 20 Food and Kindred Products","County, 2-digit SIC -- by ownership sector","All establishment sizes",0,0,0,0,0,0,0,0
"12065","5","SIC_0D23","29","0",1981,"1","N","Jefferson County, Florida","Private","SIC 23 Apparel and Other Textile Products","County, 2-digit SIC -- by ownership sector","All establishment sizes",0,0,0,0,0,0,0,0
"12065","5","SIC_0D23","29","0",1981,"2","N","Jefferson County, Florida","Private","SIC 23 Apparel and Other Textile Products","County, 2-digit SIC -- by ownership sector","All establishment sizes",0,0,0,0,0,0,0,0
"12065","5","SIC_0D23","29","0",1981,"3","N","Jefferson County, Florida","Private","SIC 23 Apparel and Other Textile Products","County, 2-digit SIC -- by ownership sector","All establishment sizes",0,0,0,0,0,0,0,0
"12065","5","SIC_0D23","29","0",1981,"4","N","Jefferson County, Florida","Private","SIC 23 Apparel and Other Textile Products","County, 2-digit SIC -- by ownership sector","All establishment sizes",0,0,0,0,0,0,0,0
"12065","5","SIC_0D24","29","0",1981,"1","","Jefferson County, Florida","Private","SIC 24 Lumber and Wood Products","County, 2-digit SIC -- by ownership sector","All establishment sizes",9,75,75,78,188462,0,0,190
"12065","5","SIC_0D24","29","0",1981,"2","","Jefferson County, Florida","Private","SIC 24 Lumber and Wood Products","County, 2-digit SIC -- by ownership sector","All establishment sizes",8,73,74,80,213899,0,0,217
"12065","5","SIC_0D24","29","0",1981,"3","","Jefferson County, Florida","Private","SIC 24 Lumber and Wood Products","County, 2-digit SIC -- by ownership sector","All establishment sizes",9,71,77,78,210530,0,0,214
"12065","5","SIC_0D24","29","0",1981,"4","","Jefferson County, Florida","Private","SIC 24 Lumber and Wood Products","County, 2-digit SIC -- by ownership sector","All establishment sizes",9,87,85,91,259046,0,0,227
"12065","5","SIC_0D26","29","0",1981,"1","N","Jefferson County, Florida","Private","SIC 26 Paper and Allied Products","County, 2-digit SIC -- by ownership sector","All establishment sizes",0,0,0,0,0,0,0,0
"12065","5","SIC_0D26","29","0",1981,"2","N","Jefferson County, Florida","Private","SIC 26 Paper and Allied Products","County, 2-digit SIC -- by ownership sector","All establishment sizes",0,0,0,0,0,0,0,0
"12065","5","SIC_0D26","29","0",1981,"3","N","Jefferson County, Florida","Private","SIC 26 Paper and Allied Products","County, 2-digit SIC -- by ownership sector","All establishment sizes",0,0,0,0,0,0,0,0
"12065","5","SIC_0D26","29","0",1981,"4","N","Jefferson County, Florida","Private","SIC 26 Paper and Allied Products","County, 2-digit SIC -- by ownership sector","All establishment sizes",0,0,0,0,0,0,0,0
"12065","5","SIC_0D27","29","0",1981,"1","N","Jefferson County, Florida","Private","SIC 27 Printing and Publishing","County, 2-digit SIC -- by ownership sector","All establishment sizes",0,0,0,0,0,0,0,0
"12065","5","SIC_0D27","29","0",1981,"2","N","Jefferson County, Florida","Private","SIC 27 Printing and Publishing","County, 2-digit SIC -- by ownership sector","All establishment sizes",0,0,0,0,0,0,0,0
"12065","5","SIC_0D27","29","0",1981,"3","N","Jefferson County, Florida","Private","SIC 27 Printing and Publishing","County, 2-digit SIC -- by ownership sector","All establishment sizes",0,0,0,0,0,0,0,0
"12065","5","SIC_0D27","29","0",1981,"4","N","Jefferson County, Florida","Private","SIC 27 Printing and Publishing","County, 2-digit SIC -- by ownership sector","All establishment sizes",0,0,0,0,0,0,0,0
"12065","5","SIC_0D32","29","0",1981,"1","N","Jefferson County, Florida","Private","SIC 32 Stone, Clay, and Glass Products","County, 2-digit SIC -- by ownership sector","All establishment sizes",0,0,0,0,0,0,0,0
"12065","5","SIC_0D32","29","0",1981,"2","N","Jefferson County, Florida","Private","SIC 32 Stone, Clay, and Glass Products","County, 2-digit SIC -- by ownership sector","All establishment sizes",0,0,0,0,0,0,0,0
"12065","5","SIC_0D32","29","0",1981,"3","N","Jefferson County, Florida","Private","SIC 32 Stone, Clay, and Glass Products","County, 2-digit SIC -- by ownership sector","All establishment sizes",0,0,0,0,0,0,0,0
"12065","5","SIC_0D32","29","0",1981,"4","N","Jefferson County, Florida","Private","SIC 32 Stone, Clay, and Glass Products","County, 2-digit SIC -- by ownership sector","All establishment sizes",0,0,0,0,0,0,0,0
"12065","5","SIC_0D35","29","0",1981,"1","","Jefferson County, Florida","Private","SIC 35 Industrial Machinery and Equipment","County, 2-digit SIC -- by ownership sector","All establishment sizes",3,11,13,16,44480,0,0,256
"12065","5","SIC_0D35","29","0",1981,"2","","Jefferson County, Florida","Private","SIC 35 Industrial Machinery and Equipment","County, 2-digit SIC -- by ownership sector","All establishment sizes",3,17,18,19,76504,0,0,326
"12065","5","SIC_0D35","29","0",1981,"3","","Jefferson County, Florida","Private","SIC 35 Industrial Machinery and Equipment","County, 2-digit SIC -- by ownership sector","All establishment sizes",4,19,19,19,67425,0,0,272
"12065","5","SIC_0D35","29","0",1981,"4","","Jefferson County, Florida","Private","SIC 35 Industrial Machinery and Equipment","County, 2-digit SIC -- by ownership sector","All establishment sizes",4,17,18,11,57045,0,0,286
"12065","5","SIC_0E","28","0",1981,"1","","Jefferson County, Florida","Private","Transportation and Public Utilities Division","County, Industry Division -- by ownership sector","All establishment sizes",4,111,113,114,563406,0,0,384
"12065","5","SIC_0E","28","0",1981,"2","","Jefferson County, Florida","Private","Transportation and Public Utilities Division","County, Industry Division -- by ownership sector","All establishment sizes",4,115,115,118,565585,0,0,375
"12065","5","SIC_0E","28","0",1981,"3","","Jefferson County, Florida","Private","Transportation and Public Utilities Division","County, Industry Division -- by ownership sector","All establishment sizes",4,115,111,110,611887,0,0,420
"12065","5","SIC_0E","28","0",1981,"4","","Jefferson County, Florida","Private","Transportation and Public Utilities Division","County, Industry Division -- by ownership sector","All establishment sizes",4,110,112,113,635816,0,0,437
"12065","5","SIC_0E42","29","0",1981,"1","N","Jefferson County, Florida","Private","SIC 42 Trucking And Warehousing","County, 2-digit SIC -- by ownership sector","All establishment sizes",0,0,0,0,0,0,0,0
"12065","5","SIC_0E42","29","0",1981,"2","N","Jefferson County, Florida","Private","SIC 42 Trucking And Warehousing","County, 2-digit SIC -- by ownership sector","All establishment sizes",0,0,0,0,0,0,0,0
"12065","5","SIC_0E42","29","0",1981,"3","N","Jefferson County, Florida","Private","SIC 42 Trucking And Warehousing","County, 2-digit SIC -- by ownership sector","All establishment sizes",0,0,0,0,0,0,0,0
"12065","5","SIC_0E42","29","0",1981,"4","N","Jefferson County, Florida","Private","SIC 42 Trucking And Warehousing","County, 2-digit SIC -- by ownership sector","All establishment sizes",0,0,0,0,0,0,0,0
"12065","5","SIC_0E48","29","0",1981,"1","N","Jefferson County, Florida","Private","SIC 48 Communication","County, 2-digit SIC -- by ownership sector","All establishment sizes",0,0,0,0,0,0,0,0
"12065","5","SIC_0E48","29","0",1981,"2","N","Jefferson County, Florida","Private","SIC 48 Communication","County, 2-digit SIC -- by ownership sector","All establishment sizes",0,0,0,0,0,0,0,0
"12065","5","SIC_0E48","29","0",1981,"3","N","Jefferson County, Florida","Private","SIC 48 Communication","County, 2-digit SIC -- by ownership sector","All establishment sizes",0,0,0,0,0,0,0,0
"12065","5","SIC_0E48","29","0",1981,"4","N","Jefferson County, Florida","Private","SIC 48 Communication","County, 2-digit SIC -- by ownership sector","All establishment sizes",0,0,0,0,0,0,0,0
"12065","5","SIC_0E49","29","0",1981,"1","N","Jefferson County, Florida","Private","SIC 49 Electric, Gas, And Sanitary Services","County, 2-digit SIC -- by ownership sector","All establishment sizes",0,0,0,0,0,0,0,0
"12065","5","SIC_0E49","29","0",1981,"2","N","Jefferson County, Florida","Private","SIC 49 Electric, Gas, And Sanitary Services","County, 2-digit SIC -- by ownership sector","All establishment sizes",0,0,0,0,0,0,0,0
"12065","5","SIC_0E49","29","0",1981,"3","N","Jefferson County, Florida","Private","SIC 49 Electric, Gas, And Sanitary Services","County, 2-digit SIC -- by ownership sector","All establishment sizes",0,0,0,0,0,0,0,0
"12065","5","SIC_0E49","29","0",1981,"4","N","Jefferson County, Florida","Private","SIC 49 Electric, Gas, And Sanitary Services","County, 2-digit SIC -- by ownership sector","All establishment sizes",0,0,0,0,0,0,0,0
"12065","5","SIC_0F","28","0",1981,"1","","Jefferson County, Florida","Private","Wholesale Trade Division","County, Industry Division -- by ownership sector","All establishment sizes",12,87,82,77,194138,0,0,182
"12065","5","SIC_0F","28","0",1981,"2","","Jefferson County, Florida","Private","Wholesale Trade Division","County, Industry Division -- by ownership sector","All establishment sizes",13,79,77,84,228146,0,0,219
"12065","5","SIC_0F","28","0",1981,"3","","Jefferson County, Florida","Private","Wholesale Trade Division","County, Industry Division -- by ownership sector","All establishment sizes",12,79,78,82,219475,0,0,211
"12065","5","SIC_0F","28","0",1981,"4","","Jefferson County, Florida","Private","Wholesale Trade Division","County, Industry Division -- by ownership sector","All establishment sizes",13,82,79,82,281417,0,0,267
"12065","5","SIC_0F50","29","0",1981,"1","N","Jefferson County, Florida","Private","SIC 50 Wholesale Trade Durable Goods","County, 2-digit SIC -- by ownership sector","All establishment sizes",0,0,0,0,0,0,0,0
"12065","5","SIC_0F50","29","0",1981,"2","","Jefferson County, Florida","Private","SIC 50 Wholesale Trade Durable Goods","County, 2-digit SIC -- by ownership sector","All establishment sizes",3,10,8,9,20589,0,0,175
"12065","5","SIC_0F50","29","0",1981,"3","N","Jefferson County, Florida","Private","SIC 50 Wholesale Trade Durable Goods","County, 2-digit SIC -- by ownership sector","All establishment sizes",0,0,0,0,0,0,0,0
"12065","5","SIC_0F50","29","0",1981,"4","","Jefferson County, Florida","Private","SIC 50 Wholesale Trade Durable Goods","County, 2-digit SIC -- by ownership sector","All establishment sizes",3,7,7,10,24946,0,0,239
"12065","5","SIC_0F51","29","0",1981,"1","N","Jefferson County, Florida","Private","SIC 51 Wholesale Trade Nondurable Goods","County, 2-digit SIC -- by ownership sector","All establishment sizes",0,0,0,0,0,0,0,0
"12065","5","SIC_0F51","29","0",1981,"2","","Jefferson County, Florida","Private","SIC 51 Wholesale Trade Nondurable Goods","County, 2-digit SIC -- by ownership sector","All establishment sizes",10,69,69,75,207557,0,0,224
"12065","5","SIC_0F51","29","0",1981,"3","N","Jefferson County, Florida","Private","SIC 51 Wholesale Trade Nondurable Goods","County, 2-digit SIC -- by ownership sector","All establishment sizes",0,0,0,0,0,0,0,0
"12065","5","SIC_0F51","29","0",1981,"4","","Jefferson County, Florida","Private","SIC 51 Wholesale Trade Nondurable Goods","County, 2-digit SIC -- by ownership sector","All establishment sizes",10,75,72,72,256471,0,0,270
"12065","5","SIC_0G","28","0",1981,"1","","Jefferson County, Florida","Private","Retail Trade Division","County, Industry Division -- by ownership sector","All establishment sizes",54,352,344,342,637299,0,0,141
"12065","5","SIC_0G","28","0",1981,"2","","Jefferson County, Florida","Private","Retail Trade Division","County, Industry Division -- by ownership sector","All establishment sizes",52,340,348,392,699738,0,0,149
"12065","5","SIC_0G","28","0",1981,"3","","Jefferson County, Florida","Private","Retail Trade Division","County, Industry Division -- by ownership sector","All establishment sizes",53,395,396,379,805492,0,0,158
"12065","5","SIC_0G","28","0",1981,"4","","Jefferson County, Florida","Private","Retail Trade Division","County, Industry Division -- by ownership sector","All establishment sizes",51,328,323,321,658291,0,0,156
"12065","5","SIC_0G52","29","0",1981,"1","","Jefferson County, Florida","Private","SIC 52 Building Materials and Garden Supplies","County, 2-digit SIC -- by ownership sector","All establishment sizes",6,24,22,23,41856,0,0,139
"12065","5","SIC_0G52","29","0",1981,"2","","Jefferson County, Florida","Private","SIC 52 Building Materials and Garden Supplies","County, 2-digit SIC -- by ownership sector","All establishment sizes",6,26,27,28,41811,0,0,119
"12065","5","SIC_0G52","29","0",1981,"3","","Jefferson County, Florida","Private","SIC 52 Building Materials and Garden Supplies","County, 2-digit SIC -- by ownership sector","All establishment sizes",6,26,26,25,42825,0,0,128
"12065","5","SIC_0G52","29","0",1981,"4","","Jefferson County, Florida","Private","SIC 52 Building Materials and Garden Supplies","County, 2-digit SIC -- by ownership sector","All establishment sizes",6,25,23,26,55209,0,0,172
"12065","5","SIC_0G53","29","0",1981,"1","","Jefferson County, Florida","Private","SIC 53 General Merchandise Stores","County, 2-digit SIC -- by ownership sector","All establishment sizes",5,54,52,50,62941,0,0,93
"12065","5","SIC_0G53","29","0",1981,"2","","Jefferson County, Florida","Private","SIC 53 General Merchandise Stores","County, 2-digit SIC -- by ownership sector","All establishment sizes",5,52,52,50,72029,0,0,107
"12065","5","SIC_0G53","29","0",1981,"3","","Jefferson County, Florida","Private","SIC 53 General Merchandise Stores","County, 2-digit SIC -- by ownership sector","All establishment sizes",5,52,52,48,70816,0,0,107
"12065","5","SIC_0G53","29","0",1981,"4","","Jefferson County, Florida","Private","SIC 53 General Merchandise Stores","County, 2-digit SIC -- by ownership sector","All establishment sizes",5,47,49,51,66281,0,0,104
"12065","5","SIC_0G54","29","0",1981,"1","","Jefferson County, Florida","Private","SIC 54 Food Stores","County, 2-digit SIC -- by ownership sector","All establishment sizes",9,66,68,69,154224,0,0,175
"12065","5","SIC_0G54","29","0",1981,"2","","Jefferson County, Florida","Private","SIC 54 Food Stores","County, 2-digit SIC -- by ownership sector","All establishment sizes",9,67,68,68,177172,0,0,201
"12065","5","SIC_0G54","29","0",1981,"3","","Jefferson County, Florida","Private","SIC 54 Food Stores","County, 2-digit SIC -- by ownership sector","All establishment sizes",10,71,75,74,189291,0,0,198
"12065","5","SIC_0G54","29","0",1981,"4","","Jefferson County, Florida","Private","SIC 54 Food Stores","County, 2-digit SIC -- by ownership sector","All establishment sizes",10,71,72,72,164728,0,0,176
"12065","5","SIC_0G55","29","0",1981,"1","","Jefferson County, Florida","Private","SIC 55 Automotive Dealers and Service Stations","County, 2-digit SIC -- by ownership sector","All establishment sizes",12,128,124,125,252709,0,0,154
"12065","5","SIC_0G55","29","0",1981,"2","","Jefferson County, Florida","Private","SIC 55 Automotive Dealers and Service Stations","County, 2-digit SIC -- by ownership sector","All establishment sizes",12,113,118,118,250673,0,0,165
"12065","5","SIC_0G55","29","0",1981,"3","","Jefferson County, Florida","Private","SIC 55 Automotive Dealers and Service Stations","County, 2-digit SIC -- by ownership sector","All establishment sizes",13,124,123,112,303980,0,0,195
"12065","5","SIC_0G55","29","0",1981,"4","","Jefferson County, Florida","Private","SIC 55 Automotive Dealers and Service Stations","County, 2-digit SIC -- by ownership sector","All establishment sizes",10,111,106,102,235188,0,0,170
"12065","5","SIC_0G56","29","0",1981,"1","N","Jefferson County, Florida","Private","SIC 56 Apparel and Accessory Stores","County, 2-digit SIC -- by ownership sector","All establishment sizes",0,0,0,0,0,0,0,0
"12065","5","SIC_0G56","29","0",1981,"2","N","Jefferson County, Florida","Private","SIC 56 Apparel and Accessory Stores","County, 2-digit SIC -- by ownership sector","All establishment sizes",0,0,0,0,0,0,0,0
"12065","5","SIC_0G56","29","0",1981,"3","N","Jefferson County, Florida","Private","SIC 56 Apparel and Accessory Stores","County, 2-digit SIC -- by ownership sector","All establishment sizes",0,0,0,0,0,0,0,0
"12065","5","SIC_0G56","29","0",1981,"4","N","Jefferson County, Florida","Private","SIC 56 Apparel and Accessory Stores","County, 2-digit SIC -- by ownership sector","All establishment sizes",0,0,0,0,0,0,0,0
"12065","5","SIC_0G57","29","0",1981,"1","N","Jefferson County, Florida","Private","SIC 57 Furniture and Homefurnishings Stores","County, 2-digit SIC -- by ownership sector","All establishment sizes",0,0,0,0,0,0,0,0
"12065","5","SIC_0G57","29","0",1981,"2","N","Jefferson County, Florida","Private","SIC 57 Furniture and Homefurnishings Stores","County, 2-digit SIC -- by ownership sector","All establishment sizes",0,0,0,0,0,0,0,0
"12065","5","SIC_0G57","29","0",1981,"3","N","Jefferson County, Florida","Private","SIC 57 Furniture and Homefurnishings Stores","County, 2-digit SIC -- by ownership sector","All establishment sizes",0,0,0,0,0,0,0,0
"12065","5","SIC_0G57","29","0",1981,"4","N","Jefferson County, Florida","Private","SIC 57 Furniture and Homefurnishings Stores","County, 2-digit SIC -- by ownership sector","All establishment sizes",0,0,0,0,0,0,0,0
"12065","5","SIC_0G58","29","0",1981,"1","","Jefferson County, Florida","Private","SIC 58 Eating and Drinking Places","County, 2-digit SIC -- by ownership sector","All establishment sizes",5,29,26,27,43324,0,0,121
"12065","5","SIC_0G58","29","0",1981,"2","","Jefferson County, Florida","Private","SIC 58 Eating and Drinking Places","County, 2-digit SIC -- by ownership sector","All establishment sizes",5,26,26,72,64467,0,0,119
"12065","5","SIC_0G58","29","0",1981,"3","","Jefferson County, Florida","Private","SIC 58 Eating and Drinking Places","County, 2-digit SIC -- by ownership sector","All establishment sizes",5,71,70,65,101217,0,0,113
"12065","5","SIC_0G58","29","0",1981,"4","","Jefferson County, Florida","Private","SIC 58 Eating and Drinking Places","County, 2-digit SIC -- by ownership sector","All establishment sizes",6,23,24,22,39486,0,0,132
"12065","5","SIC_0G59","29","0",1981,"1","","Jefferson County, Florida","Private","SIC 59 Miscellaneous Retail","County, 2-digit SIC -- by ownership sector","All establishment sizes",11,36,37,34,54119,0,0,116
"12065","5","SIC_0G59","29","0",1981,"2","","Jefferson County, Florida","Private","SIC 59 Miscellaneous Retail","County, 2-digit SIC -- by ownership sector","All establishment sizes",9,38,38,38,56575,0,0,114
"12065","5","SIC_0G59","29","0",1981,"3","","Jefferson County, Florida","Private","SIC 59 Miscellaneous Retail","County, 2-digit SIC -- by ownership sector","All establishment sizes",8,36,35,37,66556,0,0,142
"12065","5","SIC_0G59","29","0",1981,"4","","Jefferson County, Florida","Private","SIC 59 Miscellaneous Retail","County, 2-digit SIC -- by ownership sector","All establishment sizes",8,35,33,33,64881,0,0,148
"12065","5","SIC_0H","28","0",1981,"1","","Jefferson County, Florida","Private","Finance, Insurance, and Real Estate Division","County, Industry Division -- by ownership sector","All establishment sizes",11,75,74,73,182936,0,0,190
"12065","5","SIC_0H","28","0",1981,"2","","Jefferson County, Florida","Private","Finance, Insurance, and Real Estate Division","County, Industry Division -- by ownership sector","All establishment sizes",11,76,74,73,205483,0,0,212
"12065","5","SIC_0H","28","0",1981,"3","","Jefferson County, Florida","Private","Finance, Insurance, and Real Estate Division","County, Industry Division -- by ownership sector","All establishment sizes",11,53,52,50,199439,0,0,296
"12065","5","SIC_0H","28","0",1981,"4","","Jefferson County, Florida","Private","Finance, Insurance, and Real Estate Division","County, Industry Division -- by ownership sector","All establishment sizes",13,75,76,78,247015,0,0,248
"12065","5","SIC_0H60","29","0",1981,"1","N","Jefferson County, Florida","Private","SIC 60 Depository Institutions","County, 2-digit SIC -- by ownership sector","All establishment sizes",0,0,0,0,0,0,0,0
"12065","5","SIC_0H60","29","0",1981,"2","N","Jefferson County, Florida","Private","SIC 60 Depository Institutions","County, 2-digit SIC -- by ownership sector","All establishment sizes",0,0,0,0,0,0,0,0
"12065","5","SIC_0H60","29","0",1981,"3","N","Jefferson County, Florida","Private","SIC 60 Depository Institutions","County, 2-digit SIC -- by ownership sector","All establishment sizes",0,0,0,0,0,0,0,0
"12065","5","SIC_0H60","29","0",1981,"4","N","Jefferson County, Florida","Private","SIC 60 Depository Institutions","County, 2-digit SIC -- by ownership sector","All establishment sizes",0,0,0,0,0,0,0,0
"12065","5","SIC_0H61","29","0",1981,"1","N","Jefferson County, Florida","Private","SIC 61 Nondepository Institutions","County, 2-digit SIC -- by ownership sector","All establishment sizes",0,0,0,0,0,0,0,0
"12065","5","SIC_0H61","29","0",1981,"2","N","Jefferson County, Florida","Private","SIC 61 Nondepository Institutions","County, 2-digit SIC -- by ownership sector","All establishment sizes",0,0,0,0,0,0,0,0
"12065","5","SIC_0H61","29","0",1981,"3","N","Jefferson County, Florida","Private","SIC 61 Nondepository Institutions","County, 2-digit SIC -- by ownership sector","All establishment sizes",0,0,0,0,0,0,0,0
"12065","5","SIC_0H61","29","0",1981,"4","N","Jefferson County, Florida","Private","SIC 61 Nondepository Institutions","County, 2-digit SIC -- by ownership sector","All establishment sizes",0,0,0,0,0,0,0,0
"12065","5","SIC_0H64","29","0",1981,"1","","Jefferson County, Florida","Private","SIC 64 Insurance Agents, Brokers, and Service","County, 2-digit SIC -- by ownership sector","All establishment sizes",3,9,9,9,16756,0,0,143
"12065","5","SIC_0H64","29","0",1981,"2","","Jefferson County, Florida","Private","SIC 64 Insurance Agents, Brokers, and Service","County, 2-digit SIC -- by ownership sector","All establishment sizes",3,9,8,8,20164,0,0,186
"12065","5","SIC_0H64","29","0",1981,"3","","Jefferson County, Florida","Private","SIC 64 Insurance Agents, Brokers, and Service","County, 2-digit SIC -- by ownership sector","All establishment sizes",3,7,6,6,15301,0,0,185
"12065","5","SIC_0H64","29","0",1981,"4","","Jefferson County, Florida","Private","SIC 64 Insurance Agents, Brokers, and Service","County, 2-digit SIC -- by ownership sector","All establishment sizes",4,9,9,10,17964,0,0,148
"12065","5","SIC_0H65","29","0",1981,"1","","Jefferson County, Florida","Private","SIC 65 Real Estate","County, 2-digit SIC -- by ownership sector","All establishment sizes",4,10,9,9,13200,0,0,108
"12065","5","SIC_0H65","29","0",1981,"2","","Jefferson County, Florida","Private","SIC 65 Real Estate","County, 2-digit SIC -- by ownership sector","All establishment sizes",4,10,9,8,12502,0,0,106
"12065","5","SIC_0H65","29","0",1981,"3","","Jefferson County, Florida","Private","SIC 65 Real Estate","County, 2-digit SIC -- by ownership sector","All establishment sizes",4,9,9,7,13004,0,0,120
"12065","5","SIC_0H65","29","0",1981,"4","","Jefferson County, Florida","Private","SIC 65 Real Estate","County, 2-digit SIC -- by ownership sector","All establishment sizes",5,8,9,8,13616,0,0,125
"12065","5","SIC_0I","28","0",1981,"1","","Jefferson County, Florida","Private","Services Division","County, Industry Division -- by ownership sector","All establishment sizes",43,235,239,239,386534,0,0,125
"12065","5","SIC_0I","28","0",1981,"2","","Jefferson County, Florida","Private","Services Division","County, Industry Division -- by ownership sector","All establishment sizes",43,260,282,402,508528,0,0,124
"12065","5","SIC_0I","28","0",1981,"3","","Jefferson County, Florida","Private","Services Division","County, Industry Division -- by ownership sector","All establishment sizes",46,357,352,360,629966,0,0,135
"12065","5","SIC_0I","28","0",1981,"4","","Jefferson County, Florida","Private","Services Division","County, Industry Division -- by ownership sector","All establishment sizes",47,362,255,258,580602,0,0,153
"12065","5","SIC_0I70","29","0",1981,"1","N","Jefferson County, Florida","Private","SIC 70 Hotels and Other Lodging Places","County, 2-digit SIC -- by ownership sector","All establishment sizes",0,0,0,0,0,0,0,0
"12065","5","SIC_0I70","29","0",1981,"2","N","Jefferson County, Florida","Private","SIC 70 Hotels and Other Lodging Places","County, 2-digit SIC -- by ownership sector","All establishment sizes",0,0,0,0,0,0,0,0
"12065","5","SIC_0I70","29","0",1981,"3","N","Jefferson County, Florida","Private","SIC 70 Hotels and Other Lodging Places","County, 2-digit SIC -- by ownership sector","All establishment sizes",0,0,0,0,0,0,0,0
"12065","5","SIC_0I70","29","0",1981,"4","N","Jefferson County, Florida","Private","SIC 70 Hotels and Other Lodging Places","County, 2-digit SIC -- by ownership sector","All establishment sizes",0,0,0,0,0,0,0,0
"12065","5","SIC_0I72","29","0",1981,"1","","Jefferson County, Florida","Private","SIC 72 Personal Services","County, 2-digit SIC -- by ownership sector","All establishment sizes",4,14,16,15,15883,0,0,81
"12065","5","SIC_0I72","29","0",1981,"2","","Jefferson County, Florida","Private","SIC 72 Personal Services","County, 2-digit SIC -- by ownership sector","All establishment sizes",4,15,14,13,14940,0,0,82
"12065","5","SIC_0I72","29","0",1981,"3","","Jefferson County, Florida","Private","SIC 72 Personal Services","County, 2-digit SIC -- by ownership sector","All establishment sizes",5,16,13,13,15631,0,0,85
"12065","5","SIC_0I72","29","0",1981,"4","","Jefferson County, Florida","Private","SIC 72 Personal Services","County, 2-digit SIC -- by ownership sector","All establishment sizes",4,14,14,16,19213,0,0,100
"12065","5","SIC_0I75","29","0",1981,"1","N","Jefferson County, Florida","Private","SIC 75 Auto Repair, Services, and Parking","County, 2-digit SIC -- by ownership sector","All establishment sizes",0,0,0,0,0,0,0,0
"12065","5","SIC_0I75","29","0",1981,"2","","Jefferson County, Florida","Private","SIC 75 Auto Repair, Services, and Parking","County, 2-digit SIC -- by ownership sector","All establishment sizes",3,2,2,5,8261,0,0,211
"12065","5","SIC_0I75","29","0",1981,"3","","Jefferson County, Florida","Private","SIC 75 Auto Repair, Services, and Parking","County, 2-digit SIC -- by ownership sector","All establishment sizes",3,4,4,4,12092,0,0,232
"12065","5","SIC_0I75","29","0",1981,"4","","Jefferson County, Florida","Private","SIC 75 Auto Repair, Services, and Parking","County, 2-digit SIC -- by ownership sector","All establishment sizes",3,4,4,4,11984,0,0,230
"12065","5","SIC_0I76","29","0",1981,"1","N","Jefferson County, Florida","Private","SIC 76 Miscellaneous Repair Services","County, 2-digit SIC -- by ownership sector","All establishment sizes",0,0,0,0,0,0,0,0
"12065","5","SIC_0I76","29","0",1981,"2","N","Jefferson County, Florida","Private","SIC 76 Miscellaneous Repair Services","County, 2-digit SIC -- by ownership sector","All establishment sizes",0,0,0,0,0,0,0,0
"12065","5","SIC_0I76","29","0",1981,"3","N","Jefferson County, Florida","Private","SIC 76 Miscellaneous Repair Services","County, 2-digit SIC -- by ownership sector","All establishment sizes",0,0,0,0,0,0,0,0
"12065","5","SIC_0I76","29","0",1981,"4","","Jefferson County, Florida","Private","SIC 76 Miscellaneous Repair Services","County, 2-digit SIC -- by ownership sector","All establishment sizes",3,3,4,3,10761,0,0,248
"12065","5","SIC_0I79","29","0",1981,"1","","Jefferson County, Florida","Private","SIC 79 Amusement and Recreation Services","County, 2-digit SIC -- by ownership sector","All establishment sizes",5,26,26,26,73197,0,0,216
"12065","5","SIC_0I79","29","0",1981,"2","","Jefferson County, Florida","Private","SIC 79 Amusement and Recreation Services","County, 2-digit SIC -- by ownership sector","All establishment sizes",5,33,50,170,165396,0,0,150
"12065","5","SIC_0I79","29","0",1981,"3","","Jefferson County, Florida","Private","SIC 79 Amusement and Recreation Services","County, 2-digit SIC -- by ownership sector","All establishment sizes",6,170,167,153,297885,0,0,140
"12065","5","SIC_0I79","29","0",1981,"4","","Jefferson County, Florida","Private","SIC 79 Amusement and Recreation Services","County, 2-digit SIC -- by ownership sector","All establishment sizes",6,147,29,30,189575,0,0,212
"12065","5","SIC_0I80","29","0",1981,"1","","Jefferson County, Florida","Private","SIC 80 Health Services","County, 2-digit SIC -- by ownership sector","All establishment sizes",8,65,66,66,97326,0,0,114
"12065","5","SIC_0I80","29","0",1981,"2","","Jefferson County, Florida","Private","SIC 80 Health Services","County, 2-digit SIC -- by ownership sector","All establishment sizes",8,66,70,70,117117,0,0,131
"12065","5","SIC_0I80","29","0",1981,"3","","Jefferson County, Florida","Private","SIC 80 Health Services","County, 2-digit SIC -- by ownership sector","All establishment sizes",8,70,72,69,124024,0,0,135
"12065","5","SIC_0I80","29","0",1981,"4","","Jefferson County, Florida","Private","SIC 80 Health Services","County, 2-digit SIC -- by ownership sector","All establishment sizes",8,68,66,69,125746,0,0,142
"12065","5","SIC_0I81","29","0",1981,"1","","Jefferson County, Florida","Private","SIC 81 Legal Services","County, 2-digit SIC -- by ownership sector","All establishment sizes",4,10,10,10,9073,0,0,69
"12065","5","SIC_0I81","29","0",1981,"2","","Jefferson County, Florida","Private","SIC 81 Legal Services","County, 2-digit SIC -- by ownership sector","All establishment sizes",4,8,8,9,8410,0,0,77
"12065","5","SIC_0I81","29","0",1981,"3","","Jefferson County, Florida","Private","SIC 81 Legal Services","County, 2-digit SIC -- by ownership sector","All establishment sizes",4,9,9,7,8591,0,0,79
"12065","5","SIC_0I81","29","0",1981,"4","","Jefferson County, Florida","Private","SIC 81 Legal Services","County, 2-digit SIC -- by ownership sector","All establishment sizes",4,7,7,7,8336,0,0,91
"12065","5","SIC_0I82","29","0",1981,"1","N","Jefferson County, Florida","Private","SIC 82 Educational Services","County, 2-digit SIC -- by ownership sector","All establishment sizes",0,0,0,0,0,0,0,0
"12065","5","SIC_0I82","29","0",1981,"2","N","Jefferson County, Florida","Private","SIC 82 Educational Services","County, 2-digit SIC -- by ownership sector","All establishment sizes",0,0,0,0,0,0,0,0
"12065","5","SIC_0I82","29","0",1981,"3","N","Jefferson County, Florida","Private","SIC 82 Educational Services","County, 2-digit SIC -- by ownership sector","All establishment sizes",0,0,0,0,0,0,0,0
"12065","5","SIC_0I82","29","0",1981,"4","N","Jefferson County, Florida","Private","SIC 82 Educational Services","County, 2-digit SIC -- by ownership sector","All establishment sizes",0,0,0,0,0,0,0,0
"12065","5","SIC_0I83","29","0",1981,"1","","Jefferson County, Florida","Private","SIC 83 Social Services","County, 2-digit SIC -- by ownership sector","All establishment sizes",4,15,15,15,18538,0,0,95
"12065","5","SIC_0I83","29","0",1981,"2","","Jefferson County, Florida","Private","SIC 83 Social Services","County, 2-digit SIC -- by ownership sector","All establishment sizes",4,15,15,14,19037,0,0,99
"12065","5","SIC_0I83","29","0",1981,"3","","Jefferson County, Florida","Private","SIC 83 Social Services","County, 2-digit SIC -- by ownership sector","All establishment sizes",4,13,13,13,21833,0,0,129
"12065","5","SIC_0I83","29","0",1981,"4","","Jefferson County, Florida","Private","SIC 83 Social Services","County, 2-digit SIC -- by ownership sector","All establishment sizes",5,16,21,22,31795,0,0,124
"12065","5","SIC_0I86","29","0",1981,"1","N","Jefferson County, Florida","Private","SIC 86 Membership Organizations","County, 2-digit SIC -- by ownership sector","All establishment sizes",0,0,0,0,0,0,0,0
"12065","5","SIC_0I86","29","0",1981,"2","N","Jefferson County, Florida","Private","SIC 86 Membership Organizations","County, 2-digit SIC -- by ownership sector","All establishment sizes",0,0,0,0,0,0,0,0
"12065","5","SIC_0I86","29","0",1981,"3","N","Jefferson County, Florida","Private","SIC 86 Membership Organizations","County, 2-digit SIC -- by ownership sector","All establishment sizes",0,0,0,0,0,0,0,0
"12065","5","SIC_0I86","29","0",1981,"4","N","Jefferson County, Florida","Private","SIC 86 Membership Organizations","County, 2-digit SIC -- by ownership sector","All establishment sizes",0,0,0,0,0,0,0,0
"12065","5","SIC_0I88","29","0",1981,"1","","Jefferson County, Florida","Private","SIC 88 Private Households","County, 2-digit SIC -- by ownership sector","All establishment sizes",5,35,40,40,53543,0,0,107
"12065","5","SIC_0I88","29","0",1981,"2","","Jefferson County, Florida","Private","SIC 88 Private Households","County, 2-digit SIC -- by ownership sector","All establishment sizes",5,43,43,43,55033,0,0,98
"12065","5","SIC_0I88","29","0",1981,"3","","Jefferson County, Florida","Private","SIC 88 Private Households","County, 2-digit SIC -- by ownership sector","All establishment sizes",6,30,33,33,48873,0,0,117
"12065","5","SIC_0I88","29","0",1981,"4","","Jefferson County, Florida","Private","SIC 88 Private Households","County, 2-digit SIC -- by ownership sector","All establishment sizes",6,36,43,38,51801,0,0,102
"12065","5","SIC_0I89","29","0",1981,"1","","Jefferson County, Florida","Private","SIC 89 Services, Nec","County, 2-digit SIC -- by ownership sector","All establishment sizes",5,6,5,5,10502,0,0,151
"12065","5","SIC_0I89","29","0",1981,"2","","Jefferson County, Florida","Private","SIC 89 Services, Nec","County, 2-digit SIC -- by ownership sector","All establishment sizes",4,5,5,5,9592,0,0,147
"12065","5","SIC_0I89","29","0",1981,"3","","Jefferson County, Florida","Private","SIC 89 Services, Nec","County, 2-digit SIC -- by ownership sector","All establishment sizes",4,7,6,6,13516,0,0,164
"12065","5","SIC_0I89","29","0",1981,"4","","Jefferson County, Florida","Private","SIC 89 Services, Nec","County, 2-digit SIC -- by ownership sector","All establishment sizes",4,8,9,10,15482,0,0,132
