"area_fips","own_code","industry_code","agglvl_code","size_code","year","qtr","disclosure_code","area_title","own_title","industry_title","agglvl_title","size_title","qtrly_estabs_count","month1_emplvl","month2_emplvl","month3_emplvl","total_qtrly_wages","taxable_qtrly_wages","qtrly_contributions","avg_wkly_wage"
"06049","0","SIC_0Z","26","0",1981,"1","","Modoc County, California","Total Covered","All Industries","County, Total Covered","All establishment sizes",376,2514,2414,2449,6582093,0,0,205
"06049","0","SIC_0Z","26","0",1981,"2","","Modoc County, California","Total Covered","All Industries","County, Total Covered","All establishment sizes",410,2774,2965,3031,7919599,0,0,208
"06049","0","SIC_0Z","26","0",1981,"3","","Modoc County, California","Total Covered","All Industries","County, Total Covered","All establishment sizes",416,3071,2973,3098,8092818,0,0,204
"06049","0","SIC_0Z","26","0",1981,"4","","Modoc County, California","Total Covered","All Industries","County, Total Covered","All establishment sizes",421,3070,2627,2520,8058045,0,0,226
"06049","1","SIC_0Z","27","0",1981,"1","","Modoc County, California","Federal Government","All Industries","County, Total -- by ownership sector","All establishment sizes",8,224,224,231,921035,0,0,313
"06049","1","SIC_0Z","27","0",1981,"2","","Modoc County, California","Federal Government","All Industries","County, Total -- by ownership sector","All establishment sizes",8,247,252,261,1130944,0,0,343
"06049","1","SIC_0Z","27","0",1981,"3","","Modoc County, California","Federal Government","All Industries","County, Total -- by ownership sector","All establishment sizes",7,276,281,274,1216646,0,0,337
"06049","1","SIC_0Z","27","0",1981,"4","","Modoc County, California","Federal Government","All Industries","County, Total -- by ownership sector","All establishment sizes",8,275,254,251,1316691,0,0,389
"06049","1","SIC_0E","28","0",1981,"1","","Modoc County, California","Federal Government","Transportation and Public Utilities Division","County, Industry Division -- by ownership sector","All establishment sizes",1,28,28,29,105080,0,0,285
"06049","1","SIC_0E","28","0",1981,"2","","Modoc County, California","Federal Government","Transportation and Public Utilities Division","County, Industry Division -- by ownership sector","All establishment sizes",1,26,30,30,91649,0,0,245
"06049","1","SIC_0E","28","0",1981,"3","","Modoc County, California","Federal Government","Transportation and Public Utilities Division","County, Industry Division -- by ownership sector","All establishment sizes",1,27,30,27,122701,0,0,337
"06049","1","SIC_0E","28","0",1981,"4","","Modoc County, California","Federal Government","Transportation and Public Utilities Division","County, Industry Division -- by ownership sector","All establishment sizes",1,28,27,28,116353,0,0,323
"06049","1","SIC_0E43","29","0",1981,"1","","Modoc County, California","Federal Government","SIC 43 U.S. Postal Service","County, 2-digit SIC -- by ownership sector","All establishment sizes",1,28,28,29,105080,0,0,285
"06049","1","SIC_0E43","29","0",1981,"2","","Modoc County, California","Federal Government","SIC 43 U.S. Postal Service","County, 2-digit SIC -- by ownership sector","All establishment sizes",1,26,30,30,91649,0,0,245
"06049","1","SIC_0E43","29","0",1981,"3","","Modoc County, California","Federal Government","SIC 43 U.S. Postal Service","County, 2-digit SIC -- by ownership sector","All establishment sizes",1,27,30,27,122701,0,0,337
"06049","1","SIC_0E43","29","0",1981,"4","","Modoc County, California","Federal Government","SIC 43 U.S. Postal Service","County, 2-digit SIC -- by ownership sector","All establishment sizes",1,28,27,28,116353,0,0,323
"06049","1","SIC_0H","28","0",1981,"1","","Modoc County, California","Federal Government","Finance, Insurance, and Real Estate Division","County, Industry Division -- by ownership sector","All establishment sizes",1,2,4,4,9725,0,0,224
"06049","1","SIC_0H","28","0",1981,"2","","Modoc County, California","Federal Government","Finance, Insurance, and Real Estate Division","County, Industry Division -- by ownership sector","All establishment sizes",1,10,9,6,16291,0,0,150
"06049","1","SIC_0H","28","0",1981,"3","","Modoc County, California","Federal Government","Finance, Insurance, and Real Estate Division","County, Industry Division -- by ownership sector","All establishment sizes",1,3,5,4,13235,0,0,254
"06049","1","SIC_0H","28","0",1981,"4","","Modoc County, California","Federal Government","Finance, Insurance, and Real Estate Division","County, Industry Division -- by ownership sector","All establishment sizes",1,6,6,8,18780,0,0,216
"06049","1","SIC_0H61","29","0",1981,"1","","Modoc County, California","Federal Government","SIC 61 Nondepository Institutions","County, 2-digit SIC -- by ownership sector","All establishment sizes",1,2,4,4,9725,0,0,224
"06049","1","SIC_0H61","29","0",1981,"2","","Modoc County, California","Federal Government","SIC 61 Nondepository Institutions","County, 2-digit SIC -- by ownership sector","All establishment sizes",1,10,9,6,16291,0,0,150
"06049","1","SIC_0H61","29","0",1981,"3","","Modoc County, California","Federal Government","SIC 61 Nondepository Institutions","County, 2-digit SIC -- by ownership sector","All establishment sizes",1,3,5,4,13235,0,0,254
"06049","1","SIC_0H61","29","0",1981,"4","","Modoc County, California","Federal Government","SIC 61 Nondepository Institutions","County, 2-digit SIC -- by ownership sector","All establishment sizes",1,6,6,8,18780,0,0,216
"06049","1","SIC_0J","28","0",1981,"1","","Modoc County, California","Federal Government","Public Administration Division","County, Industry Division -- by ownership sector","All establishment sizes",6,194,192,198,806230,0,0,318
"06049","1","SIC_0J","28","0",1981,"2","","Modoc County, California","Federal Government","Public Administration Division","County, Industry Division -- by ownership sector","All establishment sizes",6,211,213,225,1023004,0,0,363
"06049","1","SIC_0J","28","0",1981,"3","","Modoc County, California","Federal Government","Public Administration Division","County, Industry Division -- by ownership sector","All establishment sizes",5,246,246,243,1080710,0,0,339
"06049","1","SIC_0J","28","0",1981,"4","","Modoc County, California","Federal Government","Public Administration Division","County, Industry Division -- by ownership sector","All establishment sizes",6,241,221,215,1181558,0,0,402
"06049","1","SIC_0J92","29","0",1981,"1","","Modoc County, California","Federal Government","SIC 92 Justice, Public Order, and Safety","County, 2-digit SIC -- by ownership sector","All establishment sizes",1,1,1,1,225,0,0,17
"06049","1","SIC_0J92","29","0",1981,"2","","Modoc County, California","Federal Government","SIC 92 Justice, Public Order, and Safety","County, 2-digit SIC -- by ownership sector","All establishment sizes",1,1,1,1,764,0,0,58
"06049","1","SIC_0J92","29","0",1981,"3","","Modoc County, California","Federal Government","SIC 92 Justice, Public Order, and Safety","County, 2-digit SIC -- by ownership sector","All establishment sizes",0,0,0,0,0,0,0,0
"06049","1","SIC_0J92","29","0",1981,"4","","Modoc County, California","Federal Government","SIC 92 Justice, Public Order, and Safety","County, 2-digit SIC -- by ownership sector","All establishment sizes",1,0,0,1,150,0,0,34
"06049","1","SIC_0J94","29","0",1981,"1","","Modoc County, California","Federal Government","SIC 94 Administration of Human Resources","County, 2-digit SIC -- by ownership sector","All establishment sizes",1,0,0,0,1796,0,0,0
"06049","1","SIC_0J94","29","0",1981,"2","","Modoc County, California","Federal Government","SIC 94 Administration of Human Resources","County, 2-digit SIC -- by ownership sector","All establishment sizes",1,1,1,1,10776,0,0,828
"06049","1","SIC_0J94","29","0",1981,"3","","Modoc County, California","Federal Government","SIC 94 Administration of Human Resources","County, 2-digit SIC -- by ownership sector","All establishment sizes",1,1,1,1,12572,0,0,967
"06049","1","SIC_0J94","29","0",1981,"4","","Modoc County, California","Federal Government","SIC 94 Administration of Human Resources","County, 2-digit SIC -- by ownership sector","All establishment sizes",1,1,1,1,10956,0,0,842
"06049","1","SIC_0J95","29","0",1981,"1","","Modoc County, California","Federal Government","SIC 95 Environmental Quality and Housing","County, 2-digit SIC -- by ownership sector","All establishment sizes",2,188,186,193,789014,0,0,321
"06049","1","SIC_0J95","29","0",1981,"2","","Modoc County, California","Federal Government","SIC 95 Environmental Quality and Housing","County, 2-digit SIC -- by ownership sector","All establishment sizes",2,204,206,218,993887,0,0,365
"06049","1","SIC_0J95","29","0",1981,"3","","Modoc County, California","Federal Government","SIC 95 Environmental Quality and Housing","County, 2-digit SIC -- by ownership sector","All establishment sizes",2,240,240,237,1051303,0,0,338
"06049","1","SIC_0J95","29","0",1981,"4","","Modoc County, California","Federal Government","SIC 95 Environmental Quality and Housing","County, 2-digit SIC -- by ownership sector","All establishment sizes",2,235,215,208,1151227,0,0,403
"06049","1","SIC_0J96","29","0",1981,"1","","Modoc County, California","Federal Government","SIC 96 Administration of Economic Programs","County, 2-digit SIC -- by ownership sector","All establishment sizes",2,5,5,4,15195,0,0,250
"06049","1","SIC_0J96","29","0",1981,"2","","Modoc County, California","Federal Government","SIC 96 Administration of Economic Programs","County, 2-digit SIC -- by ownership sector","All establishment sizes",2,5,5,5,17577,0,0,270
"06049","1","SIC_0J96","29","0",1981,"3","","Modoc County, California","Federal Government","SIC 96 Administration of Economic Programs","County, 2-digit SIC -- by ownership sector","All establishment sizes",2,5,5,5,16835,0,0,259
"06049","1","SIC_0J96","29","0",1981,"4","","Modoc County, California","Federal Government","SIC 96 Administration of Economic Programs","County, 2-digit SIC -- by ownership sector","All establishment sizes",2,5,5,5,19225,0,0,295
"06049","2","SIC_0Z","27","0",1981,"1","","Modoc County, California","State Government","All Industries","County, Total -- by ownership sector","All establishment sizes",6,64,63,62,325556,0,0,397
"06049","2","SIC_0Z","27","0",1981,"2","","Modoc County, California","State Government","All Industries","County, Total -- by ownership sector","All establishment sizes",6,63,60,61,299155,0,0,375
"06049","2","SIC_0Z","27","0",1981,"3","","Modoc County, California","State Government","All Industries","County, Total -- by ownership sector","All establishment sizes",6,61,61,62,322505,0,0,404
"06049","2","SIC_0Z","27","0",1981,"4","","Modoc County, California","State Government","All Industries","County, Total -- by ownership sector","All establishment sizes",6,58,55,57,310517,0,0,421
"06049","2","SIC_0J","28","0",1981,"1","","Modoc County, California","State Government","Public Administration Division","County, Industry Division -- by ownership sector","All establishment sizes",6,64,63,62,325556,0,0,397
"06049","2","SIC_0J","28","0",1981,"2","","Modoc County, California","State Government","Public Administration Division","County, Industry Division -- by ownership sector","All establishment sizes",6,63,60,61,299155,0,0,375
"06049","2","SIC_0J","28","0",1981,"3","","Modoc County, California","State Government","Public Administration Division","County, Industry Division -- by ownership sector","All establishment sizes",6,61,61,62,322505,0,0,404
"06049","2","SIC_0J","28","0",1981,"4","","Modoc County, California","State Government","Public Administration Division","County, Industry Division -- by ownership sector","All establishment sizes",6,58,55,57,310517,0,0,421
"06049","2","SIC_0J92","29","0",1981,"1","N","Modoc County, California","State Government","SIC 92 Justice, Public Order, and Safety","County, 2-digit SIC -- by ownership sector","All establishment sizes",0,0,0,0,0,0,0,0
"06049","2","SIC_0J92","29","0",1981,"2","N","Modoc County, California","State Government","SIC 92 Justice, Public Order, and Safety","County, 2-digit SIC -- by ownership sector","All establishment sizes",0,0,0,0,0,0,0,0
"06049","2","SIC_0J92","29","0",1981,"3","N","Modoc County, California","State Government","SIC 92 Justice, Public Order, and Safety","County, 2-digit SIC -- by ownership sector","All establishment sizes",0,0,0,0,0,0,0,0
"06049","2","SIC_0J92","29","0",1981,"4","N","Modoc County, California","State Government","SIC 92 Justice, Public Order, and Safety","County, 2-digit SIC -- by ownership sector","All establishment sizes",0,0,0,0,0,0,0,0
"06049","2","SIC_0J94","29","0",1981,"1","N","Modoc County, California","State Government","SIC 94 Administration of Human Resources","County, 2-digit SIC -- by ownership sector","All establishment sizes",0,0,0,0,0,0,0,0
"06049","2","SIC_0J94","29","0",1981,"2","N","Modoc County, California","State Government","SIC 94 Administration of Human Resources","County, 2-digit SIC -- by ownership sector","All establishment sizes",0,0,0,0,0,0,0,0
"06049","2","SIC_0J94","29","0",1981,"3","N","Modoc County, California","State Government","SIC 94 Administration of Human Resources","County, 2-digit SIC -- by ownership sector","All establishment sizes",0,0,0,0,0,0,0,0
"06049","2","SIC_0J94","29","0",1981,"4","N","Modoc County, California","State Government","SIC 94 Administration of Human Resources","County, 2-digit SIC -- by ownership sector","All establishment sizes",0,0,0,0,0,0,0,0
"06049","2","SIC_0J96","29","0",1981,"1","N","Modoc County, California","State Government","SIC 96 Administration of Economic Programs","County, 2-digit SIC -- by ownership sector","All establishment sizes",0,0,0,0,0,0,0,0
"06049","2","SIC_0J96","29","0",1981,"2","N","Modoc County, California","State Government","SIC 96 Administration of Economic Programs","County, 2-digit SIC -- by ownership sector","All establishment sizes",0,0,0,0,0,0,0,0
"06049","2","SIC_0J96","29","0",1981,"3","N","Modoc County, California","State Government","SIC 96 Administration of Economic Programs","County, 2-digit SIC -- by ownership sector","All establishment sizes",0,0,0,0,0,0,0,0
"06049","2","SIC_0J96","29","0",1981,"4","N","Modoc County, California","State Government","SIC 96 Administration of Economic Programs","County, 2-digit SIC -- by ownership sector","All establishment sizes",0,0,0,0,0,0,0,0
"06049","3","SIC_0Z","27","0",1981,"1","","Modoc County, California","Local Government","All Industries","County, Total -- by ownership sector","All establishment sizes",32,652,618,615,1759487,0,0,215
"06049","3","SIC_0Z","27","0",1981,"2","","Modoc County, California","Local Government","All Industries","County, Total -- by ownership sector","All establishment sizes",37,709,683,670,2077564,0,0,232
"06049","3","SIC_0Z","27","0",1981,"3","","Modoc County, California","Local Government","All Industries","County, Total -- by ownership sector","All establishment sizes",33,588,620,768,1788844,0,0,208
"06049","3","SIC_0Z","27","0",1981,"4","","Modoc County, California","Local Government","All Industries","County, Total -- by ownership sector","All establishment sizes",34,646,649,645,1866678,0,0,222
"06049","3","SIC_0C","28","0",1981,"1","N","Modoc County, California","Local Government","Construction Division","County, Industry Division -- by ownership sector","All establishment sizes",0,0,0,0,0,0,0,0
"06049","3","SIC_0C","28","0",1981,"2","N","Modoc County, California","Local Government","Construction Division","County, Industry Division -- by ownership sector","All establishment sizes",0,0,0,0,0,0,0,0
"06049","3","SIC_0C","28","0",1981,"3","N","Modoc County, California","Local Government","Construction Division","County, Industry Division -- by ownership sector","All establishment sizes",0,0,0,0,0,0,0,0
"06049","3","SIC_0C","28","0",1981,"4","N","Modoc County, California","Local Government","Construction Division","County, Industry Division -- by ownership sector","All establishment sizes",0,0,0,0,0,0,0,0
"06049","3","SIC_0C16","29","0",1981,"1","N","Modoc County, California","Local Government","SIC 16 Heavy Construction, ex. Building","County, 2-digit SIC -- by ownership sector","All establishment sizes",0,0,0,0,0,0,0,0
"06049","3","SIC_0C16","29","0",1981,"2","N","Modoc County, California","Local Government","SIC 16 Heavy Construction, ex. Building","County, 2-digit SIC -- by ownership sector","All establishment sizes",0,0,0,0,0,0,0,0
"06049","3","SIC_0C16","29","0",1981,"3","N","Modoc County, California","Local Government","SIC 16 Heavy Construction, ex. Building","County, 2-digit SIC -- by ownership sector","All establishment sizes",0,0,0,0,0,0,0,0
"06049","3","SIC_0C16","29","0",1981,"4","N","Modoc County, California","Local Government","SIC 16 Heavy Construction, ex. Building","County, 2-digit SIC -- by ownership sector","All establishment sizes",0,0,0,0,0,0,0,0
"06049","3","SIC_0E","28","0",1981,"1","","Modoc County, California","Local Government","Transportation and Public Utilities Division","County, Industry Division -- by ownership sector","All establishment sizes",4,7,7,7,13300,0,0,146
"06049","3","SIC_0E","28","0",1981,"2","N","Modoc County, California","Local Government","Transportation and Public Utilities Division","County, Industry Division -- by ownership sector","All establishment sizes",0,0,0,0,0,0,0,0
"06049","3","SIC_0E","28","0",1981,"3","N","Modoc County, California","Local Government","Transportation and Public Utilities Division","County, Industry Division -- by ownership sector","All establishment sizes",0,0,0,0,0,0,0,0
"06049","3","SIC_0E","28","0",1981,"4","N","Modoc County, California","Local Government","Transportation and Public Utilities Division","County, Industry Division -- by ownership sector","All establishment sizes",0,0,0,0,0,0,0,0
"06049","3","SIC_0E45","29","0",1981,"1","N","Modoc County, California","Local Government","SIC 45 Transportation By Air","County, 2-digit SIC -- by ownership sector","All establishment sizes",0,0,0,0,0,0,0,0
"06049","3","SIC_0E45","29","0",1981,"2","N","Modoc County, California","Local Government","SIC 45 Transportation By Air","County, 2-digit SIC -- by ownership sector","All establishment sizes",0,0,0,0,0,0,0,0
"06049","3","SIC_0E45","29","0",1981,"3","N","Modoc County, California","Local Government","SIC 45 Transportation By Air","County, 2-digit SIC -- by ownership sector","All establishment sizes",0,0,0,0,0,0,0,0
"06049","3","SIC_0E45","29","0",1981,"4","N","Modoc County, California","Local Government","SIC 45 Transportation By Air","County, 2-digit SIC -- by ownership sector","All establishment sizes",0,0,0,0,0,0,0,0
"06049","3","SIC_0E49","29","0",1981,"1","N","Modoc County, California","Local Government","SIC 49 Electric, Gas, And Sanitary Services","County, 2-digit SIC -- by ownership sector","All establishment sizes",0,0,0,0,0,0,0,0
"06049","3","SIC_0E49","29","0",1981,"2","","Modoc County, California","Local Government","SIC 49 Electric, Gas, And Sanitary Services","County, 2-digit SIC -- by ownership sector","All establishment sizes",3,6,6,6,12313,0,0,157
"06049","3","SIC_0E49","29","0",1981,"3","","Modoc County, California","Local Government","SIC 49 Electric, Gas, And Sanitary Services","County, 2-digit SIC -- by ownership sector","All establishment sizes",3,5,5,5,10400,0,0,160
"06049","3","SIC_0E49","29","0",1981,"4","","Modoc County, California","Local Government","SIC 49 Electric, Gas, And Sanitary Services","County, 2-digit SIC -- by ownership sector","All establishment sizes",3,5,5,5,10419,0,0,160
"06049","3","SIC_0H","28","0",1981,"1","N","Modoc County, California","Local Government","Finance, Insurance, and Real Estate Division","County, Industry Division -- by ownership sector","All establishment sizes",0,0,0,0,0,0,0,0
"06049","3","SIC_0H","28","0",1981,"2","","Modoc County, California","Local Government","Finance, Insurance, and Real Estate Division","County, Industry Division -- by ownership sector","All establishment sizes",8,10,10,10,11656,0,0,89
"06049","3","SIC_0H","28","0",1981,"3","","Modoc County, California","Local Government","Finance, Insurance, and Real Estate Division","County, Industry Division -- by ownership sector","All establishment sizes",8,11,10,10,12364,0,0,92
"06049","3","SIC_0H","28","0",1981,"4","","Modoc County, California","Local Government","Finance, Insurance, and Real Estate Division","County, Industry Division -- by ownership sector","All establishment sizes",8,10,9,9,8780,0,0,72
"06049","3","SIC_0H65","29","0",1981,"1","N","Modoc County, California","Local Government","SIC 65 Real Estate","County, 2-digit SIC -- by ownership sector","All establishment sizes",0,0,0,0,0,0,0,0
"06049","3","SIC_0H65","29","0",1981,"2","","Modoc County, California","Local Government","SIC 65 Real Estate","County, 2-digit SIC -- by ownership sector","All establishment sizes",8,10,10,10,11656,0,0,89
"06049","3","SIC_0H65","29","0",1981,"3","","Modoc County, California","Local Government","SIC 65 Real Estate","County, 2-digit SIC -- by ownership sector","All establishment sizes",8,11,10,10,12364,0,0,92
"06049","3","SIC_0H65","29","0",1981,"4","","Modoc County, California","Local Government","SIC 65 Real Estate","County, 2-digit SIC -- by ownership sector","All establishment sizes",8,10,9,9,8780,0,0,72
"06049","3","SIC_0I","28","0",1981,"1","","Modoc County, California","Local Government","Services Division","County, Industry Division -- by ownership sector","All establishment sizes",8,389,358,355,1031482,0,0,216
"06049","3","SIC_0I","28","0",1981,"2","","Modoc County, California","Local Government","Services Division","County, Industry Division -- by ownership sector","All establishment sizes",9,426,402,381,1310618,0,0,250
"06049","3","SIC_0I","28","0",1981,"3","","Modoc County, California","Local Government","Services Division","County, Industry Division -- by ownership sector","All establishment sizes",8,312,340,492,1021556,0,0,206
"06049","3","SIC_0I","28","0",1981,"4","","Modoc County, California","Local Government","Services Division","County, Industry Division -- by ownership sector","All establishment sizes",7,373,376,372,1118052,0,0,230
"06049","3","SIC_0I79","29","0",1981,"1","N","Modoc County, California","Local Government","SIC 79 Amusement and Recreation Services","County, 2-digit SIC -- by ownership sector","All establishment sizes",0,0,0,0,0,0,0,0
"06049","3","SIC_0I79","29","0",1981,"2","N","Modoc County, California","Local Government","SIC 79 Amusement and Recreation Services","County, 2-digit SIC -- by ownership sector","All establishment sizes",0,0,0,0,0,0,0,0
"06049","3","SIC_0I79","29","0",1981,"3","N","Modoc County, California","Local Government","SIC 79 Amusement and Recreation Services","County, 2-digit SIC -- by ownership sector","All establishment sizes",0,0,0,0,0,0,0,0
"06049","3","SIC_0I79","29","0",1981,"4","N","Modoc County, California","Local Government","SIC 79 Amusement and Recreation Services","County, 2-digit SIC -- by ownership sector","All establishment sizes",0,0,0,0,0,0,0,0
"06049","3","SIC_0I80","29","0",1981,"1","N","Modoc County, California","Local Government","SIC 80 Health Services","County, 2-digit SIC -- by ownership sector","All establishment sizes",0,0,0,0,0,0,0,0
"06049","3","SIC_0I80","29","0",1981,"2","N","Modoc County, California","Local Government","SIC 80 Health Services","County, 2-digit SIC -- by ownership sector","All establishment sizes",0,0,0,0,0,0,0,0
"06049","3","SIC_0I80","29","0",1981,"3","N","Modoc County, California","Local Government","SIC 80 Health Services","County, 2-digit SIC -- by ownership sector","All establishment sizes",0,0,0,0,0,0,0,0
"06049","3","SIC_0I80","29","0",1981,"4","N","Modoc County, California","Local Government","SIC 80 Health Services","County, 2-digit SIC -- by ownership sector","All establishment sizes",0,0,0,0,0,0,0,0
"06049","3","SIC_0I82","29","0",1981,"1","","Modoc County, California","Local Government","SIC 82 Educational Services","County, 2-digit SIC -- by ownership sector","All establishment sizes",4,284,253,250,792824,0,0,232
"06049","3","SIC_0I82","29","0",1981,"2","","Modoc County, California","Local Government","SIC 82 Educational Services","County, 2-digit SIC -- by ownership sector","All establishment sizes",4,310,293,267,1062380,0,0,281
"06049","3","SIC_0I82","29","0",1981,"3","","Modoc County, California","Local Government","SIC 82 Educational Services","County, 2-digit SIC -- by ownership sector","All establishment sizes",4,90,107,264,482209,0,0,241
"06049","3","SIC_0I82","29","0",1981,"4","","Modoc County, California","Local Government","SIC 82 Educational Services","County, 2-digit SIC -- by ownership sector","All establishment sizes",4,263,267,266,835475,0,0,242
"06049","3","SIC_0I83","29","0",1981,"1","N","Modoc County, California","Local Government","SIC 83 Social Services","County, 2-digit SIC -- by ownership sector","All establishment sizes",0,0,0,0,0,0,0,0
"06049","3","SIC_0I83","29","0",1981,"2","N","Modoc County, California","Local Government","SIC 83 Social Services","County, 2-digit SIC -- by ownership sector","All establishment sizes",0,0,0,0,0,0,0,0
"06049","3","SIC_0I83","29","0",1981,"3","N","Modoc County, California","Local Government","SIC 83 Social Services","County, 2-digit SIC -- by ownership sector","All establishment sizes",0,0,0,0,0,0,0,0
"06049","3","SIC_0I83","29","0",1981,"4","","Modoc County, California","Local Government","SIC 83 Social Services","County, 2-digit SIC -- by ownership sector","All establishment sizes",0,0,0,0,0,0,0,0
"06049","3","SIC_0J","28","0",1981,"1","","Modoc County, California","Local Government","Public Administration Division","County, Industry Division -- by ownership sector","All establishment sizes",14,206,205,204,556531,0,0,208
"06049","3","SIC_0J","28","0",1981,"2","","Modoc County, California","Local Government","Public Administration Division","County, Industry Division -- by ownership sector","All establishment sizes",15,223,221,229,591028,0,0,202
"06049","3","SIC_0J","28","0",1981,"3","","Modoc County, California","Local Government","Public Administration Division","County, Industry Division -- by ownership sector","All establishment sizes",12,216,220,215,590733,0,0,209
"06049","3","SIC_0J","28","0",1981,"4","","Modoc County, California","Local Government","Public Administration Division","County, Industry Division -- by ownership sector","All establishment sizes",14,214,216,216,584154,0,0,208
"06049","3","SIC_0J91","29","0",1981,"1","","Modoc County, California","Local Government","SIC 91 Executive, Legislative, and General","County, 2-digit SIC -- by ownership sector","All establishment sizes",3,68,68,68,191023,0,0,216
"06049","3","SIC_0J91","29","0",1981,"2","","Modoc County, California","Local Government","SIC 91 Executive, Legislative, and General","County, 2-digit SIC -- by ownership sector","All establishment sizes",4,74,72,80,201161,0,0,205
"06049","3","SIC_0J91","29","0",1981,"3","","Modoc County, California","Local Government","SIC 91 Executive, Legislative, and General","County, 2-digit SIC -- by ownership sector","All establishment sizes",3,77,78,72,209893,0,0,213
"06049","3","SIC_0J91","29","0",1981,"4","","Modoc County, California","Local Government","SIC 91 Executive, Legislative, and General","County, 2-digit SIC -- by ownership sector","All establishment sizes",3,72,69,69,201316,0,0,221
"06049","3","SIC_0J92","29","0",1981,"1","","Modoc County, California","Local Government","SIC 92 Justice, Public Order, and Safety","County, 2-digit SIC -- by ownership sector","All establishment sizes",5,43,42,42,133102,0,0,241
"06049","3","SIC_0J92","29","0",1981,"2","","Modoc County, California","Local Government","SIC 92 Justice, Public Order, and Safety","County, 2-digit SIC -- by ownership sector","All establishment sizes",5,46,46,46,144795,0,0,242
"06049","3","SIC_0J92","29","0",1981,"3","","Modoc County, California","Local Government","SIC 92 Justice, Public Order, and Safety","County, 2-digit SIC -- by ownership sector","All establishment sizes",3,41,41,42,136864,0,0,254
"06049","3","SIC_0J92","29","0",1981,"4","","Modoc County, California","Local Government","SIC 92 Justice, Public Order, and Safety","County, 2-digit SIC -- by ownership sector","All establishment sizes",5,42,46,41,139976,0,0,250
"06049","3","SIC_0J93","29","0",1981,"1","N","Modoc County, California","Local Government","SIC 93 Finance, Taxation, and Monetary Policy","County, 2-digit SIC -- by ownership sector","All establishment sizes",0,0,0,0,0,0,0,0
"06049","3","SIC_0J93","29","0",1981,"2","N","Modoc County, California","Local Government","SIC 93 Finance, Taxation, and Monetary Policy","County, 2-digit SIC -- by ownership sector","All establishment sizes",0,0,0,0,0,0,0,0
"06049","3","SIC_0J93","29","0",1981,"3","N","Modoc County, California","Local Government","SIC 93 Finance, Taxation, and Monetary Policy","County, 2-digit SIC -- by ownership sector","All establishment sizes",0,0,0,0,0,0,0,0
"06049","3","SIC_0J93","29","0",1981,"4","N","Modoc County, California","Local Government","SIC 93 Finance, Taxation, and Monetary Policy","County, 2-digit SIC -- by ownership sector","All establishment sizes",0,0,0,0,0,0,0,0
"06049","3","SIC_0J94","29","0",1981,"1","N","Modoc County, California","Local Government","SIC 94 Administration of Human Resources","County, 2-digit SIC -- by ownership sector","All establishment sizes",0,0,0,0,0,0,0,0
"06049","3","SIC_0J94","29","0",1981,"2","N","Modoc County, California","Local Government","SIC 94 Administration of Human Resources","County, 2-digit SIC -- by ownership sector","All establishment sizes",0,0,0,0,0,0,0,0
"06049","3","SIC_0J94","29","0",1981,"3","N","Modoc County, California","Local Government","SIC 94 Administration of Human Resources","County, 2-digit SIC -- by ownership sector","All establishment sizes",0,0,0,0,0,0,0,0
"06049","3","SIC_0J94","29","0",1981,"4","N","Modoc County, California","Local Government","SIC 94 Administration of Human Resources","County, 2-digit SIC -- by ownership sector","All establishment sizes",0,0,0,0,0,0,0,0
"06049","3","SIC_0J95","29","0",1981,"1","","Modoc County, California","Local Government","SIC 95 Environmental Quality and Housing","County, 2-digit SIC -- by ownership sector","All establishment sizes",3,17,17,16,46742,0,0,215
"06049","3","SIC_0J95","29","0",1981,"2","","Modoc County, California","Local Government","SIC 95 Environmental Quality and Housing","County, 2-digit SIC -- by ownership sector","All establishment sizes",3,19,19,19,59925,0,0,242
"06049","3","SIC_0J95","29","0",1981,"3","","Modoc County, California","Local Government","SIC 95 Environmental Quality and Housing","County, 2-digit SIC -- by ownership sector","All establishment sizes",3,17,18,17,60958,0,0,270
"06049","3","SIC_0J95","29","0",1981,"4","","Modoc County, California","Local Government","SIC 95 Environmental Quality and Housing","County, 2-digit SIC -- by ownership sector","All establishment sizes",3,15,16,15,45619,0,0,228
"06049","3","SIC_0J96","29","0",1981,"1","N","Modoc County, California","Local Government","SIC 96 Administration of Economic Programs","County, 2-digit SIC -- by ownership sector","All establishment sizes",0,0,0,0,0,0,0,0
"06049","3","SIC_0J96","29","0",1981,"2","N","Modoc County, California","Local Government","SIC 96 Administration of Economic Programs","County, 2-digit SIC -- by ownership sector","All establishment sizes",0,0,0,0,0,0,0,0
"06049","3","SIC_0J96","29","0",1981,"3","N","Modoc County, California","Local Government","SIC 96 Administration of Economic Programs","County, 2-digit SIC -- by ownership sector","All establishment sizes",0,0,0,0,0,0,0,0
"06049","3","SIC_0J96","29","0",1981,"4","N","Modoc County, California","Local Government","SIC 96 Administration of Economic Programs","County, 2-digit SIC -- by ownership sector","All establishment sizes",0,0,0,0,0,0,0,0
"06049","5","SIC_0Z","27","0",1981,"1","","Modoc County, California","Private","All Industries","County, Total -- by ownership sector","All establishment sizes",330,1574,1509,1541,3576015,0,0,178
"06049","5","SIC_0Z","27","0",1981,"2","","Modoc County, California","Private","All Industries","County, Total -- by ownership sector","All establishment sizes",359,1755,1970,2039,4411936,0,0,176
"06049","5","SIC_0Z","27","0",1981,"3","","Modoc County, California","Private","All Industries","County, Total -- by ownership sector","All establishment sizes",370,2146,2011,1994,4764823,0,0,178
"06049","5","SIC_0Z","27","0",1981,"4","","Modoc County, California","Private","All Industries","County, Total -- by ownership sector","All establishment sizes",373,2091,1669,1567,4564159,0,0,197
"06049","5","SIC_0A","28","0",1981,"1","","Modoc County, California","Private","Agriculture, Forestry, and Fishing Division","County, Industry Division -- by ownership sector","All establishment sizes",114,395,331,325,652561,0,0,143
"06049","5","SIC_0A","28","0",1981,"2","","Modoc County, California","Private","Agriculture, Forestry, and Fishing Division","County, Industry Division -- by ownership sector","All establishment sizes",135,477,651,656,1112926,0,0,143
"06049","5","SIC_0A","28","0",1981,"3","","Modoc County, California","Private","Agriculture, Forestry, and Fishing Division","County, Industry Division -- by ownership sector","All establishment sizes",146,800,645,651,1249085,0,0,137
"06049","5","SIC_0A","28","0",1981,"4","","Modoc County, California","Private","Agriculture, Forestry, and Fishing Division","County, Industry Division -- by ownership sector","All establishment sizes",141,815,428,389,1119265,0,0,158
"06049","5","SIC_0A01","29","0",1981,"1","","Modoc County, California","Private","SIC 01 Agricultural Production Crops","County, 2-digit SIC -- by ownership sector","All establishment sizes",44,161,89,82,164412,0,0,114
"06049","5","SIC_0A01","29","0",1981,"2","","Modoc County, California","Private","SIC 01 Agricultural Production Crops","County, 2-digit SIC -- by ownership sector","All establishment sizes",60,168,362,346,526402,0,0,138
"06049","5","SIC_0A01","29","0",1981,"3","","Modoc County, California","Private","SIC 01 Agricultural Production Crops","County, 2-digit SIC -- by ownership sector","All establishment sizes",69,482,338,382,637631,0,0,122
"06049","5","SIC_0A01","29","0",1981,"4","","Modoc County, California","Private","SIC 01 Agricultural Production Crops","County, 2-digit SIC -- by ownership sector","All establishment sizes",67,572,200,157,643612,0,0,159
"06049","5","SIC_0A02","29","0",1981,"1","","Modoc County, California","Private","SIC 02 Agricultural Production Livestock","County, 2-digit SIC -- by ownership sector","All establishment sizes",66,218,228,233,453751,0,0,154
"06049","5","SIC_0A02","29","0",1981,"2","","Modoc County, California","Private","SIC 02 Agricultural Production Livestock","County, 2-digit SIC -- by ownership sector","All establishment sizes",67,269,278,288,540427,0,0,149
"06049","5","SIC_0A02","29","0",1981,"3","","Modoc County, California","Private","SIC 02 Agricultural Production Livestock","County, 2-digit SIC -- by ownership sector","All establishment sizes",69,288,288,256,558021,0,0,154
"06049","5","SIC_0A02","29","0",1981,"4","","Modoc County, California","Private","SIC 02 Agricultural Production Livestock","County, 2-digit SIC -- by ownership sector","All establishment sizes",69,226,216,221,449965,0,0,156
"06049","5","SIC_0A07","29","0",1981,"1","N","Modoc County, California","Private","SIC 07 Agricultural Services","County, 2-digit SIC -- by ownership sector","All establishment sizes",0,0,0,0,0,0,0,0
"06049","5","SIC_0A07","29","0",1981,"2","N","Modoc County, California","Private","SIC 07 Agricultural Services","County, 2-digit SIC -- by ownership sector","All establishment sizes",0,0,0,0,0,0,0,0
"06049","5","SIC_0A07","29","0",1981,"3","N","Modoc County, California","Private","SIC 07 Agricultural Services","County, 2-digit SIC -- by ownership sector","All establishment sizes",0,0,0,0,0,0,0,0
"06049","5","SIC_0A07","29","0",1981,"4","N","Modoc County, California","Private","SIC 07 Agricultural Services","County, 2-digit SIC -- by ownership sector","All establishment sizes",0,0,0,0,0,0,0,0
"06049","5","SIC_0A08","29","0",1981,"1","N","Modoc County, California","Private","SIC 08 Forestry","County, 2-digit SIC -- by ownership sector","All establishment sizes",0,0,0,0,0,0,0,0
"06049","5","SIC_0A08","29","0",1981,"2","N","Modoc County, California","Private","SIC 08 Forestry","County, 2-digit SIC -- by ownership sector","All establishment sizes",0,0,0,0,0,0,0,0
"06049","5","SIC_0A08","29","0",1981,"3","N","Modoc County, California","Private","SIC 08 Forestry","County, 2-digit SIC -- by ownership sector","All establishment sizes",0,0,0,0,0,0,0,0
"06049","5","SIC_0A08","29","0",1981,"4","N","Modoc County, California","Private","SIC 08 Forestry","County, 2-digit SIC -- by ownership sector","All establishment sizes",0,0,0,0,0,0,0,0
"06049","5","SIC_0B","28","0",1981,"1","N","Modoc County, California","Private","Mining Division","County, Industry Division -- by ownership sector","All establishment sizes",0,0,0,0,0,0,0,0
"06049","5","SIC_0B","28","0",1981,"2","N","Modoc County, California","Private","Mining Division","County, Industry Division -- by ownership sector","All establishment sizes",0,0,0,0,0,0,0,0
"06049","5","SIC_0B","28","0",1981,"3","N","Modoc County, California","Private","Mining Division","County, Industry Division -- by ownership sector","All establishment sizes",0,0,0,0,0,0,0,0
"06049","5","SIC_0B","28","0",1981,"4","N","Modoc County, California","Private","Mining Division","County, Industry Division -- by ownership sector","All establishment sizes",0,0,0,0,0,0,0,0
"06049","5","SIC_0B13","29","0",1981,"1","","Modoc County, California","Private","SIC 13 Oil and Gas Extraction","County, 2-digit SIC -- by ownership sector","All establishment sizes",0,0,0,0,0,0,0,0
"06049","5","SIC_0B13","29","0",1981,"2","","Modoc County, California","Private","SIC 13 Oil and Gas Extraction","County, 2-digit SIC -- by ownership sector","All establishment sizes",0,0,0,0,0,0,0,0
"06049","5","SIC_0B13","29","0",1981,"3","N","Modoc County, California","Private","SIC 13 Oil and Gas Extraction","County, 2-digit SIC -- by ownership sector","All establishment sizes",0,0,0,0,0,0,0,0
"06049","5","SIC_0B13","29","0",1981,"4","N","Modoc County, California","Private","SIC 13 Oil and Gas Extraction","County, 2-digit SIC -- by ownership sector","All establishment sizes",0,0,0,0,0,0,0,0
"06049","5","SIC_0B14","29","0",1981,"1","N","Modoc County, California","Private","SIC 14 Nonmetallic Minerals, Except Fuels","County, 2-digit SIC -- by ownership sector","All establishment sizes",0,0,0,0,0,0,0,0
"06049","5","SIC_0B14","29","0",1981,"2","N","Modoc County, California","Private","SIC 14 Nonmetallic Minerals, Except Fuels","County, 2-digit SIC -- by ownership sector","All establishment sizes",0,0,0,0,0,0,0,0
"06049","5","SIC_0B14","29","0",1981,"3","N","Modoc County, California","Private","SIC 14 Nonmetallic Minerals, Except Fuels","County, 2-digit SIC -- by ownership sector","All establishment sizes",0,0,0,0,0,0,0,0
"06049","5","SIC_0B14","29","0",1981,"4","N","Modoc County, California","Private","SIC 14 Nonmetallic Minerals, Except Fuels","County, 2-digit SIC -- by ownership sector","All establishment sizes",0,0,0,0,0,0,0,0
"06049","5","SIC_0C","28","0",1981,"1","","Modoc County, California","Private","Construction Division","County, Industry Division -- by ownership sector","All establishment sizes",13,47,37,32,80047,0,0,159
"06049","5","SIC_0C","28","0",1981,"2","","Modoc County, California","Private","Construction Division","County, Industry Division -- by ownership sector","All establishment sizes",17,51,53,51,126858,0,0,188
"06049","5","SIC_0C","28","0",1981,"3","","Modoc County, California","Private","Construction Division","County, Industry Division -- by ownership sector","All establishment sizes",17,45,68,70,167156,0,0,210
"06049","5","SIC_0C","28","0",1981,"4","","Modoc County, California","Private","Construction Division","County, Industry Division -- by ownership sector","All establishment sizes",16,69,81,100,258073,0,0,238
"06049","5","SIC_0C15","29","0",1981,"1","","Modoc County, California","Private","SIC 15 General Building Contractors","County, 2-digit SIC -- by ownership sector","All establishment sizes",4,23,17,14,33801,0,0,144
"06049","5","SIC_0C15","29","0",1981,"2","N","Modoc County, California","Private","SIC 15 General Building Contractors","County, 2-digit SIC -- by ownership sector","All establishment sizes",0,0,0,0,0,0,0,0
"06049","5","SIC_0C15","29","0",1981,"3","N","Modoc County, California","Private","SIC 15 General Building Contractors","County, 2-digit SIC -- by ownership sector","All establishment sizes",0,0,0,0,0,0,0,0
"06049","5","SIC_0C15","29","0",1981,"4","N","Modoc County, California","Private","SIC 15 General Building Contractors","County, 2-digit SIC -- by ownership sector","All establishment sizes",0,0,0,0,0,0,0,0
"06049","5","SIC_0C16","29","0",1981,"1","N","Modoc County, California","Private","SIC 16 Heavy Construction, ex. Building","County, 2-digit SIC -- by ownership sector","All establishment sizes",0,0,0,0,0,0,0,0
"06049","5","SIC_0C16","29","0",1981,"2","N","Modoc County, California","Private","SIC 16 Heavy Construction, ex. Building","County, 2-digit SIC -- by ownership sector","All establishment sizes",0,0,0,0,0,0,0,0
"06049","5","SIC_0C16","29","0",1981,"3","N","Modoc County, California","Private","SIC 16 Heavy Construction, ex. Building","County, 2-digit SIC -- by ownership sector","All establishment sizes",0,0,0,0,0,0,0,0
"06049","5","SIC_0C16","29","0",1981,"4","N","Modoc County, California","Private","SIC 16 Heavy Construction, ex. Building","County, 2-digit SIC -- by ownership sector","All establishment sizes",0,0,0,0,0,0,0,0
"06049","5","SIC_0C17","29","0",1981,"1","N","Modoc County, California","Private","SIC 17 Special Trade Contractors","County, 2-digit SIC -- by ownership sector","All establishment sizes",0,0,0,0,0,0,0,0
"06049","5","SIC_0C17","29","0",1981,"2","","Modoc County, California","Private","SIC 17 Special Trade Contractors","County, 2-digit SIC -- by ownership sector","All establishment sizes",9,24,25,23,77301,0,0,247
"06049","5","SIC_0C17","29","0",1981,"3","","Modoc County, California","Private","SIC 17 Special Trade Contractors","County, 2-digit SIC -- by ownership sector","All establishment sizes",8,19,34,27,82294,0,0,237
"06049","5","SIC_0C17","29","0",1981,"4","","Modoc County, California","Private","SIC 17 Special Trade Contractors","County, 2-digit SIC -- by ownership sector","All establishment sizes",7,37,48,68,188936,0,0,284
"06049","5","SIC_0D","28","0",1981,"1","","Modoc County, California","Private","Manufacturing Division","County, Industry Division -- by ownership sector","All establishment sizes",15,161,153,157,550942,0,0,269
"06049","5","SIC_0D","28","0",1981,"2","","Modoc County, California","Private","Manufacturing Division","County, Industry Division -- by ownership sector","All establishment sizes",16,170,185,188,637143,0,0,270
"06049","5","SIC_0D","28","0",1981,"3","","Modoc County, California","Private","Manufacturing Division","County, Industry Division -- by ownership sector","All establishment sizes",15,193,189,184,803592,0,0,327
"06049","5","SIC_0D","28","0",1981,"4","","Modoc County, California","Private","Manufacturing Division","County, Industry Division -- by ownership sector","All establishment sizes",16,165,151,126,728541,0,0,380
"06049","5","SIC_0D24","29","0",1981,"1","","Modoc County, California","Private","SIC 24 Lumber and Wood Products","County, 2-digit SIC -- by ownership sector","All establishment sizes",10,143,138,140,511045,0,0,280
"06049","5","SIC_0D24","29","0",1981,"2","","Modoc County, California","Private","SIC 24 Lumber and Wood Products","County, 2-digit SIC -- by ownership sector","All establishment sizes",11,153,166,168,589518,0,0,279
"06049","5","SIC_0D24","29","0",1981,"3","","Modoc County, California","Private","SIC 24 Lumber and Wood Products","County, 2-digit SIC -- by ownership sector","All establishment sizes",11,173,168,167,758476,0,0,344
"06049","5","SIC_0D24","29","0",1981,"4","","Modoc County, California","Private","SIC 24 Lumber and Wood Products","County, 2-digit SIC -- by ownership sector","All establishment sizes",12,145,133,105,680999,0,0,410
"06049","5","SIC_0D27","29","0",1981,"1","N","Modoc County, California","Private","SIC 27 Printing and Publishing","County, 2-digit SIC -- by ownership sector","All establishment sizes",0,0,0,0,0,0,0,0
"06049","5","SIC_0D27","29","0",1981,"2","N","Modoc County, California","Private","SIC 27 Printing and Publishing","County, 2-digit SIC -- by ownership sector","All establishment sizes",0,0,0,0,0,0,0,0
"06049","5","SIC_0D27","29","0",1981,"3","N","Modoc County, California","Private","SIC 27 Printing and Publishing","County, 2-digit SIC -- by ownership sector","All establishment sizes",0,0,0,0,0,0,0,0
"06049","5","SIC_0D27","29","0",1981,"4","N","Modoc County, California","Private","SIC 27 Printing and Publishing","County, 2-digit SIC -- by ownership sector","All establishment sizes",0,0,0,0,0,0,0,0
"06049","5","SIC_0D32","29","0",1981,"1","","Modoc County, California","Private","SIC 32 Stone, Clay, and Glass Products","County, 2-digit SIC -- by ownership sector","All establishment sizes",3,9,6,8,23096,0,0,231
"06049","5","SIC_0D32","29","0",1981,"2","","Modoc County, California","Private","SIC 32 Stone, Clay, and Glass Products","County, 2-digit SIC -- by ownership sector","All establishment sizes",3,8,9,10,29471,0,0,251
"06049","5","SIC_0D32","29","0",1981,"3","N","Modoc County, California","Private","SIC 32 Stone, Clay, and Glass Products","County, 2-digit SIC -- by ownership sector","All establishment sizes",0,0,0,0,0,0,0,0
"06049","5","SIC_0D32","29","0",1981,"4","N","Modoc County, California","Private","SIC 32 Stone, Clay, and Glass Products","County, 2-digit SIC -- by ownership sector","All establishment sizes",0,0,0,0,0,0,0,0
"06049","5","SIC_0D35","29","0",1981,"1","N","Modoc County, California","Private","SIC 35 Industrial Machinery and Equipment","County, 2-digit SIC -- by ownership sector","All establishment sizes",0,0,0,0,0,0,0,0
"06049","5","SIC_0D35","29","0",1981,"2","N","Modoc County, California","Private","SIC 35 Industrial Machinery and Equipment","County, 2-digit SIC -- by ownership sector","All establishment sizes",0,0,0,0,0,0,0,0
"06049","5","SIC_0D35","29","0",1981,"3","N","Modoc County, California","Private","SIC 35 Industrial Machinery and Equipment","County, 2-digit SIC -- by ownership sector","All establishment sizes",0,0,0,0,0,0,0,0
"06049","5","SIC_0D35","29","0",1981,"4","N","Modoc County, California","Private","SIC 35 Industrial Machinery and Equipment","County, 2-digit SIC -- by ownership sector","All establishment sizes",0,0,0,0,0,0,0,0
"06049","5","SIC_0E","28","0",1981,"1","","Modoc County, California","Private","Transportation and Public Utilities Division","County, Industry Division -- by ownership sector","All establishment sizes",15,125,125,126,549331,0,0,337
"06049","5","SIC_0E","28","0",1981,"2","","Modoc County, California","Private","Transportation and Public Utilities Division","County, Industry Division -- by ownership sector","All establishment sizes",15,132,134,140,526768,0,0,299
"06049","5","SIC_0E","28","0",1981,"3","","Modoc County, California","Private","Transportation and Public Utilities Division","County, Industry Division -- by ownership sector","All establishment sizes",15,141,141,138,565513,0,0,310
"06049","5","SIC_0E","28","0",1981,"4","","Modoc County, California","Private","Transportation and Public Utilities Division","County, Industry Division -- by ownership sector","All establishment sizes",16,137,144,123,569746,0,0,325
"06049","5","SIC_0E41","29","0",1981,"1","N","Modoc County, California","Private","SIC 41 Local And Interurban Passenger Transit","County, 2-digit SIC -- by ownership sector","All establishment sizes",0,0,0,0,0,0,0,0
"06049","5","SIC_0E41","29","0",1981,"2","N","Modoc County, California","Private","SIC 41 Local And Interurban Passenger Transit","County, 2-digit SIC -- by ownership sector","All establishment sizes",0,0,0,0,0,0,0,0
"06049","5","SIC_0E41","29","0",1981,"3","N","Modoc County, California","Private","SIC 41 Local And Interurban Passenger Transit","County, 2-digit SIC -- by ownership sector","All establishment sizes",0,0,0,0,0,0,0,0
"06049","5","SIC_0E41","29","0",1981,"4","N","Modoc County, California","Private","SIC 41 Local And Interurban Passenger Transit","County, 2-digit SIC -- by ownership sector","All establishment sizes",0,0,0,0,0,0,0,0
"06049","5","SIC_0E42","29","0",1981,"1","","Modoc County, California","Private","SIC 42 Trucking And Warehousing","County, 2-digit SIC -- by ownership sector","All establishment sizes",8,22,20,20,91413,0,0,340
"06049","5","SIC_0E42","29","0",1981,"2","","Modoc County, California","Private","SIC 42 Trucking And Warehousing","County, 2-digit SIC -- by ownership sector","All establishment sizes",9,34,34,35,125580,0,0,281
"06049","5","SIC_0E42","29","0",1981,"3","","Modoc County, California","Private","SIC 42 Trucking And Warehousing","County, 2-digit SIC -- by ownership sector","All establishment sizes",10,33,32,31,102869,0,0,247
"06049","5","SIC_0E42","29","0",1981,"4","","Modoc County, California","Private","SIC 42 Trucking And Warehousing","County, 2-digit SIC -- by ownership sector","All establishment sizes",10,26,35,23,134428,0,0,369
"06049","5","SIC_0E45","29","0",1981,"1","N","Modoc County, California","Private","SIC 45 Transportation By Air","County, 2-digit SIC -- by ownership sector","All establishment sizes",0,0,0,0,0,0,0,0
"06049","5","SIC_0E45","29","0",1981,"2","N","Modoc County, California","Private","SIC 45 Transportation By Air","County, 2-digit SIC -- by ownership sector","All establishment sizes",0,0,0,0,0,0,0,0
"06049","5","SIC_0E45","29","0",1981,"3","N","Modoc County, California","Private","SIC 45 Transportation By Air","County, 2-digit SIC -- by ownership sector","All establishment sizes",0,0,0,0,0,0,0,0
"06049","5","SIC_0E45","29","0",1981,"4","N","Modoc County, California","Private","SIC 45 Transportation By Air","County, 2-digit SIC -- by ownership sector","All establishment sizes",0,0,0,0,0,0,0,0
"06049","5","SIC_0E48","29","0",1981,"1","N","Modoc County, California","Private","SIC 48 Communication","County, 2-digit SIC -- by ownership sector","All establishment sizes",0,0,0,0,0,0,0,0
"06049","5","SIC_0E48","29","0",1981,"2","N","Modoc County, California","Private","SIC 48 Communication","County, 2-digit SIC -- by ownership sector","All establishment sizes",0,0,0,0,0,0,0,0
"06049","5","SIC_0E48","29","0",1981,"3","N","Modoc County, California","Private","SIC 48 Communication","County, 2-digit SIC -- by ownership sector","All establishment sizes",0,0,0,0,0,0,0,0
"06049","5","SIC_0E48","29","0",1981,"4","N","Modoc County, California","Private","SIC 48 Communication","County, 2-digit SIC -- by ownership sector","All establishment sizes",0,0,0,0,0,0,0,0
"06049","5","SIC_0E49","29","0",1981,"1","N","Modoc County, California","Private","SIC 49 Electric, Gas, And Sanitary Services","County, 2-digit SIC -- by ownership sector","All establishment sizes",0,0,0,0,0,0,0,0
"06049","5","SIC_0E49","29","0",1981,"2","N","Modoc County, California","Private","SIC 49 Electric, Gas, And Sanitary Services","County, 2-digit SIC -- by ownership sector","All establishment sizes",0,0,0,0,0,0,0,0
"06049","5","SIC_0E49","29","0",1981,"3","N","Modoc County, California","Private","SIC 49 Electric, Gas, And Sanitary Services","County, 2-digit SIC -- by ownership sector","All establishment sizes",0,0,0,0,0,0,0,0
"06049","5","SIC_0E49","29","0",1981,"4","N","Modoc County, California","Private","SIC 49 Electric, Gas, And Sanitary Services","County, 2-digit SIC -- by ownership sector","All establishment sizes",0,0,0,0,0,0,0,0
"06049","5","SIC_0F","28","0",1981,"1","","Modoc County, California","Private","Wholesale Trade Division","County, Industry Division -- by ownership sector","All establishment sizes",25,125,125,134,339363,0,0,203
"06049","5","SIC_0F","28","0",1981,"2","","Modoc County, California","Private","Wholesale Trade Division","County, Industry Division -- by ownership sector","All establishment sizes",24,144,157,173,449812,0,0,218
"06049","5","SIC_0F","28","0",1981,"3","","Modoc County, California","Private","Wholesale Trade Division","County, Industry Division -- by ownership sector","All establishment sizes",23,114,126,125,332030,0,0,209
"06049","5","SIC_0F","28","0",1981,"4","","Modoc County, California","Private","Wholesale Trade Division","County, Industry Division -- by ownership sector","All establishment sizes",25,111,109,93,290201,0,0,213
"06049","5","SIC_0F50","29","0",1981,"1","","Modoc County, California","Private","SIC 50 Wholesale Trade Durable Goods","County, 2-digit SIC -- by ownership sector","All establishment sizes",9,26,26,30,87165,0,0,245
"06049","5","SIC_0F50","29","0",1981,"2","","Modoc County, California","Private","SIC 50 Wholesale Trade Durable Goods","County, 2-digit SIC -- by ownership sector","All establishment sizes",8,32,32,35,103920,0,0,242
"06049","5","SIC_0F50","29","0",1981,"3","","Modoc County, California","Private","SIC 50 Wholesale Trade Durable Goods","County, 2-digit SIC -- by ownership sector","All establishment sizes",7,36,39,37,137508,0,0,283
"06049","5","SIC_0F50","29","0",1981,"4","","Modoc County, California","Private","SIC 50 Wholesale Trade Durable Goods","County, 2-digit SIC -- by ownership sector","All establishment sizes",7,34,34,31,122412,0,0,285
"06049","5","SIC_0F51","29","0",1981,"1","","Modoc County, California","Private","SIC 51 Wholesale Trade Nondurable Goods","County, 2-digit SIC -- by ownership sector","All establishment sizes",16,99,99,104,252198,0,0,192
"06049","5","SIC_0F51","29","0",1981,"2","","Modoc County, California","Private","SIC 51 Wholesale Trade Nondurable Goods","County, 2-digit SIC -- by ownership sector","All establishment sizes",16,112,125,138,345892,0,0,212
"06049","5","SIC_0F51","29","0",1981,"3","","Modoc County, California","Private","SIC 51 Wholesale Trade Nondurable Goods","County, 2-digit SIC -- by ownership sector","All establishment sizes",16,78,87,88,194522,0,0,177
"06049","5","SIC_0F51","29","0",1981,"4","","Modoc County, California","Private","SIC 51 Wholesale Trade Nondurable Goods","County, 2-digit SIC -- by ownership sector","All establishment sizes",18,77,75,62,167789,0,0,180
"06049","5","SIC_0G","28","0",1981,"1","","Modoc County, California","Private","Retail Trade Division","County, Industry Division -- by ownership sector","All establishment sizes",74,286,283,310,485855,0,0,127
"06049","5","SIC_0G","28","0",1981,"2","","Modoc County, California","Private","Retail Trade Division","County, Industry Division -- by ownership sector","All establishment sizes",74,319,330,347,615433,0,0,142
"06049","5","SIC_0G","28","0",1981,"3","","Modoc County, California","Private","Retail Trade Division","County, Industry Division -- by ownership sector","All establishment sizes",77,367,362,365,629037,0,0,132
"06049","5","SIC_0G","28","0",1981,"4","","Modoc County, California","Private","Retail Trade Division","County, Industry Division -- by ownership sector","All establishment sizes",79,364,344,332,627306,0,0,139
"06049","5","SIC_0G52","29","0",1981,"1","","Modoc County, California","Private","SIC 52 Building Materials and Garden Supplies","County, 2-digit SIC -- by ownership sector","All establishment sizes",4,14,15,17,37271,0,0,186
"06049","5","SIC_0G52","29","0",1981,"2","","Modoc County, California","Private","SIC 52 Building Materials and Garden Supplies","County, 2-digit SIC -- by ownership sector","All establishment sizes",4,18,18,19,45544,0,0,191
"06049","5","SIC_0G52","29","0",1981,"3","N","Modoc County, California","Private","SIC 52 Building Materials and Garden Supplies","County, 2-digit SIC -- by ownership sector","All establishment sizes",0,0,0,0,0,0,0,0
"06049","5","SIC_0G52","29","0",1981,"4","N","Modoc County, California","Private","SIC 52 Building Materials and Garden Supplies","County, 2-digit SIC -- by ownership sector","All establishment sizes",0,0,0,0,0,0,0,0
"06049","5","SIC_0G53","29","0",1981,"1","","Modoc County, California","Private","SIC 53 General Merchandise Stores","County, 2-digit SIC -- by ownership sector","All establishment sizes",5,26,25,23,21648,0,0,67
"06049","5","SIC_0G53","29","0",1981,"2","","Modoc County, California","Private","SIC 53 General Merchandise Stores","County, 2-digit SIC -- by ownership sector","All establishment sizes",5,21,21,21,22924,0,0,83
"06049","5","SIC_0G53","29","0",1981,"3","","Modoc County, California","Private","SIC 53 General Merchandise Stores","County, 2-digit SIC -- by ownership sector","All establishment sizes",5,28,28,23,21427,0,0,62
"06049","5","SIC_0G53","29","0",1981,"4","","Modoc County, California","Private","SIC 53 General Merchandise Stores","County, 2-digit SIC -- by ownership sector","All establishment sizes",6,29,24,21,21603,0,0,67
"06049","5","SIC_0G54","29","0",1981,"1","","Modoc County, California","Private","SIC 54 Food Stores","County, 2-digit SIC -- by ownership sector","All establishment sizes",14,60,59,64,94032,0,0,118
"06049","5","SIC_0G54","29","0",1981,"2","","Modoc County, California","Private","SIC 54 Food Stores","County, 2-digit SIC -- by ownership sector","All establishment sizes",12,63,61,69,150880,0,0,180
"06049","5","SIC_0G54","29","0",1981,"3","","Modoc County, California","Private","SIC 54 Food Stores","County, 2-digit SIC -- by ownership sector","All establishment sizes",14,69,67,63,116722,0,0,135
"06049","5","SIC_0G54","29","0",1981,"4","","Modoc County, California","Private","SIC 54 Food Stores","County, 2-digit SIC -- by ownership sector","All establishment sizes",13,67,60,57,103371,0,0,129
"06049","5","SIC_0G55","29","0",1981,"1","","Modoc County, California","Private","SIC 55 Automotive Dealers and Service Stations","County, 2-digit SIC -- by ownership sector","All establishment sizes",14,61,55,57,135633,0,0,180
"06049","5","SIC_0G55","29","0",1981,"2","","Modoc County, California","Private","SIC 55 Automotive Dealers and Service Stations","County, 2-digit SIC -- by ownership sector","All establishment sizes",13,60,63,61,135351,0,0,169
"06049","5","SIC_0G55","29","0",1981,"3","","Modoc County, California","Private","SIC 55 Automotive Dealers and Service Stations","County, 2-digit SIC -- by ownership sector","All establishment sizes",12,64,61,62,146030,0,0,180
"06049","5","SIC_0G55","29","0",1981,"4","","Modoc County, California","Private","SIC 55 Automotive Dealers and Service Stations","County, 2-digit SIC -- by ownership sector","All establishment sizes",15,65,67,61,154891,0,0,185
"06049","5","SIC_0G56","29","0",1981,"1","","Modoc County, California","Private","SIC 56 Apparel and Accessory Stores","County, 2-digit SIC -- by ownership sector","All establishment sizes",5,7,7,7,19237,0,0,211
"06049","5","SIC_0G56","29","0",1981,"2","","Modoc County, California","Private","SIC 56 Apparel and Accessory Stores","County, 2-digit SIC -- by ownership sector","All establishment sizes",5,6,6,6,18897,0,0,242
"06049","5","SIC_0G56","29","0",1981,"3","N","Modoc County, California","Private","SIC 56 Apparel and Accessory Stores","County, 2-digit SIC -- by ownership sector","All establishment sizes",0,0,0,0,0,0,0,0
"06049","5","SIC_0G56","29","0",1981,"4","","Modoc County, California","Private","SIC 56 Apparel and Accessory Stores","County, 2-digit SIC -- by ownership sector","All establishment sizes",6,9,9,9,21111,0,0,180
"06049","5","SIC_0G57","29","0",1981,"1","","Modoc County, California","Private","SIC 57 Furniture and Homefurnishings Stores","County, 2-digit SIC -- by ownership sector","All establishment sizes",3,5,6,6,10788,0,0,146
"06049","5","SIC_0G57","29","0",1981,"2","","Modoc County, California","Private","SIC 57 Furniture and Homefurnishings Stores","County, 2-digit SIC -- by ownership sector","All establishment sizes",4,5,5,7,13521,0,0,183
"06049","5","SIC_0G57","29","0",1981,"3","","Modoc County, California","Private","SIC 57 Furniture and Homefurnishings Stores","County, 2-digit SIC -- by ownership sector","All establishment sizes",5,8,7,9,17351,0,0,166
"06049","5","SIC_0G57","29","0",1981,"4","N","Modoc County, California","Private","SIC 57 Furniture and Homefurnishings Stores","County, 2-digit SIC -- by ownership sector","All establishment sizes",0,0,0,0,0,0,0,0
"06049","5","SIC_0G58","29","0",1981,"1","","Modoc County, California","Private","SIC 58 Eating and Drinking Places","County, 2-digit SIC -- by ownership sector","All establishment sizes",14,76,82,100,101935,0,0,91
"06049","5","SIC_0G58","29","0",1981,"2","","Modoc County, California","Private","SIC 58 Eating and Drinking Places","County, 2-digit SIC -- by ownership sector","All establishment sizes",16,109,119,125,155863,0,0,101
"06049","5","SIC_0G58","29","0",1981,"3","","Modoc County, California","Private","SIC 58 Eating and Drinking Places","County, 2-digit SIC -- by ownership sector","All establishment sizes",17,137,136,145,189772,0,0,104
"06049","5","SIC_0G58","29","0",1981,"4","","Modoc County, California","Private","SIC 58 Eating and Drinking Places","County, 2-digit SIC -- by ownership sector","All establishment sizes",17,134,124,123,176395,0,0,106
"06049","5","SIC_0G59","29","0",1981,"1","","Modoc County, California","Private","SIC 59 Miscellaneous Retail","County, 2-digit SIC -- by ownership sector","All establishment sizes",15,37,34,36,65311,0,0,140
"06049","5","SIC_0G59","29","0",1981,"2","","Modoc County, California","Private","SIC 59 Miscellaneous Retail","County, 2-digit SIC -- by ownership sector","All establishment sizes",15,37,37,39,72453,0,0,147
"06049","5","SIC_0G59","29","0",1981,"3","","Modoc County, California","Private","SIC 59 Miscellaneous Retail","County, 2-digit SIC -- by ownership sector","All establishment sizes",15,37,40,37,69418,0,0,140
"06049","5","SIC_0G59","29","0",1981,"4","","Modoc County, California","Private","SIC 59 Miscellaneous Retail","County, 2-digit SIC -- by ownership sector","All establishment sizes",13,33,33,35,81168,0,0,185
"06049","5","SIC_0H","28","0",1981,"1","","Modoc County, California","Private","Finance, Insurance, and Real Estate Division","County, Industry Division -- by ownership sector","All establishment sizes",17,103,100,100,257476,0,0,196
"06049","5","SIC_0H","28","0",1981,"2","","Modoc County, California","Private","Finance, Insurance, and Real Estate Division","County, Industry Division -- by ownership sector","All establishment sizes",19,111,111,108,272146,0,0,190
"06049","5","SIC_0H","28","0",1981,"3","","Modoc County, California","Private","Finance, Insurance, and Real Estate Division","County, Industry Division -- by ownership sector","All establishment sizes",16,89,88,85,243989,0,0,214
"06049","5","SIC_0H","28","0",1981,"4","","Modoc County, California","Private","Finance, Insurance, and Real Estate Division","County, Industry Division -- by ownership sector","All establishment sizes",19,99,98,95,290995,0,0,229
"06049","5","SIC_0H60","29","0",1981,"1","N","Modoc County, California","Private","SIC 60 Depository Institutions","County, 2-digit SIC -- by ownership sector","All establishment sizes",0,0,0,0,0,0,0,0
"06049","5","SIC_0H60","29","0",1981,"2","N","Modoc County, California","Private","SIC 60 Depository Institutions","County, 2-digit SIC -- by ownership sector","All establishment sizes",0,0,0,0,0,0,0,0
"06049","5","SIC_0H60","29","0",1981,"3","N","Modoc County, California","Private","SIC 60 Depository Institutions","County, 2-digit SIC -- by ownership sector","All establishment sizes",0,0,0,0,0,0,0,0
"06049","5","SIC_0H60","29","0",1981,"4","N","Modoc County, California","Private","SIC 60 Depository Institutions","County, 2-digit SIC -- by ownership sector","All establishment sizes",0,0,0,0,0,0,0,0
"06049","5","SIC_0H61","29","0",1981,"1","","Modoc County, California","Private","SIC 61 Nondepository Institutions","County, 2-digit SIC -- by ownership sector","All establishment sizes",3,12,12,12,37777,0,0,242
"06049","5","SIC_0H61","29","0",1981,"2","","Modoc County, California","Private","SIC 61 Nondepository Institutions","County, 2-digit SIC -- by ownership sector","All establishment sizes",3,12,12,11,36128,0,0,238
"06049","5","SIC_0H61","29","0",1981,"3","","Modoc County, California","Private","SIC 61 Nondepository Institutions","County, 2-digit SIC -- by ownership sector","All establishment sizes",3,11,11,11,36654,0,0,256
"06049","5","SIC_0H61","29","0",1981,"4","","Modoc County, California","Private","SIC 61 Nondepository Institutions","County, 2-digit SIC -- by ownership sector","All establishment sizes",4,23,24,22,73290,0,0,245
"06049","5","SIC_0H63","29","0",1981,"1","N","Modoc County, California","Private","SIC 63 Insurance Carriers","County, 2-digit SIC -- by ownership sector","All establishment sizes",0,0,0,0,0,0,0,0
"06049","5","SIC_0H63","29","0",1981,"2","N","Modoc County, California","Private","SIC 63 Insurance Carriers","County, 2-digit SIC -- by ownership sector","All establishment sizes",0,0,0,0,0,0,0,0
"06049","5","SIC_0H63","29","0",1981,"3","","Modoc County, California","Private","SIC 63 Insurance Carriers","County, 2-digit SIC -- by ownership sector","All establishment sizes",4,16,16,16,33550,0,0,161
"06049","5","SIC_0H63","29","0",1981,"4","","Modoc County, California","Private","SIC 63 Insurance Carriers","County, 2-digit SIC -- by ownership sector","All establishment sizes",4,14,14,14,32889,0,0,180
"06049","5","SIC_0H64","29","0",1981,"1","","Modoc County, California","Private","SIC 64 Insurance Agents, Brokers, and Service","County, 2-digit SIC -- by ownership sector","All establishment sizes",3,8,8,8,25591,0,0,246
"06049","5","SIC_0H64","29","0",1981,"2","","Modoc County, California","Private","SIC 64 Insurance Agents, Brokers, and Service","County, 2-digit SIC -- by ownership sector","All establishment sizes",3,8,9,9,23519,0,0,208
"06049","5","SIC_0H64","29","0",1981,"3","","Modoc County, California","Private","SIC 64 Insurance Agents, Brokers, and Service","County, 2-digit SIC -- by ownership sector","All establishment sizes",3,7,9,7,25488,0,0,255
"06049","5","SIC_0H64","29","0",1981,"4","","Modoc County, California","Private","SIC 64 Insurance Agents, Brokers, and Service","County, 2-digit SIC -- by ownership sector","All establishment sizes",3,8,9,8,29316,0,0,270
"06049","5","SIC_0H65","29","0",1981,"1","","Modoc County, California","Private","SIC 65 Real Estate","County, 2-digit SIC -- by ownership sector","All establishment sizes",8,35,32,33,59989,0,0,138
"06049","5","SIC_0H65","29","0",1981,"2","","Modoc County, California","Private","SIC 65 Real Estate","County, 2-digit SIC -- by ownership sector","All establishment sizes",8,35,33,34,53941,0,0,122
"06049","5","SIC_0H65","29","0",1981,"3","N","Modoc County, California","Private","SIC 65 Real Estate","County, 2-digit SIC -- by ownership sector","All establishment sizes",0,0,0,0,0,0,0,0
"06049","5","SIC_0H65","29","0",1981,"4","N","Modoc County, California","Private","SIC 65 Real Estate","County, 2-digit SIC -- by ownership sector","All establishment sizes",0,0,0,0,0,0,0,0
"06049","5","SIC_0I","28","0",1981,"1","","Modoc County, California","Private","Services Division","County, Industry Division -- by ownership sector","All establishment sizes",54,327,342,344,632042,0,0,143
"06049","5","SIC_0I","28","0",1981,"2","","Modoc County, California","Private","Services Division","County, Industry Division -- by ownership sector","All establishment sizes",56,338,336,361,641917,0,0,143
"06049","5","SIC_0I","28","0",1981,"3","","Modoc County, California","Private","Services Division","County, Industry Division -- by ownership sector","All establishment sizes",57,381,377,361,729353,0,0,150
"06049","5","SIC_0I","28","0",1981,"4","","Modoc County, California","Private","Services Division","County, Industry Division -- by ownership sector","All establishment sizes",56,268,259,253,606513,0,0,179
"06049","5","SIC_0I70","29","0",1981,"1","","Modoc County, California","Private","SIC 70 Hotels and Other Lodging Places","County, 2-digit SIC -- by ownership sector","All establishment sizes",8,22,24,24,24319,0,0,80
"06049","5","SIC_0I70","29","0",1981,"2","","Modoc County, California","Private","SIC 70 Hotels and Other Lodging Places","County, 2-digit SIC -- by ownership sector","All establishment sizes",7,26,27,28,26897,0,0,76
"06049","5","SIC_0I70","29","0",1981,"3","","Modoc County, California","Private","SIC 70 Hotels and Other Lodging Places","County, 2-digit SIC -- by ownership sector","All establishment sizes",7,25,24,25,29323,0,0,91
"06049","5","SIC_0I70","29","0",1981,"4","","Modoc County, California","Private","SIC 70 Hotels and Other Lodging Places","County, 2-digit SIC -- by ownership sector","All establishment sizes",7,23,22,21,24147,0,0,84
"06049","5","SIC_0I72","29","0",1981,"1","","Modoc County, California","Private","SIC 72 Personal Services","County, 2-digit SIC -- by ownership sector","All establishment sizes",3,6,6,6,10416,0,0,133
"06049","5","SIC_0I72","29","0",1981,"2","","Modoc County, California","Private","SIC 72 Personal Services","County, 2-digit SIC -- by ownership sector","All establishment sizes",3,6,10,8,14088,0,0,135
"06049","5","SIC_0I72","29","0",1981,"3","","Modoc County, California","Private","SIC 72 Personal Services","County, 2-digit SIC -- by ownership sector","All establishment sizes",3,8,7,6,12823,0,0,140
"06049","5","SIC_0I72","29","0",1981,"4","","Modoc County, California","Private","SIC 72 Personal Services","County, 2-digit SIC -- by ownership sector","All establishment sizes",3,6,5,5,10532,0,0,151
"06049","5","SIC_0I73","29","0",1981,"1","","Modoc County, California","Private","SIC 73 Business Services","County, 2-digit SIC -- by ownership sector","All establishment sizes",3,8,8,8,14302,0,0,137
"06049","5","SIC_0I73","29","0",1981,"2","","Modoc County, California","Private","SIC 73 Business Services","County, 2-digit SIC -- by ownership sector","All establishment sizes",3,6,7,10,22215,0,0,222
"06049","5","SIC_0I73","29","0",1981,"3","N","Modoc County, California","Private","SIC 73 Business Services","County, 2-digit SIC -- by ownership sector","All establishment sizes",0,0,0,0,0,0,0,0
"06049","5","SIC_0I73","29","0",1981,"4","N","Modoc County, California","Private","SIC 73 Business Services","County, 2-digit SIC -- by ownership sector","All establishment sizes",0,0,0,0,0,0,0,0
"06049","5","SIC_0I75","29","0",1981,"1","","Modoc County, California","Private","SIC 75 Auto Repair, Services, and Parking","County, 2-digit SIC -- by ownership sector","All establishment sizes",7,17,15,14,25996,0,0,130
"06049","5","SIC_0I75","29","0",1981,"2","","Modoc County, California","Private","SIC 75 Auto Repair, Services, and Parking","County, 2-digit SIC -- by ownership sector","All establishment sizes",9,27,28,26,47278,0,0,134
"06049","5","SIC_0I75","29","0",1981,"3","","Modoc County, California","Private","SIC 75 Auto Repair, Services, and Parking","County, 2-digit SIC -- by ownership sector","All establishment sizes",9,22,24,22,48089,0,0,163
"06049","5","SIC_0I75","29","0",1981,"4","","Modoc County, California","Private","SIC 75 Auto Repair, Services, and Parking","County, 2-digit SIC -- by ownership sector","All establishment sizes",8,20,21,19,41141,0,0,158
"06049","5","SIC_0I76","29","0",1981,"1","N","Modoc County, California","Private","SIC 76 Miscellaneous Repair Services","County, 2-digit SIC -- by ownership sector","All establishment sizes",0,0,0,0,0,0,0,0
"06049","5","SIC_0I76","29","0",1981,"2","N","Modoc County, California","Private","SIC 76 Miscellaneous Repair Services","County, 2-digit SIC -- by ownership sector","All establishment sizes",0,0,0,0,0,0,0,0
"06049","5","SIC_0I76","29","0",1981,"3","N","Modoc County, California","Private","SIC 76 Miscellaneous Repair Services","County, 2-digit SIC -- by ownership sector","All establishment sizes",0,0,0,0,0,0,0,0
"06049","5","SIC_0I76","29","0",1981,"4","N","Modoc County, California","Private","SIC 76 Miscellaneous Repair Services","County, 2-digit SIC -- by ownership sector","All establishment sizes",0,0,0,0,0,0,0,0
"06049","5","SIC_0I78","29","0",1981,"1","N","Modoc County, California","Private","SIC 78 Motion Pictures","County, 2-digit SIC -- by ownership sector","All establishment sizes",0,0,0,0,0,0,0,0
"06049","5","SIC_0I78","29","0",1981,"2","N","Modoc County, California","Private","SIC 78 Motion Pictures","County, 2-digit SIC -- by ownership sector","All establishment sizes",0,0,0,0,0,0,0,0
"06049","5","SIC_0I78","29","0",1981,"3","N","Modoc County, California","Private","SIC 78 Motion Pictures","County, 2-digit SIC -- by ownership sector","All establishment sizes",0,0,0,0,0,0,0,0
"06049","5","SIC_0I78","29","0",1981,"4","N","Modoc County, California","Private","SIC 78 Motion Pictures","County, 2-digit SIC -- by ownership sector","All establishment sizes",0,0,0,0,0,0,0,0
"06049","5","SIC_0I79","29","0",1981,"1","N","Modoc County, California","Private","SIC 79 Amusement and Recreation Services","County, 2-digit SIC -- by ownership sector","All establishment sizes",0,0,0,0,0,0,0,0
"06049","5","SIC_0I79","29","0",1981,"2","N","Modoc County, California","Private","SIC 79 Amusement and Recreation Services","County, 2-digit SIC -- by ownership sector","All establishment sizes",0,0,0,0,0,0,0,0
"06049","5","SIC_0I79","29","0",1981,"3","N","Modoc County, California","Private","SIC 79 Amusement and Recreation Services","County, 2-digit SIC -- by ownership sector","All establishment sizes",0,0,0,0,0,0,0,0
"06049","5","SIC_0I79","29","0",1981,"4","","Modoc County, California","Private","SIC 79 Amusement and Recreation Services","County, 2-digit SIC -- by ownership sector","All establishment sizes",3,29,30,29,35482,0,0,93
"06049","5","SIC_0I80","29","0",1981,"1","","Modoc County, California","Private","SIC 80 Health Services","County, 2-digit SIC -- by ownership sector","All establishment sizes",9,115,121,125,298036,0,0,190
"06049","5","SIC_0I80","29","0",1981,"2","","Modoc County, California","Private","SIC 80 Health Services","County, 2-digit SIC -- by ownership sector","All establishment sizes",10,120,116,124,282117,0,0,180
"06049","5","SIC_0I80","29","0",1981,"3","","Modoc County, California","Private","SIC 80 Health Services","County, 2-digit SIC -- by ownership sector","All establishment sizes",10,112,124,120,290689,0,0,188
"06049","5","SIC_0I80","29","0",1981,"4","","Modoc County, California","Private","SIC 80 Health Services","County, 2-digit SIC -- by ownership sector","All establishment sizes",9,94,97,98,298278,0,0,238
"06049","5","SIC_0I81","29","0",1981,"1","","Modoc County, California","Private","SIC 81 Legal Services","County, 2-digit SIC -- by ownership sector","All establishment sizes",4,5,5,4,7719,0,0,127
"06049","5","SIC_0I81","29","0",1981,"2","","Modoc County, California","Private","SIC 81 Legal Services","County, 2-digit SIC -- by ownership sector","All establishment sizes",4,4,4,5,7692,0,0,136
"06049","5","SIC_0I81","29","0",1981,"3","","Modoc County, California","Private","SIC 81 Legal Services","County, 2-digit SIC -- by ownership sector","All establishment sizes",3,4,4,4,6488,0,0,124
"06049","5","SIC_0I81","29","0",1981,"4","","Modoc County, California","Private","SIC 81 Legal Services","County, 2-digit SIC -- by ownership sector","All establishment sizes",3,4,4,4,6514,0,0,125
"06049","5","SIC_0I83","29","0",1981,"1","","Modoc County, California","Private","SIC 83 Social Services","County, 2-digit SIC -- by ownership sector","All establishment sizes",6,123,128,128,179861,0,0,109
"06049","5","SIC_0I83","29","0",1981,"2","","Modoc County, California","Private","SIC 83 Social Services","County, 2-digit SIC -- by ownership sector","All establishment sizes",6,120,113,123,172026,0,0,111
"06049","5","SIC_0I83","29","0",1981,"3","","Modoc County, California","Private","SIC 83 Social Services","County, 2-digit SIC -- by ownership sector","All establishment sizes",8,152,137,127,221531,0,0,122
"06049","5","SIC_0I83","29","0",1981,"4","","Modoc County, California","Private","SIC 83 Social Services","County, 2-digit SIC -- by ownership sector","All establishment sizes",7,45,41,39,94583,0,0,174
"06049","5","SIC_0I86","29","0",1981,"1","N","Modoc County, California","Private","SIC 86 Membership Organizations","County, 2-digit SIC -- by ownership sector","All establishment sizes",0,0,0,0,0,0,0,0
"06049","5","SIC_0I86","29","0",1981,"2","","Modoc County, California","Private","SIC 86 Membership Organizations","County, 2-digit SIC -- by ownership sector","All establishment sizes",3,4,4,4,6184,0,0,118
"06049","5","SIC_0I86","29","0",1981,"3","","Modoc County, California","Private","SIC 86 Membership Organizations","County, 2-digit SIC -- by ownership sector","All establishment sizes",3,4,4,4,6175,0,0,118
"06049","5","SIC_0I86","29","0",1981,"4","","Modoc County, California","Private","SIC 86 Membership Organizations","County, 2-digit SIC -- by ownership sector","All establishment sizes",3,4,4,4,7700,0,0,148
"06049","5","SIC_0I88","29","0",1981,"1","N","Modoc County, California","Private","SIC 88 Private Households","County, 2-digit SIC -- by ownership sector","All establishment sizes",0,0,0,0,0,0,0,0
"06049","5","SIC_0I88","29","0",1981,"2","N","Modoc County, California","Private","SIC 88 Private Households","County, 2-digit SIC -- by ownership sector","All establishment sizes",0,0,0,0,0,0,0,0
"06049","5","SIC_0I88","29","0",1981,"3","N","Modoc County, California","Private","SIC 88 Private Households","County, 2-digit SIC -- by ownership sector","All establishment sizes",0,0,0,0,0,0,0,0
"06049","5","SIC_0I88","29","0",1981,"4","N","Modoc County, California","Private","SIC 88 Private Households","County, 2-digit SIC -- by ownership sector","All establishment sizes",0,0,0,0,0,0,0,0
"06049","5","SIC_0I89","29","0",1981,"1","","Modoc County, California","Private","SIC 89 Services, Nec","County, 2-digit SIC -- by ownership sector","All establishment sizes",5,14,18,17,36579,0,0,172
"06049","5","SIC_0I89","29","0",1981,"2","","Modoc County, California","Private","SIC 89 Services, Nec","County, 2-digit SIC -- by ownership sector","All establishment sizes",6,13,14,19,37563,0,0,188
"06049","5","SIC_0I89","29","0",1981,"3","","Modoc County, California","Private","SIC 89 Services, Nec","County, 2-digit SIC -- by ownership sector","All establishment sizes",6,24,21,20,45476,0,0,161
"06049","5","SIC_0I89","29","0",1981,"4","","Modoc County, California","Private","SIC 89 Services, Nec","County, 2-digit SIC -- by ownership sector","All establishment sizes",6,21,17,18,47320,0,0,195
"06049","5","SIC_0K","28","0",1981,"1","N","Modoc County, California","Private","Nonclassifiable Establishments","County, Industry Division -- by ownership sector","All establishment sizes",0,0,0,0,0,0,0,0
"06049","5","SIC_0K","28","0",1981,"2","N","Modoc County, California","Private","Nonclassifiable Establishments","County, Industry Division -- by ownership sector","All establishment sizes",0,0,0,0,0,0,0,0
"06049","5","SIC_0K","28","0",1981,"3","N","Modoc County, California","Private","Nonclassifiable Establishments","County, Industry Division -- by ownership sector","All establishment sizes",0,0,0,0,0,0,0,0
"06049","5","SIC_0K","28","0",1981,"4","N","Modoc County, California","Private","Nonclassifiable Establishments","County, Industry Division -- by ownership sector","All establishment sizes",0,0,0,0,0,0,0,0
"06049","5","SIC_0K99","29","0",1981,"1","N","Modoc County, California","Private","SIC 99 Nonclassifiable Establishments","County, 2-digit SIC -- by ownership sector","All establishment sizes",0,0,0,0,0,0,0,0
"06049","5","SIC_0K99","29","0",1981,"2","N","Modoc County, California","Private","SIC 99 Nonclassifiable Establishments","County, 2-digit SIC -- by ownership sector","All establishment sizes",0,0,0,0,0,0,0,0
"06049","5","SIC_0K99","29","0",1981,"3","N","Modoc County, California","Private","SIC 99 Nonclassifiable Establishments","County, 2-digit SIC -- by ownership sector","All establishment sizes",0,0,0,0,0,0,0,0
"06049","5","SIC_0K99","29","0",1981,"4","N","Modoc County, California","Private","SIC 99 Nonclassifiable Establishments","County, 2-digit SIC -- by ownership sector","All establishment sizes",0,0,0,0,0,0,0,0
