"area_fips","own_code","industry_code","agglvl_code","size_code","year","qtr","disclosure_code","area_title","own_title","industry_title","agglvl_title","size_title","qtrly_estabs_count","month1_emplvl","month2_emplvl","month3_emplvl","total_qtrly_wages","taxable_qtrly_wages","qtrly_contributions","avg_wkly_wage"
"08017","0","SIC_0Z","26","0",1981,"1","","Cheyenne County, Colorado","Total Covered","All Industries","County, Total Covered","All establishment sizes",71,532,515,520,1343242,0,0,197
"08017","0","SIC_0Z","26","0",1981,"2","","Cheyenne County, Colorado","Total Covered","All Industries","County, Total Covered","All establishment sizes",72,526,545,519,1402621,0,0,203
"08017","0","SIC_0Z","26","0",1981,"3","","Cheyenne County, Colorado","Total Covered","All Industries","County, Total Covered","All establishment sizes",79,525,514,535,1390094,0,0,203
"08017","0","SIC_0Z","26","0",1981,"4","","Cheyenne County, Colorado","Total Covered","All Industries","County, Total Covered","All establishment sizes",75,535,548,546,1545032,0,0,218
"08017","1","SIC_0Z","27","0",1981,"1","","Cheyenne County, Colorado","Federal Government","All Industries","County, Total -- by ownership sector","All establishment sizes",6,27,22,19,95690,0,0,324
"08017","1","SIC_0Z","27","0",1981,"2","","Cheyenne County, Colorado","Federal Government","All Industries","County, Total -- by ownership sector","All establishment sizes",6,19,22,22,86587,0,0,317
"08017","1","SIC_0Z","27","0",1981,"3","","Cheyenne County, Colorado","Federal Government","All Industries","County, Total -- by ownership sector","All establishment sizes",6,18,22,23,85633,0,0,313
"08017","1","SIC_0Z","27","0",1981,"4","","Cheyenne County, Colorado","Federal Government","All Industries","County, Total -- by ownership sector","All establishment sizes",6,20,20,18,93047,0,0,370
"08017","1","SIC_0E","28","0",1981,"1","","Cheyenne County, Colorado","Federal Government","Transportation and Public Utilities Division","County, Industry Division -- by ownership sector","All establishment sizes",3,14,9,9,53357,0,0,384
"08017","1","SIC_0E","28","0",1981,"2","","Cheyenne County, Colorado","Federal Government","Transportation and Public Utilities Division","County, Industry Division -- by ownership sector","All establishment sizes",3,10,10,10,40143,0,0,308
"08017","1","SIC_0E","28","0",1981,"3","","Cheyenne County, Colorado","Federal Government","Transportation and Public Utilities Division","County, Industry Division -- by ownership sector","All establishment sizes",3,10,11,11,45762,0,0,330
"08017","1","SIC_0E","28","0",1981,"4","","Cheyenne County, Colorado","Federal Government","Transportation and Public Utilities Division","County, Industry Division -- by ownership sector","All establishment sizes",3,10,11,10,46184,0,0,343
"08017","1","SIC_0E43","29","0",1981,"1","","Cheyenne County, Colorado","Federal Government","SIC 43 U.S. Postal Service","County, 2-digit SIC -- by ownership sector","All establishment sizes",3,14,9,9,53357,0,0,384
"08017","1","SIC_0E43","29","0",1981,"2","","Cheyenne County, Colorado","Federal Government","SIC 43 U.S. Postal Service","County, 2-digit SIC -- by ownership sector","All establishment sizes",3,10,10,10,40143,0,0,308
"08017","1","SIC_0E43","29","0",1981,"3","","Cheyenne County, Colorado","Federal Government","SIC 43 U.S. Postal Service","County, 2-digit SIC -- by ownership sector","All establishment sizes",3,10,11,11,45762,0,0,330
"08017","1","SIC_0E43","29","0",1981,"4","","Cheyenne County, Colorado","Federal Government","SIC 43 U.S. Postal Service","County, 2-digit SIC -- by ownership sector","All establishment sizes",3,10,11,10,46184,0,0,343
"08017","1","SIC_0H","28","0",1981,"1","","Cheyenne County, Colorado","Federal Government","Finance, Insurance, and Real Estate Division","County, Industry Division -- by ownership sector","All establishment sizes",1,5,5,4,9879,0,0,162
"08017","1","SIC_0H","28","0",1981,"2","","Cheyenne County, Colorado","Federal Government","Finance, Insurance, and Real Estate Division","County, Industry Division -- by ownership sector","All establishment sizes",1,2,5,5,11655,0,0,224
"08017","1","SIC_0H","28","0",1981,"3","","Cheyenne County, Colorado","Federal Government","Finance, Insurance, and Real Estate Division","County, Industry Division -- by ownership sector","All establishment sizes",1,2,4,5,10178,0,0,213
"08017","1","SIC_0H","28","0",1981,"4","","Cheyenne County, Colorado","Federal Government","Finance, Insurance, and Real Estate Division","County, Industry Division -- by ownership sector","All establishment sizes",1,4,2,2,12203,0,0,352
"08017","1","SIC_0H61","29","0",1981,"1","","Cheyenne County, Colorado","Federal Government","SIC 61 Nondepository Institutions","County, 2-digit SIC -- by ownership sector","All establishment sizes",1,5,5,4,9879,0,0,162
"08017","1","SIC_0H61","29","0",1981,"2","","Cheyenne County, Colorado","Federal Government","SIC 61 Nondepository Institutions","County, 2-digit SIC -- by ownership sector","All establishment sizes",1,2,5,5,11655,0,0,224
"08017","1","SIC_0H61","29","0",1981,"3","","Cheyenne County, Colorado","Federal Government","SIC 61 Nondepository Institutions","County, 2-digit SIC -- by ownership sector","All establishment sizes",1,2,4,5,10178,0,0,213
"08017","1","SIC_0H61","29","0",1981,"4","","Cheyenne County, Colorado","Federal Government","SIC 61 Nondepository Institutions","County, 2-digit SIC -- by ownership sector","All establishment sizes",1,4,2,2,12203,0,0,352
"08017","1","SIC_0J","28","0",1981,"1","","Cheyenne County, Colorado","Federal Government","Public Administration Division","County, Industry Division -- by ownership sector","All establishment sizes",2,8,8,6,32454,0,0,340
"08017","1","SIC_0J","28","0",1981,"2","","Cheyenne County, Colorado","Federal Government","Public Administration Division","County, Industry Division -- by ownership sector","All establishment sizes",2,7,7,7,34789,0,0,382
"08017","1","SIC_0J","28","0",1981,"3","","Cheyenne County, Colorado","Federal Government","Public Administration Division","County, Industry Division -- by ownership sector","All establishment sizes",2,6,7,7,29693,0,0,342
"08017","1","SIC_0J","28","0",1981,"4","","Cheyenne County, Colorado","Federal Government","Public Administration Division","County, Industry Division -- by ownership sector","All establishment sizes",2,6,7,6,34660,0,0,420
"08017","1","SIC_0J95","29","0",1981,"1","","Cheyenne County, Colorado","Federal Government","SIC 95 Environmental Quality and Housing","County, 2-digit SIC -- by ownership sector","All establishment sizes",2,8,8,6,32454,0,0,340
"08017","1","SIC_0J95","29","0",1981,"2","","Cheyenne County, Colorado","Federal Government","SIC 95 Environmental Quality and Housing","County, 2-digit SIC -- by ownership sector","All establishment sizes",2,7,7,7,34789,0,0,382
"08017","1","SIC_0J95","29","0",1981,"3","","Cheyenne County, Colorado","Federal Government","SIC 95 Environmental Quality and Housing","County, 2-digit SIC -- by ownership sector","All establishment sizes",2,6,7,7,29693,0,0,342
"08017","1","SIC_0J95","29","0",1981,"4","","Cheyenne County, Colorado","Federal Government","SIC 95 Environmental Quality and Housing","County, 2-digit SIC -- by ownership sector","All establishment sizes",2,6,7,6,34660,0,0,420
"08017","2","SIC_0Z","27","0",1981,"1","","Cheyenne County, Colorado","State Government","All Industries","County, Total -- by ownership sector","All establishment sizes",4,4,5,5,11880,0,0,195
"08017","2","SIC_0Z","27","0",1981,"2","","Cheyenne County, Colorado","State Government","All Industries","County, Total -- by ownership sector","All establishment sizes",4,5,5,4,12248,0,0,201
"08017","2","SIC_0Z","27","0",1981,"3","","Cheyenne County, Colorado","State Government","All Industries","County, Total -- by ownership sector","All establishment sizes",4,5,4,4,13848,0,0,245
"08017","2","SIC_0Z","27","0",1981,"4","","Cheyenne County, Colorado","State Government","All Industries","County, Total -- by ownership sector","All establishment sizes",4,5,5,5,14468,0,0,222
"08017","2","SIC_0J","28","0",1981,"1","","Cheyenne County, Colorado","State Government","Public Administration Division","County, Industry Division -- by ownership sector","All establishment sizes",4,4,5,5,11880,0,0,195
"08017","2","SIC_0J","28","0",1981,"2","","Cheyenne County, Colorado","State Government","Public Administration Division","County, Industry Division -- by ownership sector","All establishment sizes",4,5,5,4,12248,0,0,201
"08017","2","SIC_0J","28","0",1981,"3","","Cheyenne County, Colorado","State Government","Public Administration Division","County, Industry Division -- by ownership sector","All establishment sizes",4,5,4,4,13848,0,0,245
"08017","2","SIC_0J","28","0",1981,"4","","Cheyenne County, Colorado","State Government","Public Administration Division","County, Industry Division -- by ownership sector","All establishment sizes",4,5,5,5,14468,0,0,222
"08017","2","SIC_0J92","29","0",1981,"1","N","Cheyenne County, Colorado","State Government","SIC 92 Justice, Public Order, and Safety","County, 2-digit SIC -- by ownership sector","All establishment sizes",0,0,0,0,0,0,0,0
"08017","2","SIC_0J92","29","0",1981,"2","N","Cheyenne County, Colorado","State Government","SIC 92 Justice, Public Order, and Safety","County, 2-digit SIC -- by ownership sector","All establishment sizes",0,0,0,0,0,0,0,0
"08017","2","SIC_0J92","29","0",1981,"3","N","Cheyenne County, Colorado","State Government","SIC 92 Justice, Public Order, and Safety","County, 2-digit SIC -- by ownership sector","All establishment sizes",0,0,0,0,0,0,0,0
"08017","2","SIC_0J92","29","0",1981,"4","N","Cheyenne County, Colorado","State Government","SIC 92 Justice, Public Order, and Safety","County, 2-digit SIC -- by ownership sector","All establishment sizes",0,0,0,0,0,0,0,0
"08017","2","SIC_0J94","29","0",1981,"1","N","Cheyenne County, Colorado","State Government","SIC 94 Administration of Human Resources","County, 2-digit SIC -- by ownership sector","All establishment sizes",0,0,0,0,0,0,0,0
"08017","2","SIC_0J94","29","0",1981,"2","N","Cheyenne County, Colorado","State Government","SIC 94 Administration of Human Resources","County, 2-digit SIC -- by ownership sector","All establishment sizes",0,0,0,0,0,0,0,0
"08017","2","SIC_0J94","29","0",1981,"3","N","Cheyenne County, Colorado","State Government","SIC 94 Administration of Human Resources","County, 2-digit SIC -- by ownership sector","All establishment sizes",0,0,0,0,0,0,0,0
"08017","2","SIC_0J94","29","0",1981,"4","N","Cheyenne County, Colorado","State Government","SIC 94 Administration of Human Resources","County, 2-digit SIC -- by ownership sector","All establishment sizes",0,0,0,0,0,0,0,0
"08017","2","SIC_0J96","29","0",1981,"1","N","Cheyenne County, Colorado","State Government","SIC 96 Administration of Economic Programs","County, 2-digit SIC -- by ownership sector","All establishment sizes",0,0,0,0,0,0,0,0
"08017","2","SIC_0J96","29","0",1981,"2","N","Cheyenne County, Colorado","State Government","SIC 96 Administration of Economic Programs","County, 2-digit SIC -- by ownership sector","All establishment sizes",0,0,0,0,0,0,0,0
"08017","2","SIC_0J96","29","0",1981,"3","N","Cheyenne County, Colorado","State Government","SIC 96 Administration of Economic Programs","County, 2-digit SIC -- by ownership sector","All establishment sizes",0,0,0,0,0,0,0,0
"08017","2","SIC_0J96","29","0",1981,"4","N","Cheyenne County, Colorado","State Government","SIC 96 Administration of Economic Programs","County, 2-digit SIC -- by ownership sector","All establishment sizes",0,0,0,0,0,0,0,0
"08017","3","SIC_0Z","27","0",1981,"1","","Cheyenne County, Colorado","Local Government","All Industries","County, Total -- by ownership sector","All establishment sizes",11,191,190,191,418352,0,0,168
"08017","3","SIC_0Z","27","0",1981,"2","","Cheyenne County, Colorado","Local Government","All Industries","County, Total -- by ownership sector","All establishment sizes",11,190,189,163,470555,0,0,200
"08017","3","SIC_0Z","27","0",1981,"3","","Cheyenne County, Colorado","Local Government","All Industries","County, Total -- by ownership sector","All establishment sizes",11,152,156,174,356869,0,0,170
"08017","3","SIC_0Z","27","0",1981,"4","","Cheyenne County, Colorado","Local Government","All Industries","County, Total -- by ownership sector","All establishment sizes",11,181,184,192,454399,0,0,188
"08017","3","SIC_0E","28","0",1981,"1","N","Cheyenne County, Colorado","Local Government","Transportation and Public Utilities Division","County, Industry Division -- by ownership sector","All establishment sizes",0,0,0,0,0,0,0,0
"08017","3","SIC_0E","28","0",1981,"2","N","Cheyenne County, Colorado","Local Government","Transportation and Public Utilities Division","County, Industry Division -- by ownership sector","All establishment sizes",0,0,0,0,0,0,0,0
"08017","3","SIC_0E","28","0",1981,"3","N","Cheyenne County, Colorado","Local Government","Transportation and Public Utilities Division","County, Industry Division -- by ownership sector","All establishment sizes",0,0,0,0,0,0,0,0
"08017","3","SIC_0E","28","0",1981,"4","N","Cheyenne County, Colorado","Local Government","Transportation and Public Utilities Division","County, Industry Division -- by ownership sector","All establishment sizes",0,0,0,0,0,0,0,0
"08017","3","SIC_0E49","29","0",1981,"1","N","Cheyenne County, Colorado","Local Government","SIC 49 Electric, Gas, And Sanitary Services","County, 2-digit SIC -- by ownership sector","All establishment sizes",0,0,0,0,0,0,0,0
"08017","3","SIC_0E49","29","0",1981,"2","N","Cheyenne County, Colorado","Local Government","SIC 49 Electric, Gas, And Sanitary Services","County, 2-digit SIC -- by ownership sector","All establishment sizes",0,0,0,0,0,0,0,0
"08017","3","SIC_0E49","29","0",1981,"3","N","Cheyenne County, Colorado","Local Government","SIC 49 Electric, Gas, And Sanitary Services","County, 2-digit SIC -- by ownership sector","All establishment sizes",0,0,0,0,0,0,0,0
"08017","3","SIC_0E49","29","0",1981,"4","N","Cheyenne County, Colorado","Local Government","SIC 49 Electric, Gas, And Sanitary Services","County, 2-digit SIC -- by ownership sector","All establishment sizes",0,0,0,0,0,0,0,0
"08017","3","SIC_0H","28","0",1981,"1","N","Cheyenne County, Colorado","Local Government","Finance, Insurance, and Real Estate Division","County, Industry Division -- by ownership sector","All establishment sizes",0,0,0,0,0,0,0,0
"08017","3","SIC_0H","28","0",1981,"2","N","Cheyenne County, Colorado","Local Government","Finance, Insurance, and Real Estate Division","County, Industry Division -- by ownership sector","All establishment sizes",0,0,0,0,0,0,0,0
"08017","3","SIC_0H","28","0",1981,"3","N","Cheyenne County, Colorado","Local Government","Finance, Insurance, and Real Estate Division","County, Industry Division -- by ownership sector","All establishment sizes",0,0,0,0,0,0,0,0
"08017","3","SIC_0H","28","0",1981,"4","N","Cheyenne County, Colorado","Local Government","Finance, Insurance, and Real Estate Division","County, Industry Division -- by ownership sector","All establishment sizes",0,0,0,0,0,0,0,0
"08017","3","SIC_0H65","29","0",1981,"1","N","Cheyenne County, Colorado","Local Government","SIC 65 Real Estate","County, 2-digit SIC -- by ownership sector","All establishment sizes",0,0,0,0,0,0,0,0
"08017","3","SIC_0H65","29","0",1981,"2","N","Cheyenne County, Colorado","Local Government","SIC 65 Real Estate","County, 2-digit SIC -- by ownership sector","All establishment sizes",0,0,0,0,0,0,0,0
"08017","3","SIC_0H65","29","0",1981,"3","N","Cheyenne County, Colorado","Local Government","SIC 65 Real Estate","County, 2-digit SIC -- by ownership sector","All establishment sizes",0,0,0,0,0,0,0,0
"08017","3","SIC_0H65","29","0",1981,"4","N","Cheyenne County, Colorado","Local Government","SIC 65 Real Estate","County, 2-digit SIC -- by ownership sector","All establishment sizes",0,0,0,0,0,0,0,0
"08017","3","SIC_0I","28","0",1981,"1","","Cheyenne County, Colorado","Local Government","Services Division","County, Industry Division -- by ownership sector","All establishment sizes",4,116,117,120,280349,0,0,183
"08017","3","SIC_0I","28","0",1981,"2","","Cheyenne County, Colorado","Local Government","Services Division","County, Industry Division -- by ownership sector","All establishment sizes",4,120,119,84,330146,0,0,235
"08017","3","SIC_0I","28","0",1981,"3","","Cheyenne County, Colorado","Local Government","Services Division","County, Industry Division -- by ownership sector","All establishment sizes",4,75,76,105,214847,0,0,193
"08017","3","SIC_0I","28","0",1981,"4","","Cheyenne County, Colorado","Local Government","Services Division","County, Industry Division -- by ownership sector","All establishment sizes",4,110,114,120,315102,0,0,211
"08017","3","SIC_0I80","29","0",1981,"1","N","Cheyenne County, Colorado","Local Government","SIC 80 Health Services","County, 2-digit SIC -- by ownership sector","All establishment sizes",0,0,0,0,0,0,0,0
"08017","3","SIC_0I80","29","0",1981,"2","N","Cheyenne County, Colorado","Local Government","SIC 80 Health Services","County, 2-digit SIC -- by ownership sector","All establishment sizes",0,0,0,0,0,0,0,0
"08017","3","SIC_0I80","29","0",1981,"3","N","Cheyenne County, Colorado","Local Government","SIC 80 Health Services","County, 2-digit SIC -- by ownership sector","All establishment sizes",0,0,0,0,0,0,0,0
"08017","3","SIC_0I80","29","0",1981,"4","N","Cheyenne County, Colorado","Local Government","SIC 80 Health Services","County, 2-digit SIC -- by ownership sector","All establishment sizes",0,0,0,0,0,0,0,0
"08017","3","SIC_0I82","29","0",1981,"1","N","Cheyenne County, Colorado","Local Government","SIC 82 Educational Services","County, 2-digit SIC -- by ownership sector","All establishment sizes",0,0,0,0,0,0,0,0
"08017","3","SIC_0I82","29","0",1981,"2","N","Cheyenne County, Colorado","Local Government","SIC 82 Educational Services","County, 2-digit SIC -- by ownership sector","All establishment sizes",0,0,0,0,0,0,0,0
"08017","3","SIC_0I82","29","0",1981,"3","N","Cheyenne County, Colorado","Local Government","SIC 82 Educational Services","County, 2-digit SIC -- by ownership sector","All establishment sizes",0,0,0,0,0,0,0,0
"08017","3","SIC_0I82","29","0",1981,"4","N","Cheyenne County, Colorado","Local Government","SIC 82 Educational Services","County, 2-digit SIC -- by ownership sector","All establishment sizes",0,0,0,0,0,0,0,0
"08017","3","SIC_0J","28","0",1981,"1","","Cheyenne County, Colorado","Local Government","Public Administration Division","County, Industry Division -- by ownership sector","All establishment sizes",3,66,64,62,133857,0,0,160
"08017","3","SIC_0J","28","0",1981,"2","","Cheyenne County, Colorado","Local Government","Public Administration Division","County, Industry Division -- by ownership sector","All establishment sizes",3,60,61,70,135964,0,0,164
"08017","3","SIC_0J","28","0",1981,"3","","Cheyenne County, Colorado","Local Government","Public Administration Division","County, Industry Division -- by ownership sector","All establishment sizes",3,68,71,60,137579,0,0,159
"08017","3","SIC_0J","28","0",1981,"4","","Cheyenne County, Colorado","Local Government","Public Administration Division","County, Industry Division -- by ownership sector","All establishment sizes",3,62,61,63,135391,0,0,167
"08017","3","SIC_0J91","29","0",1981,"1","","Cheyenne County, Colorado","Local Government","SIC 91 Executive, Legislative, and General","County, 2-digit SIC -- by ownership sector","All establishment sizes",3,66,64,62,133857,0,0,160
"08017","3","SIC_0J91","29","0",1981,"2","","Cheyenne County, Colorado","Local Government","SIC 91 Executive, Legislative, and General","County, 2-digit SIC -- by ownership sector","All establishment sizes",3,60,61,70,135964,0,0,164
"08017","3","SIC_0J91","29","0",1981,"3","","Cheyenne County, Colorado","Local Government","SIC 91 Executive, Legislative, and General","County, 2-digit SIC -- by ownership sector","All establishment sizes",3,68,71,60,137579,0,0,159
"08017","3","SIC_0J91","29","0",1981,"4","","Cheyenne County, Colorado","Local Government","SIC 91 Executive, Legislative, and General","County, 2-digit SIC -- by ownership sector","All establishment sizes",3,62,61,63,135391,0,0,167
"08017","5","SIC_0Z","27","0",1981,"1","","Cheyenne County, Colorado","Private","All Industries","County, Total -- by ownership sector","All establishment sizes",50,310,298,305,817320,0,0,206
"08017","5","SIC_0Z","27","0",1981,"2","","Cheyenne County, Colorado","Private","All Industries","County, Total -- by ownership sector","All establishment sizes",51,312,329,330,833231,0,0,198
"08017","5","SIC_0Z","27","0",1981,"3","","Cheyenne County, Colorado","Private","All Industries","County, Total -- by ownership sector","All establishment sizes",58,350,332,334,933744,0,0,212
"08017","5","SIC_0Z","27","0",1981,"4","","Cheyenne County, Colorado","Private","All Industries","County, Total -- by ownership sector","All establishment sizes",54,329,339,331,983118,0,0,227
"08017","5","SIC_0A","28","0",1981,"1","N","Cheyenne County, Colorado","Private","Agriculture, Forestry, and Fishing Division","County, Industry Division -- by ownership sector","All establishment sizes",0,0,0,0,0,0,0,0
"08017","5","SIC_0A","28","0",1981,"2","N","Cheyenne County, Colorado","Private","Agriculture, Forestry, and Fishing Division","County, Industry Division -- by ownership sector","All establishment sizes",0,0,0,0,0,0,0,0
"08017","5","SIC_0A","28","0",1981,"3","","Cheyenne County, Colorado","Private","Agriculture, Forestry, and Fishing Division","County, Industry Division -- by ownership sector","All establishment sizes",3,18,10,8,26422,0,0,169
"08017","5","SIC_0A","28","0",1981,"4","","Cheyenne County, Colorado","Private","Agriculture, Forestry, and Fishing Division","County, Industry Division -- by ownership sector","All establishment sizes",3,13,15,11,40911,0,0,242
"08017","5","SIC_0A01","29","0",1981,"1","N","Cheyenne County, Colorado","Private","SIC 01 Agricultural Production Crops","County, 2-digit SIC -- by ownership sector","All establishment sizes",0,0,0,0,0,0,0,0
"08017","5","SIC_0A01","29","0",1981,"2","N","Cheyenne County, Colorado","Private","SIC 01 Agricultural Production Crops","County, 2-digit SIC -- by ownership sector","All establishment sizes",0,0,0,0,0,0,0,0
"08017","5","SIC_0A01","29","0",1981,"3","N","Cheyenne County, Colorado","Private","SIC 01 Agricultural Production Crops","County, 2-digit SIC -- by ownership sector","All establishment sizes",0,0,0,0,0,0,0,0
"08017","5","SIC_0A01","29","0",1981,"4","N","Cheyenne County, Colorado","Private","SIC 01 Agricultural Production Crops","County, 2-digit SIC -- by ownership sector","All establishment sizes",0,0,0,0,0,0,0,0
"08017","5","SIC_0A07","29","0",1981,"1","","Cheyenne County, Colorado","Private","SIC 07 Agricultural Services","County, 2-digit SIC -- by ownership sector","All establishment sizes",0,0,0,0,0,0,0,0
"08017","5","SIC_0A07","29","0",1981,"2","N","Cheyenne County, Colorado","Private","SIC 07 Agricultural Services","County, 2-digit SIC -- by ownership sector","All establishment sizes",0,0,0,0,0,0,0,0
"08017","5","SIC_0A07","29","0",1981,"3","N","Cheyenne County, Colorado","Private","SIC 07 Agricultural Services","County, 2-digit SIC -- by ownership sector","All establishment sizes",0,0,0,0,0,0,0,0
"08017","5","SIC_0A07","29","0",1981,"4","N","Cheyenne County, Colorado","Private","SIC 07 Agricultural Services","County, 2-digit SIC -- by ownership sector","All establishment sizes",0,0,0,0,0,0,0,0
"08017","5","SIC_0B","28","0",1981,"1","","Cheyenne County, Colorado","Private","Mining Division","County, Industry Division -- by ownership sector","All establishment sizes",4,27,26,23,125834,0,0,382
"08017","5","SIC_0B","28","0",1981,"2","","Cheyenne County, Colorado","Private","Mining Division","County, Industry Division -- by ownership sector","All establishment sizes",4,24,23,16,86990,0,0,318
"08017","5","SIC_0B","28","0",1981,"3","","Cheyenne County, Colorado","Private","Mining Division","County, Industry Division -- by ownership sector","All establishment sizes",4,27,28,30,113210,0,0,307
"08017","5","SIC_0B","28","0",1981,"4","","Cheyenne County, Colorado","Private","Mining Division","County, Industry Division -- by ownership sector","All establishment sizes",4,26,36,33,125257,0,0,304
"08017","5","SIC_0B13","29","0",1981,"1","","Cheyenne County, Colorado","Private","SIC 13 Oil and Gas Extraction","County, 2-digit SIC -- by ownership sector","All establishment sizes",4,27,26,23,125834,0,0,382
"08017","5","SIC_0B13","29","0",1981,"2","","Cheyenne County, Colorado","Private","SIC 13 Oil and Gas Extraction","County, 2-digit SIC -- by ownership sector","All establishment sizes",4,24,23,16,86990,0,0,318
"08017","5","SIC_0B13","29","0",1981,"3","","Cheyenne County, Colorado","Private","SIC 13 Oil and Gas Extraction","County, 2-digit SIC -- by ownership sector","All establishment sizes",4,27,28,30,113210,0,0,307
"08017","5","SIC_0B13","29","0",1981,"4","","Cheyenne County, Colorado","Private","SIC 13 Oil and Gas Extraction","County, 2-digit SIC -- by ownership sector","All establishment sizes",4,26,36,33,125257,0,0,304
"08017","5","SIC_0C","28","0",1981,"1","","Cheyenne County, Colorado","Private","Construction Division","County, Industry Division -- by ownership sector","All establishment sizes",4,10,9,8,30024,0,0,256
"08017","5","SIC_0C","28","0",1981,"2","","Cheyenne County, Colorado","Private","Construction Division","County, Industry Division -- by ownership sector","All establishment sizes",4,9,10,10,30065,0,0,239
"08017","5","SIC_0C","28","0",1981,"3","N","Cheyenne County, Colorado","Private","Construction Division","County, Industry Division -- by ownership sector","All establishment sizes",0,0,0,0,0,0,0,0
"08017","5","SIC_0C","28","0",1981,"4","N","Cheyenne County, Colorado","Private","Construction Division","County, Industry Division -- by ownership sector","All establishment sizes",0,0,0,0,0,0,0,0
"08017","5","SIC_0C16","29","0",1981,"1","N","Cheyenne County, Colorado","Private","SIC 16 Heavy Construction, ex. Building","County, 2-digit SIC -- by ownership sector","All establishment sizes",0,0,0,0,0,0,0,0
"08017","5","SIC_0C16","29","0",1981,"2","N","Cheyenne County, Colorado","Private","SIC 16 Heavy Construction, ex. Building","County, 2-digit SIC -- by ownership sector","All establishment sizes",0,0,0,0,0,0,0,0
"08017","5","SIC_0C16","29","0",1981,"3","N","Cheyenne County, Colorado","Private","SIC 16 Heavy Construction, ex. Building","County, 2-digit SIC -- by ownership sector","All establishment sizes",0,0,0,0,0,0,0,0
"08017","5","SIC_0C16","29","0",1981,"4","N","Cheyenne County, Colorado","Private","SIC 16 Heavy Construction, ex. Building","County, 2-digit SIC -- by ownership sector","All establishment sizes",0,0,0,0,0,0,0,0
"08017","5","SIC_0C17","29","0",1981,"1","N","Cheyenne County, Colorado","Private","SIC 17 Special Trade Contractors","County, 2-digit SIC -- by ownership sector","All establishment sizes",0,0,0,0,0,0,0,0
"08017","5","SIC_0C17","29","0",1981,"2","N","Cheyenne County, Colorado","Private","SIC 17 Special Trade Contractors","County, 2-digit SIC -- by ownership sector","All establishment sizes",0,0,0,0,0,0,0,0
"08017","5","SIC_0C17","29","0",1981,"3","","Cheyenne County, Colorado","Private","SIC 17 Special Trade Contractors","County, 2-digit SIC -- by ownership sector","All establishment sizes",3,4,4,3,8323,0,0,174
"08017","5","SIC_0C17","29","0",1981,"4","","Cheyenne County, Colorado","Private","SIC 17 Special Trade Contractors","County, 2-digit SIC -- by ownership sector","All establishment sizes",3,3,3,3,9147,0,0,234
"08017","5","SIC_0D","28","0",1981,"1","N","Cheyenne County, Colorado","Private","Manufacturing Division","County, Industry Division -- by ownership sector","All establishment sizes",0,0,0,0,0,0,0,0
"08017","5","SIC_0D","28","0",1981,"2","N","Cheyenne County, Colorado","Private","Manufacturing Division","County, Industry Division -- by ownership sector","All establishment sizes",0,0,0,0,0,0,0,0
"08017","5","SIC_0D","28","0",1981,"3","N","Cheyenne County, Colorado","Private","Manufacturing Division","County, Industry Division -- by ownership sector","All establishment sizes",0,0,0,0,0,0,0,0
"08017","5","SIC_0D","28","0",1981,"4","N","Cheyenne County, Colorado","Private","Manufacturing Division","County, Industry Division -- by ownership sector","All establishment sizes",0,0,0,0,0,0,0,0
"08017","5","SIC_0D27","29","0",1981,"1","N","Cheyenne County, Colorado","Private","SIC 27 Printing and Publishing","County, 2-digit SIC -- by ownership sector","All establishment sizes",0,0,0,0,0,0,0,0
"08017","5","SIC_0D27","29","0",1981,"2","N","Cheyenne County, Colorado","Private","SIC 27 Printing and Publishing","County, 2-digit SIC -- by ownership sector","All establishment sizes",0,0,0,0,0,0,0,0
"08017","5","SIC_0D27","29","0",1981,"3","N","Cheyenne County, Colorado","Private","SIC 27 Printing and Publishing","County, 2-digit SIC -- by ownership sector","All establishment sizes",0,0,0,0,0,0,0,0
"08017","5","SIC_0D27","29","0",1981,"4","N","Cheyenne County, Colorado","Private","SIC 27 Printing and Publishing","County, 2-digit SIC -- by ownership sector","All establishment sizes",0,0,0,0,0,0,0,0
"08017","5","SIC_0E","28","0",1981,"1","","Cheyenne County, Colorado","Private","Transportation and Public Utilities Division","County, Industry Division -- by ownership sector","All establishment sizes",4,52,51,50,234379,0,0,353
"08017","5","SIC_0E","28","0",1981,"2","","Cheyenne County, Colorado","Private","Transportation and Public Utilities Division","County, Industry Division -- by ownership sector","All establishment sizes",4,49,52,50,233474,0,0,356
"08017","5","SIC_0E","28","0",1981,"3","","Cheyenne County, Colorado","Private","Transportation and Public Utilities Division","County, Industry Division -- by ownership sector","All establishment sizes",5,52,51,49,260486,0,0,395
"08017","5","SIC_0E","28","0",1981,"4","","Cheyenne County, Colorado","Private","Transportation and Public Utilities Division","County, Industry Division -- by ownership sector","All establishment sizes",4,48,51,52,249373,0,0,381
"08017","5","SIC_0E42","29","0",1981,"1","N","Cheyenne County, Colorado","Private","SIC 42 Trucking And Warehousing","County, 2-digit SIC -- by ownership sector","All establishment sizes",0,0,0,0,0,0,0,0
"08017","5","SIC_0E42","29","0",1981,"2","N","Cheyenne County, Colorado","Private","SIC 42 Trucking And Warehousing","County, 2-digit SIC -- by ownership sector","All establishment sizes",0,0,0,0,0,0,0,0
"08017","5","SIC_0E42","29","0",1981,"3","","Cheyenne County, Colorado","Private","SIC 42 Trucking And Warehousing","County, 2-digit SIC -- by ownership sector","All establishment sizes",3,13,15,13,36946,0,0,207
"08017","5","SIC_0E42","29","0",1981,"4","N","Cheyenne County, Colorado","Private","SIC 42 Trucking And Warehousing","County, 2-digit SIC -- by ownership sector","All establishment sizes",0,0,0,0,0,0,0,0
"08017","5","SIC_0E48","29","0",1981,"1","N","Cheyenne County, Colorado","Private","SIC 48 Communication","County, 2-digit SIC -- by ownership sector","All establishment sizes",0,0,0,0,0,0,0,0
"08017","5","SIC_0E48","29","0",1981,"2","N","Cheyenne County, Colorado","Private","SIC 48 Communication","County, 2-digit SIC -- by ownership sector","All establishment sizes",0,0,0,0,0,0,0,0
"08017","5","SIC_0E48","29","0",1981,"3","N","Cheyenne County, Colorado","Private","SIC 48 Communication","County, 2-digit SIC -- by ownership sector","All establishment sizes",0,0,0,0,0,0,0,0
"08017","5","SIC_0E48","29","0",1981,"4","N","Cheyenne County, Colorado","Private","SIC 48 Communication","County, 2-digit SIC -- by ownership sector","All establishment sizes",0,0,0,0,0,0,0,0
"08017","5","SIC_0E49","29","0",1981,"1","N","Cheyenne County, Colorado","Private","SIC 49 Electric, Gas, And Sanitary Services","County, 2-digit SIC -- by ownership sector","All establishment sizes",0,0,0,0,0,0,0,0
"08017","5","SIC_0E49","29","0",1981,"2","N","Cheyenne County, Colorado","Private","SIC 49 Electric, Gas, And Sanitary Services","County, 2-digit SIC -- by ownership sector","All establishment sizes",0,0,0,0,0,0,0,0
"08017","5","SIC_0E49","29","0",1981,"3","N","Cheyenne County, Colorado","Private","SIC 49 Electric, Gas, And Sanitary Services","County, 2-digit SIC -- by ownership sector","All establishment sizes",0,0,0,0,0,0,0,0
"08017","5","SIC_0E49","29","0",1981,"4","N","Cheyenne County, Colorado","Private","SIC 49 Electric, Gas, And Sanitary Services","County, 2-digit SIC -- by ownership sector","All establishment sizes",0,0,0,0,0,0,0,0
"08017","5","SIC_0F","28","0",1981,"1","","Cheyenne County, Colorado","Private","Wholesale Trade Division","County, Industry Division -- by ownership sector","All establishment sizes",5,30,31,29,119032,0,0,305
"08017","5","SIC_0F","28","0",1981,"2","","Cheyenne County, Colorado","Private","Wholesale Trade Division","County, Industry Division -- by ownership sector","All establishment sizes",5,29,30,31,129408,0,0,331
"08017","5","SIC_0F","28","0",1981,"3","","Cheyenne County, Colorado","Private","Wholesale Trade Division","County, Industry Division -- by ownership sector","All establishment sizes",4,34,30,31,138755,0,0,337
"08017","5","SIC_0F","28","0",1981,"4","","Cheyenne County, Colorado","Private","Wholesale Trade Division","County, Industry Division -- by ownership sector","All establishment sizes",4,31,32,32,147555,0,0,358
"08017","5","SIC_0F50","29","0",1981,"1","N","Cheyenne County, Colorado","Private","SIC 50 Wholesale Trade Durable Goods","County, 2-digit SIC -- by ownership sector","All establishment sizes",0,0,0,0,0,0,0,0
"08017","5","SIC_0F50","29","0",1981,"2","N","Cheyenne County, Colorado","Private","SIC 50 Wholesale Trade Durable Goods","County, 2-digit SIC -- by ownership sector","All establishment sizes",0,0,0,0,0,0,0,0
"08017","5","SIC_0F50","29","0",1981,"3","N","Cheyenne County, Colorado","Private","SIC 50 Wholesale Trade Durable Goods","County, 2-digit SIC -- by ownership sector","All establishment sizes",0,0,0,0,0,0,0,0
"08017","5","SIC_0F50","29","0",1981,"4","N","Cheyenne County, Colorado","Private","SIC 50 Wholesale Trade Durable Goods","County, 2-digit SIC -- by ownership sector","All establishment sizes",0,0,0,0,0,0,0,0
"08017","5","SIC_0F51","29","0",1981,"1","N","Cheyenne County, Colorado","Private","SIC 51 Wholesale Trade Nondurable Goods","County, 2-digit SIC -- by ownership sector","All establishment sizes",0,0,0,0,0,0,0,0
"08017","5","SIC_0F51","29","0",1981,"2","N","Cheyenne County, Colorado","Private","SIC 51 Wholesale Trade Nondurable Goods","County, 2-digit SIC -- by ownership sector","All establishment sizes",0,0,0,0,0,0,0,0
"08017","5","SIC_0F51","29","0",1981,"3","N","Cheyenne County, Colorado","Private","SIC 51 Wholesale Trade Nondurable Goods","County, 2-digit SIC -- by ownership sector","All establishment sizes",0,0,0,0,0,0,0,0
"08017","5","SIC_0F51","29","0",1981,"4","N","Cheyenne County, Colorado","Private","SIC 51 Wholesale Trade Nondurable Goods","County, 2-digit SIC -- by ownership sector","All establishment sizes",0,0,0,0,0,0,0,0
"08017","5","SIC_0G","28","0",1981,"1","","Cheyenne County, Colorado","Private","Retail Trade Division","County, Industry Division -- by ownership sector","All establishment sizes",20,83,76,91,108180,0,0,99
"08017","5","SIC_0G","28","0",1981,"2","","Cheyenne County, Colorado","Private","Retail Trade Division","County, Industry Division -- by ownership sector","All establishment sizes",19,93,100,100,137560,0,0,108
"08017","5","SIC_0G","28","0",1981,"3","","Cheyenne County, Colorado","Private","Retail Trade Division","County, Industry Division -- by ownership sector","All establishment sizes",24,104,93,98,150088,0,0,117
"08017","5","SIC_0G","28","0",1981,"4","","Cheyenne County, Colorado","Private","Retail Trade Division","County, Industry Division -- by ownership sector","All establishment sizes",20,92,89,86,125013,0,0,108
"08017","5","SIC_0G52","29","0",1981,"1","N","Cheyenne County, Colorado","Private","SIC 52 Building Materials and Garden Supplies","County, 2-digit SIC -- by ownership sector","All establishment sizes",0,0,0,0,0,0,0,0
"08017","5","SIC_0G52","29","0",1981,"2","N","Cheyenne County, Colorado","Private","SIC 52 Building Materials and Garden Supplies","County, 2-digit SIC -- by ownership sector","All establishment sizes",0,0,0,0,0,0,0,0
"08017","5","SIC_0G52","29","0",1981,"3","N","Cheyenne County, Colorado","Private","SIC 52 Building Materials and Garden Supplies","County, 2-digit SIC -- by ownership sector","All establishment sizes",0,0,0,0,0,0,0,0
"08017","5","SIC_0G52","29","0",1981,"4","N","Cheyenne County, Colorado","Private","SIC 52 Building Materials and Garden Supplies","County, 2-digit SIC -- by ownership sector","All establishment sizes",0,0,0,0,0,0,0,0
"08017","5","SIC_0G53","29","0",1981,"1","N","Cheyenne County, Colorado","Private","SIC 53 General Merchandise Stores","County, 2-digit SIC -- by ownership sector","All establishment sizes",0,0,0,0,0,0,0,0
"08017","5","SIC_0G53","29","0",1981,"2","N","Cheyenne County, Colorado","Private","SIC 53 General Merchandise Stores","County, 2-digit SIC -- by ownership sector","All establishment sizes",0,0,0,0,0,0,0,0
"08017","5","SIC_0G53","29","0",1981,"3","N","Cheyenne County, Colorado","Private","SIC 53 General Merchandise Stores","County, 2-digit SIC -- by ownership sector","All establishment sizes",0,0,0,0,0,0,0,0
"08017","5","SIC_0G53","29","0",1981,"4","N","Cheyenne County, Colorado","Private","SIC 53 General Merchandise Stores","County, 2-digit SIC -- by ownership sector","All establishment sizes",0,0,0,0,0,0,0,0
"08017","5","SIC_0G54","29","0",1981,"1","N","Cheyenne County, Colorado","Private","SIC 54 Food Stores","County, 2-digit SIC -- by ownership sector","All establishment sizes",0,0,0,0,0,0,0,0
"08017","5","SIC_0G54","29","0",1981,"2","N","Cheyenne County, Colorado","Private","SIC 54 Food Stores","County, 2-digit SIC -- by ownership sector","All establishment sizes",0,0,0,0,0,0,0,0
"08017","5","SIC_0G54","29","0",1981,"3","N","Cheyenne County, Colorado","Private","SIC 54 Food Stores","County, 2-digit SIC -- by ownership sector","All establishment sizes",0,0,0,0,0,0,0,0
"08017","5","SIC_0G54","29","0",1981,"4","N","Cheyenne County, Colorado","Private","SIC 54 Food Stores","County, 2-digit SIC -- by ownership sector","All establishment sizes",0,0,0,0,0,0,0,0
"08017","5","SIC_0G55","29","0",1981,"1","","Cheyenne County, Colorado","Private","SIC 55 Automotive Dealers and Service Stations","County, 2-digit SIC -- by ownership sector","All establishment sizes",5,15,12,14,31990,0,0,180
"08017","5","SIC_0G55","29","0",1981,"2","","Cheyenne County, Colorado","Private","SIC 55 Automotive Dealers and Service Stations","County, 2-digit SIC -- by ownership sector","All establishment sizes",4,21,21,24,35400,0,0,123
"08017","5","SIC_0G55","29","0",1981,"3","","Cheyenne County, Colorado","Private","SIC 55 Automotive Dealers and Service Stations","County, 2-digit SIC -- by ownership sector","All establishment sizes",6,18,14,14,37326,0,0,187
"08017","5","SIC_0G55","29","0",1981,"4","","Cheyenne County, Colorado","Private","SIC 55 Automotive Dealers and Service Stations","County, 2-digit SIC -- by ownership sector","All establishment sizes",5,16,14,13,30008,0,0,161
"08017","5","SIC_0G57","29","0",1981,"1","N","Cheyenne County, Colorado","Private","SIC 57 Furniture and Homefurnishings Stores","County, 2-digit SIC -- by ownership sector","All establishment sizes",0,0,0,0,0,0,0,0
"08017","5","SIC_0G57","29","0",1981,"2","N","Cheyenne County, Colorado","Private","SIC 57 Furniture and Homefurnishings Stores","County, 2-digit SIC -- by ownership sector","All establishment sizes",0,0,0,0,0,0,0,0
"08017","5","SIC_0G57","29","0",1981,"3","N","Cheyenne County, Colorado","Private","SIC 57 Furniture and Homefurnishings Stores","County, 2-digit SIC -- by ownership sector","All establishment sizes",0,0,0,0,0,0,0,0
"08017","5","SIC_0G57","29","0",1981,"4","N","Cheyenne County, Colorado","Private","SIC 57 Furniture and Homefurnishings Stores","County, 2-digit SIC -- by ownership sector","All establishment sizes",0,0,0,0,0,0,0,0
"08017","5","SIC_0G58","29","0",1981,"1","","Cheyenne County, Colorado","Private","SIC 58 Eating and Drinking Places","County, 2-digit SIC -- by ownership sector","All establishment sizes",6,46,43,54,43866,0,0,70
"08017","5","SIC_0G58","29","0",1981,"2","","Cheyenne County, Colorado","Private","SIC 58 Eating and Drinking Places","County, 2-digit SIC -- by ownership sector","All establishment sizes",7,53,56,55,69651,0,0,98
"08017","5","SIC_0G58","29","0",1981,"3","","Cheyenne County, Colorado","Private","SIC 58 Eating and Drinking Places","County, 2-digit SIC -- by ownership sector","All establishment sizes",9,66,63,67,82959,0,0,97
"08017","5","SIC_0G58","29","0",1981,"4","","Cheyenne County, Colorado","Private","SIC 58 Eating and Drinking Places","County, 2-digit SIC -- by ownership sector","All establishment sizes",7,60,58,52,67209,0,0,91
"08017","5","SIC_0G59","29","0",1981,"1","","Cheyenne County, Colorado","Private","SIC 59 Miscellaneous Retail","County, 2-digit SIC -- by ownership sector","All establishment sizes",3,4,5,4,6952,0,0,123
"08017","5","SIC_0G59","29","0",1981,"2","N","Cheyenne County, Colorado","Private","SIC 59 Miscellaneous Retail","County, 2-digit SIC -- by ownership sector","All establishment sizes",0,0,0,0,0,0,0,0
"08017","5","SIC_0G59","29","0",1981,"3","","Cheyenne County, Colorado","Private","SIC 59 Miscellaneous Retail","County, 2-digit SIC -- by ownership sector","All establishment sizes",3,4,4,5,7494,0,0,133
"08017","5","SIC_0G59","29","0",1981,"4","","Cheyenne County, Colorado","Private","SIC 59 Miscellaneous Retail","County, 2-digit SIC -- by ownership sector","All establishment sizes",3,4,5,8,7066,0,0,95
"08017","5","SIC_0H","28","0",1981,"1","","Cheyenne County, Colorado","Private","Finance, Insurance, and Real Estate Division","County, Industry Division -- by ownership sector","All establishment sizes",4,30,29,29,80437,0,0,210
"08017","5","SIC_0H","28","0",1981,"2","","Cheyenne County, Colorado","Private","Finance, Insurance, and Real Estate Division","County, Industry Division -- by ownership sector","All establishment sizes",4,30,30,30,82240,0,0,210
"08017","5","SIC_0H","28","0",1981,"3","","Cheyenne County, Colorado","Private","Finance, Insurance, and Real Estate Division","County, Industry Division -- by ownership sector","All establishment sizes",4,31,34,32,87452,0,0,208
"08017","5","SIC_0H","28","0",1981,"4","","Cheyenne County, Colorado","Private","Finance, Insurance, and Real Estate Division","County, Industry Division -- by ownership sector","All establishment sizes",4,33,32,32,136242,0,0,324
"08017","5","SIC_0H60","29","0",1981,"1","N","Cheyenne County, Colorado","Private","SIC 60 Depository Institutions","County, 2-digit SIC -- by ownership sector","All establishment sizes",0,0,0,0,0,0,0,0
"08017","5","SIC_0H60","29","0",1981,"2","N","Cheyenne County, Colorado","Private","SIC 60 Depository Institutions","County, 2-digit SIC -- by ownership sector","All establishment sizes",0,0,0,0,0,0,0,0
"08017","5","SIC_0H60","29","0",1981,"3","N","Cheyenne County, Colorado","Private","SIC 60 Depository Institutions","County, 2-digit SIC -- by ownership sector","All establishment sizes",0,0,0,0,0,0,0,0
"08017","5","SIC_0H60","29","0",1981,"4","N","Cheyenne County, Colorado","Private","SIC 60 Depository Institutions","County, 2-digit SIC -- by ownership sector","All establishment sizes",0,0,0,0,0,0,0,0
"08017","5","SIC_0H64","29","0",1981,"1","N","Cheyenne County, Colorado","Private","SIC 64 Insurance Agents, Brokers, and Service","County, 2-digit SIC -- by ownership sector","All establishment sizes",0,0,0,0,0,0,0,0
"08017","5","SIC_0H64","29","0",1981,"2","N","Cheyenne County, Colorado","Private","SIC 64 Insurance Agents, Brokers, and Service","County, 2-digit SIC -- by ownership sector","All establishment sizes",0,0,0,0,0,0,0,0
"08017","5","SIC_0H64","29","0",1981,"3","N","Cheyenne County, Colorado","Private","SIC 64 Insurance Agents, Brokers, and Service","County, 2-digit SIC -- by ownership sector","All establishment sizes",0,0,0,0,0,0,0,0
"08017","5","SIC_0H64","29","0",1981,"4","N","Cheyenne County, Colorado","Private","SIC 64 Insurance Agents, Brokers, and Service","County, 2-digit SIC -- by ownership sector","All establishment sizes",0,0,0,0,0,0,0,0
"08017","5","SIC_0H65","29","0",1981,"1","N","Cheyenne County, Colorado","Private","SIC 65 Real Estate","County, 2-digit SIC -- by ownership sector","All establishment sizes",0,0,0,0,0,0,0,0
"08017","5","SIC_0H65","29","0",1981,"2","N","Cheyenne County, Colorado","Private","SIC 65 Real Estate","County, 2-digit SIC -- by ownership sector","All establishment sizes",0,0,0,0,0,0,0,0
"08017","5","SIC_0H65","29","0",1981,"3","N","Cheyenne County, Colorado","Private","SIC 65 Real Estate","County, 2-digit SIC -- by ownership sector","All establishment sizes",0,0,0,0,0,0,0,0
"08017","5","SIC_0H65","29","0",1981,"4","N","Cheyenne County, Colorado","Private","SIC 65 Real Estate","County, 2-digit SIC -- by ownership sector","All establishment sizes",0,0,0,0,0,0,0,0
"08017","5","SIC_0I","28","0",1981,"1","","Cheyenne County, Colorado","Private","Services Division","County, Industry Division -- by ownership sector","All establishment sizes",7,73,71,70,113195,0,0,122
"08017","5","SIC_0I","28","0",1981,"2","","Cheyenne County, Colorado","Private","Services Division","County, Industry Division -- by ownership sector","All establishment sizes",7,72,73,74,116449,0,0,122
"08017","5","SIC_0I","28","0",1981,"3","","Cheyenne County, Colorado","Private","Services Division","County, Industry Division -- by ownership sector","All establishment sizes",9,70,72,74,126717,0,0,135
"08017","5","SIC_0I","28","0",1981,"4","","Cheyenne County, Colorado","Private","Services Division","County, Industry Division -- by ownership sector","All establishment sizes",10,74,73,72,125477,0,0,132
"08017","5","SIC_0I70","29","0",1981,"1","N","Cheyenne County, Colorado","Private","SIC 70 Hotels and Other Lodging Places","County, 2-digit SIC -- by ownership sector","All establishment sizes",0,0,0,0,0,0,0,0
"08017","5","SIC_0I72","29","0",1981,"1","","Cheyenne County, Colorado","Private","SIC 72 Personal Services","County, 2-digit SIC -- by ownership sector","All establishment sizes",0,0,0,0,0,0,0,0
"08017","5","SIC_0I72","29","0",1981,"2","","Cheyenne County, Colorado","Private","SIC 72 Personal Services","County, 2-digit SIC -- by ownership sector","All establishment sizes",0,0,0,0,0,0,0,0
"08017","5","SIC_0I72","29","0",1981,"3","N","Cheyenne County, Colorado","Private","SIC 72 Personal Services","County, 2-digit SIC -- by ownership sector","All establishment sizes",0,0,0,0,0,0,0,0
"08017","5","SIC_0I72","29","0",1981,"4","N","Cheyenne County, Colorado","Private","SIC 72 Personal Services","County, 2-digit SIC -- by ownership sector","All establishment sizes",0,0,0,0,0,0,0,0
"08017","5","SIC_0I75","29","0",1981,"1","N","Cheyenne County, Colorado","Private","SIC 75 Auto Repair, Services, and Parking","County, 2-digit SIC -- by ownership sector","All establishment sizes",0,0,0,0,0,0,0,0
"08017","5","SIC_0I75","29","0",1981,"2","N","Cheyenne County, Colorado","Private","SIC 75 Auto Repair, Services, and Parking","County, 2-digit SIC -- by ownership sector","All establishment sizes",0,0,0,0,0,0,0,0
"08017","5","SIC_0I75","29","0",1981,"3","N","Cheyenne County, Colorado","Private","SIC 75 Auto Repair, Services, and Parking","County, 2-digit SIC -- by ownership sector","All establishment sizes",0,0,0,0,0,0,0,0
"08017","5","SIC_0I75","29","0",1981,"4","","Cheyenne County, Colorado","Private","SIC 75 Auto Repair, Services, and Parking","County, 2-digit SIC -- by ownership sector","All establishment sizes",3,5,5,5,5712,0,0,87
"08017","5","SIC_0I80","29","0",1981,"1","","Cheyenne County, Colorado","Private","SIC 80 Health Services","County, 2-digit SIC -- by ownership sector","All establishment sizes",3,62,61,61,104957,0,0,131
"08017","5","SIC_0I80","29","0",1981,"2","","Cheyenne County, Colorado","Private","SIC 80 Health Services","County, 2-digit SIC -- by ownership sector","All establishment sizes",3,62,63,64,106860,0,0,130
"08017","5","SIC_0I80","29","0",1981,"3","","Cheyenne County, Colorado","Private","SIC 80 Health Services","County, 2-digit SIC -- by ownership sector","All establishment sizes",3,60,62,64,117419,0,0,145
"08017","5","SIC_0I80","29","0",1981,"4","","Cheyenne County, Colorado","Private","SIC 80 Health Services","County, 2-digit SIC -- by ownership sector","All establishment sizes",3,63,62,61,116197,0,0,144
"08017","5","SIC_0I81","29","0",1981,"1","N","Cheyenne County, Colorado","Private","SIC 81 Legal Services","County, 2-digit SIC -- by ownership sector","All establishment sizes",0,0,0,0,0,0,0,0
"08017","5","SIC_0I81","29","0",1981,"2","N","Cheyenne County, Colorado","Private","SIC 81 Legal Services","County, 2-digit SIC -- by ownership sector","All establishment sizes",0,0,0,0,0,0,0,0
"08017","5","SIC_0I81","29","0",1981,"3","N","Cheyenne County, Colorado","Private","SIC 81 Legal Services","County, 2-digit SIC -- by ownership sector","All establishment sizes",0,0,0,0,0,0,0,0
"08017","5","SIC_0I81","29","0",1981,"4","N","Cheyenne County, Colorado","Private","SIC 81 Legal Services","County, 2-digit SIC -- by ownership sector","All establishment sizes",0,0,0,0,0,0,0,0
"08017","5","SIC_0I86","29","0",1981,"1","","Cheyenne County, Colorado","Private","SIC 86 Membership Organizations","County, 2-digit SIC -- by ownership sector","All establishment sizes",0,0,0,0,0,0,0,0
"08017","5","SIC_0I86","29","0",1981,"2","","Cheyenne County, Colorado","Private","SIC 86 Membership Organizations","County, 2-digit SIC -- by ownership sector","All establishment sizes",0,0,0,0,0,0,0,0
"08017","5","SIC_0I86","29","0",1981,"3","N","Cheyenne County, Colorado","Private","SIC 86 Membership Organizations","County, 2-digit SIC -- by ownership sector","All establishment sizes",0,0,0,0,0,0,0,0
"08017","5","SIC_0I86","29","0",1981,"4","N","Cheyenne County, Colorado","Private","SIC 86 Membership Organizations","County, 2-digit SIC -- by ownership sector","All establishment sizes",0,0,0,0,0,0,0,0
"08017","5","SIC_0I89","29","0",1981,"1","N","Cheyenne County, Colorado","Private","SIC 89 Services, Nec","County, 2-digit SIC -- by ownership sector","All establishment sizes",0,0,0,0,0,0,0,0
"08017","5","SIC_0I89","29","0",1981,"2","N","Cheyenne County, Colorado","Private","SIC 89 Services, Nec","County, 2-digit SIC -- by ownership sector","All establishment sizes",0,0,0,0,0,0,0,0
"08017","5","SIC_0I89","29","0",1981,"3","N","Cheyenne County, Colorado","Private","SIC 89 Services, Nec","County, 2-digit SIC -- by ownership sector","All establishment sizes",0,0,0,0,0,0,0,0
"08017","5","SIC_0I89","29","0",1981,"4","N","Cheyenne County, Colorado","Private","SIC 89 Services, Nec","County, 2-digit SIC -- by ownership sector","All establishment sizes",0,0,0,0,0,0,0,0
