"area_fips","own_code","industry_code","agglvl_code","size_code","year","qtr","disclosure_code","area_title","own_title","industry_title","agglvl_title","size_title","qtrly_estabs_count","month1_emplvl","month2_emplvl","month3_emplvl","total_qtrly_wages","taxable_qtrly_wages","qtrly_contributions","avg_wkly_wage"
"01999","0","SIC_0Z","26","0",1981,"1","","Unknown Or Undefined, Alabama","Total Covered","All Industries","County, Total Covered","All establishment sizes",2323,14966,14741,14464,63220461,0,0,330
"01999","0","SIC_0Z","26","0",1981,"2","","Unknown Or Undefined, Alabama","Total Covered","All Industries","County, Total Covered","All establishment sizes",1945,14664,14628,14634,63168823,0,0,331
"01999","0","SIC_0Z","26","0",1981,"3","","Unknown Or Undefined, Alabama","Total Covered","All Industries","County, Total Covered","All establishment sizes",2090,15143,15143,14892,63673266,0,0,325
"01999","0","SIC_0Z","26","0",1981,"4","","Unknown Or Undefined, Alabama","Total Covered","All Industries","County, Total Covered","All establishment sizes",2395,13900,13523,13676,62560546,0,0,351
"01999","1","SIC_0Z","27","0",1981,"1","","Unknown Or Undefined, Alabama","Federal Government","All Industries","County, Total -- by ownership sector","All establishment sizes",25,3028,3029,3023,14615504,0,0,371
"01999","1","SIC_0Z","27","0",1981,"2","","Unknown Or Undefined, Alabama","Federal Government","All Industries","County, Total -- by ownership sector","All establishment sizes",27,2914,2919,2972,15889026,0,0,416
"01999","1","SIC_0Z","27","0",1981,"3","","Unknown Or Undefined, Alabama","Federal Government","All Industries","County, Total -- by ownership sector","All establishment sizes",28,2856,2844,2760,14449640,0,0,394
"01999","1","SIC_0Z","27","0",1981,"4","","Unknown Or Undefined, Alabama","Federal Government","All Industries","County, Total -- by ownership sector","All establishment sizes",28,2806,2790,2804,15671944,0,0,430
"01999","1","SIC_0H","28","0",1981,"1","","Unknown Or Undefined, Alabama","Federal Government","Finance, Insurance, and Real Estate Division","County, Industry Division -- by ownership sector","All establishment sizes",1,33,39,43,191663,0,0,384
"01999","1","SIC_0H","28","0",1981,"2","","Unknown Or Undefined, Alabama","Federal Government","Finance, Insurance, and Real Estate Division","County, Industry Division -- by ownership sector","All establishment sizes",1,45,43,42,225556,0,0,400
"01999","1","SIC_0H","28","0",1981,"3","","Unknown Or Undefined, Alabama","Federal Government","Finance, Insurance, and Real Estate Division","County, Industry Division -- by ownership sector","All establishment sizes",2,44,41,45,191146,0,0,339
"01999","1","SIC_0H","28","0",1981,"4","","Unknown Or Undefined, Alabama","Federal Government","Finance, Insurance, and Real Estate Division","County, Industry Division -- by ownership sector","All establishment sizes",2,42,42,43,231347,0,0,420
"01999","1","SIC_0H61","29","0",1981,"1","","Unknown Or Undefined, Alabama","Federal Government","SIC 61 Nondepository Institutions","County, 2-digit SIC -- by ownership sector","All establishment sizes",0,0,0,0,0,0,0,0
"01999","1","SIC_0H61","29","0",1981,"2","","Unknown Or Undefined, Alabama","Federal Government","SIC 61 Nondepository Institutions","County, 2-digit SIC -- by ownership sector","All establishment sizes",0,0,0,0,0,0,0,0
"01999","1","SIC_0H61","29","0",1981,"3","","Unknown Or Undefined, Alabama","Federal Government","SIC 61 Nondepository Institutions","County, 2-digit SIC -- by ownership sector","All establishment sizes",1,3,0,4,219,0,0,7
"01999","1","SIC_0H61","29","0",1981,"4","","Unknown Or Undefined, Alabama","Federal Government","SIC 61 Nondepository Institutions","County, 2-digit SIC -- by ownership sector","All establishment sizes",1,0,0,0,0,0,0,0
"01999","1","SIC_0H63","29","0",1981,"1","","Unknown Or Undefined, Alabama","Federal Government","SIC 63 Insurance Carriers","County, 2-digit SIC -- by ownership sector","All establishment sizes",1,33,39,43,191663,0,0,384
"01999","1","SIC_0H63","29","0",1981,"2","","Unknown Or Undefined, Alabama","Federal Government","SIC 63 Insurance Carriers","County, 2-digit SIC -- by ownership sector","All establishment sizes",1,45,43,42,225556,0,0,400
"01999","1","SIC_0H63","29","0",1981,"3","","Unknown Or Undefined, Alabama","Federal Government","SIC 63 Insurance Carriers","County, 2-digit SIC -- by ownership sector","All establishment sizes",1,41,41,41,190927,0,0,358
"01999","1","SIC_0H63","29","0",1981,"4","","Unknown Or Undefined, Alabama","Federal Government","SIC 63 Insurance Carriers","County, 2-digit SIC -- by ownership sector","All establishment sizes",1,42,42,43,231347,0,0,420
"01999","1","SIC_0I","28","0",1981,"1","","Unknown Or Undefined, Alabama","Federal Government","Services Division","County, Industry Division -- by ownership sector","All establishment sizes",1,80,80,80,487593,0,0,468
"01999","1","SIC_0I","28","0",1981,"2","","Unknown Or Undefined, Alabama","Federal Government","Services Division","County, Industry Division -- by ownership sector","All establishment sizes",1,79,79,81,551656,0,0,532
"01999","1","SIC_0I","28","0",1981,"3","","Unknown Or Undefined, Alabama","Federal Government","Services Division","County, Industry Division -- by ownership sector","All establishment sizes",1,83,83,84,570595,0,0,526
"01999","1","SIC_0I","28","0",1981,"4","","Unknown Or Undefined, Alabama","Federal Government","Services Division","County, Industry Division -- by ownership sector","All establishment sizes",1,79,80,82,507785,0,0,486
"01999","1","SIC_0I89","29","0",1981,"1","","Unknown Or Undefined, Alabama","Federal Government","SIC 89 Services, Nec","County, 2-digit SIC -- by ownership sector","All establishment sizes",1,80,80,80,487593,0,0,468
"01999","1","SIC_0I89","29","0",1981,"2","","Unknown Or Undefined, Alabama","Federal Government","SIC 89 Services, Nec","County, 2-digit SIC -- by ownership sector","All establishment sizes",1,79,79,81,551656,0,0,532
"01999","1","SIC_0I89","29","0",1981,"3","","Unknown Or Undefined, Alabama","Federal Government","SIC 89 Services, Nec","County, 2-digit SIC -- by ownership sector","All establishment sizes",1,83,83,84,570595,0,0,526
"01999","1","SIC_0I89","29","0",1981,"4","","Unknown Or Undefined, Alabama","Federal Government","SIC 89 Services, Nec","County, 2-digit SIC -- by ownership sector","All establishment sizes",1,79,80,82,507785,0,0,486
"01999","1","SIC_0J","28","0",1981,"1","","Unknown Or Undefined, Alabama","Federal Government","Public Administration Division","County, Industry Division -- by ownership sector","All establishment sizes",23,2915,2910,2900,13936248,0,0,368
"01999","1","SIC_0J","28","0",1981,"2","","Unknown Or Undefined, Alabama","Federal Government","Public Administration Division","County, Industry Division -- by ownership sector","All establishment sizes",25,2790,2797,2849,15111814,0,0,413
"01999","1","SIC_0J","28","0",1981,"3","","Unknown Or Undefined, Alabama","Federal Government","Public Administration Division","County, Industry Division -- by ownership sector","All establishment sizes",25,2729,2720,2631,13687899,0,0,390
"01999","1","SIC_0J","28","0",1981,"4","","Unknown Or Undefined, Alabama","Federal Government","Public Administration Division","County, Industry Division -- by ownership sector","All establishment sizes",25,2685,2668,2679,14932812,0,0,429
"01999","1","SIC_0J91","29","0",1981,"1","","Unknown Or Undefined, Alabama","Federal Government","SIC 91 Executive, Legislative, and General","County, 2-digit SIC -- by ownership sector","All establishment sizes",2,85,84,84,311028,0,0,283
"01999","1","SIC_0J91","29","0",1981,"2","","Unknown Or Undefined, Alabama","Federal Government","SIC 91 Executive, Legislative, and General","County, 2-digit SIC -- by ownership sector","All establishment sizes",3,78,76,77,246786,0,0,246
"01999","1","SIC_0J91","29","0",1981,"3","","Unknown Or Undefined, Alabama","Federal Government","SIC 91 Executive, Legislative, and General","County, 2-digit SIC -- by ownership sector","All establishment sizes",3,79,78,77,290019,0,0,286
"01999","1","SIC_0J91","29","0",1981,"4","","Unknown Or Undefined, Alabama","Federal Government","SIC 91 Executive, Legislative, and General","County, 2-digit SIC -- by ownership sector","All establishment sizes",3,76,76,77,259588,0,0,261
"01999","1","SIC_0J92","29","0",1981,"1","","Unknown Or Undefined, Alabama","Federal Government","SIC 92 Justice, Public Order, and Safety","County, 2-digit SIC -- by ownership sector","All establishment sizes",1,0,0,0,0,0,0,0
"01999","1","SIC_0J92","29","0",1981,"2","","Unknown Or Undefined, Alabama","Federal Government","SIC 92 Justice, Public Order, and Safety","County, 2-digit SIC -- by ownership sector","All establishment sizes",1,0,0,0,0,0,0,0
"01999","1","SIC_0J92","29","0",1981,"3","","Unknown Or Undefined, Alabama","Federal Government","SIC 92 Justice, Public Order, and Safety","County, 2-digit SIC -- by ownership sector","All establishment sizes",1,0,0,0,0,0,0,0
"01999","1","SIC_0J92","29","0",1981,"4","","Unknown Or Undefined, Alabama","Federal Government","SIC 92 Justice, Public Order, and Safety","County, 2-digit SIC -- by ownership sector","All establishment sizes",1,1,1,1,5397,0,0,415
"01999","1","SIC_0J93","29","0",1981,"1","","Unknown Or Undefined, Alabama","Federal Government","SIC 93 Finance, Taxation, and Monetary Policy","County, 2-digit SIC -- by ownership sector","All establishment sizes",2,5,5,5,30335,0,0,466
"01999","1","SIC_0J93","29","0",1981,"2","","Unknown Or Undefined, Alabama","Federal Government","SIC 93 Finance, Taxation, and Monetary Policy","County, 2-digit SIC -- by ownership sector","All establishment sizes",2,5,5,6,26955,0,0,388
"01999","1","SIC_0J93","29","0",1981,"3","","Unknown Or Undefined, Alabama","Federal Government","SIC 93 Finance, Taxation, and Monetary Policy","County, 2-digit SIC -- by ownership sector","All establishment sizes",2,6,6,6,33130,0,0,424
"01999","1","SIC_0J93","29","0",1981,"4","","Unknown Or Undefined, Alabama","Federal Government","SIC 93 Finance, Taxation, and Monetary Policy","County, 2-digit SIC -- by ownership sector","All establishment sizes",2,5,6,6,24163,0,0,328
"01999","1","SIC_0J95","29","0",1981,"1","","Unknown Or Undefined, Alabama","Federal Government","SIC 95 Environmental Quality and Housing","County, 2-digit SIC -- by ownership sector","All establishment sizes",5,270,274,279,1595825,0,0,447
"01999","1","SIC_0J95","29","0",1981,"2","","Unknown Or Undefined, Alabama","Federal Government","SIC 95 Environmental Quality and Housing","County, 2-digit SIC -- by ownership sector","All establishment sizes",5,276,271,274,1421538,0,0,399
"01999","1","SIC_0J95","29","0",1981,"3","","Unknown Or Undefined, Alabama","Federal Government","SIC 95 Environmental Quality and Housing","County, 2-digit SIC -- by ownership sector","All establishment sizes",5,275,275,269,1572845,0,0,443
"01999","1","SIC_0J95","29","0",1981,"4","","Unknown Or Undefined, Alabama","Federal Government","SIC 95 Environmental Quality and Housing","County, 2-digit SIC -- by ownership sector","All establishment sizes",5,263,261,264,1517639,0,0,444
"01999","1","SIC_0J96","29","0",1981,"1","","Unknown Or Undefined, Alabama","Federal Government","SIC 96 Administration of Economic Programs","County, 2-digit SIC -- by ownership sector","All establishment sizes",6,614,610,599,3464719,0,0,438
"01999","1","SIC_0J96","29","0",1981,"2","","Unknown Or Undefined, Alabama","Federal Government","SIC 96 Administration of Economic Programs","County, 2-digit SIC -- by ownership sector","All establishment sizes",7,592,589,567,3193911,0,0,421
"01999","1","SIC_0J96","29","0",1981,"3","","Unknown Or Undefined, Alabama","Federal Government","SIC 96 Administration of Economic Programs","County, 2-digit SIC -- by ownership sector","All establishment sizes",7,561,560,554,3163310,0,0,435
"01999","1","SIC_0J96","29","0",1981,"4","","Unknown Or Undefined, Alabama","Federal Government","SIC 96 Administration of Economic Programs","County, 2-digit SIC -- by ownership sector","All establishment sizes",7,557,554,552,3142842,0,0,436
"01999","1","SIC_0J97","29","0",1981,"1","","Unknown Or Undefined, Alabama","Federal Government","SIC 97 National Security and Intl. Affairs","County, 2-digit SIC -- by ownership sector","All establishment sizes",7,1941,1937,1933,8534341,0,0,338
"01999","1","SIC_0J97","29","0",1981,"2","","Unknown Or Undefined, Alabama","Federal Government","SIC 97 National Security and Intl. Affairs","County, 2-digit SIC -- by ownership sector","All establishment sizes",7,1839,1856,1925,10222624,0,0,419
"01999","1","SIC_0J97","29","0",1981,"3","","Unknown Or Undefined, Alabama","Federal Government","SIC 97 National Security and Intl. Affairs","County, 2-digit SIC -- by ownership sector","All establishment sizes",7,1808,1801,1725,8628595,0,0,373
"01999","1","SIC_0J97","29","0",1981,"4","","Unknown Or Undefined, Alabama","Federal Government","SIC 97 National Security and Intl. Affairs","County, 2-digit SIC -- by ownership sector","All establishment sizes",7,1783,1770,1779,9983183,0,0,432
"01999","2","SIC_0Z","27","0",1981,"1","","Unknown Or Undefined, Alabama","State Government","All Industries","County, Total -- by ownership sector","All establishment sizes",16,409,389,381,1410185,0,0,276
"01999","2","SIC_0Z","27","0",1981,"2","","Unknown Or Undefined, Alabama","State Government","All Industries","County, Total -- by ownership sector","All establishment sizes",11,375,373,398,1588524,0,0,319
"01999","2","SIC_0Z","27","0",1981,"3","","Unknown Or Undefined, Alabama","State Government","All Industries","County, Total -- by ownership sector","All establishment sizes",11,392,377,506,1413066,0,0,255
"01999","2","SIC_0Z","27","0",1981,"4","","Unknown Or Undefined, Alabama","State Government","All Industries","County, Total -- by ownership sector","All establishment sizes",13,718,699,442,2363993,0,0,293
"01999","2","SIC_0I","28","0",1981,"1","N","Unknown Or Undefined, Alabama","State Government","Services Division","County, Industry Division -- by ownership sector","All establishment sizes",0,0,0,0,0,0,0,0
"01999","2","SIC_0I","28","0",1981,"2","N","Unknown Or Undefined, Alabama","State Government","Services Division","County, Industry Division -- by ownership sector","All establishment sizes",0,0,0,0,0,0,0,0
"01999","2","SIC_0I","28","0",1981,"3","N","Unknown Or Undefined, Alabama","State Government","Services Division","County, Industry Division -- by ownership sector","All establishment sizes",0,0,0,0,0,0,0,0
"01999","2","SIC_0I","28","0",1981,"4","N","Unknown Or Undefined, Alabama","State Government","Services Division","County, Industry Division -- by ownership sector","All establishment sizes",0,0,0,0,0,0,0,0
"01999","2","SIC_0I82","29","0",1981,"1","N","Unknown Or Undefined, Alabama","State Government","SIC 82 Educational Services","County, 2-digit SIC -- by ownership sector","All establishment sizes",0,0,0,0,0,0,0,0
"01999","2","SIC_0I83","29","0",1981,"1","N","Unknown Or Undefined, Alabama","State Government","SIC 83 Social Services","County, 2-digit SIC -- by ownership sector","All establishment sizes",0,0,0,0,0,0,0,0
"01999","2","SIC_0I83","29","0",1981,"2","N","Unknown Or Undefined, Alabama","State Government","SIC 83 Social Services","County, 2-digit SIC -- by ownership sector","All establishment sizes",0,0,0,0,0,0,0,0
"01999","2","SIC_0I83","29","0",1981,"3","N","Unknown Or Undefined, Alabama","State Government","SIC 83 Social Services","County, 2-digit SIC -- by ownership sector","All establishment sizes",0,0,0,0,0,0,0,0
"01999","2","SIC_0I83","29","0",1981,"4","N","Unknown Or Undefined, Alabama","State Government","SIC 83 Social Services","County, 2-digit SIC -- by ownership sector","All establishment sizes",0,0,0,0,0,0,0,0
"01999","2","SIC_0J","28","0",1981,"1","N","Unknown Or Undefined, Alabama","State Government","Public Administration Division","County, Industry Division -- by ownership sector","All establishment sizes",0,0,0,0,0,0,0,0
"01999","2","SIC_0J","28","0",1981,"2","N","Unknown Or Undefined, Alabama","State Government","Public Administration Division","County, Industry Division -- by ownership sector","All establishment sizes",0,0,0,0,0,0,0,0
"01999","2","SIC_0J","28","0",1981,"3","N","Unknown Or Undefined, Alabama","State Government","Public Administration Division","County, Industry Division -- by ownership sector","All establishment sizes",0,0,0,0,0,0,0,0
"01999","2","SIC_0J","28","0",1981,"4","N","Unknown Or Undefined, Alabama","State Government","Public Administration Division","County, Industry Division -- by ownership sector","All establishment sizes",0,0,0,0,0,0,0,0
"01999","2","SIC_0J92","29","0",1981,"1","N","Unknown Or Undefined, Alabama","State Government","SIC 92 Justice, Public Order, and Safety","County, 2-digit SIC -- by ownership sector","All establishment sizes",0,0,0,0,0,0,0,0
"01999","2","SIC_0J92","29","0",1981,"2","N","Unknown Or Undefined, Alabama","State Government","SIC 92 Justice, Public Order, and Safety","County, 2-digit SIC -- by ownership sector","All establishment sizes",0,0,0,0,0,0,0,0
"01999","2","SIC_0J92","29","0",1981,"3","N","Unknown Or Undefined, Alabama","State Government","SIC 92 Justice, Public Order, and Safety","County, 2-digit SIC -- by ownership sector","All establishment sizes",0,0,0,0,0,0,0,0
"01999","2","SIC_0J92","29","0",1981,"4","N","Unknown Or Undefined, Alabama","State Government","SIC 92 Justice, Public Order, and Safety","County, 2-digit SIC -- by ownership sector","All establishment sizes",0,0,0,0,0,0,0,0
"01999","2","SIC_0J94","29","0",1981,"1","","Unknown Or Undefined, Alabama","State Government","SIC 94 Administration of Human Resources","County, 2-digit SIC -- by ownership sector","All establishment sizes",6,25,22,22,141062,0,0,471
"01999","2","SIC_0J94","29","0",1981,"2","","Unknown Or Undefined, Alabama","State Government","SIC 94 Administration of Human Resources","County, 2-digit SIC -- by ownership sector","All establishment sizes",4,22,22,22,145852,0,0,509
"01999","2","SIC_0J94","29","0",1981,"3","","Unknown Or Undefined, Alabama","State Government","SIC 94 Administration of Human Resources","County, 2-digit SIC -- by ownership sector","All establishment sizes",5,20,20,20,121259,0,0,466
"01999","2","SIC_0J94","29","0",1981,"4","","Unknown Or Undefined, Alabama","State Government","SIC 94 Administration of Human Resources","County, 2-digit SIC -- by ownership sector","All establishment sizes",5,20,20,20,140002,0,0,538
"01999","2","SIC_0J95","29","0",1981,"1","N","Unknown Or Undefined, Alabama","State Government","SIC 95 Environmental Quality and Housing","County, 2-digit SIC -- by ownership sector","All establishment sizes",0,0,0,0,0,0,0,0
"01999","2","SIC_0J95","29","0",1981,"2","N","Unknown Or Undefined, Alabama","State Government","SIC 95 Environmental Quality and Housing","County, 2-digit SIC -- by ownership sector","All establishment sizes",0,0,0,0,0,0,0,0
"01999","2","SIC_0J95","29","0",1981,"3","","Unknown Or Undefined, Alabama","State Government","SIC 95 Environmental Quality and Housing","County, 2-digit SIC -- by ownership sector","All establishment sizes",0,0,0,0,0,0,0,0
"01999","2","SIC_0J95","29","0",1981,"4","N","Unknown Or Undefined, Alabama","State Government","SIC 95 Environmental Quality and Housing","County, 2-digit SIC -- by ownership sector","All establishment sizes",0,0,0,0,0,0,0,0
"01999","2","SIC_0J96","29","0",1981,"1","","Unknown Or Undefined, Alabama","State Government","SIC 96 Administration of Economic Programs","County, 2-digit SIC -- by ownership sector","All establishment sizes",4,356,339,332,1192164,0,0,267
"01999","2","SIC_0J96","29","0",1981,"2","N","Unknown Or Undefined, Alabama","State Government","SIC 96 Administration of Economic Programs","County, 2-digit SIC -- by ownership sector","All establishment sizes",0,0,0,0,0,0,0,0
"01999","2","SIC_0J96","29","0",1981,"3","N","Unknown Or Undefined, Alabama","State Government","SIC 96 Administration of Economic Programs","County, 2-digit SIC -- by ownership sector","All establishment sizes",0,0,0,0,0,0,0,0
"01999","2","SIC_0J96","29","0",1981,"4","","Unknown Or Undefined, Alabama","State Government","SIC 96 Administration of Economic Programs","County, 2-digit SIC -- by ownership sector","All establishment sizes",3,667,648,391,2122617,0,0,287
"01999","2","SIC_0J97","29","0",1981,"1","N","Unknown Or Undefined, Alabama","State Government","SIC 97 National Security and Intl. Affairs","County, 2-digit SIC -- by ownership sector","All establishment sizes",0,0,0,0,0,0,0,0
"01999","2","SIC_0J97","29","0",1981,"2","N","Unknown Or Undefined, Alabama","State Government","SIC 97 National Security and Intl. Affairs","County, 2-digit SIC -- by ownership sector","All establishment sizes",0,0,0,0,0,0,0,0
"01999","2","SIC_0J97","29","0",1981,"3","N","Unknown Or Undefined, Alabama","State Government","SIC 97 National Security and Intl. Affairs","County, 2-digit SIC -- by ownership sector","All establishment sizes",0,0,0,0,0,0,0,0
"01999","2","SIC_0J97","29","0",1981,"4","N","Unknown Or Undefined, Alabama","State Government","SIC 97 National Security and Intl. Affairs","County, 2-digit SIC -- by ownership sector","All establishment sizes",0,0,0,0,0,0,0,0
"01999","3","SIC_0Z","27","0",1981,"1","","Unknown Or Undefined, Alabama","Local Government","All Industries","County, Total -- by ownership sector","All establishment sizes",6,116,108,108,318618,0,0,221
"01999","3","SIC_0Z","27","0",1981,"2","","Unknown Or Undefined, Alabama","Local Government","All Industries","County, Total -- by ownership sector","All establishment sizes",4,10,9,9,14323,0,0,118
"01999","3","SIC_0Z","27","0",1981,"3","","Unknown Or Undefined, Alabama","Local Government","All Industries","County, Total -- by ownership sector","All establishment sizes",7,84,84,84,292448,0,0,267
"01999","3","SIC_0Z","27","0",1981,"4","","Unknown Or Undefined, Alabama","Local Government","All Industries","County, Total -- by ownership sector","All establishment sizes",7,79,78,79,285062,0,0,278
"01999","3","SIC_0I","28","0",1981,"1","N","Unknown Or Undefined, Alabama","Local Government","Services Division","County, Industry Division -- by ownership sector","All establishment sizes",0,0,0,0,0,0,0,0
"01999","3","SIC_0I","28","0",1981,"2","N","Unknown Or Undefined, Alabama","Local Government","Services Division","County, Industry Division -- by ownership sector","All establishment sizes",0,0,0,0,0,0,0,0
"01999","3","SIC_0I","28","0",1981,"3","N","Unknown Or Undefined, Alabama","Local Government","Services Division","County, Industry Division -- by ownership sector","All establishment sizes",0,0,0,0,0,0,0,0
"01999","3","SIC_0I","28","0",1981,"4","N","Unknown Or Undefined, Alabama","Local Government","Services Division","County, Industry Division -- by ownership sector","All establishment sizes",0,0,0,0,0,0,0,0
"01999","3","SIC_0I83","29","0",1981,"1","N","Unknown Or Undefined, Alabama","Local Government","SIC 83 Social Services","County, 2-digit SIC -- by ownership sector","All establishment sizes",0,0,0,0,0,0,0,0
"01999","3","SIC_0I83","29","0",1981,"2","N","Unknown Or Undefined, Alabama","Local Government","SIC 83 Social Services","County, 2-digit SIC -- by ownership sector","All establishment sizes",0,0,0,0,0,0,0,0
"01999","3","SIC_0I83","29","0",1981,"3","N","Unknown Or Undefined, Alabama","Local Government","SIC 83 Social Services","County, 2-digit SIC -- by ownership sector","All establishment sizes",0,0,0,0,0,0,0,0
"01999","3","SIC_0I83","29","0",1981,"4","N","Unknown Or Undefined, Alabama","Local Government","SIC 83 Social Services","County, 2-digit SIC -- by ownership sector","All establishment sizes",0,0,0,0,0,0,0,0
"01999","3","SIC_0J","28","0",1981,"1","N","Unknown Or Undefined, Alabama","Local Government","Public Administration Division","County, Industry Division -- by ownership sector","All establishment sizes",0,0,0,0,0,0,0,0
"01999","3","SIC_0J","28","0",1981,"2","N","Unknown Or Undefined, Alabama","Local Government","Public Administration Division","County, Industry Division -- by ownership sector","All establishment sizes",0,0,0,0,0,0,0,0
"01999","3","SIC_0J","28","0",1981,"3","N","Unknown Or Undefined, Alabama","Local Government","Public Administration Division","County, Industry Division -- by ownership sector","All establishment sizes",0,0,0,0,0,0,0,0
"01999","3","SIC_0J","28","0",1981,"4","N","Unknown Or Undefined, Alabama","Local Government","Public Administration Division","County, Industry Division -- by ownership sector","All establishment sizes",0,0,0,0,0,0,0,0
"01999","3","SIC_0J94","29","0",1981,"1","N","Unknown Or Undefined, Alabama","Local Government","SIC 94 Administration of Human Resources","County, 2-digit SIC -- by ownership sector","All establishment sizes",0,0,0,0,0,0,0,0
"01999","3","SIC_0J94","29","0",1981,"2","N","Unknown Or Undefined, Alabama","Local Government","SIC 94 Administration of Human Resources","County, 2-digit SIC -- by ownership sector","All establishment sizes",0,0,0,0,0,0,0,0
"01999","3","SIC_0J94","29","0",1981,"3","N","Unknown Or Undefined, Alabama","Local Government","SIC 94 Administration of Human Resources","County, 2-digit SIC -- by ownership sector","All establishment sizes",0,0,0,0,0,0,0,0
"01999","3","SIC_0J94","29","0",1981,"4","N","Unknown Or Undefined, Alabama","Local Government","SIC 94 Administration of Human Resources","County, 2-digit SIC -- by ownership sector","All establishment sizes",0,0,0,0,0,0,0,0
"01999","3","SIC_0J95","29","0",1981,"1","N","Unknown Or Undefined, Alabama","Local Government","SIC 95 Environmental Quality and Housing","County, 2-digit SIC -- by ownership sector","All establishment sizes",0,0,0,0,0,0,0,0
"01999","3","SIC_0J95","29","0",1981,"3","N","Unknown Or Undefined, Alabama","Local Government","SIC 95 Environmental Quality and Housing","County, 2-digit SIC -- by ownership sector","All establishment sizes",0,0,0,0,0,0,0,0
"01999","3","SIC_0J95","29","0",1981,"4","N","Unknown Or Undefined, Alabama","Local Government","SIC 95 Environmental Quality and Housing","County, 2-digit SIC -- by ownership sector","All establishment sizes",0,0,0,0,0,0,0,0
"01999","5","SIC_0Z","27","0",1981,"1","","Unknown Or Undefined, Alabama","Private","All Industries","County, Total -- by ownership sector","All establishment sizes",2276,11413,11215,10952,46876154,0,0,322
"01999","5","SIC_0Z","27","0",1981,"2","","Unknown Or Undefined, Alabama","Private","All Industries","County, Total -- by ownership sector","All establishment sizes",1903,11365,11327,11255,45676950,0,0,310
"01999","5","SIC_0Z","27","0",1981,"3","","Unknown Or Undefined, Alabama","Private","All Industries","County, Total -- by ownership sector","All establishment sizes",2044,11811,11838,11542,47518112,0,0,311
"01999","5","SIC_0Z","27","0",1981,"4","","Unknown Or Undefined, Alabama","Private","All Industries","County, Total -- by ownership sector","All establishment sizes",2347,10297,9956,10351,44239547,0,0,333
"01999","5","SIC_0A","28","0",1981,"1","","Unknown Or Undefined, Alabama","Private","Agriculture, Forestry, and Fishing Division","County, Industry Division -- by ownership sector","All establishment sizes",15,1072,1043,983,2991868,0,0,222
"01999","5","SIC_0A","28","0",1981,"2","","Unknown Or Undefined, Alabama","Private","Agriculture, Forestry, and Fishing Division","County, Industry Division -- by ownership sector","All establishment sizes",14,611,598,638,2522220,0,0,315
"01999","5","SIC_0A","28","0",1981,"3","","Unknown Or Undefined, Alabama","Private","Agriculture, Forestry, and Fishing Division","County, Industry Division -- by ownership sector","All establishment sizes",17,608,602,563,2563785,0,0,333
"01999","5","SIC_0A","28","0",1981,"4","","Unknown Or Undefined, Alabama","Private","Agriculture, Forestry, and Fishing Division","County, Industry Division -- by ownership sector","All establishment sizes",18,576,569,896,3059542,0,0,345
"01999","5","SIC_0A01","29","0",1981,"1","N","Unknown Or Undefined, Alabama","Private","SIC 01 Agricultural Production Crops","County, 2-digit SIC -- by ownership sector","All establishment sizes",0,0,0,0,0,0,0,0
"01999","5","SIC_0A01","29","0",1981,"2","N","Unknown Or Undefined, Alabama","Private","SIC 01 Agricultural Production Crops","County, 2-digit SIC -- by ownership sector","All establishment sizes",0,0,0,0,0,0,0,0
"01999","5","SIC_0A01","29","0",1981,"3","N","Unknown Or Undefined, Alabama","Private","SIC 01 Agricultural Production Crops","County, 2-digit SIC -- by ownership sector","All establishment sizes",0,0,0,0,0,0,0,0
"01999","5","SIC_0A01","29","0",1981,"4","N","Unknown Or Undefined, Alabama","Private","SIC 01 Agricultural Production Crops","County, 2-digit SIC -- by ownership sector","All establishment sizes",0,0,0,0,0,0,0,0
"01999","5","SIC_0A02","29","0",1981,"1","N","Unknown Or Undefined, Alabama","Private","SIC 02 Agricultural Production Livestock","County, 2-digit SIC -- by ownership sector","All establishment sizes",0,0,0,0,0,0,0,0
"01999","5","SIC_0A02","29","0",1981,"2","N","Unknown Or Undefined, Alabama","Private","SIC 02 Agricultural Production Livestock","County, 2-digit SIC -- by ownership sector","All establishment sizes",0,0,0,0,0,0,0,0
"01999","5","SIC_0A02","29","0",1981,"3","N","Unknown Or Undefined, Alabama","Private","SIC 02 Agricultural Production Livestock","County, 2-digit SIC -- by ownership sector","All establishment sizes",0,0,0,0,0,0,0,0
"01999","5","SIC_0A02","29","0",1981,"4","N","Unknown Or Undefined, Alabama","Private","SIC 02 Agricultural Production Livestock","County, 2-digit SIC -- by ownership sector","All establishment sizes",0,0,0,0,0,0,0,0
"01999","5","SIC_0A07","29","0",1981,"1","","Unknown Or Undefined, Alabama","Private","SIC 07 Agricultural Services","County, 2-digit SIC -- by ownership sector","All establishment sizes",4,365,335,394,1055880,0,0,222
"01999","5","SIC_0A07","29","0",1981,"2","","Unknown Or Undefined, Alabama","Private","SIC 07 Agricultural Services","County, 2-digit SIC -- by ownership sector","All establishment sizes",4,352,384,392,1117557,0,0,228
"01999","5","SIC_0A07","29","0",1981,"3","","Unknown Or Undefined, Alabama","Private","SIC 07 Agricultural Services","County, 2-digit SIC -- by ownership sector","All establishment sizes",5,382,380,382,1153417,0,0,232
"01999","5","SIC_0A07","29","0",1981,"4","","Unknown Or Undefined, Alabama","Private","SIC 07 Agricultural Services","County, 2-digit SIC -- by ownership sector","All establishment sizes",5,420,431,434,1433058,0,0,257
"01999","5","SIC_0A08","29","0",1981,"1","","Unknown Or Undefined, Alabama","Private","SIC 08 Forestry","County, 2-digit SIC -- by ownership sector","All establishment sizes",7,576,578,457,1695578,0,0,242
"01999","5","SIC_0A08","29","0",1981,"2","","Unknown Or Undefined, Alabama","Private","SIC 08 Forestry","County, 2-digit SIC -- by ownership sector","All establishment sizes",6,239,194,226,1359508,0,0,476
"01999","5","SIC_0A08","29","0",1981,"3","","Unknown Or Undefined, Alabama","Private","SIC 08 Forestry","County, 2-digit SIC -- by ownership sector","All establishment sizes",8,222,219,179,1403041,0,0,522
"01999","5","SIC_0A08","29","0",1981,"4","","Unknown Or Undefined, Alabama","Private","SIC 08 Forestry","County, 2-digit SIC -- by ownership sector","All establishment sizes",8,155,137,461,1624490,0,0,497
"01999","5","SIC_0A09","29","0",1981,"1","N","Unknown Or Undefined, Alabama","Private","SIC 09 Fishing, Hunting, and Trapping","County, 2-digit SIC -- by ownership sector","All establishment sizes",0,0,0,0,0,0,0,0
"01999","5","SIC_0A09","29","0",1981,"4","N","Unknown Or Undefined, Alabama","Private","SIC 09 Fishing, Hunting, and Trapping","County, 2-digit SIC -- by ownership sector","All establishment sizes",0,0,0,0,0,0,0,0
"01999","5","SIC_0B","28","0",1981,"1","","Unknown Or Undefined, Alabama","Private","Mining Division","County, Industry Division -- by ownership sector","All establishment sizes",65,372,375,376,1266891,0,0,260
"01999","5","SIC_0B","28","0",1981,"2","","Unknown Or Undefined, Alabama","Private","Mining Division","County, Industry Division -- by ownership sector","All establishment sizes",51,481,481,567,1904015,0,0,287
"01999","5","SIC_0B","28","0",1981,"3","","Unknown Or Undefined, Alabama","Private","Mining Division","County, Industry Division -- by ownership sector","All establishment sizes",58,552,618,625,2129878,0,0,273
"01999","5","SIC_0B","28","0",1981,"4","","Unknown Or Undefined, Alabama","Private","Mining Division","County, Industry Division -- by ownership sector","All establishment sizes",81,558,595,651,2243415,0,0,286
"01999","5","SIC_0B10","29","0",1981,"1","N","Unknown Or Undefined, Alabama","Private","SIC 10 Metal Mining","County, 2-digit SIC -- by ownership sector","All establishment sizes",0,0,0,0,0,0,0,0
"01999","5","SIC_0B10","29","0",1981,"4","N","Unknown Or Undefined, Alabama","Private","SIC 10 Metal Mining","County, 2-digit SIC -- by ownership sector","All establishment sizes",0,0,0,0,0,0,0,0
"01999","5","SIC_0B12","29","0",1981,"1","N","Unknown Or Undefined, Alabama","Private","SIC 12 Coal Mining","County, 2-digit SIC -- by ownership sector","All establishment sizes",0,0,0,0,0,0,0,0
"01999","5","SIC_0B12","29","0",1981,"2","","Unknown Or Undefined, Alabama","Private","SIC 12 Coal Mining","County, 2-digit SIC -- by ownership sector","All establishment sizes",10,7,7,56,183279,0,0,604
"01999","5","SIC_0B12","29","0",1981,"3","","Unknown Or Undefined, Alabama","Private","SIC 12 Coal Mining","County, 2-digit SIC -- by ownership sector","All establishment sizes",13,2,2,5,49582,0,0,1271
"01999","5","SIC_0B12","29","0",1981,"4","N","Unknown Or Undefined, Alabama","Private","SIC 12 Coal Mining","County, 2-digit SIC -- by ownership sector","All establishment sizes",0,0,0,0,0,0,0,0
"01999","5","SIC_0B13","29","0",1981,"1","","Unknown Or Undefined, Alabama","Private","SIC 13 Oil and Gas Extraction","County, 2-digit SIC -- by ownership sector","All establishment sizes",46,211,218,229,700908,0,0,245
"01999","5","SIC_0B13","29","0",1981,"2","","Unknown Or Undefined, Alabama","Private","SIC 13 Oil and Gas Extraction","County, 2-digit SIC -- by ownership sector","All establishment sizes",37,323,319,356,1226397,0,0,283
"01999","5","SIC_0B13","29","0",1981,"3","","Unknown Or Undefined, Alabama","Private","SIC 13 Oil and Gas Extraction","County, 2-digit SIC -- by ownership sector","All establishment sizes",41,386,450,448,1484716,0,0,266
"01999","5","SIC_0B13","29","0",1981,"4","","Unknown Or Undefined, Alabama","Private","SIC 13 Oil and Gas Extraction","County, 2-digit SIC -- by ownership sector","All establishment sizes",58,388,423,471,1522163,0,0,274
"01999","5","SIC_0B14","29","0",1981,"1","","Unknown Or Undefined, Alabama","Private","SIC 14 Nonmetallic Minerals, Except Fuels","County, 2-digit SIC -- by ownership sector","All establishment sizes",5,130,134,123,413862,0,0,246
"01999","5","SIC_0B14","29","0",1981,"2","","Unknown Or Undefined, Alabama","Private","SIC 14 Nonmetallic Minerals, Except Fuels","County, 2-digit SIC -- by ownership sector","All establishment sizes",4,151,155,155,494339,0,0,247
"01999","5","SIC_0B14","29","0",1981,"3","","Unknown Or Undefined, Alabama","Private","SIC 14 Nonmetallic Minerals, Except Fuels","County, 2-digit SIC -- by ownership sector","All establishment sizes",4,164,166,172,595580,0,0,273
"01999","5","SIC_0B14","29","0",1981,"4","","Unknown Or Undefined, Alabama","Private","SIC 14 Nonmetallic Minerals, Except Fuels","County, 2-digit SIC -- by ownership sector","All establishment sizes",6,168,161,166,661398,0,0,308
"01999","5","SIC_0C","28","0",1981,"1","","Unknown Or Undefined, Alabama","Private","Construction Division","County, Industry Division -- by ownership sector","All establishment sizes",764,3698,3534,3327,15787298,0,0,345
"01999","5","SIC_0C","28","0",1981,"2","","Unknown Or Undefined, Alabama","Private","Construction Division","County, Industry Division -- by ownership sector","All establishment sizes",503,3450,3393,3202,14379426,0,0,330
"01999","5","SIC_0C","28","0",1981,"3","","Unknown Or Undefined, Alabama","Private","Construction Division","County, Industry Division -- by ownership sector","All establishment sizes",570,3216,3086,2832,13184911,0,0,333
"01999","5","SIC_0C","28","0",1981,"4","","Unknown Or Undefined, Alabama","Private","Construction Division","County, Industry Division -- by ownership sector","All establishment sizes",767,2640,2371,2287,10254681,0,0,324
"01999","5","SIC_0C15","29","0",1981,"1","","Unknown Or Undefined, Alabama","Private","SIC 15 General Building Contractors","County, 2-digit SIC -- by ownership sector","All establishment sizes",184,2210,2063,1805,10959502,0,0,416
"01999","5","SIC_0C15","29","0",1981,"2","","Unknown Or Undefined, Alabama","Private","SIC 15 General Building Contractors","County, 2-digit SIC -- by ownership sector","All establishment sizes",122,1689,1553,1331,8643602,0,0,436
"01999","5","SIC_0C15","29","0",1981,"3","","Unknown Or Undefined, Alabama","Private","SIC 15 General Building Contractors","County, 2-digit SIC -- by ownership sector","All establishment sizes",130,1099,869,704,5078163,0,0,438
"01999","5","SIC_0C15","29","0",1981,"4","","Unknown Or Undefined, Alabama","Private","SIC 15 General Building Contractors","County, 2-digit SIC -- by ownership sector","All establishment sizes",174,478,293,242,1863105,0,0,424
"01999","5","SIC_0C16","29","0",1981,"1","","Unknown Or Undefined, Alabama","Private","SIC 16 Heavy Construction, ex. Building","County, 2-digit SIC -- by ownership sector","All establishment sizes",167,603,588,608,2186051,0,0,280
"01999","5","SIC_0C16","29","0",1981,"2","","Unknown Or Undefined, Alabama","Private","SIC 16 Heavy Construction, ex. Building","County, 2-digit SIC -- by ownership sector","All establishment sizes",105,397,417,418,1172698,0,0,219
"01999","5","SIC_0C16","29","0",1981,"3","","Unknown Or Undefined, Alabama","Private","SIC 16 Heavy Construction, ex. Building","County, 2-digit SIC -- by ownership sector","All establishment sizes",131,514,743,628,2901927,0,0,355
"01999","5","SIC_0C16","29","0",1981,"4","","Unknown Or Undefined, Alabama","Private","SIC 16 Heavy Construction, ex. Building","County, 2-digit SIC -- by ownership sector","All establishment sizes",177,580,581,599,2259043,0,0,296
"01999","5","SIC_0C17","29","0",1981,"1","","Unknown Or Undefined, Alabama","Private","SIC 17 Special Trade Contractors","County, 2-digit SIC -- by ownership sector","All establishment sizes",413,885,883,914,2641745,0,0,227
"01999","5","SIC_0C17","29","0",1981,"2","","Unknown Or Undefined, Alabama","Private","SIC 17 Special Trade Contractors","County, 2-digit SIC -- by ownership sector","All establishment sizes",276,1364,1423,1453,4563126,0,0,248
"01999","5","SIC_0C17","29","0",1981,"3","","Unknown Or Undefined, Alabama","Private","SIC 17 Special Trade Contractors","County, 2-digit SIC -- by ownership sector","All establishment sizes",309,1603,1474,1500,5204821,0,0,262
"01999","5","SIC_0C17","29","0",1981,"4","","Unknown Or Undefined, Alabama","Private","SIC 17 Special Trade Contractors","County, 2-digit SIC -- by ownership sector","All establishment sizes",416,1582,1497,1446,6132533,0,0,312
"01999","5","SIC_0D","28","0",1981,"1","","Unknown Or Undefined, Alabama","Private","Manufacturing Division","County, Industry Division -- by ownership sector","All establishment sizes",81,868,854,870,5718474,0,0,509
"01999","5","SIC_0D","28","0",1981,"2","","Unknown Or Undefined, Alabama","Private","Manufacturing Division","County, Industry Division -- by ownership sector","All establishment sizes",76,924,915,889,5308272,0,0,449
"01999","5","SIC_0D","28","0",1981,"3","","Unknown Or Undefined, Alabama","Private","Manufacturing Division","County, Industry Division -- by ownership sector","All establishment sizes",76,1215,1238,1240,6625771,0,0,414
"01999","5","SIC_0D","28","0",1981,"4","","Unknown Or Undefined, Alabama","Private","Manufacturing Division","County, Industry Division -- by ownership sector","All establishment sizes",80,865,852,847,5527660,0,0,497
"01999","5","SIC_0D20","29","0",1981,"1","","Unknown Or Undefined, Alabama","Private","SIC 20 Food and Kindred Products","County, 2-digit SIC -- by ownership sector","All establishment sizes",7,51,50,50,137928,0,0,210
"01999","5","SIC_0D20","29","0",1981,"2","","Unknown Or Undefined, Alabama","Private","SIC 20 Food and Kindred Products","County, 2-digit SIC -- by ownership sector","All establishment sizes",6,42,44,42,138114,0,0,249
"01999","5","SIC_0D20","29","0",1981,"3","","Unknown Or Undefined, Alabama","Private","SIC 20 Food and Kindred Products","County, 2-digit SIC -- by ownership sector","All establishment sizes",8,42,42,41,129025,0,0,238
"01999","5","SIC_0D20","29","0",1981,"4","","Unknown Or Undefined, Alabama","Private","SIC 20 Food and Kindred Products","County, 2-digit SIC -- by ownership sector","All establishment sizes",9,43,42,41,123831,0,0,226
"01999","5","SIC_0D22","29","0",1981,"1","N","Unknown Or Undefined, Alabama","Private","SIC 22 Textile Mill Products","County, 2-digit SIC -- by ownership sector","All establishment sizes",0,0,0,0,0,0,0,0
"01999","5","SIC_0D22","29","0",1981,"2","N","Unknown Or Undefined, Alabama","Private","SIC 22 Textile Mill Products","County, 2-digit SIC -- by ownership sector","All establishment sizes",0,0,0,0,0,0,0,0
"01999","5","SIC_0D22","29","0",1981,"3","N","Unknown Or Undefined, Alabama","Private","SIC 22 Textile Mill Products","County, 2-digit SIC -- by ownership sector","All establishment sizes",0,0,0,0,0,0,0,0
"01999","5","SIC_0D22","29","0",1981,"4","N","Unknown Or Undefined, Alabama","Private","SIC 22 Textile Mill Products","County, 2-digit SIC -- by ownership sector","All establishment sizes",0,0,0,0,0,0,0,0
"01999","5","SIC_0D23","29","0",1981,"1","","Unknown Or Undefined, Alabama","Private","SIC 23 Apparel and Other Textile Products","County, 2-digit SIC -- by ownership sector","All establishment sizes",5,50,50,49,165080,0,0,255
"01999","5","SIC_0D23","29","0",1981,"2","","Unknown Or Undefined, Alabama","Private","SIC 23 Apparel and Other Textile Products","County, 2-digit SIC -- by ownership sector","All establishment sizes",5,51,51,52,164583,0,0,246
"01999","5","SIC_0D23","29","0",1981,"3","","Unknown Or Undefined, Alabama","Private","SIC 23 Apparel and Other Textile Products","County, 2-digit SIC -- by ownership sector","All establishment sizes",5,54,54,55,181567,0,0,257
"01999","5","SIC_0D23","29","0",1981,"4","","Unknown Or Undefined, Alabama","Private","SIC 23 Apparel and Other Textile Products","County, 2-digit SIC -- by ownership sector","All establishment sizes",5,55,55,55,212418,0,0,297
"01999","5","SIC_0D24","29","0",1981,"1","","Unknown Or Undefined, Alabama","Private","SIC 24 Lumber and Wood Products","County, 2-digit SIC -- by ownership sector","All establishment sizes",17,92,93,92,512389,0,0,426
"01999","5","SIC_0D24","29","0",1981,"2","","Unknown Or Undefined, Alabama","Private","SIC 24 Lumber and Wood Products","County, 2-digit SIC -- by ownership sector","All establishment sizes",16,101,99,99,518832,0,0,400
"01999","5","SIC_0D24","29","0",1981,"3","","Unknown Or Undefined, Alabama","Private","SIC 24 Lumber and Wood Products","County, 2-digit SIC -- by ownership sector","All establishment sizes",16,167,181,181,750880,0,0,327
"01999","5","SIC_0D24","29","0",1981,"4","","Unknown Or Undefined, Alabama","Private","SIC 24 Lumber and Wood Products","County, 2-digit SIC -- by ownership sector","All establishment sizes",16,132,129,128,673613,0,0,399
"01999","5","SIC_0D25","29","0",1981,"1","N","Unknown Or Undefined, Alabama","Private","SIC 25 Furniture and Fixtures","County, 2-digit SIC -- by ownership sector","All establishment sizes",0,0,0,0,0,0,0,0
"01999","5","SIC_0D25","29","0",1981,"2","","Unknown Or Undefined, Alabama","Private","SIC 25 Furniture and Fixtures","County, 2-digit SIC -- by ownership sector","All establishment sizes",3,7,7,7,30592,0,0,336
"01999","5","SIC_0D25","29","0",1981,"3","N","Unknown Or Undefined, Alabama","Private","SIC 25 Furniture and Fixtures","County, 2-digit SIC -- by ownership sector","All establishment sizes",0,0,0,0,0,0,0,0
"01999","5","SIC_0D25","29","0",1981,"4","N","Unknown Or Undefined, Alabama","Private","SIC 25 Furniture and Fixtures","County, 2-digit SIC -- by ownership sector","All establishment sizes",0,0,0,0,0,0,0,0
"01999","5","SIC_0D26","29","0",1981,"1","","Unknown Or Undefined, Alabama","Private","SIC 26 Paper and Allied Products","County, 2-digit SIC -- by ownership sector","All establishment sizes",3,287,288,287,3311438,0,0,886
"01999","5","SIC_0D26","29","0",1981,"2","","Unknown Or Undefined, Alabama","Private","SIC 26 Paper and Allied Products","County, 2-digit SIC -- by ownership sector","All establishment sizes",3,300,300,300,2550348,0,0,653
"01999","5","SIC_0D26","29","0",1981,"3","","Unknown Or Undefined, Alabama","Private","SIC 26 Paper and Allied Products","County, 2-digit SIC -- by ownership sector","All establishment sizes",3,286,281,288,2597914,0,0,701
"01999","5","SIC_0D26","29","0",1981,"4","","Unknown Or Undefined, Alabama","Private","SIC 26 Paper and Allied Products","County, 2-digit SIC -- by ownership sector","All establishment sizes",3,286,296,293,2656235,0,0,700
"01999","5","SIC_0D27","29","0",1981,"1","","Unknown Or Undefined, Alabama","Private","SIC 27 Printing and Publishing","County, 2-digit SIC -- by ownership sector","All establishment sizes",8,75,52,58,112194,0,0,139
"01999","5","SIC_0D27","29","0",1981,"2","","Unknown Or Undefined, Alabama","Private","SIC 27 Printing and Publishing","County, 2-digit SIC -- by ownership sector","All establishment sizes",7,73,96,71,148741,0,0,143
"01999","5","SIC_0D27","29","0",1981,"3","","Unknown Or Undefined, Alabama","Private","SIC 27 Printing and Publishing","County, 2-digit SIC -- by ownership sector","All establishment sizes",7,62,48,40,104048,0,0,160
"01999","5","SIC_0D27","29","0",1981,"4","","Unknown Or Undefined, Alabama","Private","SIC 27 Printing and Publishing","County, 2-digit SIC -- by ownership sector","All establishment sizes",6,59,42,38,110137,0,0,182
"01999","5","SIC_0D28","29","0",1981,"1","","Unknown Or Undefined, Alabama","Private","SIC 28 Chemicals and Allied Products","County, 2-digit SIC -- by ownership sector","All establishment sizes",9,198,204,212,882052,0,0,331
"01999","5","SIC_0D28","29","0",1981,"2","","Unknown Or Undefined, Alabama","Private","SIC 28 Chemicals and Allied Products","County, 2-digit SIC -- by ownership sector","All establishment sizes",7,174,176,173,962922,0,0,424
"01999","5","SIC_0D28","29","0",1981,"3","","Unknown Or Undefined, Alabama","Private","SIC 28 Chemicals and Allied Products","County, 2-digit SIC -- by ownership sector","All establishment sizes",7,168,169,167,892674,0,0,408
"01999","5","SIC_0D28","29","0",1981,"4","","Unknown Or Undefined, Alabama","Private","SIC 28 Chemicals and Allied Products","County, 2-digit SIC -- by ownership sector","All establishment sizes",8,171,171,164,1072402,0,0,489
"01999","5","SIC_0D29","29","0",1981,"1","N","Unknown Or Undefined, Alabama","Private","SIC 29 Petroleum and Coal Products","County, 2-digit SIC -- by ownership sector","All establishment sizes",0,0,0,0,0,0,0,0
"01999","5","SIC_0D29","29","0",1981,"2","N","Unknown Or Undefined, Alabama","Private","SIC 29 Petroleum and Coal Products","County, 2-digit SIC -- by ownership sector","All establishment sizes",0,0,0,0,0,0,0,0
"01999","5","SIC_0D29","29","0",1981,"3","N","Unknown Or Undefined, Alabama","Private","SIC 29 Petroleum and Coal Products","County, 2-digit SIC -- by ownership sector","All establishment sizes",0,0,0,0,0,0,0,0
"01999","5","SIC_0D29","29","0",1981,"4","N","Unknown Or Undefined, Alabama","Private","SIC 29 Petroleum and Coal Products","County, 2-digit SIC -- by ownership sector","All establishment sizes",0,0,0,0,0,0,0,0
"01999","5","SIC_0D30","29","0",1981,"1","N","Unknown Or Undefined, Alabama","Private","SIC 30 Rubber and Misc. Plastics Products","County, 2-digit SIC -- by ownership sector","All establishment sizes",0,0,0,0,0,0,0,0
"01999","5","SIC_0D30","29","0",1981,"2","N","Unknown Or Undefined, Alabama","Private","SIC 30 Rubber and Misc. Plastics Products","County, 2-digit SIC -- by ownership sector","All establishment sizes",0,0,0,0,0,0,0,0
"01999","5","SIC_0D30","29","0",1981,"3","N","Unknown Or Undefined, Alabama","Private","SIC 30 Rubber and Misc. Plastics Products","County, 2-digit SIC -- by ownership sector","All establishment sizes",0,0,0,0,0,0,0,0
"01999","5","SIC_0D30","29","0",1981,"4","","Unknown Or Undefined, Alabama","Private","SIC 30 Rubber and Misc. Plastics Products","County, 2-digit SIC -- by ownership sector","All establishment sizes",3,17,17,16,79475,0,0,366
"01999","5","SIC_0D32","29","0",1981,"1","","Unknown Or Undefined, Alabama","Private","SIC 32 Stone, Clay, and Glass Products","County, 2-digit SIC -- by ownership sector","All establishment sizes",6,15,16,19,29165,0,0,134
"01999","5","SIC_0D32","29","0",1981,"2","","Unknown Or Undefined, Alabama","Private","SIC 32 Stone, Clay, and Glass Products","County, 2-digit SIC -- by ownership sector","All establishment sizes",4,18,15,15,37580,0,0,180
"01999","5","SIC_0D32","29","0",1981,"3","","Unknown Or Undefined, Alabama","Private","SIC 32 Stone, Clay, and Glass Products","County, 2-digit SIC -- by ownership sector","All establishment sizes",4,1,6,6,30948,0,0,549
"01999","5","SIC_0D32","29","0",1981,"4","","Unknown Or Undefined, Alabama","Private","SIC 32 Stone, Clay, and Glass Products","County, 2-digit SIC -- by ownership sector","All establishment sizes",4,10,10,10,70423,0,0,541
"01999","5","SIC_0D33","29","0",1981,"1","N","Unknown Or Undefined, Alabama","Private","SIC 33 Primary Metal Industries","County, 2-digit SIC -- by ownership sector","All establishment sizes",0,0,0,0,0,0,0,0
"01999","5","SIC_0D33","29","0",1981,"2","N","Unknown Or Undefined, Alabama","Private","SIC 33 Primary Metal Industries","County, 2-digit SIC -- by ownership sector","All establishment sizes",0,0,0,0,0,0,0,0
"01999","5","SIC_0D33","29","0",1981,"3","N","Unknown Or Undefined, Alabama","Private","SIC 33 Primary Metal Industries","County, 2-digit SIC -- by ownership sector","All establishment sizes",0,0,0,0,0,0,0,0
"01999","5","SIC_0D33","29","0",1981,"4","N","Unknown Or Undefined, Alabama","Private","SIC 33 Primary Metal Industries","County, 2-digit SIC -- by ownership sector","All establishment sizes",0,0,0,0,0,0,0,0
"01999","5","SIC_0D34","29","0",1981,"1","","Unknown Or Undefined, Alabama","Private","SIC 34 Fabricated Metal Products","County, 2-digit SIC -- by ownership sector","All establishment sizes",6,26,26,29,165717,0,0,472
"01999","5","SIC_0D34","29","0",1981,"2","","Unknown Or Undefined, Alabama","Private","SIC 34 Fabricated Metal Products","County, 2-digit SIC -- by ownership sector","All establishment sizes",5,27,26,28,143414,0,0,408
"01999","5","SIC_0D34","29","0",1981,"3","","Unknown Or Undefined, Alabama","Private","SIC 34 Fabricated Metal Products","County, 2-digit SIC -- by ownership sector","All establishment sizes",6,352,374,377,1446551,0,0,302
"01999","5","SIC_0D34","29","0",1981,"4","","Unknown Or Undefined, Alabama","Private","SIC 34 Fabricated Metal Products","County, 2-digit SIC -- by ownership sector","All establishment sizes",7,21,20,31,134346,0,0,430
"01999","5","SIC_0D35","29","0",1981,"1","","Unknown Or Undefined, Alabama","Private","SIC 35 Industrial Machinery and Equipment","County, 2-digit SIC -- by ownership sector","All establishment sizes",5,7,7,7,39680,0,0,436
"01999","5","SIC_0D35","29","0",1981,"2","","Unknown Or Undefined, Alabama","Private","SIC 35 Industrial Machinery and Equipment","County, 2-digit SIC -- by ownership sector","All establishment sizes",6,42,9,9,95681,0,0,368
"01999","5","SIC_0D35","29","0",1981,"3","","Unknown Or Undefined, Alabama","Private","SIC 35 Industrial Machinery and Equipment","County, 2-digit SIC -- by ownership sector","All establishment sizes",5,7,7,7,47274,0,0,519
"01999","5","SIC_0D35","29","0",1981,"4","","Unknown Or Undefined, Alabama","Private","SIC 35 Industrial Machinery and Equipment","County, 2-digit SIC -- by ownership sector","All establishment sizes",4,7,7,7,50979,0,0,560
"01999","5","SIC_0D36","29","0",1981,"1","N","Unknown Or Undefined, Alabama","Private","SIC 36 Electronic and Other Electric Equipment","County, 2-digit SIC -- by ownership sector","All establishment sizes",0,0,0,0,0,0,0,0
"01999","5","SIC_0D36","29","0",1981,"2","N","Unknown Or Undefined, Alabama","Private","SIC 36 Electronic and Other Electric Equipment","County, 2-digit SIC -- by ownership sector","All establishment sizes",0,0,0,0,0,0,0,0
"01999","5","SIC_0D36","29","0",1981,"3","N","Unknown Or Undefined, Alabama","Private","SIC 36 Electronic and Other Electric Equipment","County, 2-digit SIC -- by ownership sector","All establishment sizes",0,0,0,0,0,0,0,0
"01999","5","SIC_0D36","29","0",1981,"4","N","Unknown Or Undefined, Alabama","Private","SIC 36 Electronic and Other Electric Equipment","County, 2-digit SIC -- by ownership sector","All establishment sizes",0,0,0,0,0,0,0,0
"01999","5","SIC_0D37","29","0",1981,"1","","Unknown Or Undefined, Alabama","Private","SIC 37 Transportation Equipment","County, 2-digit SIC -- by ownership sector","All establishment sizes",4,0,0,0,0,0,0,0
"01999","5","SIC_0D37","29","0",1981,"2","","Unknown Or Undefined, Alabama","Private","SIC 37 Transportation Equipment","County, 2-digit SIC -- by ownership sector","All establishment sizes",4,24,25,26,161097,0,0,495
"01999","5","SIC_0D37","29","0",1981,"3","","Unknown Or Undefined, Alabama","Private","SIC 37 Transportation Equipment","County, 2-digit SIC -- by ownership sector","All establishment sizes",4,0,0,0,0,0,0,0
"01999","5","SIC_0D37","29","0",1981,"4","","Unknown Or Undefined, Alabama","Private","SIC 37 Transportation Equipment","County, 2-digit SIC -- by ownership sector","All establishment sizes",5,0,0,0,0,0,0,0
"01999","5","SIC_0D38","29","0",1981,"1","N","Unknown Or Undefined, Alabama","Private","SIC 38 Instruments and Related Products","County, 2-digit SIC -- by ownership sector","All establishment sizes",0,0,0,0,0,0,0,0
"01999","5","SIC_0D38","29","0",1981,"2","N","Unknown Or Undefined, Alabama","Private","SIC 38 Instruments and Related Products","County, 2-digit SIC -- by ownership sector","All establishment sizes",0,0,0,0,0,0,0,0
"01999","5","SIC_0D38","29","0",1981,"3","N","Unknown Or Undefined, Alabama","Private","SIC 38 Instruments and Related Products","County, 2-digit SIC -- by ownership sector","All establishment sizes",0,0,0,0,0,0,0,0
"01999","5","SIC_0D38","29","0",1981,"4","N","Unknown Or Undefined, Alabama","Private","SIC 38 Instruments and Related Products","County, 2-digit SIC -- by ownership sector","All establishment sizes",0,0,0,0,0,0,0,0
"01999","5","SIC_0D39","29","0",1981,"1","","Unknown Or Undefined, Alabama","Private","SIC 39 Miscellaneous Manufacturing Industries","County, 2-digit SIC -- by ownership sector","All establishment sizes",0,0,0,0,0,0,0,0
"01999","5","SIC_0D39","29","0",1981,"2","N","Unknown Or Undefined, Alabama","Private","SIC 39 Miscellaneous Manufacturing Industries","County, 2-digit SIC -- by ownership sector","All establishment sizes",0,0,0,0,0,0,0,0
"01999","5","SIC_0D39","29","0",1981,"3","N","Unknown Or Undefined, Alabama","Private","SIC 39 Miscellaneous Manufacturing Industries","County, 2-digit SIC -- by ownership sector","All establishment sizes",0,0,0,0,0,0,0,0
"01999","5","SIC_0D39","29","0",1981,"4","N","Unknown Or Undefined, Alabama","Private","SIC 39 Miscellaneous Manufacturing Industries","County, 2-digit SIC -- by ownership sector","All establishment sizes",0,0,0,0,0,0,0,0
"01999","5","SIC_0E","28","0",1981,"1","","Unknown Or Undefined, Alabama","Private","Transportation and Public Utilities Division","County, Industry Division -- by ownership sector","All establishment sizes",56,144,146,146,592827,0,0,313
"01999","5","SIC_0E","28","0",1981,"2","","Unknown Or Undefined, Alabama","Private","Transportation and Public Utilities Division","County, Industry Division -- by ownership sector","All establishment sizes",57,154,156,168,681178,0,0,328
"01999","5","SIC_0E","28","0",1981,"3","","Unknown Or Undefined, Alabama","Private","Transportation and Public Utilities Division","County, Industry Division -- by ownership sector","All establishment sizes",61,163,159,164,735472,0,0,349
"01999","5","SIC_0E","28","0",1981,"4","","Unknown Or Undefined, Alabama","Private","Transportation and Public Utilities Division","County, Industry Division -- by ownership sector","All establishment sizes",63,136,115,132,664645,0,0,400
"01999","5","SIC_0E42","29","0",1981,"1","","Unknown Or Undefined, Alabama","Private","SIC 42 Trucking And Warehousing","County, 2-digit SIC -- by ownership sector","All establishment sizes",35,63,66,66,279576,0,0,330
"01999","5","SIC_0E42","29","0",1981,"2","","Unknown Or Undefined, Alabama","Private","SIC 42 Trucking And Warehousing","County, 2-digit SIC -- by ownership sector","All establishment sizes",34,45,46,50,217990,0,0,356
"01999","5","SIC_0E42","29","0",1981,"3","","Unknown Or Undefined, Alabama","Private","SIC 42 Trucking And Warehousing","County, 2-digit SIC -- by ownership sector","All establishment sizes",37,72,70,74,354596,0,0,378
"01999","5","SIC_0E42","29","0",1981,"4","","Unknown Or Undefined, Alabama","Private","SIC 42 Trucking And Warehousing","County, 2-digit SIC -- by ownership sector","All establishment sizes",38,43,48,64,282574,0,0,420
"01999","5","SIC_0E44","29","0",1981,"1","N","Unknown Or Undefined, Alabama","Private","SIC 44 Water Transportation","County, 2-digit SIC -- by ownership sector","All establishment sizes",0,0,0,0,0,0,0,0
"01999","5","SIC_0E44","29","0",1981,"2","","Unknown Or Undefined, Alabama","Private","SIC 44 Water Transportation","County, 2-digit SIC -- by ownership sector","All establishment sizes",4,2,3,2,16586,0,0,546
"01999","5","SIC_0E44","29","0",1981,"3","","Unknown Or Undefined, Alabama","Private","SIC 44 Water Transportation","County, 2-digit SIC -- by ownership sector","All establishment sizes",4,2,2,2,7066,0,0,271
"01999","5","SIC_0E44","29","0",1981,"4","","Unknown Or Undefined, Alabama","Private","SIC 44 Water Transportation","County, 2-digit SIC -- by ownership sector","All establishment sizes",4,1,1,1,4625,0,0,355
"01999","5","SIC_0E45","29","0",1981,"1","N","Unknown Or Undefined, Alabama","Private","SIC 45 Transportation By Air","County, 2-digit SIC -- by ownership sector","All establishment sizes",0,0,0,0,0,0,0,0
"01999","5","SIC_0E45","29","0",1981,"2","N","Unknown Or Undefined, Alabama","Private","SIC 45 Transportation By Air","County, 2-digit SIC -- by ownership sector","All establishment sizes",0,0,0,0,0,0,0,0
"01999","5","SIC_0E45","29","0",1981,"3","N","Unknown Or Undefined, Alabama","Private","SIC 45 Transportation By Air","County, 2-digit SIC -- by ownership sector","All establishment sizes",0,0,0,0,0,0,0,0
"01999","5","SIC_0E45","29","0",1981,"4","N","Unknown Or Undefined, Alabama","Private","SIC 45 Transportation By Air","County, 2-digit SIC -- by ownership sector","All establishment sizes",0,0,0,0,0,0,0,0
"01999","5","SIC_0E46","29","0",1981,"1","N","Unknown Or Undefined, Alabama","Private","SIC 46 Pipelines, Except Natural Gas","County, 2-digit SIC -- by ownership sector","All establishment sizes",0,0,0,0,0,0,0,0
"01999","5","SIC_0E46","29","0",1981,"2","N","Unknown Or Undefined, Alabama","Private","SIC 46 Pipelines, Except Natural Gas","County, 2-digit SIC -- by ownership sector","All establishment sizes",0,0,0,0,0,0,0,0
"01999","5","SIC_0E46","29","0",1981,"3","N","Unknown Or Undefined, Alabama","Private","SIC 46 Pipelines, Except Natural Gas","County, 2-digit SIC -- by ownership sector","All establishment sizes",0,0,0,0,0,0,0,0
"01999","5","SIC_0E46","29","0",1981,"4","N","Unknown Or Undefined, Alabama","Private","SIC 46 Pipelines, Except Natural Gas","County, 2-digit SIC -- by ownership sector","All establishment sizes",0,0,0,0,0,0,0,0
"01999","5","SIC_0E47","29","0",1981,"1","","Unknown Or Undefined, Alabama","Private","SIC 47 Transportation Services","County, 2-digit SIC -- by ownership sector","All establishment sizes",5,0,0,0,0,0,0,0
"01999","5","SIC_0E47","29","0",1981,"2","","Unknown Or Undefined, Alabama","Private","SIC 47 Transportation Services","County, 2-digit SIC -- by ownership sector","All establishment sizes",4,0,0,0,0,0,0,0
"01999","5","SIC_0E47","29","0",1981,"3","","Unknown Or Undefined, Alabama","Private","SIC 47 Transportation Services","County, 2-digit SIC -- by ownership sector","All establishment sizes",5,0,0,0,0,0,0,0
"01999","5","SIC_0E47","29","0",1981,"4","","Unknown Or Undefined, Alabama","Private","SIC 47 Transportation Services","County, 2-digit SIC -- by ownership sector","All establishment sizes",6,2,2,2,3810,0,0,146
"01999","5","SIC_0E48","29","0",1981,"1","","Unknown Or Undefined, Alabama","Private","SIC 48 Communication","County, 2-digit SIC -- by ownership sector","All establishment sizes",8,12,12,12,73092,0,0,468
"01999","5","SIC_0E48","29","0",1981,"2","","Unknown Or Undefined, Alabama","Private","SIC 48 Communication","County, 2-digit SIC -- by ownership sector","All establishment sizes",9,41,41,44,175206,0,0,320
"01999","5","SIC_0E48","29","0",1981,"3","","Unknown Or Undefined, Alabama","Private","SIC 48 Communication","County, 2-digit SIC -- by ownership sector","All establishment sizes",9,34,32,33,151519,0,0,353
"01999","5","SIC_0E48","29","0",1981,"4","","Unknown Or Undefined, Alabama","Private","SIC 48 Communication","County, 2-digit SIC -- by ownership sector","All establishment sizes",9,37,11,11,120122,0,0,469
"01999","5","SIC_0E49","29","0",1981,"1","","Unknown Or Undefined, Alabama","Private","SIC 49 Electric, Gas, And Sanitary Services","County, 2-digit SIC -- by ownership sector","All establishment sizes",3,36,35,34,72000,0,0,158
"01999","5","SIC_0E49","29","0",1981,"2","","Unknown Or Undefined, Alabama","Private","SIC 49 Electric, Gas, And Sanitary Services","County, 2-digit SIC -- by ownership sector","All establishment sizes",3,34,33,33,90185,0,0,208
"01999","5","SIC_0E49","29","0",1981,"3","","Unknown Or Undefined, Alabama","Private","SIC 49 Electric, Gas, And Sanitary Services","County, 2-digit SIC -- by ownership sector","All establishment sizes",3,34,34,34,89548,0,0,202
"01999","5","SIC_0E49","29","0",1981,"4","","Unknown Or Undefined, Alabama","Private","SIC 49 Electric, Gas, And Sanitary Services","County, 2-digit SIC -- by ownership sector","All establishment sizes",3,32,32,33,97854,0,0,232
"01999","5","SIC_0F","28","0",1981,"1","","Unknown Or Undefined, Alabama","Private","Wholesale Trade Division","County, Industry Division -- by ownership sector","All establishment sizes",735,2146,2167,2151,11153349,0,0,398
"01999","5","SIC_0F","28","0",1981,"2","","Unknown Or Undefined, Alabama","Private","Wholesale Trade Division","County, Industry Division -- by ownership sector","All establishment sizes",688,2234,2199,2215,11206870,0,0,389
"01999","5","SIC_0F","28","0",1981,"3","","Unknown Or Undefined, Alabama","Private","Wholesale Trade Division","County, Industry Division -- by ownership sector","All establishment sizes",733,2333,2350,2384,11910963,0,0,388
"01999","5","SIC_0F","28","0",1981,"4","","Unknown Or Undefined, Alabama","Private","Wholesale Trade Division","County, Industry Division -- by ownership sector","All establishment sizes",784,2401,2404,2434,12403933,0,0,395
"01999","5","SIC_0F50","29","0",1981,"1","","Unknown Or Undefined, Alabama","Private","SIC 50 Wholesale Trade Durable Goods","County, 2-digit SIC -- by ownership sector","All establishment sizes",395,849,842,844,4572103,0,0,416
"01999","5","SIC_0F50","29","0",1981,"2","","Unknown Or Undefined, Alabama","Private","SIC 50 Wholesale Trade Durable Goods","County, 2-digit SIC -- by ownership sector","All establishment sizes",359,857,845,880,4470823,0,0,399
"01999","5","SIC_0F50","29","0",1981,"3","","Unknown Or Undefined, Alabama","Private","SIC 50 Wholesale Trade Durable Goods","County, 2-digit SIC -- by ownership sector","All establishment sizes",388,886,918,946,4784424,0,0,401
"01999","5","SIC_0F50","29","0",1981,"4","","Unknown Or Undefined, Alabama","Private","SIC 50 Wholesale Trade Durable Goods","County, 2-digit SIC -- by ownership sector","All establishment sizes",424,907,908,935,4929499,0,0,413
"01999","5","SIC_0F51","29","0",1981,"1","","Unknown Or Undefined, Alabama","Private","SIC 51 Wholesale Trade Nondurable Goods","County, 2-digit SIC -- by ownership sector","All establishment sizes",340,1297,1325,1307,6581246,0,0,386
"01999","5","SIC_0F51","29","0",1981,"2","","Unknown Or Undefined, Alabama","Private","SIC 51 Wholesale Trade Nondurable Goods","County, 2-digit SIC -- by ownership sector","All establishment sizes",329,1377,1354,1335,6736047,0,0,382
"01999","5","SIC_0F51","29","0",1981,"3","","Unknown Or Undefined, Alabama","Private","SIC 51 Wholesale Trade Nondurable Goods","County, 2-digit SIC -- by ownership sector","All establishment sizes",345,1447,1432,1438,7126539,0,0,380
"01999","5","SIC_0F51","29","0",1981,"4","","Unknown Or Undefined, Alabama","Private","SIC 51 Wholesale Trade Nondurable Goods","County, 2-digit SIC -- by ownership sector","All establishment sizes",360,1494,1496,1499,7474434,0,0,384
"01999","5","SIC_0G","28","0",1981,"1","","Unknown Or Undefined, Alabama","Private","Retail Trade Division","County, Industry Division -- by ownership sector","All establishment sizes",159,1484,1475,1451,3362959,0,0,175
"01999","5","SIC_0G","28","0",1981,"2","","Unknown Or Undefined, Alabama","Private","Retail Trade Division","County, Industry Division -- by ownership sector","All establishment sizes",155,1941,2041,2010,4056349,0,0,156
"01999","5","SIC_0G","28","0",1981,"3","","Unknown Or Undefined, Alabama","Private","Retail Trade Division","County, Industry Division -- by ownership sector","All establishment sizes",158,2065,2126,2127,4648134,0,0,169
"01999","5","SIC_0G","28","0",1981,"4","","Unknown Or Undefined, Alabama","Private","Retail Trade Division","County, Industry Division -- by ownership sector","All establishment sizes",159,1850,1817,1821,4377247,0,0,184
"01999","5","SIC_0G52","29","0",1981,"1","","Unknown Or Undefined, Alabama","Private","SIC 52 Building Materials and Garden Supplies","County, 2-digit SIC -- by ownership sector","All establishment sizes",10,57,56,52,219274,0,0,306
"01999","5","SIC_0G52","29","0",1981,"2","","Unknown Or Undefined, Alabama","Private","SIC 52 Building Materials and Garden Supplies","County, 2-digit SIC -- by ownership sector","All establishment sizes",10,51,62,64,235034,0,0,306
"01999","5","SIC_0G52","29","0",1981,"3","","Unknown Or Undefined, Alabama","Private","SIC 52 Building Materials and Garden Supplies","County, 2-digit SIC -- by ownership sector","All establishment sizes",10,69,66,63,352184,0,0,410
"01999","5","SIC_0G52","29","0",1981,"4","","Unknown Or Undefined, Alabama","Private","SIC 52 Building Materials and Garden Supplies","County, 2-digit SIC -- by ownership sector","All establishment sizes",9,44,40,44,201507,0,0,363
"01999","5","SIC_0G53","29","0",1981,"1","","Unknown Or Undefined, Alabama","Private","SIC 53 General Merchandise Stores","County, 2-digit SIC -- by ownership sector","All establishment sizes",15,93,89,78,401175,0,0,356
"01999","5","SIC_0G53","29","0",1981,"2","","Unknown Or Undefined, Alabama","Private","SIC 53 General Merchandise Stores","County, 2-digit SIC -- by ownership sector","All establishment sizes",14,95,96,84,303087,0,0,254
"01999","5","SIC_0G53","29","0",1981,"3","","Unknown Or Undefined, Alabama","Private","SIC 53 General Merchandise Stores","County, 2-digit SIC -- by ownership sector","All establishment sizes",11,63,61,60,274639,0,0,344
"01999","5","SIC_0G53","29","0",1981,"4","","Unknown Or Undefined, Alabama","Private","SIC 53 General Merchandise Stores","County, 2-digit SIC -- by ownership sector","All establishment sizes",11,55,46,45,233953,0,0,369
"01999","5","SIC_0G54","29","0",1981,"1","","Unknown Or Undefined, Alabama","Private","SIC 54 Food Stores","County, 2-digit SIC -- by ownership sector","All establishment sizes",7,480,462,461,793127,0,0,130
"01999","5","SIC_0G54","29","0",1981,"2","","Unknown Or Undefined, Alabama","Private","SIC 54 Food Stores","County, 2-digit SIC -- by ownership sector","All establishment sizes",7,454,471,458,787232,0,0,131
"01999","5","SIC_0G54","29","0",1981,"3","","Unknown Or Undefined, Alabama","Private","SIC 54 Food Stores","County, 2-digit SIC -- by ownership sector","All establishment sizes",8,474,474,480,945886,0,0,152
"01999","5","SIC_0G54","29","0",1981,"4","","Unknown Or Undefined, Alabama","Private","SIC 54 Food Stores","County, 2-digit SIC -- by ownership sector","All establishment sizes",8,458,466,438,1011539,0,0,171
"01999","5","SIC_0G55","29","0",1981,"1","","Unknown Or Undefined, Alabama","Private","SIC 55 Automotive Dealers and Service Stations","County, 2-digit SIC -- by ownership sector","All establishment sizes",18,98,91,91,263078,0,0,216
"01999","5","SIC_0G55","29","0",1981,"2","","Unknown Or Undefined, Alabama","Private","SIC 55 Automotive Dealers and Service Stations","County, 2-digit SIC -- by ownership sector","All establishment sizes",15,178,179,178,446726,0,0,192
"01999","5","SIC_0G55","29","0",1981,"3","","Unknown Or Undefined, Alabama","Private","SIC 55 Automotive Dealers and Service Stations","County, 2-digit SIC -- by ownership sector","All establishment sizes",12,174,174,176,454589,0,0,200
"01999","5","SIC_0G55","29","0",1981,"4","","Unknown Or Undefined, Alabama","Private","SIC 55 Automotive Dealers and Service Stations","County, 2-digit SIC -- by ownership sector","All establishment sizes",12,195,196,195,512814,0,0,201
"01999","5","SIC_0G56","29","0",1981,"1","","Unknown Or Undefined, Alabama","Private","SIC 56 Apparel and Accessory Stores","County, 2-digit SIC -- by ownership sector","All establishment sizes",26,113,131,122,255534,0,0,161
"01999","5","SIC_0G56","29","0",1981,"2","","Unknown Or Undefined, Alabama","Private","SIC 56 Apparel and Accessory Stores","County, 2-digit SIC -- by ownership sector","All establishment sizes",26,106,108,106,204914,0,0,147
"01999","5","SIC_0G56","29","0",1981,"3","","Unknown Or Undefined, Alabama","Private","SIC 56 Apparel and Accessory Stores","County, 2-digit SIC -- by ownership sector","All establishment sizes",27,163,172,163,387069,0,0,179
"01999","5","SIC_0G56","29","0",1981,"4","","Unknown Or Undefined, Alabama","Private","SIC 56 Apparel and Accessory Stores","County, 2-digit SIC -- by ownership sector","All establishment sizes",27,140,141,143,382082,0,0,207
"01999","5","SIC_0G57","29","0",1981,"1","","Unknown Or Undefined, Alabama","Private","SIC 57 Furniture and Homefurnishings Stores","County, 2-digit SIC -- by ownership sector","All establishment sizes",11,54,55,58,125350,0,0,173
"01999","5","SIC_0G57","29","0",1981,"2","","Unknown Or Undefined, Alabama","Private","SIC 57 Furniture and Homefurnishings Stores","County, 2-digit SIC -- by ownership sector","All establishment sizes",13,50,57,59,177940,0,0,247
"01999","5","SIC_0G57","29","0",1981,"3","","Unknown Or Undefined, Alabama","Private","SIC 57 Furniture and Homefurnishings Stores","County, 2-digit SIC -- by ownership sector","All establishment sizes",12,42,47,49,118041,0,0,197
"01999","5","SIC_0G57","29","0",1981,"4","","Unknown Or Undefined, Alabama","Private","SIC 57 Furniture and Homefurnishings Stores","County, 2-digit SIC -- by ownership sector","All establishment sizes",14,57,53,70,134830,0,0,172
"01999","5","SIC_0G58","29","0",1981,"1","","Unknown Or Undefined, Alabama","Private","SIC 58 Eating and Drinking Places","County, 2-digit SIC -- by ownership sector","All establishment sizes",32,393,398,407,839755,0,0,161
"01999","5","SIC_0G58","29","0",1981,"2","","Unknown Or Undefined, Alabama","Private","SIC 58 Eating and Drinking Places","County, 2-digit SIC -- by ownership sector","All establishment sizes",32,802,859,855,1440723,0,0,132
"01999","5","SIC_0G58","29","0",1981,"3","","Unknown Or Undefined, Alabama","Private","SIC 58 Eating and Drinking Places","County, 2-digit SIC -- by ownership sector","All establishment sizes",34,849,890,915,1554615,0,0,135
"01999","5","SIC_0G58","29","0",1981,"4","","Unknown Or Undefined, Alabama","Private","SIC 58 Eating and Drinking Places","County, 2-digit SIC -- by ownership sector","All establishment sizes",39,663,637,635,1313035,0,0,156
"01999","5","SIC_0G59","29","0",1981,"1","","Unknown Or Undefined, Alabama","Private","SIC 59 Miscellaneous Retail","County, 2-digit SIC -- by ownership sector","All establishment sizes",40,196,193,182,465666,0,0,188
"01999","5","SIC_0G59","29","0",1981,"2","","Unknown Or Undefined, Alabama","Private","SIC 59 Miscellaneous Retail","County, 2-digit SIC -- by ownership sector","All establishment sizes",38,205,209,206,460693,0,0,171
"01999","5","SIC_0G59","29","0",1981,"3","","Unknown Or Undefined, Alabama","Private","SIC 59 Miscellaneous Retail","County, 2-digit SIC -- by ownership sector","All establishment sizes",44,231,242,221,561111,0,0,186
"01999","5","SIC_0G59","29","0",1981,"4","","Unknown Or Undefined, Alabama","Private","SIC 59 Miscellaneous Retail","County, 2-digit SIC -- by ownership sector","All establishment sizes",39,238,238,251,587487,0,0,186
"01999","5","SIC_0H","28","0",1981,"1","","Unknown Or Undefined, Alabama","Private","Finance, Insurance, and Real Estate Division","County, Industry Division -- by ownership sector","All establishment sizes",115,336,341,344,1199492,0,0,271
"01999","5","SIC_0H","28","0",1981,"2","","Unknown Or Undefined, Alabama","Private","Finance, Insurance, and Real Estate Division","County, Industry Division -- by ownership sector","All establishment sizes",95,256,248,246,961022,0,0,295
"01999","5","SIC_0H","28","0",1981,"3","","Unknown Or Undefined, Alabama","Private","Finance, Insurance, and Real Estate Division","County, Industry Division -- by ownership sector","All establishment sizes",100,222,218,222,847636,0,0,295
"01999","5","SIC_0H","28","0",1981,"4","","Unknown Or Undefined, Alabama","Private","Finance, Insurance, and Real Estate Division","County, Industry Division -- by ownership sector","All establishment sizes",108,186,198,199,858293,0,0,339
"01999","5","SIC_0H60","29","0",1981,"1","N","Unknown Or Undefined, Alabama","Private","SIC 60 Depository Institutions","County, 2-digit SIC -- by ownership sector","All establishment sizes",0,0,0,0,0,0,0,0
"01999","5","SIC_0H60","29","0",1981,"2","N","Unknown Or Undefined, Alabama","Private","SIC 60 Depository Institutions","County, 2-digit SIC -- by ownership sector","All establishment sizes",0,0,0,0,0,0,0,0
"01999","5","SIC_0H60","29","0",1981,"3","N","Unknown Or Undefined, Alabama","Private","SIC 60 Depository Institutions","County, 2-digit SIC -- by ownership sector","All establishment sizes",0,0,0,0,0,0,0,0
"01999","5","SIC_0H60","29","0",1981,"4","N","Unknown Or Undefined, Alabama","Private","SIC 60 Depository Institutions","County, 2-digit SIC -- by ownership sector","All establishment sizes",0,0,0,0,0,0,0,0
"01999","5","SIC_0H61","29","0",1981,"1","","Unknown Or Undefined, Alabama","Private","SIC 61 Nondepository Institutions","County, 2-digit SIC -- by ownership sector","All establishment sizes",20,131,136,137,401136,0,0,229
"01999","5","SIC_0H61","29","0",1981,"2","","Unknown Or Undefined, Alabama","Private","SIC 61 Nondepository Institutions","County, 2-digit SIC -- by ownership sector","All establishment sizes",20,61,58,55,185149,0,0,245
"01999","5","SIC_0H61","29","0",1981,"3","","Unknown Or Undefined, Alabama","Private","SIC 61 Nondepository Institutions","County, 2-digit SIC -- by ownership sector","All establishment sizes",16,30,32,31,106315,0,0,263
"01999","5","SIC_0H61","29","0",1981,"4","","Unknown Or Undefined, Alabama","Private","SIC 61 Nondepository Institutions","County, 2-digit SIC -- by ownership sector","All establishment sizes",18,30,34,36,119647,0,0,276
"01999","5","SIC_0H62","29","0",1981,"1","","Unknown Or Undefined, Alabama","Private","SIC 62 Security and Commodity Brokers","County, 2-digit SIC -- by ownership sector","All establishment sizes",3,37,37,37,253740,0,0,527
"01999","5","SIC_0H62","29","0",1981,"2","","Unknown Or Undefined, Alabama","Private","SIC 62 Security and Commodity Brokers","County, 2-digit SIC -- by ownership sector","All establishment sizes",3,40,42,39,274027,0,0,522
"01999","5","SIC_0H62","29","0",1981,"3","","Unknown Or Undefined, Alabama","Private","SIC 62 Security and Commodity Brokers","County, 2-digit SIC -- by ownership sector","All establishment sizes",3,41,40,39,231434,0,0,445
"01999","5","SIC_0H62","29","0",1981,"4","","Unknown Or Undefined, Alabama","Private","SIC 62 Security and Commodity Brokers","County, 2-digit SIC -- by ownership sector","All establishment sizes",3,37,35,34,194637,0,0,423
"01999","5","SIC_0H63","29","0",1981,"1","","Unknown Or Undefined, Alabama","Private","SIC 63 Insurance Carriers","County, 2-digit SIC -- by ownership sector","All establishment sizes",37,57,54,54,226207,0,0,316
"01999","5","SIC_0H63","29","0",1981,"2","","Unknown Or Undefined, Alabama","Private","SIC 63 Insurance Carriers","County, 2-digit SIC -- by ownership sector","All establishment sizes",28,53,53,56,232256,0,0,330
"01999","5","SIC_0H63","29","0",1981,"3","","Unknown Or Undefined, Alabama","Private","SIC 63 Insurance Carriers","County, 2-digit SIC -- by ownership sector","All establishment sizes",32,60,54,60,257702,0,0,341
"01999","5","SIC_0H63","29","0",1981,"4","","Unknown Or Undefined, Alabama","Private","SIC 63 Insurance Carriers","County, 2-digit SIC -- by ownership sector","All establishment sizes",35,61,63,63,312956,0,0,386
"01999","5","SIC_0H64","29","0",1981,"1","","Unknown Or Undefined, Alabama","Private","SIC 64 Insurance Agents, Brokers, and Service","County, 2-digit SIC -- by ownership sector","All establishment sizes",22,19,20,18,75584,0,0,306
"01999","5","SIC_0H64","29","0",1981,"2","","Unknown Or Undefined, Alabama","Private","SIC 64 Insurance Agents, Brokers, and Service","County, 2-digit SIC -- by ownership sector","All establishment sizes",19,28,26,26,102092,0,0,294
"01999","5","SIC_0H64","29","0",1981,"3","","Unknown Or Undefined, Alabama","Private","SIC 64 Insurance Agents, Brokers, and Service","County, 2-digit SIC -- by ownership sector","All establishment sizes",22,29,28,28,110499,0,0,299
"01999","5","SIC_0H64","29","0",1981,"4","","Unknown Or Undefined, Alabama","Private","SIC 64 Insurance Agents, Brokers, and Service","County, 2-digit SIC -- by ownership sector","All establishment sizes",21,25,25,25,119950,0,0,369
"01999","5","SIC_0H65","29","0",1981,"1","","Unknown Or Undefined, Alabama","Private","SIC 65 Real Estate","County, 2-digit SIC -- by ownership sector","All establishment sizes",25,90,92,96,235535,0,0,195
"01999","5","SIC_0H65","29","0",1981,"2","","Unknown Or Undefined, Alabama","Private","SIC 65 Real Estate","County, 2-digit SIC -- by ownership sector","All establishment sizes",18,71,66,67,153958,0,0,174
"01999","5","SIC_0H65","29","0",1981,"3","","Unknown Or Undefined, Alabama","Private","SIC 65 Real Estate","County, 2-digit SIC -- by ownership sector","All establishment sizes",20,61,63,62,136526,0,0,169
"01999","5","SIC_0H65","29","0",1981,"4","","Unknown Or Undefined, Alabama","Private","SIC 65 Real Estate","County, 2-digit SIC -- by ownership sector","All establishment sizes",22,30,38,37,99095,0,0,217
"01999","5","SIC_0H67","29","0",1981,"1","N","Unknown Or Undefined, Alabama","Private","SIC 67 Holding and Other Investment Offices","County, 2-digit SIC -- by ownership sector","All establishment sizes",0,0,0,0,0,0,0,0
"01999","5","SIC_0H67","29","0",1981,"2","N","Unknown Or Undefined, Alabama","Private","SIC 67 Holding and Other Investment Offices","County, 2-digit SIC -- by ownership sector","All establishment sizes",0,0,0,0,0,0,0,0
"01999","5","SIC_0H67","29","0",1981,"3","N","Unknown Or Undefined, Alabama","Private","SIC 67 Holding and Other Investment Offices","County, 2-digit SIC -- by ownership sector","All establishment sizes",0,0,0,0,0,0,0,0
"01999","5","SIC_0H67","29","0",1981,"4","N","Unknown Or Undefined, Alabama","Private","SIC 67 Holding and Other Investment Offices","County, 2-digit SIC -- by ownership sector","All establishment sizes",0,0,0,0,0,0,0,0
"01999","5","SIC_0I","28","0",1981,"1","","Unknown Or Undefined, Alabama","Private","Services Division","County, Industry Division -- by ownership sector","All establishment sizes",286,1293,1280,1304,4802996,0,0,285
"01999","5","SIC_0I","28","0",1981,"2","","Unknown Or Undefined, Alabama","Private","Services Division","County, Industry Division -- by ownership sector","All establishment sizes",264,1314,1296,1320,4657598,0,0,273
"01999","5","SIC_0I","28","0",1981,"3","","Unknown Or Undefined, Alabama","Private","Services Division","County, Industry Division -- by ownership sector","All establishment sizes",271,1437,1441,1385,4871562,0,0,263
"01999","5","SIC_0I","28","0",1981,"4","","Unknown Or Undefined, Alabama","Private","Services Division","County, Industry Division -- by ownership sector","All establishment sizes",287,1085,1035,1084,4850131,0,0,349
"01999","5","SIC_0I70","29","0",1981,"1","","Unknown Or Undefined, Alabama","Private","SIC 70 Hotels and Other Lodging Places","County, 2-digit SIC -- by ownership sector","All establishment sizes",3,0,0,0,0,0,0,0
"01999","5","SIC_0I70","29","0",1981,"2","N","Unknown Or Undefined, Alabama","Private","SIC 70 Hotels and Other Lodging Places","County, 2-digit SIC -- by ownership sector","All establishment sizes",0,0,0,0,0,0,0,0
"01999","5","SIC_0I70","29","0",1981,"3","N","Unknown Or Undefined, Alabama","Private","SIC 70 Hotels and Other Lodging Places","County, 2-digit SIC -- by ownership sector","All establishment sizes",0,0,0,0,0,0,0,0
"01999","5","SIC_0I70","29","0",1981,"4","N","Unknown Or Undefined, Alabama","Private","SIC 70 Hotels and Other Lodging Places","County, 2-digit SIC -- by ownership sector","All establishment sizes",0,0,0,0,0,0,0,0
"01999","5","SIC_0I72","29","0",1981,"1","","Unknown Or Undefined, Alabama","Private","SIC 72 Personal Services","County, 2-digit SIC -- by ownership sector","All establishment sizes",27,113,115,114,283463,0,0,191
"01999","5","SIC_0I72","29","0",1981,"2","","Unknown Or Undefined, Alabama","Private","SIC 72 Personal Services","County, 2-digit SIC -- by ownership sector","All establishment sizes",24,128,121,135,389960,0,0,234
"01999","5","SIC_0I72","29","0",1981,"3","","Unknown Or Undefined, Alabama","Private","SIC 72 Personal Services","County, 2-digit SIC -- by ownership sector","All establishment sizes",22,134,146,138,435375,0,0,240
"01999","5","SIC_0I72","29","0",1981,"4","","Unknown Or Undefined, Alabama","Private","SIC 72 Personal Services","County, 2-digit SIC -- by ownership sector","All establishment sizes",24,123,120,111,428276,0,0,279
"01999","5","SIC_0I73","29","0",1981,"1","","Unknown Or Undefined, Alabama","Private","SIC 73 Business Services","County, 2-digit SIC -- by ownership sector","All establishment sizes",111,575,602,608,1792943,0,0,231
"01999","5","SIC_0I73","29","0",1981,"2","","Unknown Or Undefined, Alabama","Private","SIC 73 Business Services","County, 2-digit SIC -- by ownership sector","All establishment sizes",102,568,560,566,1607674,0,0,219
"01999","5","SIC_0I73","29","0",1981,"3","","Unknown Or Undefined, Alabama","Private","SIC 73 Business Services","County, 2-digit SIC -- by ownership sector","All establishment sizes",104,553,546,541,1637078,0,0,230
"01999","5","SIC_0I73","29","0",1981,"4","","Unknown Or Undefined, Alabama","Private","SIC 73 Business Services","County, 2-digit SIC -- by ownership sector","All establishment sizes",114,387,410,430,1576990,0,0,296
"01999","5","SIC_0I75","29","0",1981,"1","","Unknown Or Undefined, Alabama","Private","SIC 75 Auto Repair, Services, and Parking","County, 2-digit SIC -- by ownership sector","All establishment sizes",12,47,48,49,105261,0,0,168
"01999","5","SIC_0I75","29","0",1981,"2","","Unknown Or Undefined, Alabama","Private","SIC 75 Auto Repair, Services, and Parking","County, 2-digit SIC -- by ownership sector","All establishment sizes",10,35,37,33,105113,0,0,231
"01999","5","SIC_0I75","29","0",1981,"3","","Unknown Or Undefined, Alabama","Private","SIC 75 Auto Repair, Services, and Parking","County, 2-digit SIC -- by ownership sector","All establishment sizes",11,45,33,29,76757,0,0,165
"01999","5","SIC_0I75","29","0",1981,"4","","Unknown Or Undefined, Alabama","Private","SIC 75 Auto Repair, Services, and Parking","County, 2-digit SIC -- by ownership sector","All establishment sizes",11,17,17,18,58715,0,0,260
"01999","5","SIC_0I76","29","0",1981,"1","","Unknown Or Undefined, Alabama","Private","SIC 76 Miscellaneous Repair Services","County, 2-digit SIC -- by ownership sector","All establishment sizes",19,16,16,18,95918,0,0,442
"01999","5","SIC_0I76","29","0",1981,"2","","Unknown Or Undefined, Alabama","Private","SIC 76 Miscellaneous Repair Services","County, 2-digit SIC -- by ownership sector","All establishment sizes",12,28,24,29,129841,0,0,369
"01999","5","SIC_0I76","29","0",1981,"3","","Unknown Or Undefined, Alabama","Private","SIC 76 Miscellaneous Repair Services","County, 2-digit SIC -- by ownership sector","All establishment sizes",13,30,32,28,124341,0,0,318
"01999","5","SIC_0I76","29","0",1981,"4","","Unknown Or Undefined, Alabama","Private","SIC 76 Miscellaneous Repair Services","County, 2-digit SIC -- by ownership sector","All establishment sizes",16,13,19,21,102218,0,0,445
"01999","5","SIC_0I78","29","0",1981,"1","","Unknown Or Undefined, Alabama","Private","SIC 78 Motion Pictures","County, 2-digit SIC -- by ownership sector","All establishment sizes",8,2,1,4,12787,0,0,421
"01999","5","SIC_0I78","29","0",1981,"2","","Unknown Or Undefined, Alabama","Private","SIC 78 Motion Pictures","County, 2-digit SIC -- by ownership sector","All establishment sizes",7,1,3,1,1410,0,0,65
"01999","5","SIC_0I78","29","0",1981,"3","","Unknown Or Undefined, Alabama","Private","SIC 78 Motion Pictures","County, 2-digit SIC -- by ownership sector","All establishment sizes",7,1,2,5,569,0,0,16
"01999","5","SIC_0I78","29","0",1981,"4","","Unknown Or Undefined, Alabama","Private","SIC 78 Motion Pictures","County, 2-digit SIC -- by ownership sector","All establishment sizes",6,0,0,0,0,0,0,0
"01999","5","SIC_0I79","29","0",1981,"1","","Unknown Or Undefined, Alabama","Private","SIC 79 Amusement and Recreation Services","County, 2-digit SIC -- by ownership sector","All establishment sizes",10,44,42,38,220759,0,0,410
"01999","5","SIC_0I79","29","0",1981,"2","","Unknown Or Undefined, Alabama","Private","SIC 79 Amusement and Recreation Services","County, 2-digit SIC -- by ownership sector","All establishment sizes",13,58,55,54,185456,0,0,256
"01999","5","SIC_0I79","29","0",1981,"3","","Unknown Or Undefined, Alabama","Private","SIC 79 Amusement and Recreation Services","County, 2-digit SIC -- by ownership sector","All establishment sizes",13,211,196,203,448835,0,0,169
"01999","5","SIC_0I79","29","0",1981,"4","","Unknown Or Undefined, Alabama","Private","SIC 79 Amusement and Recreation Services","County, 2-digit SIC -- by ownership sector","All establishment sizes",14,131,53,58,671515,0,0,640
"01999","5","SIC_0I80","29","0",1981,"1","","Unknown Or Undefined, Alabama","Private","SIC 80 Health Services","County, 2-digit SIC -- by ownership sector","All establishment sizes",13,102,102,107,375619,0,0,278
"01999","5","SIC_0I80","29","0",1981,"2","","Unknown Or Undefined, Alabama","Private","SIC 80 Health Services","County, 2-digit SIC -- by ownership sector","All establishment sizes",16,153,154,152,527109,0,0,265
"01999","5","SIC_0I80","29","0",1981,"3","","Unknown Or Undefined, Alabama","Private","SIC 80 Health Services","County, 2-digit SIC -- by ownership sector","All establishment sizes",15,135,137,127,509327,0,0,294
"01999","5","SIC_0I80","29","0",1981,"4","","Unknown Or Undefined, Alabama","Private","SIC 80 Health Services","County, 2-digit SIC -- by ownership sector","All establishment sizes",17,157,155,153,425794,0,0,211
"01999","5","SIC_0I81","29","0",1981,"1","","Unknown Or Undefined, Alabama","Private","SIC 81 Legal Services","County, 2-digit SIC -- by ownership sector","All establishment sizes",4,12,13,14,38510,0,0,227
"01999","5","SIC_0I81","29","0",1981,"2","","Unknown Or Undefined, Alabama","Private","SIC 81 Legal Services","County, 2-digit SIC -- by ownership sector","All establishment sizes",4,14,15,17,52586,0,0,263
"01999","5","SIC_0I81","29","0",1981,"3","","Unknown Or Undefined, Alabama","Private","SIC 81 Legal Services","County, 2-digit SIC -- by ownership sector","All establishment sizes",5,14,14,15,46723,0,0,250
"01999","5","SIC_0I81","29","0",1981,"4","","Unknown Or Undefined, Alabama","Private","SIC 81 Legal Services","County, 2-digit SIC -- by ownership sector","All establishment sizes",3,0,0,0,0,0,0,0
"01999","5","SIC_0I82","29","0",1981,"1","","Unknown Or Undefined, Alabama","Private","SIC 82 Educational Services","County, 2-digit SIC -- by ownership sector","All establishment sizes",5,14,4,7,16481,0,0,152
"01999","5","SIC_0I82","29","0",1981,"2","N","Unknown Or Undefined, Alabama","Private","SIC 82 Educational Services","County, 2-digit SIC -- by ownership sector","All establishment sizes",0,0,0,0,0,0,0,0
"01999","5","SIC_0I82","29","0",1981,"3","N","Unknown Or Undefined, Alabama","Private","SIC 82 Educational Services","County, 2-digit SIC -- by ownership sector","All establishment sizes",0,0,0,0,0,0,0,0
"01999","5","SIC_0I82","29","0",1981,"4","","Unknown Or Undefined, Alabama","Private","SIC 82 Educational Services","County, 2-digit SIC -- by ownership sector","All establishment sizes",3,1,0,0,135,0,0,31
"01999","5","SIC_0I83","29","0",1981,"1","","Unknown Or Undefined, Alabama","Private","SIC 83 Social Services","County, 2-digit SIC -- by ownership sector","All establishment sizes",12,59,56,58,182006,0,0,242
"01999","5","SIC_0I83","29","0",1981,"2","","Unknown Or Undefined, Alabama","Private","SIC 83 Social Services","County, 2-digit SIC -- by ownership sector","All establishment sizes",11,54,50,52,161944,0,0,239
"01999","5","SIC_0I83","29","0",1981,"3","","Unknown Or Undefined, Alabama","Private","SIC 83 Social Services","County, 2-digit SIC -- by ownership sector","All establishment sizes",13,81,82,62,249120,0,0,255
"01999","5","SIC_0I83","29","0",1981,"4","","Unknown Or Undefined, Alabama","Private","SIC 83 Social Services","County, 2-digit SIC -- by ownership sector","All establishment sizes",13,19,19,19,97919,0,0,396
"01999","5","SIC_0I86","29","0",1981,"1","","Unknown Or Undefined, Alabama","Private","SIC 86 Membership Organizations","County, 2-digit SIC -- by ownership sector","All establishment sizes",24,138,108,118,342728,0,0,217
"01999","5","SIC_0I86","29","0",1981,"2","","Unknown Or Undefined, Alabama","Private","SIC 86 Membership Organizations","County, 2-digit SIC -- by ownership sector","All establishment sizes",23,126,131,137,393368,0,0,230
"01999","5","SIC_0I86","29","0",1981,"3","","Unknown Or Undefined, Alabama","Private","SIC 86 Membership Organizations","County, 2-digit SIC -- by ownership sector","All establishment sizes",24,114,130,119,372256,0,0,236
"01999","5","SIC_0I86","29","0",1981,"4","","Unknown Or Undefined, Alabama","Private","SIC 86 Membership Organizations","County, 2-digit SIC -- by ownership sector","All establishment sizes",23,117,119,141,410818,0,0,251
"01999","5","SIC_0I88","29","0",1981,"1","","Unknown Or Undefined, Alabama","Private","SIC 88 Private Households","County, 2-digit SIC -- by ownership sector","All establishment sizes",3,9,9,11,15818,0,0,125
"01999","5","SIC_0I88","29","0",1981,"2","","Unknown Or Undefined, Alabama","Private","SIC 88 Private Households","County, 2-digit SIC -- by ownership sector","All establishment sizes",3,8,8,8,10220,0,0,98
"01999","5","SIC_0I88","29","0",1981,"3","","Unknown Or Undefined, Alabama","Private","SIC 88 Private Households","County, 2-digit SIC -- by ownership sector","All establishment sizes",3,8,8,8,11036,0,0,106
"01999","5","SIC_0I88","29","0",1981,"4","N","Unknown Or Undefined, Alabama","Private","SIC 88 Private Households","County, 2-digit SIC -- by ownership sector","All establishment sizes",0,0,0,0,0,0,0,0
"01999","5","SIC_0I89","29","0",1981,"1","","Unknown Or Undefined, Alabama","Private","SIC 89 Services, Nec","County, 2-digit SIC -- by ownership sector","All establishment sizes",35,162,164,158,1320703,0,0,629
"01999","5","SIC_0I89","29","0",1981,"2","","Unknown Or Undefined, Alabama","Private","SIC 89 Services, Nec","County, 2-digit SIC -- by ownership sector","All establishment sizes",33,140,135,133,1090874,0,0,617
"01999","5","SIC_0I89","29","0",1981,"3","","Unknown Or Undefined, Alabama","Private","SIC 89 Services, Nec","County, 2-digit SIC -- by ownership sector","All establishment sizes",36,111,113,110,959945,0,0,663
"01999","5","SIC_0I89","29","0",1981,"4","","Unknown Or Undefined, Alabama","Private","SIC 89 Services, Nec","County, 2-digit SIC -- by ownership sector","All establishment sizes",39,113,116,126,1068335,0,0,694
