"area_fips","own_code","industry_code","agglvl_code","size_code","year","qtr","disclosure_code","area_title","own_title","industry_title","agglvl_title","size_title","qtrly_estabs_count","month1_emplvl","month2_emplvl","month3_emplvl","total_qtrly_wages","taxable_qtrly_wages","qtrly_contributions","avg_wkly_wage"
"12019","0","SIC_0Z","26","0",1981,"1","","Clay County, Florida","Total Covered","All Industries","County, Total Covered","All establishment sizes",1090,13587,13739,13941,36872386,0,0,206
"12019","0","SIC_0Z","26","0",1981,"2","","Clay County, Florida","Total Covered","All Industries","County, Total Covered","All establishment sizes",1116,14407,14497,14319,41106751,0,0,219
"12019","0","SIC_0Z","26","0",1981,"3","","Clay County, Florida","Total Covered","All Industries","County, Total Covered","All establishment sizes",1127,12923,12807,14154,37967651,0,0,219
"12019","0","SIC_0Z","26","0",1981,"4","","Clay County, Florida","Total Covered","All Industries","County, Total Covered","All establishment sizes",1133,14502,14483,14857,44355860,0,0,233
"12019","1","SIC_0Z","27","0",1981,"1","","Clay County, Florida","Federal Government","All Industries","County, Total -- by ownership sector","All establishment sizes",5,196,194,193,1017282,0,0,402
"12019","1","SIC_0Z","27","0",1981,"2","","Clay County, Florida","Federal Government","All Industries","County, Total -- by ownership sector","All establishment sizes",6,215,212,214,1090637,0,0,392
"12019","1","SIC_0Z","27","0",1981,"3","","Clay County, Florida","Federal Government","All Industries","County, Total -- by ownership sector","All establishment sizes",6,216,216,218,1181393,0,0,419
"12019","1","SIC_0Z","27","0",1981,"4","","Clay County, Florida","Federal Government","All Industries","County, Total -- by ownership sector","All establishment sizes",6,209,211,214,1115238,0,0,405
"12019","1","SIC_0E","28","0",1981,"1","","Clay County, Florida","Federal Government","Transportation and Public Utilities Division","County, Industry Division -- by ownership sector","All establishment sizes",1,79,77,76,479222,0,0,476
"12019","1","SIC_0E","28","0",1981,"2","","Clay County, Florida","Federal Government","Transportation and Public Utilities Division","County, Industry Division -- by ownership sector","All establishment sizes",1,81,81,83,403437,0,0,380
"12019","1","SIC_0E","28","0",1981,"3","","Clay County, Florida","Federal Government","Transportation and Public Utilities Division","County, Industry Division -- by ownership sector","All establishment sizes",1,86,86,86,503996,0,0,450
"12019","1","SIC_0E","28","0",1981,"4","","Clay County, Florida","Federal Government","Transportation and Public Utilities Division","County, Industry Division -- by ownership sector","All establishment sizes",1,87,89,92,542517,0,0,467
"12019","1","SIC_0E43","29","0",1981,"1","","Clay County, Florida","Federal Government","SIC 43 U.S. Postal Service","County, 2-digit SIC -- by ownership sector","All establishment sizes",1,79,77,76,479222,0,0,476
"12019","1","SIC_0E43","29","0",1981,"2","","Clay County, Florida","Federal Government","SIC 43 U.S. Postal Service","County, 2-digit SIC -- by ownership sector","All establishment sizes",1,81,81,83,403437,0,0,380
"12019","1","SIC_0E43","29","0",1981,"3","","Clay County, Florida","Federal Government","SIC 43 U.S. Postal Service","County, 2-digit SIC -- by ownership sector","All establishment sizes",1,86,86,86,503996,0,0,450
"12019","1","SIC_0E43","29","0",1981,"4","","Clay County, Florida","Federal Government","SIC 43 U.S. Postal Service","County, 2-digit SIC -- by ownership sector","All establishment sizes",1,87,89,92,542517,0,0,467
"12019","1","SIC_0H","28","0",1981,"1","","Clay County, Florida","Federal Government","Finance, Insurance, and Real Estate Division","County, Industry Division -- by ownership sector","All establishment sizes",1,6,5,5,22717,0,0,327
"12019","1","SIC_0H","28","0",1981,"2","","Clay County, Florida","Federal Government","Finance, Insurance, and Real Estate Division","County, Industry Division -- by ownership sector","All establishment sizes",1,8,5,5,21887,0,0,280
"12019","1","SIC_0H","28","0",1981,"3","","Clay County, Florida","Federal Government","Finance, Insurance, and Real Estate Division","County, Industry Division -- by ownership sector","All establishment sizes",1,5,5,8,18940,0,0,242
"12019","1","SIC_0H","28","0",1981,"4","","Clay County, Florida","Federal Government","Finance, Insurance, and Real Estate Division","County, Industry Division -- by ownership sector","All establishment sizes",1,5,5,5,22688,0,0,349
"12019","1","SIC_0H61","29","0",1981,"1","","Clay County, Florida","Federal Government","SIC 61 Nondepository Institutions","County, 2-digit SIC -- by ownership sector","All establishment sizes",1,6,5,5,22717,0,0,327
"12019","1","SIC_0H61","29","0",1981,"2","","Clay County, Florida","Federal Government","SIC 61 Nondepository Institutions","County, 2-digit SIC -- by ownership sector","All establishment sizes",1,8,5,5,21887,0,0,280
"12019","1","SIC_0H61","29","0",1981,"3","","Clay County, Florida","Federal Government","SIC 61 Nondepository Institutions","County, 2-digit SIC -- by ownership sector","All establishment sizes",1,5,5,8,18940,0,0,242
"12019","1","SIC_0H61","29","0",1981,"4","","Clay County, Florida","Federal Government","SIC 61 Nondepository Institutions","County, 2-digit SIC -- by ownership sector","All establishment sizes",1,5,5,5,22688,0,0,349
"12019","1","SIC_0J","28","0",1981,"1","","Clay County, Florida","Federal Government","Public Administration Division","County, Industry Division -- by ownership sector","All establishment sizes",3,111,112,112,515343,0,0,355
"12019","1","SIC_0J","28","0",1981,"2","","Clay County, Florida","Federal Government","Public Administration Division","County, Industry Division -- by ownership sector","All establishment sizes",4,126,126,126,665313,0,0,406
"12019","1","SIC_0J","28","0",1981,"3","","Clay County, Florida","Federal Government","Public Administration Division","County, Industry Division -- by ownership sector","All establishment sizes",4,125,125,124,658457,0,0,406
"12019","1","SIC_0J","28","0",1981,"4","","Clay County, Florida","Federal Government","Public Administration Division","County, Industry Division -- by ownership sector","All establishment sizes",4,117,117,117,550033,0,0,361
"12019","1","SIC_0J95","29","0",1981,"1","","Clay County, Florida","Federal Government","SIC 95 Environmental Quality and Housing","County, 2-digit SIC -- by ownership sector","All establishment sizes",1,2,3,3,8493,0,0,244
"12019","1","SIC_0J95","29","0",1981,"2","","Clay County, Florida","Federal Government","SIC 95 Environmental Quality and Housing","County, 2-digit SIC -- by ownership sector","All establishment sizes",1,3,3,2,12776,0,0,368
"12019","1","SIC_0J95","29","0",1981,"3","","Clay County, Florida","Federal Government","SIC 95 Environmental Quality and Housing","County, 2-digit SIC -- by ownership sector","All establishment sizes",1,2,2,2,8448,0,0,324
"12019","1","SIC_0J95","29","0",1981,"4","","Clay County, Florida","Federal Government","SIC 95 Environmental Quality and Housing","County, 2-digit SIC -- by ownership sector","All establishment sizes",1,2,2,2,10323,0,0,397
"12019","1","SIC_0J96","29","0",1981,"1","","Clay County, Florida","Federal Government","SIC 96 Administration of Economic Programs","County, 2-digit SIC -- by ownership sector","All establishment sizes",0,0,0,0,0,0,0,0
"12019","1","SIC_0J96","29","0",1981,"2","","Clay County, Florida","Federal Government","SIC 96 Administration of Economic Programs","County, 2-digit SIC -- by ownership sector","All establishment sizes",1,0,0,1,268,0,0,61
"12019","1","SIC_0J96","29","0",1981,"3","","Clay County, Florida","Federal Government","SIC 96 Administration of Economic Programs","County, 2-digit SIC -- by ownership sector","All establishment sizes",1,2,2,1,8346,0,0,385
"12019","1","SIC_0J96","29","0",1981,"4","","Clay County, Florida","Federal Government","SIC 96 Administration of Economic Programs","County, 2-digit SIC -- by ownership sector","All establishment sizes",1,1,1,1,7330,0,0,563
"12019","1","SIC_0J97","29","0",1981,"1","","Clay County, Florida","Federal Government","SIC 97 National Security and Intl. Affairs","County, 2-digit SIC -- by ownership sector","All establishment sizes",2,109,109,109,506850,0,0,357
"12019","1","SIC_0J97","29","0",1981,"2","","Clay County, Florida","Federal Government","SIC 97 National Security and Intl. Affairs","County, 2-digit SIC -- by ownership sector","All establishment sizes",2,123,123,123,652269,0,0,407
"12019","1","SIC_0J97","29","0",1981,"3","","Clay County, Florida","Federal Government","SIC 97 National Security and Intl. Affairs","County, 2-digit SIC -- by ownership sector","All establishment sizes",2,121,121,121,641663,0,0,407
"12019","1","SIC_0J97","29","0",1981,"4","","Clay County, Florida","Federal Government","SIC 97 National Security and Intl. Affairs","County, 2-digit SIC -- by ownership sector","All establishment sizes",2,114,114,114,532380,0,0,359
"12019","2","SIC_0Z","27","0",1981,"1","","Clay County, Florida","State Government","All Industries","County, Total -- by ownership sector","All establishment sizes",22,256,259,267,722809,0,0,213
"12019","2","SIC_0Z","27","0",1981,"2","","Clay County, Florida","State Government","All Industries","County, Total -- by ownership sector","All establishment sizes",22,263,266,264,698791,0,0,203
"12019","2","SIC_0Z","27","0",1981,"3","","Clay County, Florida","State Government","All Industries","County, Total -- by ownership sector","All establishment sizes",22,238,217,222,593588,0,0,202
"12019","2","SIC_0Z","27","0",1981,"4","","Clay County, Florida","State Government","All Industries","County, Total -- by ownership sector","All establishment sizes",21,229,227,236,660411,0,0,220
"12019","2","SIC_0A","28","0",1981,"1","N","Clay County, Florida","State Government","Agriculture, Forestry, and Fishing Division","County, Industry Division -- by ownership sector","All establishment sizes",0,0,0,0,0,0,0,0
"12019","2","SIC_0A","28","0",1981,"2","N","Clay County, Florida","State Government","Agriculture, Forestry, and Fishing Division","County, Industry Division -- by ownership sector","All establishment sizes",0,0,0,0,0,0,0,0
"12019","2","SIC_0A","28","0",1981,"3","N","Clay County, Florida","State Government","Agriculture, Forestry, and Fishing Division","County, Industry Division -- by ownership sector","All establishment sizes",0,0,0,0,0,0,0,0
"12019","2","SIC_0A","28","0",1981,"4","N","Clay County, Florida","State Government","Agriculture, Forestry, and Fishing Division","County, Industry Division -- by ownership sector","All establishment sizes",0,0,0,0,0,0,0,0
"12019","2","SIC_0A08","29","0",1981,"1","N","Clay County, Florida","State Government","SIC 08 Forestry","County, 2-digit SIC -- by ownership sector","All establishment sizes",0,0,0,0,0,0,0,0
"12019","2","SIC_0A08","29","0",1981,"2","N","Clay County, Florida","State Government","SIC 08 Forestry","County, 2-digit SIC -- by ownership sector","All establishment sizes",0,0,0,0,0,0,0,0
"12019","2","SIC_0A08","29","0",1981,"3","N","Clay County, Florida","State Government","SIC 08 Forestry","County, 2-digit SIC -- by ownership sector","All establishment sizes",0,0,0,0,0,0,0,0
"12019","2","SIC_0A08","29","0",1981,"4","N","Clay County, Florida","State Government","SIC 08 Forestry","County, 2-digit SIC -- by ownership sector","All establishment sizes",0,0,0,0,0,0,0,0
"12019","2","SIC_0C","28","0",1981,"1","N","Clay County, Florida","State Government","Construction Division","County, Industry Division -- by ownership sector","All establishment sizes",0,0,0,0,0,0,0,0
"12019","2","SIC_0C","28","0",1981,"2","N","Clay County, Florida","State Government","Construction Division","County, Industry Division -- by ownership sector","All establishment sizes",0,0,0,0,0,0,0,0
"12019","2","SIC_0C","28","0",1981,"3","N","Clay County, Florida","State Government","Construction Division","County, Industry Division -- by ownership sector","All establishment sizes",0,0,0,0,0,0,0,0
"12019","2","SIC_0C","28","0",1981,"4","N","Clay County, Florida","State Government","Construction Division","County, Industry Division -- by ownership sector","All establishment sizes",0,0,0,0,0,0,0,0
"12019","2","SIC_0C16","29","0",1981,"1","N","Clay County, Florida","State Government","SIC 16 Heavy Construction, ex. Building","County, 2-digit SIC -- by ownership sector","All establishment sizes",0,0,0,0,0,0,0,0
"12019","2","SIC_0C16","29","0",1981,"2","N","Clay County, Florida","State Government","SIC 16 Heavy Construction, ex. Building","County, 2-digit SIC -- by ownership sector","All establishment sizes",0,0,0,0,0,0,0,0
"12019","2","SIC_0C16","29","0",1981,"3","N","Clay County, Florida","State Government","SIC 16 Heavy Construction, ex. Building","County, 2-digit SIC -- by ownership sector","All establishment sizes",0,0,0,0,0,0,0,0
"12019","2","SIC_0C16","29","0",1981,"4","N","Clay County, Florida","State Government","SIC 16 Heavy Construction, ex. Building","County, 2-digit SIC -- by ownership sector","All establishment sizes",0,0,0,0,0,0,0,0
"12019","2","SIC_0I","28","0",1981,"1","","Clay County, Florida","State Government","Services Division","County, Industry Division -- by ownership sector","All establishment sizes",5,51,53,50,167012,0,0,250
"12019","2","SIC_0I","28","0",1981,"2","","Clay County, Florida","State Government","Services Division","County, Industry Division -- by ownership sector","All establishment sizes",5,49,53,50,161704,0,0,245
"12019","2","SIC_0I","28","0",1981,"3","","Clay County, Florida","State Government","Services Division","County, Industry Division -- by ownership sector","All establishment sizes",5,51,31,29,96437,0,0,200
"12019","2","SIC_0I","28","0",1981,"4","","Clay County, Florida","State Government","Services Division","County, Industry Division -- by ownership sector","All establishment sizes",4,21,22,22,60117,0,0,213
"12019","2","SIC_0I79","29","0",1981,"1","N","Clay County, Florida","State Government","SIC 79 Amusement and Recreation Services","County, 2-digit SIC -- by ownership sector","All establishment sizes",0,0,0,0,0,0,0,0
"12019","2","SIC_0I79","29","0",1981,"2","N","Clay County, Florida","State Government","SIC 79 Amusement and Recreation Services","County, 2-digit SIC -- by ownership sector","All establishment sizes",0,0,0,0,0,0,0,0
"12019","2","SIC_0I79","29","0",1981,"3","N","Clay County, Florida","State Government","SIC 79 Amusement and Recreation Services","County, 2-digit SIC -- by ownership sector","All establishment sizes",0,0,0,0,0,0,0,0
"12019","2","SIC_0I79","29","0",1981,"4","N","Clay County, Florida","State Government","SIC 79 Amusement and Recreation Services","County, 2-digit SIC -- by ownership sector","All establishment sizes",0,0,0,0,0,0,0,0
"12019","2","SIC_0I82","29","0",1981,"1","N","Clay County, Florida","State Government","SIC 82 Educational Services","County, 2-digit SIC -- by ownership sector","All establishment sizes",0,0,0,0,0,0,0,0
"12019","2","SIC_0I82","29","0",1981,"2","N","Clay County, Florida","State Government","SIC 82 Educational Services","County, 2-digit SIC -- by ownership sector","All establishment sizes",0,0,0,0,0,0,0,0
"12019","2","SIC_0I82","29","0",1981,"3","N","Clay County, Florida","State Government","SIC 82 Educational Services","County, 2-digit SIC -- by ownership sector","All establishment sizes",0,0,0,0,0,0,0,0
"12019","2","SIC_0I82","29","0",1981,"4","N","Clay County, Florida","State Government","SIC 82 Educational Services","County, 2-digit SIC -- by ownership sector","All establishment sizes",0,0,0,0,0,0,0,0
"12019","2","SIC_0I83","29","0",1981,"1","","Clay County, Florida","State Government","SIC 83 Social Services","County, 2-digit SIC -- by ownership sector","All establishment sizes",3,33,35,33,122271,0,0,279
"12019","2","SIC_0I83","29","0",1981,"2","","Clay County, Florida","State Government","SIC 83 Social Services","County, 2-digit SIC -- by ownership sector","All establishment sizes",3,30,30,27,110882,0,0,294
"12019","2","SIC_0I83","29","0",1981,"3","","Clay County, Florida","State Government","SIC 83 Social Services","County, 2-digit SIC -- by ownership sector","All establishment sizes",3,26,9,8,37918,0,0,203
"12019","2","SIC_0I83","29","0",1981,"4","N","Clay County, Florida","State Government","SIC 83 Social Services","County, 2-digit SIC -- by ownership sector","All establishment sizes",0,0,0,0,0,0,0,0
"12019","2","SIC_0J","28","0",1981,"1","","Clay County, Florida","State Government","Public Administration Division","County, Industry Division -- by ownership sector","All establishment sizes",15,152,153,163,433199,0,0,213
"12019","2","SIC_0J","28","0",1981,"2","","Clay County, Florida","State Government","Public Administration Division","County, Industry Division -- by ownership sector","All establishment sizes",15,160,159,160,413150,0,0,199
"12019","2","SIC_0J","28","0",1981,"3","","Clay County, Florida","State Government","Public Administration Division","County, Industry Division -- by ownership sector","All establishment sizes",15,149,148,153,409695,0,0,210
"12019","2","SIC_0J","28","0",1981,"4","","Clay County, Florida","State Government","Public Administration Division","County, Industry Division -- by ownership sector","All establishment sizes",15,161,160,165,474174,0,0,225
"12019","2","SIC_0J92","29","0",1981,"1","N","Clay County, Florida","State Government","SIC 92 Justice, Public Order, and Safety","County, 2-digit SIC -- by ownership sector","All establishment sizes",0,0,0,0,0,0,0,0
"12019","2","SIC_0J92","29","0",1981,"2","N","Clay County, Florida","State Government","SIC 92 Justice, Public Order, and Safety","County, 2-digit SIC -- by ownership sector","All establishment sizes",0,0,0,0,0,0,0,0
"12019","2","SIC_0J92","29","0",1981,"3","N","Clay County, Florida","State Government","SIC 92 Justice, Public Order, and Safety","County, 2-digit SIC -- by ownership sector","All establishment sizes",0,0,0,0,0,0,0,0
"12019","2","SIC_0J92","29","0",1981,"4","N","Clay County, Florida","State Government","SIC 92 Justice, Public Order, and Safety","County, 2-digit SIC -- by ownership sector","All establishment sizes",0,0,0,0,0,0,0,0
"12019","2","SIC_0J94","29","0",1981,"1","","Clay County, Florida","State Government","SIC 94 Administration of Human Resources","County, 2-digit SIC -- by ownership sector","All establishment sizes",3,59,59,61,173932,0,0,224
"12019","2","SIC_0J94","29","0",1981,"2","","Clay County, Florida","State Government","SIC 94 Administration of Human Resources","County, 2-digit SIC -- by ownership sector","All establishment sizes",3,60,59,59,147329,0,0,191
"12019","2","SIC_0J94","29","0",1981,"3","","Clay County, Florida","State Government","SIC 94 Administration of Human Resources","County, 2-digit SIC -- by ownership sector","All establishment sizes",3,60,59,59,147329,0,0,191
"12019","2","SIC_0J94","29","0",1981,"4","","Clay County, Florida","State Government","SIC 94 Administration of Human Resources","County, 2-digit SIC -- by ownership sector","All establishment sizes",4,63,63,64,204611,0,0,248
"12019","2","SIC_0J95","29","0",1981,"1","N","Clay County, Florida","State Government","SIC 95 Environmental Quality and Housing","County, 2-digit SIC -- by ownership sector","All establishment sizes",0,0,0,0,0,0,0,0
"12019","2","SIC_0J95","29","0",1981,"2","N","Clay County, Florida","State Government","SIC 95 Environmental Quality and Housing","County, 2-digit SIC -- by ownership sector","All establishment sizes",0,0,0,0,0,0,0,0
"12019","2","SIC_0J95","29","0",1981,"3","N","Clay County, Florida","State Government","SIC 95 Environmental Quality and Housing","County, 2-digit SIC -- by ownership sector","All establishment sizes",0,0,0,0,0,0,0,0
"12019","2","SIC_0J95","29","0",1981,"4","N","Clay County, Florida","State Government","SIC 95 Environmental Quality and Housing","County, 2-digit SIC -- by ownership sector","All establishment sizes",0,0,0,0,0,0,0,0
"12019","2","SIC_0J96","29","0",1981,"1","","Clay County, Florida","State Government","SIC 96 Administration of Economic Programs","County, 2-digit SIC -- by ownership sector","All establishment sizes",8,14,20,24,51036,0,0,203
"12019","2","SIC_0J96","29","0",1981,"2","","Clay County, Florida","State Government","SIC 96 Administration of Economic Programs","County, 2-digit SIC -- by ownership sector","All establishment sizes",8,21,24,14,52655,0,0,205
"12019","2","SIC_0J96","29","0",1981,"3","","Clay County, Florida","State Government","SIC 96 Administration of Economic Programs","County, 2-digit SIC -- by ownership sector","All establishment sizes",8,14,14,14,45359,0,0,249
"12019","2","SIC_0J96","29","0",1981,"4","","Clay County, Florida","State Government","SIC 96 Administration of Economic Programs","County, 2-digit SIC -- by ownership sector","All establishment sizes",8,14,14,21,47458,0,0,223
"12019","2","SIC_0J97","29","0",1981,"1","N","Clay County, Florida","State Government","SIC 97 National Security and Intl. Affairs","County, 2-digit SIC -- by ownership sector","All establishment sizes",0,0,0,0,0,0,0,0
"12019","2","SIC_0J97","29","0",1981,"2","N","Clay County, Florida","State Government","SIC 97 National Security and Intl. Affairs","County, 2-digit SIC -- by ownership sector","All establishment sizes",0,0,0,0,0,0,0,0
"12019","2","SIC_0J97","29","0",1981,"3","N","Clay County, Florida","State Government","SIC 97 National Security and Intl. Affairs","County, 2-digit SIC -- by ownership sector","All establishment sizes",0,0,0,0,0,0,0,0
"12019","2","SIC_0J97","29","0",1981,"4","N","Clay County, Florida","State Government","SIC 97 National Security and Intl. Affairs","County, 2-digit SIC -- by ownership sector","All establishment sizes",0,0,0,0,0,0,0,0
"12019","3","SIC_0Z","27","0",1981,"1","","Clay County, Florida","Local Government","All Industries","County, Total -- by ownership sector","All establishment sizes",15,2380,2513,2487,6492814,0,0,203
"12019","3","SIC_0Z","27","0",1981,"2","","Clay County, Florida","Local Government","All Industries","County, Total -- by ownership sector","All establishment sizes",15,2468,2464,2450,8596367,0,0,268
"12019","3","SIC_0Z","27","0",1981,"3","","Clay County, Florida","Local Government","All Industries","County, Total -- by ownership sector","All establishment sizes",14,1180,1055,2344,4235615,0,0,213
"12019","3","SIC_0Z","27","0",1981,"4","","Clay County, Florida","Local Government","All Industries","County, Total -- by ownership sector","All establishment sizes",11,2403,2438,2467,6960514,0,0,219
"12019","3","SIC_0I","28","0",1981,"1","N","Clay County, Florida","Local Government","Services Division","County, Industry Division -- by ownership sector","All establishment sizes",0,0,0,0,0,0,0,0
"12019","3","SIC_0I","28","0",1981,"2","N","Clay County, Florida","Local Government","Services Division","County, Industry Division -- by ownership sector","All establishment sizes",0,0,0,0,0,0,0,0
"12019","3","SIC_0I","28","0",1981,"3","N","Clay County, Florida","Local Government","Services Division","County, Industry Division -- by ownership sector","All establishment sizes",0,0,0,0,0,0,0,0
"12019","3","SIC_0I","28","0",1981,"4","N","Clay County, Florida","Local Government","Services Division","County, Industry Division -- by ownership sector","All establishment sizes",0,0,0,0,0,0,0,0
"12019","3","SIC_0I80","29","0",1981,"1","N","Clay County, Florida","Local Government","SIC 80 Health Services","County, 2-digit SIC -- by ownership sector","All establishment sizes",0,0,0,0,0,0,0,0
"12019","3","SIC_0I80","29","0",1981,"2","N","Clay County, Florida","Local Government","SIC 80 Health Services","County, 2-digit SIC -- by ownership sector","All establishment sizes",0,0,0,0,0,0,0,0
"12019","3","SIC_0I80","29","0",1981,"3","N","Clay County, Florida","Local Government","SIC 80 Health Services","County, 2-digit SIC -- by ownership sector","All establishment sizes",0,0,0,0,0,0,0,0
"12019","3","SIC_0I80","29","0",1981,"4","N","Clay County, Florida","Local Government","SIC 80 Health Services","County, 2-digit SIC -- by ownership sector","All establishment sizes",0,0,0,0,0,0,0,0
"12019","3","SIC_0I82","29","0",1981,"1","N","Clay County, Florida","Local Government","SIC 82 Educational Services","County, 2-digit SIC -- by ownership sector","All establishment sizes",0,0,0,0,0,0,0,0
"12019","3","SIC_0I82","29","0",1981,"2","N","Clay County, Florida","Local Government","SIC 82 Educational Services","County, 2-digit SIC -- by ownership sector","All establishment sizes",0,0,0,0,0,0,0,0
"12019","3","SIC_0I82","29","0",1981,"3","N","Clay County, Florida","Local Government","SIC 82 Educational Services","County, 2-digit SIC -- by ownership sector","All establishment sizes",0,0,0,0,0,0,0,0
"12019","3","SIC_0I82","29","0",1981,"4","N","Clay County, Florida","Local Government","SIC 82 Educational Services","County, 2-digit SIC -- by ownership sector","All establishment sizes",0,0,0,0,0,0,0,0
"12019","3","SIC_0J","28","0",1981,"1","N","Clay County, Florida","Local Government","Public Administration Division","County, Industry Division -- by ownership sector","All establishment sizes",0,0,0,0,0,0,0,0
"12019","3","SIC_0J","28","0",1981,"2","N","Clay County, Florida","Local Government","Public Administration Division","County, Industry Division -- by ownership sector","All establishment sizes",0,0,0,0,0,0,0,0
"12019","3","SIC_0J","28","0",1981,"3","N","Clay County, Florida","Local Government","Public Administration Division","County, Industry Division -- by ownership sector","All establishment sizes",0,0,0,0,0,0,0,0
"12019","3","SIC_0J","28","0",1981,"4","N","Clay County, Florida","Local Government","Public Administration Division","County, Industry Division -- by ownership sector","All establishment sizes",0,0,0,0,0,0,0,0
"12019","3","SIC_0J91","29","0",1981,"1","","Clay County, Florida","Local Government","SIC 91 Executive, Legislative, and General","County, 2-digit SIC -- by ownership sector","All establishment sizes",9,385,386,384,933679,0,0,186
"12019","3","SIC_0J91","29","0",1981,"2","","Clay County, Florida","Local Government","SIC 91 Executive, Legislative, and General","County, 2-digit SIC -- by ownership sector","All establishment sizes",9,364,363,347,891714,0,0,191
"12019","3","SIC_0J91","29","0",1981,"3","","Clay County, Florida","Local Government","SIC 91 Executive, Legislative, and General","County, 2-digit SIC -- by ownership sector","All establishment sizes",8,375,365,374,997003,0,0,206
"12019","3","SIC_0J91","29","0",1981,"4","","Clay County, Florida","Local Government","SIC 91 Executive, Legislative, and General","County, 2-digit SIC -- by ownership sector","All establishment sizes",5,337,340,361,1003498,0,0,223
"12019","3","SIC_0J92","29","0",1981,"1","N","Clay County, Florida","Local Government","SIC 92 Justice, Public Order, and Safety","County, 2-digit SIC -- by ownership sector","All establishment sizes",0,0,0,0,0,0,0,0
"12019","3","SIC_0J92","29","0",1981,"2","N","Clay County, Florida","Local Government","SIC 92 Justice, Public Order, and Safety","County, 2-digit SIC -- by ownership sector","All establishment sizes",0,0,0,0,0,0,0,0
"12019","3","SIC_0J92","29","0",1981,"3","N","Clay County, Florida","Local Government","SIC 92 Justice, Public Order, and Safety","County, 2-digit SIC -- by ownership sector","All establishment sizes",0,0,0,0,0,0,0,0
"12019","3","SIC_0J92","29","0",1981,"4","N","Clay County, Florida","Local Government","SIC 92 Justice, Public Order, and Safety","County, 2-digit SIC -- by ownership sector","All establishment sizes",0,0,0,0,0,0,0,0
"12019","3","SIC_0J93","29","0",1981,"1","N","Clay County, Florida","Local Government","SIC 93 Finance, Taxation, and Monetary Policy","County, 2-digit SIC -- by ownership sector","All establishment sizes",0,0,0,0,0,0,0,0
"12019","3","SIC_0J93","29","0",1981,"2","N","Clay County, Florida","Local Government","SIC 93 Finance, Taxation, and Monetary Policy","County, 2-digit SIC -- by ownership sector","All establishment sizes",0,0,0,0,0,0,0,0
"12019","3","SIC_0J93","29","0",1981,"3","N","Clay County, Florida","Local Government","SIC 93 Finance, Taxation, and Monetary Policy","County, 2-digit SIC -- by ownership sector","All establishment sizes",0,0,0,0,0,0,0,0
"12019","3","SIC_0J93","29","0",1981,"4","N","Clay County, Florida","Local Government","SIC 93 Finance, Taxation, and Monetary Policy","County, 2-digit SIC -- by ownership sector","All establishment sizes",0,0,0,0,0,0,0,0
"12019","5","SIC_0Z","27","0",1981,"1","","Clay County, Florida","Private","All Industries","County, Total -- by ownership sector","All establishment sizes",1048,10755,10773,10994,28639481,0,0,203
"12019","5","SIC_0Z","27","0",1981,"2","","Clay County, Florida","Private","All Industries","County, Total -- by ownership sector","All establishment sizes",1073,11461,11555,11391,30720956,0,0,206
"12019","5","SIC_0Z","27","0",1981,"3","","Clay County, Florida","Private","All Industries","County, Total -- by ownership sector","All establishment sizes",1085,11289,11319,11370,31957055,0,0,217
"12019","5","SIC_0Z","27","0",1981,"4","","Clay County, Florida","Private","All Industries","County, Total -- by ownership sector","All establishment sizes",1095,11661,11607,11940,35619697,0,0,233
"12019","5","SIC_0A","28","0",1981,"1","","Clay County, Florida","Private","Agriculture, Forestry, and Fishing Division","County, Industry Division -- by ownership sector","All establishment sizes",21,324,324,345,803463,0,0,186
"12019","5","SIC_0A","28","0",1981,"2","","Clay County, Florida","Private","Agriculture, Forestry, and Fishing Division","County, Industry Division -- by ownership sector","All establishment sizes",23,357,363,387,800793,0,0,166
"12019","5","SIC_0A","28","0",1981,"3","","Clay County, Florida","Private","Agriculture, Forestry, and Fishing Division","County, Industry Division -- by ownership sector","All establishment sizes",23,401,392,407,887492,0,0,170
"12019","5","SIC_0A","28","0",1981,"4","","Clay County, Florida","Private","Agriculture, Forestry, and Fishing Division","County, Industry Division -- by ownership sector","All establishment sizes",22,419,404,405,946814,0,0,177
"12019","5","SIC_0A01","29","0",1981,"1","N","Clay County, Florida","Private","SIC 01 Agricultural Production Crops","County, 2-digit SIC -- by ownership sector","All establishment sizes",0,0,0,0,0,0,0,0
"12019","5","SIC_0A01","29","0",1981,"2","N","Clay County, Florida","Private","SIC 01 Agricultural Production Crops","County, 2-digit SIC -- by ownership sector","All establishment sizes",0,0,0,0,0,0,0,0
"12019","5","SIC_0A01","29","0",1981,"3","N","Clay County, Florida","Private","SIC 01 Agricultural Production Crops","County, 2-digit SIC -- by ownership sector","All establishment sizes",0,0,0,0,0,0,0,0
"12019","5","SIC_0A01","29","0",1981,"4","N","Clay County, Florida","Private","SIC 01 Agricultural Production Crops","County, 2-digit SIC -- by ownership sector","All establishment sizes",0,0,0,0,0,0,0,0
"12019","5","SIC_0A02","29","0",1981,"1","","Clay County, Florida","Private","SIC 02 Agricultural Production Livestock","County, 2-digit SIC -- by ownership sector","All establishment sizes",5,268,271,278,664643,0,0,187
"12019","5","SIC_0A02","29","0",1981,"2","","Clay County, Florida","Private","SIC 02 Agricultural Production Livestock","County, 2-digit SIC -- by ownership sector","All establishment sizes",5,293,290,298,610166,0,0,159
"12019","5","SIC_0A02","29","0",1981,"3","","Clay County, Florida","Private","SIC 02 Agricultural Production Livestock","County, 2-digit SIC -- by ownership sector","All establishment sizes",6,302,287,296,621819,0,0,162
"12019","5","SIC_0A02","29","0",1981,"4","","Clay County, Florida","Private","SIC 02 Agricultural Production Livestock","County, 2-digit SIC -- by ownership sector","All establishment sizes",7,300,298,302,729033,0,0,186
"12019","5","SIC_0A07","29","0",1981,"1","","Clay County, Florida","Private","SIC 07 Agricultural Services","County, 2-digit SIC -- by ownership sector","All establishment sizes",13,54,51,53,127206,0,0,185
"12019","5","SIC_0A07","29","0",1981,"2","","Clay County, Florida","Private","SIC 07 Agricultural Services","County, 2-digit SIC -- by ownership sector","All establishment sizes",15,54,62,79,158189,0,0,187
"12019","5","SIC_0A07","29","0",1981,"3","","Clay County, Florida","Private","SIC 07 Agricultural Services","County, 2-digit SIC -- by ownership sector","All establishment sizes",14,89,91,91,230805,0,0,196
"12019","5","SIC_0A07","29","0",1981,"4","N","Clay County, Florida","Private","SIC 07 Agricultural Services","County, 2-digit SIC -- by ownership sector","All establishment sizes",0,0,0,0,0,0,0,0
"12019","5","SIC_0A09","29","0",1981,"1","N","Clay County, Florida","Private","SIC 09 Fishing, Hunting, and Trapping","County, 2-digit SIC -- by ownership sector","All establishment sizes",0,0,0,0,0,0,0,0
"12019","5","SIC_0A09","29","0",1981,"2","N","Clay County, Florida","Private","SIC 09 Fishing, Hunting, and Trapping","County, 2-digit SIC -- by ownership sector","All establishment sizes",0,0,0,0,0,0,0,0
"12019","5","SIC_0A09","29","0",1981,"3","N","Clay County, Florida","Private","SIC 09 Fishing, Hunting, and Trapping","County, 2-digit SIC -- by ownership sector","All establishment sizes",0,0,0,0,0,0,0,0
"12019","5","SIC_0A09","29","0",1981,"4","","Clay County, Florida","Private","SIC 09 Fishing, Hunting, and Trapping","County, 2-digit SIC -- by ownership sector","All establishment sizes",0,0,0,0,0,0,0,0
"12019","5","SIC_0B","28","0",1981,"1","","Clay County, Florida","Private","Mining Division","County, Industry Division -- by ownership sector","All establishment sizes",6,428,429,428,2189544,0,0,393
"12019","5","SIC_0B","28","0",1981,"2","","Clay County, Florida","Private","Mining Division","County, Industry Division -- by ownership sector","All establishment sizes",6,434,435,438,2279544,0,0,402
"12019","5","SIC_0B","28","0",1981,"3","","Clay County, Florida","Private","Mining Division","County, Industry Division -- by ownership sector","All establishment sizes",6,438,432,434,2244346,0,0,397
"12019","5","SIC_0B","28","0",1981,"4","","Clay County, Florida","Private","Mining Division","County, Industry Division -- by ownership sector","All establishment sizes",6,438,434,443,2366421,0,0,415
"12019","5","SIC_0B10","29","0",1981,"1","N","Clay County, Florida","Private","SIC 10 Metal Mining","County, 2-digit SIC -- by ownership sector","All establishment sizes",0,0,0,0,0,0,0,0
"12019","5","SIC_0B10","29","0",1981,"2","N","Clay County, Florida","Private","SIC 10 Metal Mining","County, 2-digit SIC -- by ownership sector","All establishment sizes",0,0,0,0,0,0,0,0
"12019","5","SIC_0B10","29","0",1981,"3","N","Clay County, Florida","Private","SIC 10 Metal Mining","County, 2-digit SIC -- by ownership sector","All establishment sizes",0,0,0,0,0,0,0,0
"12019","5","SIC_0B10","29","0",1981,"4","N","Clay County, Florida","Private","SIC 10 Metal Mining","County, 2-digit SIC -- by ownership sector","All establishment sizes",0,0,0,0,0,0,0,0
"12019","5","SIC_0B14","29","0",1981,"1","N","Clay County, Florida","Private","SIC 14 Nonmetallic Minerals, Except Fuels","County, 2-digit SIC -- by ownership sector","All establishment sizes",0,0,0,0,0,0,0,0
"12019","5","SIC_0B14","29","0",1981,"2","N","Clay County, Florida","Private","SIC 14 Nonmetallic Minerals, Except Fuels","County, 2-digit SIC -- by ownership sector","All establishment sizes",0,0,0,0,0,0,0,0
"12019","5","SIC_0B14","29","0",1981,"3","N","Clay County, Florida","Private","SIC 14 Nonmetallic Minerals, Except Fuels","County, 2-digit SIC -- by ownership sector","All establishment sizes",0,0,0,0,0,0,0,0
"12019","5","SIC_0B14","29","0",1981,"4","N","Clay County, Florida","Private","SIC 14 Nonmetallic Minerals, Except Fuels","County, 2-digit SIC -- by ownership sector","All establishment sizes",0,0,0,0,0,0,0,0
"12019","5","SIC_0C","28","0",1981,"1","","Clay County, Florida","Private","Construction Division","County, Industry Division -- by ownership sector","All establishment sizes",152,861,857,925,2537395,0,0,221
"12019","5","SIC_0C","28","0",1981,"2","","Clay County, Florida","Private","Construction Division","County, Industry Division -- by ownership sector","All establishment sizes",149,941,988,1002,2976456,0,0,234
"12019","5","SIC_0C","28","0",1981,"3","","Clay County, Florida","Private","Construction Division","County, Industry Division -- by ownership sector","All establishment sizes",147,931,882,869,2793855,0,0,240
"12019","5","SIC_0C","28","0",1981,"4","","Clay County, Florida","Private","Construction Division","County, Industry Division -- by ownership sector","All establishment sizes",147,901,862,813,2797490,0,0,250
"12019","5","SIC_0C15","29","0",1981,"1","","Clay County, Florida","Private","SIC 15 General Building Contractors","County, 2-digit SIC -- by ownership sector","All establishment sizes",57,283,279,282,854905,0,0,233
"12019","5","SIC_0C15","29","0",1981,"2","","Clay County, Florida","Private","SIC 15 General Building Contractors","County, 2-digit SIC -- by ownership sector","All establishment sizes",55,270,292,292,931738,0,0,251
"12019","5","SIC_0C15","29","0",1981,"3","","Clay County, Florida","Private","SIC 15 General Building Contractors","County, 2-digit SIC -- by ownership sector","All establishment sizes",55,268,273,271,954653,0,0,271
"12019","5","SIC_0C15","29","0",1981,"4","","Clay County, Florida","Private","SIC 15 General Building Contractors","County, 2-digit SIC -- by ownership sector","All establishment sizes",55,275,266,257,879932,0,0,254
"12019","5","SIC_0C16","29","0",1981,"1","","Clay County, Florida","Private","SIC 16 Heavy Construction, ex. Building","County, 2-digit SIC -- by ownership sector","All establishment sizes",8,105,121,174,561247,0,0,323
"12019","5","SIC_0C16","29","0",1981,"2","","Clay County, Florida","Private","SIC 16 Heavy Construction, ex. Building","County, 2-digit SIC -- by ownership sector","All establishment sizes",8,170,175,182,673155,0,0,294
"12019","5","SIC_0C16","29","0",1981,"3","","Clay County, Florida","Private","SIC 16 Heavy Construction, ex. Building","County, 2-digit SIC -- by ownership sector","All establishment sizes",7,166,163,155,575596,0,0,274
"12019","5","SIC_0C16","29","0",1981,"4","","Clay County, Florida","Private","SIC 16 Heavy Construction, ex. Building","County, 2-digit SIC -- by ownership sector","All establishment sizes",10,220,214,191,787709,0,0,290
"12019","5","SIC_0C17","29","0",1981,"1","","Clay County, Florida","Private","SIC 17 Special Trade Contractors","County, 2-digit SIC -- by ownership sector","All establishment sizes",87,473,457,469,1121243,0,0,184
"12019","5","SIC_0C17","29","0",1981,"2","","Clay County, Florida","Private","SIC 17 Special Trade Contractors","County, 2-digit SIC -- by ownership sector","All establishment sizes",86,501,521,528,1371563,0,0,204
"12019","5","SIC_0C17","29","0",1981,"3","","Clay County, Florida","Private","SIC 17 Special Trade Contractors","County, 2-digit SIC -- by ownership sector","All establishment sizes",85,497,446,443,1263606,0,0,210
"12019","5","SIC_0C17","29","0",1981,"4","","Clay County, Florida","Private","SIC 17 Special Trade Contractors","County, 2-digit SIC -- by ownership sector","All establishment sizes",82,406,382,365,1129849,0,0,226
"12019","5","SIC_0D","28","0",1981,"1","","Clay County, Florida","Private","Manufacturing Division","County, Industry Division -- by ownership sector","All establishment sizes",60,971,996,1002,3154881,0,0,245
"12019","5","SIC_0D","28","0",1981,"2","","Clay County, Florida","Private","Manufacturing Division","County, Industry Division -- by ownership sector","All establishment sizes",59,1030,1070,1039,3571260,0,0,262
"12019","5","SIC_0D","28","0",1981,"3","","Clay County, Florida","Private","Manufacturing Division","County, Industry Division -- by ownership sector","All establishment sizes",58,1157,1157,1125,4005413,0,0,268
"12019","5","SIC_0D","28","0",1981,"4","","Clay County, Florida","Private","Manufacturing Division","County, Industry Division -- by ownership sector","All establishment sizes",57,1196,1196,1219,5675706,0,0,362
"12019","5","SIC_0D20","29","0",1981,"1","N","Clay County, Florida","Private","SIC 20 Food and Kindred Products","County, 2-digit SIC -- by ownership sector","All establishment sizes",0,0,0,0,0,0,0,0
"12019","5","SIC_0D20","29","0",1981,"2","","Clay County, Florida","Private","SIC 20 Food and Kindred Products","County, 2-digit SIC -- by ownership sector","All establishment sizes",3,116,117,117,422254,0,0,278
"12019","5","SIC_0D20","29","0",1981,"3","","Clay County, Florida","Private","SIC 20 Food and Kindred Products","County, 2-digit SIC -- by ownership sector","All establishment sizes",3,120,118,113,423795,0,0,278
"12019","5","SIC_0D20","29","0",1981,"4","","Clay County, Florida","Private","SIC 20 Food and Kindred Products","County, 2-digit SIC -- by ownership sector","All establishment sizes",3,118,115,122,1136550,0,0,738
"12019","5","SIC_0D23","29","0",1981,"1","N","Clay County, Florida","Private","SIC 23 Apparel and Other Textile Products","County, 2-digit SIC -- by ownership sector","All establishment sizes",0,0,0,0,0,0,0,0
"12019","5","SIC_0D23","29","0",1981,"2","N","Clay County, Florida","Private","SIC 23 Apparel and Other Textile Products","County, 2-digit SIC -- by ownership sector","All establishment sizes",0,0,0,0,0,0,0,0
"12019","5","SIC_0D23","29","0",1981,"3","N","Clay County, Florida","Private","SIC 23 Apparel and Other Textile Products","County, 2-digit SIC -- by ownership sector","All establishment sizes",0,0,0,0,0,0,0,0
"12019","5","SIC_0D23","29","0",1981,"4","N","Clay County, Florida","Private","SIC 23 Apparel and Other Textile Products","County, 2-digit SIC -- by ownership sector","All establishment sizes",0,0,0,0,0,0,0,0
"12019","5","SIC_0D24","29","0",1981,"1","","Clay County, Florida","Private","SIC 24 Lumber and Wood Products","County, 2-digit SIC -- by ownership sector","All establishment sizes",25,92,94,79,251659,0,0,219
"12019","5","SIC_0D24","29","0",1981,"2","","Clay County, Florida","Private","SIC 24 Lumber and Wood Products","County, 2-digit SIC -- by ownership sector","All establishment sizes",23,89,89,87,278831,0,0,242
"12019","5","SIC_0D24","29","0",1981,"3","","Clay County, Florida","Private","SIC 24 Lumber and Wood Products","County, 2-digit SIC -- by ownership sector","All establishment sizes",22,93,95,90,279867,0,0,232
"12019","5","SIC_0D24","29","0",1981,"4","","Clay County, Florida","Private","SIC 24 Lumber and Wood Products","County, 2-digit SIC -- by ownership sector","All establishment sizes",22,97,94,92,293059,0,0,238
"12019","5","SIC_0D25","29","0",1981,"1","N","Clay County, Florida","Private","SIC 25 Furniture and Fixtures","County, 2-digit SIC -- by ownership sector","All establishment sizes",0,0,0,0,0,0,0,0
"12019","5","SIC_0D25","29","0",1981,"2","N","Clay County, Florida","Private","SIC 25 Furniture and Fixtures","County, 2-digit SIC -- by ownership sector","All establishment sizes",0,0,0,0,0,0,0,0
"12019","5","SIC_0D25","29","0",1981,"3","N","Clay County, Florida","Private","SIC 25 Furniture and Fixtures","County, 2-digit SIC -- by ownership sector","All establishment sizes",0,0,0,0,0,0,0,0
"12019","5","SIC_0D25","29","0",1981,"4","N","Clay County, Florida","Private","SIC 25 Furniture and Fixtures","County, 2-digit SIC -- by ownership sector","All establishment sizes",0,0,0,0,0,0,0,0
"12019","5","SIC_0D27","29","0",1981,"1","","Clay County, Florida","Private","SIC 27 Printing and Publishing","County, 2-digit SIC -- by ownership sector","All establishment sizes",9,71,66,67,130538,0,0,147
"12019","5","SIC_0D27","29","0",1981,"2","","Clay County, Florida","Private","SIC 27 Printing and Publishing","County, 2-digit SIC -- by ownership sector","All establishment sizes",9,74,77,74,131081,0,0,134
"12019","5","SIC_0D27","29","0",1981,"3","","Clay County, Florida","Private","SIC 27 Printing and Publishing","County, 2-digit SIC -- by ownership sector","All establishment sizes",9,75,71,68,134800,0,0,145
"12019","5","SIC_0D27","29","0",1981,"4","","Clay County, Florida","Private","SIC 27 Printing and Publishing","County, 2-digit SIC -- by ownership sector","All establishment sizes",8,71,68,68,143081,0,0,159
"12019","5","SIC_0D29","29","0",1981,"1","N","Clay County, Florida","Private","SIC 29 Petroleum and Coal Products","County, 2-digit SIC -- by ownership sector","All establishment sizes",0,0,0,0,0,0,0,0
"12019","5","SIC_0D29","29","0",1981,"2","N","Clay County, Florida","Private","SIC 29 Petroleum and Coal Products","County, 2-digit SIC -- by ownership sector","All establishment sizes",0,0,0,0,0,0,0,0
"12019","5","SIC_0D29","29","0",1981,"3","N","Clay County, Florida","Private","SIC 29 Petroleum and Coal Products","County, 2-digit SIC -- by ownership sector","All establishment sizes",0,0,0,0,0,0,0,0
"12019","5","SIC_0D29","29","0",1981,"4","N","Clay County, Florida","Private","SIC 29 Petroleum and Coal Products","County, 2-digit SIC -- by ownership sector","All establishment sizes",0,0,0,0,0,0,0,0
"12019","5","SIC_0D30","29","0",1981,"1","","Clay County, Florida","Private","SIC 30 Rubber and Misc. Plastics Products","County, 2-digit SIC -- by ownership sector","All establishment sizes",4,162,161,176,655846,0,0,303
"12019","5","SIC_0D30","29","0",1981,"2","","Clay County, Florida","Private","SIC 30 Rubber and Misc. Plastics Products","County, 2-digit SIC -- by ownership sector","All establishment sizes",4,176,190,180,746499,0,0,315
"12019","5","SIC_0D30","29","0",1981,"3","","Clay County, Florida","Private","SIC 30 Rubber and Misc. Plastics Products","County, 2-digit SIC -- by ownership sector","All establishment sizes",4,185,183,188,730076,0,0,303
"12019","5","SIC_0D30","29","0",1981,"4","","Clay County, Florida","Private","SIC 30 Rubber and Misc. Plastics Products","County, 2-digit SIC -- by ownership sector","All establishment sizes",4,199,193,198,740139,0,0,289
"12019","5","SIC_0D32","29","0",1981,"1","N","Clay County, Florida","Private","SIC 32 Stone, Clay, and Glass Products","County, 2-digit SIC -- by ownership sector","All establishment sizes",0,0,0,0,0,0,0,0
"12019","5","SIC_0D32","29","0",1981,"2","N","Clay County, Florida","Private","SIC 32 Stone, Clay, and Glass Products","County, 2-digit SIC -- by ownership sector","All establishment sizes",0,0,0,0,0,0,0,0
"12019","5","SIC_0D32","29","0",1981,"3","N","Clay County, Florida","Private","SIC 32 Stone, Clay, and Glass Products","County, 2-digit SIC -- by ownership sector","All establishment sizes",0,0,0,0,0,0,0,0
"12019","5","SIC_0D32","29","0",1981,"4","N","Clay County, Florida","Private","SIC 32 Stone, Clay, and Glass Products","County, 2-digit SIC -- by ownership sector","All establishment sizes",0,0,0,0,0,0,0,0
"12019","5","SIC_0D33","29","0",1981,"1","","Clay County, Florida","Private","SIC 33 Primary Metal Industries","County, 2-digit SIC -- by ownership sector","All establishment sizes",0,0,0,0,0,0,0,0
"12019","5","SIC_0D33","29","0",1981,"2","","Clay County, Florida","Private","SIC 33 Primary Metal Industries","County, 2-digit SIC -- by ownership sector","All establishment sizes",0,0,0,0,0,0,0,0
"12019","5","SIC_0D33","29","0",1981,"3","N","Clay County, Florida","Private","SIC 33 Primary Metal Industries","County, 2-digit SIC -- by ownership sector","All establishment sizes",0,0,0,0,0,0,0,0
"12019","5","SIC_0D33","29","0",1981,"4","N","Clay County, Florida","Private","SIC 33 Primary Metal Industries","County, 2-digit SIC -- by ownership sector","All establishment sizes",0,0,0,0,0,0,0,0
"12019","5","SIC_0D34","29","0",1981,"1","","Clay County, Florida","Private","SIC 34 Fabricated Metal Products","County, 2-digit SIC -- by ownership sector","All establishment sizes",4,72,79,79,200721,0,0,201
"12019","5","SIC_0D34","29","0",1981,"2","","Clay County, Florida","Private","SIC 34 Fabricated Metal Products","County, 2-digit SIC -- by ownership sector","All establishment sizes",5,72,77,78,258687,0,0,262
"12019","5","SIC_0D34","29","0",1981,"3","","Clay County, Florida","Private","SIC 34 Fabricated Metal Products","County, 2-digit SIC -- by ownership sector","All establishment sizes",5,82,70,66,262278,0,0,277
"12019","5","SIC_0D34","29","0",1981,"4","","Clay County, Florida","Private","SIC 34 Fabricated Metal Products","County, 2-digit SIC -- by ownership sector","All establishment sizes",5,76,91,102,332489,0,0,285
"12019","5","SIC_0D35","29","0",1981,"1","","Clay County, Florida","Private","SIC 35 Industrial Machinery and Equipment","County, 2-digit SIC -- by ownership sector","All establishment sizes",5,39,39,39,190107,0,0,374
"12019","5","SIC_0D35","29","0",1981,"2","","Clay County, Florida","Private","SIC 35 Industrial Machinery and Equipment","County, 2-digit SIC -- by ownership sector","All establishment sizes",4,40,40,39,155232,0,0,301
"12019","5","SIC_0D35","29","0",1981,"3","","Clay County, Florida","Private","SIC 35 Industrial Machinery and Equipment","County, 2-digit SIC -- by ownership sector","All establishment sizes",3,34,34,35,140490,0,0,314
"12019","5","SIC_0D35","29","0",1981,"4","","Clay County, Florida","Private","SIC 35 Industrial Machinery and Equipment","County, 2-digit SIC -- by ownership sector","All establishment sizes",3,34,37,37,160024,0,0,341
"12019","5","SIC_0D36","29","0",1981,"1","N","Clay County, Florida","Private","SIC 36 Electronic and Other Electric Equipment","County, 2-digit SIC -- by ownership sector","All establishment sizes",0,0,0,0,0,0,0,0
"12019","5","SIC_0D36","29","0",1981,"2","N","Clay County, Florida","Private","SIC 36 Electronic and Other Electric Equipment","County, 2-digit SIC -- by ownership sector","All establishment sizes",0,0,0,0,0,0,0,0
"12019","5","SIC_0D36","29","0",1981,"3","N","Clay County, Florida","Private","SIC 36 Electronic and Other Electric Equipment","County, 2-digit SIC -- by ownership sector","All establishment sizes",0,0,0,0,0,0,0,0
"12019","5","SIC_0D36","29","0",1981,"4","N","Clay County, Florida","Private","SIC 36 Electronic and Other Electric Equipment","County, 2-digit SIC -- by ownership sector","All establishment sizes",0,0,0,0,0,0,0,0
"12019","5","SIC_0D37","29","0",1981,"1","","Clay County, Florida","Private","SIC 37 Transportation Equipment","County, 2-digit SIC -- by ownership sector","All establishment sizes",3,239,240,242,813550,0,0,260
"12019","5","SIC_0D37","29","0",1981,"2","","Clay County, Florida","Private","SIC 37 Transportation Equipment","County, 2-digit SIC -- by ownership sector","All establishment sizes",3,250,251,234,932658,0,0,292
"12019","5","SIC_0D37","29","0",1981,"3","","Clay County, Florida","Private","SIC 37 Transportation Equipment","County, 2-digit SIC -- by ownership sector","All establishment sizes",3,226,238,248,858584,0,0,278
"12019","5","SIC_0D37","29","0",1981,"4","","Clay County, Florida","Private","SIC 37 Transportation Equipment","County, 2-digit SIC -- by ownership sector","All establishment sizes",3,260,253,233,1588434,0,0,491
"12019","5","SIC_0D38","29","0",1981,"1","N","Clay County, Florida","Private","SIC 38 Instruments and Related Products","County, 2-digit SIC -- by ownership sector","All establishment sizes",0,0,0,0,0,0,0,0
"12019","5","SIC_0D38","29","0",1981,"2","N","Clay County, Florida","Private","SIC 38 Instruments and Related Products","County, 2-digit SIC -- by ownership sector","All establishment sizes",0,0,0,0,0,0,0,0
"12019","5","SIC_0D38","29","0",1981,"3","N","Clay County, Florida","Private","SIC 38 Instruments and Related Products","County, 2-digit SIC -- by ownership sector","All establishment sizes",0,0,0,0,0,0,0,0
"12019","5","SIC_0D38","29","0",1981,"4","N","Clay County, Florida","Private","SIC 38 Instruments and Related Products","County, 2-digit SIC -- by ownership sector","All establishment sizes",0,0,0,0,0,0,0,0
"12019","5","SIC_0D39","29","0",1981,"1","N","Clay County, Florida","Private","SIC 39 Miscellaneous Manufacturing Industries","County, 2-digit SIC -- by ownership sector","All establishment sizes",0,0,0,0,0,0,0,0
"12019","5","SIC_0D39","29","0",1981,"2","N","Clay County, Florida","Private","SIC 39 Miscellaneous Manufacturing Industries","County, 2-digit SIC -- by ownership sector","All establishment sizes",0,0,0,0,0,0,0,0
"12019","5","SIC_0D39","29","0",1981,"3","N","Clay County, Florida","Private","SIC 39 Miscellaneous Manufacturing Industries","County, 2-digit SIC -- by ownership sector","All establishment sizes",0,0,0,0,0,0,0,0
"12019","5","SIC_0D39","29","0",1981,"4","N","Clay County, Florida","Private","SIC 39 Miscellaneous Manufacturing Industries","County, 2-digit SIC -- by ownership sector","All establishment sizes",0,0,0,0,0,0,0,0
"12019","5","SIC_0E","28","0",1981,"1","","Clay County, Florida","Private","Transportation and Public Utilities Division","County, Industry Division -- by ownership sector","All establishment sizes",25,703,714,719,3315496,0,0,358
"12019","5","SIC_0E","28","0",1981,"2","","Clay County, Florida","Private","Transportation and Public Utilities Division","County, Industry Division -- by ownership sector","All establishment sizes",26,733,730,735,3573247,0,0,375
"12019","5","SIC_0E","28","0",1981,"3","","Clay County, Florida","Private","Transportation and Public Utilities Division","County, Industry Division -- by ownership sector","All establishment sizes",26,743,741,732,3544254,0,0,369
"12019","5","SIC_0E","28","0",1981,"4","","Clay County, Florida","Private","Transportation and Public Utilities Division","County, Industry Division -- by ownership sector","All establishment sizes",28,732,737,746,3995076,0,0,416
"12019","5","SIC_0E42","29","0",1981,"1","","Clay County, Florida","Private","SIC 42 Trucking And Warehousing","County, 2-digit SIC -- by ownership sector","All establishment sizes",14,78,82,86,277408,0,0,260
"12019","5","SIC_0E42","29","0",1981,"2","","Clay County, Florida","Private","SIC 42 Trucking And Warehousing","County, 2-digit SIC -- by ownership sector","All establishment sizes",15,90,87,86,303220,0,0,266
"12019","5","SIC_0E42","29","0",1981,"3","","Clay County, Florida","Private","SIC 42 Trucking And Warehousing","County, 2-digit SIC -- by ownership sector","All establishment sizes",15,87,85,79,303146,0,0,278
"12019","5","SIC_0E42","29","0",1981,"4","","Clay County, Florida","Private","SIC 42 Trucking And Warehousing","County, 2-digit SIC -- by ownership sector","All establishment sizes",17,87,92,98,352859,0,0,293
"12019","5","SIC_0E44","29","0",1981,"1","N","Clay County, Florida","Private","SIC 44 Water Transportation","County, 2-digit SIC -- by ownership sector","All establishment sizes",0,0,0,0,0,0,0,0
"12019","5","SIC_0E44","29","0",1981,"2","N","Clay County, Florida","Private","SIC 44 Water Transportation","County, 2-digit SIC -- by ownership sector","All establishment sizes",0,0,0,0,0,0,0,0
"12019","5","SIC_0E44","29","0",1981,"3","N","Clay County, Florida","Private","SIC 44 Water Transportation","County, 2-digit SIC -- by ownership sector","All establishment sizes",0,0,0,0,0,0,0,0
"12019","5","SIC_0E44","29","0",1981,"4","N","Clay County, Florida","Private","SIC 44 Water Transportation","County, 2-digit SIC -- by ownership sector","All establishment sizes",0,0,0,0,0,0,0,0
"12019","5","SIC_0E47","29","0",1981,"1","N","Clay County, Florida","Private","SIC 47 Transportation Services","County, 2-digit SIC -- by ownership sector","All establishment sizes",0,0,0,0,0,0,0,0
"12019","5","SIC_0E47","29","0",1981,"2","N","Clay County, Florida","Private","SIC 47 Transportation Services","County, 2-digit SIC -- by ownership sector","All establishment sizes",0,0,0,0,0,0,0,0
"12019","5","SIC_0E47","29","0",1981,"3","N","Clay County, Florida","Private","SIC 47 Transportation Services","County, 2-digit SIC -- by ownership sector","All establishment sizes",0,0,0,0,0,0,0,0
"12019","5","SIC_0E47","29","0",1981,"4","N","Clay County, Florida","Private","SIC 47 Transportation Services","County, 2-digit SIC -- by ownership sector","All establishment sizes",0,0,0,0,0,0,0,0
"12019","5","SIC_0E48","29","0",1981,"1","","Clay County, Florida","Private","SIC 48 Communication","County, 2-digit SIC -- by ownership sector","All establishment sizes",5,182,189,191,955130,0,0,392
"12019","5","SIC_0E48","29","0",1981,"2","","Clay County, Florida","Private","SIC 48 Communication","County, 2-digit SIC -- by ownership sector","All establishment sizes",5,193,194,203,971706,0,0,380
"12019","5","SIC_0E48","29","0",1981,"3","","Clay County, Florida","Private","SIC 48 Communication","County, 2-digit SIC -- by ownership sector","All establishment sizes",5,203,203,205,1119700,0,0,422
"12019","5","SIC_0E48","29","0",1981,"4","","Clay County, Florida","Private","SIC 48 Communication","County, 2-digit SIC -- by ownership sector","All establishment sizes",4,196,195,195,1156469,0,0,455
"12019","5","SIC_0E49","29","0",1981,"1","","Clay County, Florida","Private","SIC 49 Electric, Gas, And Sanitary Services","County, 2-digit SIC -- by ownership sector","All establishment sizes",4,376,379,378,1776230,0,0,361
"12019","5","SIC_0E49","29","0",1981,"2","","Clay County, Florida","Private","SIC 49 Electric, Gas, And Sanitary Services","County, 2-digit SIC -- by ownership sector","All establishment sizes",4,378,378,378,2008861,0,0,408
"12019","5","SIC_0E49","29","0",1981,"3","","Clay County, Florida","Private","SIC 49 Electric, Gas, And Sanitary Services","County, 2-digit SIC -- by ownership sector","All establishment sizes",4,387,385,388,1762433,0,0,350
"12019","5","SIC_0E49","29","0",1981,"4","","Clay County, Florida","Private","SIC 49 Electric, Gas, And Sanitary Services","County, 2-digit SIC -- by ownership sector","All establishment sizes",4,386,388,389,2140431,0,0,424
"12019","5","SIC_0F","28","0",1981,"1","","Clay County, Florida","Private","Wholesale Trade Division","County, Industry Division -- by ownership sector","All establishment sizes",49,232,233,241,903602,0,0,295
"12019","5","SIC_0F","28","0",1981,"2","","Clay County, Florida","Private","Wholesale Trade Division","County, Industry Division -- by ownership sector","All establishment sizes",53,266,273,282,1028128,0,0,288
"12019","5","SIC_0F","28","0",1981,"3","","Clay County, Florida","Private","Wholesale Trade Division","County, Industry Division -- by ownership sector","All establishment sizes",51,277,269,273,1063656,0,0,299
"12019","5","SIC_0F","28","0",1981,"4","","Clay County, Florida","Private","Wholesale Trade Division","County, Industry Division -- by ownership sector","All establishment sizes",54,289,287,285,1300830,0,0,348
"12019","5","SIC_0F50","29","0",1981,"1","","Clay County, Florida","Private","SIC 50 Wholesale Trade Durable Goods","County, 2-digit SIC -- by ownership sector","All establishment sizes",31,117,116,126,457407,0,0,294
"12019","5","SIC_0F50","29","0",1981,"2","","Clay County, Florida","Private","SIC 50 Wholesale Trade Durable Goods","County, 2-digit SIC -- by ownership sector","All establishment sizes",31,143,151,157,555411,0,0,284
"12019","5","SIC_0F50","29","0",1981,"3","","Clay County, Florida","Private","SIC 50 Wholesale Trade Durable Goods","County, 2-digit SIC -- by ownership sector","All establishment sizes",31,163,160,164,588890,0,0,279
"12019","5","SIC_0F50","29","0",1981,"4","","Clay County, Florida","Private","SIC 50 Wholesale Trade Durable Goods","County, 2-digit SIC -- by ownership sector","All establishment sizes",31,175,174,171,741349,0,0,329
"12019","5","SIC_0F51","29","0",1981,"1","","Clay County, Florida","Private","SIC 51 Wholesale Trade Nondurable Goods","County, 2-digit SIC -- by ownership sector","All establishment sizes",18,115,117,115,446195,0,0,296
"12019","5","SIC_0F51","29","0",1981,"2","","Clay County, Florida","Private","SIC 51 Wholesale Trade Nondurable Goods","County, 2-digit SIC -- by ownership sector","All establishment sizes",22,123,122,125,472717,0,0,294
"12019","5","SIC_0F51","29","0",1981,"3","","Clay County, Florida","Private","SIC 51 Wholesale Trade Nondurable Goods","County, 2-digit SIC -- by ownership sector","All establishment sizes",20,114,109,109,474766,0,0,330
"12019","5","SIC_0F51","29","0",1981,"4","","Clay County, Florida","Private","SIC 51 Wholesale Trade Nondurable Goods","County, 2-digit SIC -- by ownership sector","All establishment sizes",23,114,113,114,559481,0,0,378
"12019","5","SIC_0G","28","0",1981,"1","","Clay County, Florida","Private","Retail Trade Division","County, Industry Division -- by ownership sector","All establishment sizes",319,3920,3902,3977,7454062,0,0,145
"12019","5","SIC_0G","28","0",1981,"2","","Clay County, Florida","Private","Retail Trade Division","County, Industry Division -- by ownership sector","All establishment sizes",331,4205,4214,4278,8072184,0,0,146
"12019","5","SIC_0G","28","0",1981,"3","","Clay County, Florida","Private","Retail Trade Division","County, Industry Division -- by ownership sector","All establishment sizes",327,4164,4269,4267,8478516,0,0,154
"12019","5","SIC_0G","28","0",1981,"4","","Clay County, Florida","Private","Retail Trade Division","County, Industry Division -- by ownership sector","All establishment sizes",329,4388,4421,4517,9198006,0,0,159
"12019","5","SIC_0G52","29","0",1981,"1","","Clay County, Florida","Private","SIC 52 Building Materials and Garden Supplies","County, 2-digit SIC -- by ownership sector","All establishment sizes",25,227,228,257,505406,0,0,163
"12019","5","SIC_0G52","29","0",1981,"2","","Clay County, Florida","Private","SIC 52 Building Materials and Garden Supplies","County, 2-digit SIC -- by ownership sector","All establishment sizes",25,266,249,248,580501,0,0,175
"12019","5","SIC_0G52","29","0",1981,"3","","Clay County, Florida","Private","SIC 52 Building Materials and Garden Supplies","County, 2-digit SIC -- by ownership sector","All establishment sizes",26,252,245,242,568256,0,0,177
"12019","5","SIC_0G52","29","0",1981,"4","","Clay County, Florida","Private","SIC 52 Building Materials and Garden Supplies","County, 2-digit SIC -- by ownership sector","All establishment sizes",24,241,234,232,575156,0,0,187
"12019","5","SIC_0G53","29","0",1981,"1","","Clay County, Florida","Private","SIC 53 General Merchandise Stores","County, 2-digit SIC -- by ownership sector","All establishment sizes",12,865,852,852,1825492,0,0,163
"12019","5","SIC_0G53","29","0",1981,"2","","Clay County, Florida","Private","SIC 53 General Merchandise Stores","County, 2-digit SIC -- by ownership sector","All establishment sizes",11,883,884,869,1883850,0,0,164
"12019","5","SIC_0G53","29","0",1981,"3","","Clay County, Florida","Private","SIC 53 General Merchandise Stores","County, 2-digit SIC -- by ownership sector","All establishment sizes",11,883,883,873,1915648,0,0,167
"12019","5","SIC_0G53","29","0",1981,"4","","Clay County, Florida","Private","SIC 53 General Merchandise Stores","County, 2-digit SIC -- by ownership sector","All establishment sizes",11,892,910,965,2176699,0,0,181
"12019","5","SIC_0G54","29","0",1981,"1","","Clay County, Florida","Private","SIC 54 Food Stores","County, 2-digit SIC -- by ownership sector","All establishment sizes",38,692,705,703,1514226,0,0,166
"12019","5","SIC_0G54","29","0",1981,"2","","Clay County, Florida","Private","SIC 54 Food Stores","County, 2-digit SIC -- by ownership sector","All establishment sizes",39,731,727,718,1577781,0,0,167
"12019","5","SIC_0G54","29","0",1981,"3","","Clay County, Florida","Private","SIC 54 Food Stores","County, 2-digit SIC -- by ownership sector","All establishment sizes",39,721,743,773,1739678,0,0,179
"12019","5","SIC_0G54","29","0",1981,"4","","Clay County, Florida","Private","SIC 54 Food Stores","County, 2-digit SIC -- by ownership sector","All establishment sizes",38,760,788,780,1719371,0,0,170
"12019","5","SIC_0G55","29","0",1981,"1","","Clay County, Florida","Private","SIC 55 Automotive Dealers and Service Stations","County, 2-digit SIC -- by ownership sector","All establishment sizes",50,300,298,297,764214,0,0,197
"12019","5","SIC_0G55","29","0",1981,"2","","Clay County, Florida","Private","SIC 55 Automotive Dealers and Service Stations","County, 2-digit SIC -- by ownership sector","All establishment sizes",52,309,308,293,801880,0,0,203
"12019","5","SIC_0G55","29","0",1981,"3","","Clay County, Florida","Private","SIC 55 Automotive Dealers and Service Stations","County, 2-digit SIC -- by ownership sector","All establishment sizes",52,303,315,329,830328,0,0,202
"12019","5","SIC_0G55","29","0",1981,"4","","Clay County, Florida","Private","SIC 55 Automotive Dealers and Service Stations","County, 2-digit SIC -- by ownership sector","All establishment sizes",51,326,314,305,891723,0,0,217
"12019","5","SIC_0G56","29","0",1981,"1","","Clay County, Florida","Private","SIC 56 Apparel and Accessory Stores","County, 2-digit SIC -- by ownership sector","All establishment sizes",42,287,266,278,395798,0,0,109
"12019","5","SIC_0G56","29","0",1981,"2","","Clay County, Florida","Private","SIC 56 Apparel and Accessory Stores","County, 2-digit SIC -- by ownership sector","All establishment sizes",43,296,288,294,410259,0,0,107
"12019","5","SIC_0G56","29","0",1981,"3","","Clay County, Florida","Private","SIC 56 Apparel and Accessory Stores","County, 2-digit SIC -- by ownership sector","All establishment sizes",43,285,306,286,462731,0,0,121
"12019","5","SIC_0G56","29","0",1981,"4","","Clay County, Florida","Private","SIC 56 Apparel and Accessory Stores","County, 2-digit SIC -- by ownership sector","All establishment sizes",44,285,296,323,475166,0,0,121
"12019","5","SIC_0G57","29","0",1981,"1","","Clay County, Florida","Private","SIC 57 Furniture and Homefurnishings Stores","County, 2-digit SIC -- by ownership sector","All establishment sizes",27,80,80,88,177142,0,0,164
"12019","5","SIC_0G57","29","0",1981,"2","","Clay County, Florida","Private","SIC 57 Furniture and Homefurnishings Stores","County, 2-digit SIC -- by ownership sector","All establishment sizes",28,88,82,77,209711,0,0,195
"12019","5","SIC_0G57","29","0",1981,"3","","Clay County, Florida","Private","SIC 57 Furniture and Homefurnishings Stores","County, 2-digit SIC -- by ownership sector","All establishment sizes",26,92,102,104,257882,0,0,199
"12019","5","SIC_0G57","29","0",1981,"4","","Clay County, Florida","Private","SIC 57 Furniture and Homefurnishings Stores","County, 2-digit SIC -- by ownership sector","All establishment sizes",25,102,100,102,253670,0,0,192
"12019","5","SIC_0G58","29","0",1981,"1","","Clay County, Florida","Private","SIC 58 Eating and Drinking Places","County, 2-digit SIC -- by ownership sector","All establishment sizes",56,1047,1058,1075,1474717,0,0,107
"12019","5","SIC_0G58","29","0",1981,"2","","Clay County, Florida","Private","SIC 58 Eating and Drinking Places","County, 2-digit SIC -- by ownership sector","All establishment sizes",61,1204,1249,1348,1769066,0,0,107
"12019","5","SIC_0G58","29","0",1981,"3","","Clay County, Florida","Private","SIC 58 Eating and Drinking Places","County, 2-digit SIC -- by ownership sector","All establishment sizes",60,1195,1253,1255,1843254,0,0,114
"12019","5","SIC_0G58","29","0",1981,"4","","Clay County, Florida","Private","SIC 58 Eating and Drinking Places","County, 2-digit SIC -- by ownership sector","All establishment sizes",67,1336,1310,1326,2185980,0,0,127
"12019","5","SIC_0G59","29","0",1981,"1","","Clay County, Florida","Private","SIC 59 Miscellaneous Retail","County, 2-digit SIC -- by ownership sector","All establishment sizes",69,422,415,427,797067,0,0,145
"12019","5","SIC_0G59","29","0",1981,"2","","Clay County, Florida","Private","SIC 59 Miscellaneous Retail","County, 2-digit SIC -- by ownership sector","All establishment sizes",72,428,427,431,839136,0,0,150
"12019","5","SIC_0G59","29","0",1981,"3","","Clay County, Florida","Private","SIC 59 Miscellaneous Retail","County, 2-digit SIC -- by ownership sector","All establishment sizes",70,433,422,405,860739,0,0,157
"12019","5","SIC_0G59","29","0",1981,"4","","Clay County, Florida","Private","SIC 59 Miscellaneous Retail","County, 2-digit SIC -- by ownership sector","All establishment sizes",69,446,469,484,920241,0,0,151
"12019","5","SIC_0H","28","0",1981,"1","","Clay County, Florida","Private","Finance, Insurance, and Real Estate Division","County, Industry Division -- by ownership sector","All establishment sizes",102,581,586,593,1451518,0,0,190
"12019","5","SIC_0H","28","0",1981,"2","","Clay County, Florida","Private","Finance, Insurance, and Real Estate Division","County, Industry Division -- by ownership sector","All establishment sizes",104,604,610,620,1551368,0,0,195
"12019","5","SIC_0H","28","0",1981,"3","","Clay County, Florida","Private","Finance, Insurance, and Real Estate Division","County, Industry Division -- by ownership sector","All establishment sizes",110,665,668,670,1668554,0,0,192
"12019","5","SIC_0H","28","0",1981,"4","","Clay County, Florida","Private","Finance, Insurance, and Real Estate Division","County, Industry Division -- by ownership sector","All establishment sizes",107,662,649,645,1864921,0,0,220
"12019","5","SIC_0H60","29","0",1981,"1","","Clay County, Florida","Private","SIC 60 Depository Institutions","County, 2-digit SIC -- by ownership sector","All establishment sizes",5,192,193,196,517284,0,0,205
"12019","5","SIC_0H60","29","0",1981,"2","","Clay County, Florida","Private","SIC 60 Depository Institutions","County, 2-digit SIC -- by ownership sector","All establishment sizes",5,198,200,205,534238,0,0,204
"12019","5","SIC_0H60","29","0",1981,"3","","Clay County, Florida","Private","SIC 60 Depository Institutions","County, 2-digit SIC -- by ownership sector","All establishment sizes",5,214,211,209,531838,0,0,193
"12019","5","SIC_0H60","29","0",1981,"4","","Clay County, Florida","Private","SIC 60 Depository Institutions","County, 2-digit SIC -- by ownership sector","All establishment sizes",5,201,200,202,646117,0,0,247
"12019","5","SIC_0H61","29","0",1981,"1","","Clay County, Florida","Private","SIC 61 Nondepository Institutions","County, 2-digit SIC -- by ownership sector","All establishment sizes",12,45,44,46,115481,0,0,197
"12019","5","SIC_0H61","29","0",1981,"2","","Clay County, Florida","Private","SIC 61 Nondepository Institutions","County, 2-digit SIC -- by ownership sector","All establishment sizes",12,45,46,45,127924,0,0,217
"12019","5","SIC_0H61","29","0",1981,"3","","Clay County, Florida","Private","SIC 61 Nondepository Institutions","County, 2-digit SIC -- by ownership sector","All establishment sizes",13,51,52,52,143649,0,0,213
"12019","5","SIC_0H61","29","0",1981,"4","","Clay County, Florida","Private","SIC 61 Nondepository Institutions","County, 2-digit SIC -- by ownership sector","All establishment sizes",12,45,44,47,150289,0,0,255
"12019","5","SIC_0H62","29","0",1981,"1","","Clay County, Florida","Private","SIC 62 Security and Commodity Brokers","County, 2-digit SIC -- by ownership sector","All establishment sizes",3,2,2,2,5599,0,0,215
"12019","5","SIC_0H62","29","0",1981,"2","","Clay County, Florida","Private","SIC 62 Security and Commodity Brokers","County, 2-digit SIC -- by ownership sector","All establishment sizes",3,1,1,1,2500,0,0,192
"12019","5","SIC_0H62","29","0",1981,"3","","Clay County, Florida","Private","SIC 62 Security and Commodity Brokers","County, 2-digit SIC -- by ownership sector","All establishment sizes",4,4,4,5,9295,0,0,165
"12019","5","SIC_0H62","29","0",1981,"4","","Clay County, Florida","Private","SIC 62 Security and Commodity Brokers","County, 2-digit SIC -- by ownership sector","All establishment sizes",4,4,4,4,18701,0,0,359
"12019","5","SIC_0H63","29","0",1981,"1","","Clay County, Florida","Private","SIC 63 Insurance Carriers","County, 2-digit SIC -- by ownership sector","All establishment sizes",7,40,41,40,149218,0,0,284
"12019","5","SIC_0H63","29","0",1981,"2","","Clay County, Florida","Private","SIC 63 Insurance Carriers","County, 2-digit SIC -- by ownership sector","All establishment sizes",6,37,37,38,148125,0,0,305
"12019","5","SIC_0H63","29","0",1981,"3","","Clay County, Florida","Private","SIC 63 Insurance Carriers","County, 2-digit SIC -- by ownership sector","All establishment sizes",6,39,38,39,150620,0,0,299
"12019","5","SIC_0H63","29","0",1981,"4","","Clay County, Florida","Private","SIC 63 Insurance Carriers","County, 2-digit SIC -- by ownership sector","All establishment sizes",6,36,36,38,158871,0,0,333
"12019","5","SIC_0H64","29","0",1981,"1","","Clay County, Florida","Private","SIC 64 Insurance Agents, Brokers, and Service","County, 2-digit SIC -- by ownership sector","All establishment sizes",16,34,32,33,73695,0,0,171
"12019","5","SIC_0H64","29","0",1981,"2","","Clay County, Florida","Private","SIC 64 Insurance Agents, Brokers, and Service","County, 2-digit SIC -- by ownership sector","All establishment sizes",16,34,33,34,99578,0,0,227
"12019","5","SIC_0H64","29","0",1981,"3","","Clay County, Florida","Private","SIC 64 Insurance Agents, Brokers, and Service","County, 2-digit SIC -- by ownership sector","All establishment sizes",19,36,37,37,76710,0,0,160
"12019","5","SIC_0H64","29","0",1981,"4","","Clay County, Florida","Private","SIC 64 Insurance Agents, Brokers, and Service","County, 2-digit SIC -- by ownership sector","All establishment sizes",19,37,35,33,81732,0,0,179
"12019","5","SIC_0H65","29","0",1981,"1","","Clay County, Florida","Private","SIC 65 Real Estate","County, 2-digit SIC -- by ownership sector","All establishment sizes",56,259,265,267,559451,0,0,163
"12019","5","SIC_0H65","29","0",1981,"2","","Clay County, Florida","Private","SIC 65 Real Estate","County, 2-digit SIC -- by ownership sector","All establishment sizes",59,280,284,288,605908,0,0,164
"12019","5","SIC_0H65","29","0",1981,"3","","Clay County, Florida","Private","SIC 65 Real Estate","County, 2-digit SIC -- by ownership sector","All establishment sizes",60,312,317,321,723743,0,0,175
"12019","5","SIC_0H65","29","0",1981,"4","","Clay County, Florida","Private","SIC 65 Real Estate","County, 2-digit SIC -- by ownership sector","All establishment sizes",58,331,321,312,774029,0,0,185
"12019","5","SIC_0H66","29","0",1981,"1","N","Clay County, Florida","Private","1972 SIC 66 Combined Real Estate, Insurance, Etc","County, 2-digit SIC -- by ownership sector","All establishment sizes",0,0,0,0,0,0,0,0
"12019","5","SIC_0H66","29","0",1981,"2","N","Clay County, Florida","Private","1972 SIC 66 Combined Real Estate, Insurance, Etc","County, 2-digit SIC -- by ownership sector","All establishment sizes",0,0,0,0,0,0,0,0
"12019","5","SIC_0H66","29","0",1981,"3","N","Clay County, Florida","Private","1972 SIC 66 Combined Real Estate, Insurance, Etc","County, 2-digit SIC -- by ownership sector","All establishment sizes",0,0,0,0,0,0,0,0
"12019","5","SIC_0H66","29","0",1981,"4","N","Clay County, Florida","Private","1972 SIC 66 Combined Real Estate, Insurance, Etc","County, 2-digit SIC -- by ownership sector","All establishment sizes",0,0,0,0,0,0,0,0
"12019","5","SIC_0H67","29","0",1981,"1","N","Clay County, Florida","Private","SIC 67 Holding and Other Investment Offices","County, 2-digit SIC -- by ownership sector","All establishment sizes",0,0,0,0,0,0,0,0
"12019","5","SIC_0H67","29","0",1981,"2","N","Clay County, Florida","Private","SIC 67 Holding and Other Investment Offices","County, 2-digit SIC -- by ownership sector","All establishment sizes",0,0,0,0,0,0,0,0
"12019","5","SIC_0H67","29","0",1981,"3","N","Clay County, Florida","Private","SIC 67 Holding and Other Investment Offices","County, 2-digit SIC -- by ownership sector","All establishment sizes",0,0,0,0,0,0,0,0
"12019","5","SIC_0H67","29","0",1981,"4","N","Clay County, Florida","Private","SIC 67 Holding and Other Investment Offices","County, 2-digit SIC -- by ownership sector","All establishment sizes",0,0,0,0,0,0,0,0
"12019","5","SIC_0I","28","0",1981,"1","","Clay County, Florida","Private","Services Division","County, Industry Division -- by ownership sector","All establishment sizes",310,2729,2725,2756,6820278,0,0,191
"12019","5","SIC_0I","28","0",1981,"2","","Clay County, Florida","Private","Services Division","County, Industry Division -- by ownership sector","All establishment sizes",318,2886,2868,2605,6857876,0,0,189
"12019","5","SIC_0I","28","0",1981,"3","","Clay County, Florida","Private","Services Division","County, Industry Division -- by ownership sector","All establishment sizes",333,2507,2503,2588,7248985,0,0,220
"12019","5","SIC_0I","28","0",1981,"4","","Clay County, Florida","Private","Services Division","County, Industry Division -- by ownership sector","All establishment sizes",341,2629,2610,2859,7446904,0,0,212
"12019","5","SIC_0I70","29","0",1981,"1","","Clay County, Florida","Private","SIC 70 Hotels and Other Lodging Places","County, 2-digit SIC -- by ownership sector","All establishment sizes",9,388,395,400,739148,0,0,144
"12019","5","SIC_0I70","29","0",1981,"2","","Clay County, Florida","Private","SIC 70 Hotels and Other Lodging Places","County, 2-digit SIC -- by ownership sector","All establishment sizes",10,454,450,443,872795,0,0,149
"12019","5","SIC_0I70","29","0",1981,"3","","Clay County, Florida","Private","SIC 70 Hotels and Other Lodging Places","County, 2-digit SIC -- by ownership sector","All establishment sizes",8,393,399,400,849479,0,0,164
"12019","5","SIC_0I70","29","0",1981,"4","","Clay County, Florida","Private","SIC 70 Hotels and Other Lodging Places","County, 2-digit SIC -- by ownership sector","All establishment sizes",8,410,404,399,835643,0,0,158
"12019","5","SIC_0I72","29","0",1981,"1","","Clay County, Florida","Private","SIC 72 Personal Services","County, 2-digit SIC -- by ownership sector","All establishment sizes",44,191,192,195,394940,0,0,157
"12019","5","SIC_0I72","29","0",1981,"2","","Clay County, Florida","Private","SIC 72 Personal Services","County, 2-digit SIC -- by ownership sector","All establishment sizes",46,222,224,238,428273,0,0,144
"12019","5","SIC_0I72","29","0",1981,"3","","Clay County, Florida","Private","SIC 72 Personal Services","County, 2-digit SIC -- by ownership sector","All establishment sizes",45,205,214,211,406743,0,0,148
"12019","5","SIC_0I72","29","0",1981,"4","","Clay County, Florida","Private","SIC 72 Personal Services","County, 2-digit SIC -- by ownership sector","All establishment sizes",45,210,212,221,455496,0,0,163
"12019","5","SIC_0I73","29","0",1981,"1","","Clay County, Florida","Private","SIC 73 Business Services","County, 2-digit SIC -- by ownership sector","All establishment sizes",35,141,161,152,405276,0,0,206
"12019","5","SIC_0I73","29","0",1981,"2","","Clay County, Florida","Private","SIC 73 Business Services","County, 2-digit SIC -- by ownership sector","All establishment sizes",35,155,157,155,421697,0,0,208
"12019","5","SIC_0I73","29","0",1981,"3","","Clay County, Florida","Private","SIC 73 Business Services","County, 2-digit SIC -- by ownership sector","All establishment sizes",36,171,160,167,457893,0,0,212
"12019","5","SIC_0I73","29","0",1981,"4","","Clay County, Florida","Private","SIC 73 Business Services","County, 2-digit SIC -- by ownership sector","All establishment sizes",39,175,170,160,479348,0,0,219
"12019","5","SIC_0I75","29","0",1981,"1","","Clay County, Florida","Private","SIC 75 Auto Repair, Services, and Parking","County, 2-digit SIC -- by ownership sector","All establishment sizes",21,118,110,109,271307,0,0,185
"12019","5","SIC_0I75","29","0",1981,"2","","Clay County, Florida","Private","SIC 75 Auto Repair, Services, and Parking","County, 2-digit SIC -- by ownership sector","All establishment sizes",21,116,112,120,326192,0,0,216
"12019","5","SIC_0I75","29","0",1981,"3","","Clay County, Florida","Private","SIC 75 Auto Repair, Services, and Parking","County, 2-digit SIC -- by ownership sector","All establishment sizes",23,139,120,122,342391,0,0,207
"12019","5","SIC_0I75","29","0",1981,"4","","Clay County, Florida","Private","SIC 75 Auto Repair, Services, and Parking","County, 2-digit SIC -- by ownership sector","All establishment sizes",21,130,127,120,356394,0,0,218
"12019","5","SIC_0I76","29","0",1981,"1","","Clay County, Florida","Private","SIC 76 Miscellaneous Repair Services","County, 2-digit SIC -- by ownership sector","All establishment sizes",15,53,52,54,181579,0,0,263
"12019","5","SIC_0I76","29","0",1981,"2","","Clay County, Florida","Private","SIC 76 Miscellaneous Repair Services","County, 2-digit SIC -- by ownership sector","All establishment sizes",14,63,65,69,256561,0,0,300
"12019","5","SIC_0I76","29","0",1981,"3","","Clay County, Florida","Private","SIC 76 Miscellaneous Repair Services","County, 2-digit SIC -- by ownership sector","All establishment sizes",16,81,76,76,274392,0,0,271
"12019","5","SIC_0I76","29","0",1981,"4","","Clay County, Florida","Private","SIC 76 Miscellaneous Repair Services","County, 2-digit SIC -- by ownership sector","All establishment sizes",16,72,65,63,264924,0,0,305
"12019","5","SIC_0I78","29","0",1981,"1","","Clay County, Florida","Private","SIC 78 Motion Pictures","County, 2-digit SIC -- by ownership sector","All establishment sizes",3,62,69,61,91254,0,0,109
"12019","5","SIC_0I78","29","0",1981,"2","","Clay County, Florida","Private","SIC 78 Motion Pictures","County, 2-digit SIC -- by ownership sector","All establishment sizes",3,54,59,72,96933,0,0,120
"12019","5","SIC_0I78","29","0",1981,"3","","Clay County, Florida","Private","SIC 78 Motion Pictures","County, 2-digit SIC -- by ownership sector","All establishment sizes",3,68,68,62,120495,0,0,140
"12019","5","SIC_0I78","29","0",1981,"4","","Clay County, Florida","Private","SIC 78 Motion Pictures","County, 2-digit SIC -- by ownership sector","All establishment sizes",3,58,61,66,97149,0,0,121
"12019","5","SIC_0I79","29","0",1981,"1","","Clay County, Florida","Private","SIC 79 Amusement and Recreation Services","County, 2-digit SIC -- by ownership sector","All establishment sizes",11,491,445,457,827894,0,0,137
"12019","5","SIC_0I79","29","0",1981,"2","","Clay County, Florida","Private","SIC 79 Amusement and Recreation Services","County, 2-digit SIC -- by ownership sector","All establishment sizes",11,460,438,150,646323,0,0,142
"12019","5","SIC_0I79","29","0",1981,"3","","Clay County, Florida","Private","SIC 79 Amusement and Recreation Services","County, 2-digit SIC -- by ownership sector","All establishment sizes",14,137,124,148,210116,0,0,118
"12019","5","SIC_0I79","29","0",1981,"4","","Clay County, Florida","Private","SIC 79 Amusement and Recreation Services","County, 2-digit SIC -- by ownership sector","All establishment sizes",16,147,145,412,464799,0,0,152
"12019","5","SIC_0I80","29","0",1981,"1","","Clay County, Florida","Private","SIC 80 Health Services","County, 2-digit SIC -- by ownership sector","All establishment sizes",88,872,880,897,2973727,0,0,259
"12019","5","SIC_0I80","29","0",1981,"2","","Clay County, Florida","Private","SIC 80 Health Services","County, 2-digit SIC -- by ownership sector","All establishment sizes",93,931,930,939,2847513,0,0,234
"12019","5","SIC_0I80","29","0",1981,"3","","Clay County, Florida","Private","SIC 80 Health Services","County, 2-digit SIC -- by ownership sector","All establishment sizes",100,957,963,973,3663148,0,0,292
"12019","5","SIC_0I80","29","0",1981,"4","","Clay County, Florida","Private","SIC 80 Health Services","County, 2-digit SIC -- by ownership sector","All establishment sizes",100,977,969,970,3467512,0,0,274
"12019","5","SIC_0I81","29","0",1981,"1","","Clay County, Florida","Private","SIC 81 Legal Services","County, 2-digit SIC -- by ownership sector","All establishment sizes",15,43,42,44,182560,0,0,326
"12019","5","SIC_0I81","29","0",1981,"2","","Clay County, Florida","Private","SIC 81 Legal Services","County, 2-digit SIC -- by ownership sector","All establishment sizes",15,44,45,46,173866,0,0,297
"12019","5","SIC_0I81","29","0",1981,"3","","Clay County, Florida","Private","SIC 81 Legal Services","County, 2-digit SIC -- by ownership sector","All establishment sizes",15,47,46,46,186329,0,0,309
"12019","5","SIC_0I81","29","0",1981,"4","","Clay County, Florida","Private","SIC 81 Legal Services","County, 2-digit SIC -- by ownership sector","All establishment sizes",16,49,47,46,151217,0,0,245
"12019","5","SIC_0I82","29","0",1981,"1","","Clay County, Florida","Private","SIC 82 Educational Services","County, 2-digit SIC -- by ownership sector","All establishment sizes",6,93,94,91,183893,0,0,152
"12019","5","SIC_0I82","29","0",1981,"2","","Clay County, Florida","Private","SIC 82 Educational Services","County, 2-digit SIC -- by ownership sector","All establishment sizes",6,91,90,83,194443,0,0,169
"12019","5","SIC_0I82","29","0",1981,"3","","Clay County, Florida","Private","SIC 82 Educational Services","County, 2-digit SIC -- by ownership sector","All establishment sizes",6,45,40,106,136203,0,0,164
"12019","5","SIC_0I82","29","0",1981,"4","","Clay County, Florida","Private","SIC 82 Educational Services","County, 2-digit SIC -- by ownership sector","All establishment sizes",7,93,101,96,233126,0,0,185
"12019","5","SIC_0I83","29","0",1981,"1","","Clay County, Florida","Private","SIC 83 Social Services","County, 2-digit SIC -- by ownership sector","All establishment sizes",12,116,121,124,173345,0,0,110
"12019","5","SIC_0I83","29","0",1981,"2","","Clay County, Florida","Private","SIC 83 Social Services","County, 2-digit SIC -- by ownership sector","All establishment sizes",12,116,120,113,173718,0,0,114
"12019","5","SIC_0I83","29","0",1981,"3","","Clay County, Florida","Private","SIC 83 Social Services","County, 2-digit SIC -- by ownership sector","All establishment sizes",12,95,92,103,144137,0,0,114
"12019","5","SIC_0I83","29","0",1981,"4","","Clay County, Florida","Private","SIC 83 Social Services","County, 2-digit SIC -- by ownership sector","All establishment sizes",11,129,127,123,183671,0,0,111
"12019","5","SIC_0I84","29","0",1981,"1","N","Clay County, Florida","Private","SIC 84 Museums, Botanical, Zoological Gardens","County, 2-digit SIC -- by ownership sector","All establishment sizes",0,0,0,0,0,0,0,0
"12019","5","SIC_0I84","29","0",1981,"2","N","Clay County, Florida","Private","SIC 84 Museums, Botanical, Zoological Gardens","County, 2-digit SIC -- by ownership sector","All establishment sizes",0,0,0,0,0,0,0,0
"12019","5","SIC_0I84","29","0",1981,"3","N","Clay County, Florida","Private","SIC 84 Museums, Botanical, Zoological Gardens","County, 2-digit SIC -- by ownership sector","All establishment sizes",0,0,0,0,0,0,0,0
"12019","5","SIC_0I84","29","0",1981,"4","N","Clay County, Florida","Private","SIC 84 Museums, Botanical, Zoological Gardens","County, 2-digit SIC -- by ownership sector","All establishment sizes",0,0,0,0,0,0,0,0
"12019","5","SIC_0I86","29","0",1981,"1","","Clay County, Florida","Private","SIC 86 Membership Organizations","County, 2-digit SIC -- by ownership sector","All establishment sizes",10,41,43,43,69343,0,0,126
"12019","5","SIC_0I86","29","0",1981,"2","","Clay County, Florida","Private","SIC 86 Membership Organizations","County, 2-digit SIC -- by ownership sector","All establishment sizes",9,45,43,41,67582,0,0,120
"12019","5","SIC_0I86","29","0",1981,"3","","Clay County, Florida","Private","SIC 86 Membership Organizations","County, 2-digit SIC -- by ownership sector","All establishment sizes",8,38,63,37,74200,0,0,124
"12019","5","SIC_0I86","29","0",1981,"4","","Clay County, Florida","Private","SIC 86 Membership Organizations","County, 2-digit SIC -- by ownership sector","All establishment sizes",9,40,37,38,73756,0,0,148
"12019","5","SIC_0I88","29","0",1981,"1","N","Clay County, Florida","Private","SIC 88 Private Households","County, 2-digit SIC -- by ownership sector","All establishment sizes",0,0,0,0,0,0,0,0
"12019","5","SIC_0I88","29","0",1981,"2","N","Clay County, Florida","Private","SIC 88 Private Households","County, 2-digit SIC -- by ownership sector","All establishment sizes",0,0,0,0,0,0,0,0
"12019","5","SIC_0I88","29","0",1981,"3","N","Clay County, Florida","Private","SIC 88 Private Households","County, 2-digit SIC -- by ownership sector","All establishment sizes",0,0,0,0,0,0,0,0
"12019","5","SIC_0I88","29","0",1981,"4","N","Clay County, Florida","Private","SIC 88 Private Households","County, 2-digit SIC -- by ownership sector","All establishment sizes",0,0,0,0,0,0,0,0
"12019","5","SIC_0I89","29","0",1981,"1","","Clay County, Florida","Private","SIC 89 Services, Nec","County, 2-digit SIC -- by ownership sector","All establishment sizes",29,97,99,106,299007,0,0,228
"12019","5","SIC_0I89","29","0",1981,"2","","Clay County, Florida","Private","SIC 89 Services, Nec","County, 2-digit SIC -- by ownership sector","All establishment sizes",31,111,110,112,323220,0,0,223
"12019","5","SIC_0I89","29","0",1981,"3","","Clay County, Florida","Private","SIC 89 Services, Nec","County, 2-digit SIC -- by ownership sector","All establishment sizes",31,104,112,110,349332,0,0,247
"12019","5","SIC_0I89","29","0",1981,"4","","Clay County, Florida","Private","SIC 89 Services, Nec","County, 2-digit SIC -- by ownership sector","All establishment sizes",33,110,114,116,347496,0,0,235
"12019","5","SIC_0K","28","0",1981,"1","","Clay County, Florida","Private","Nonclassifiable Establishments","County, Industry Division -- by ownership sector","All establishment sizes",4,6,7,8,9242,0,0,101
"12019","5","SIC_0K","28","0",1981,"2","","Clay County, Florida","Private","Nonclassifiable Establishments","County, Industry Division -- by ownership sector","All establishment sizes",4,5,4,5,10100,0,0,166
"12019","5","SIC_0K","28","0",1981,"3","","Clay County, Florida","Private","Nonclassifiable Establishments","County, Industry Division -- by ownership sector","All establishment sizes",4,6,6,5,21984,0,0,298
"12019","5","SIC_0K","28","0",1981,"4","","Clay County, Florida","Private","Nonclassifiable Establishments","County, Industry Division -- by ownership sector","All establishment sizes",4,7,7,8,27529,0,0,288
"12019","5","SIC_0K99","29","0",1981,"1","","Clay County, Florida","Private","SIC 99 Nonclassifiable Establishments","County, 2-digit SIC -- by ownership sector","All establishment sizes",4,6,7,8,9242,0,0,101
"12019","5","SIC_0K99","29","0",1981,"2","","Clay County, Florida","Private","SIC 99 Nonclassifiable Establishments","County, 2-digit SIC -- by ownership sector","All establishment sizes",4,5,4,5,10100,0,0,166
"12019","5","SIC_0K99","29","0",1981,"3","","Clay County, Florida","Private","SIC 99 Nonclassifiable Establishments","County, 2-digit SIC -- by ownership sector","All establishment sizes",4,6,6,5,21984,0,0,298
"12019","5","SIC_0K99","29","0",1981,"4","","Clay County, Florida","Private","SIC 99 Nonclassifiable Establishments","County, 2-digit SIC -- by ownership sector","All establishment sizes",4,7,7,8,27529,0,0,288
