"area_fips","own_code","industry_code","agglvl_code","size_code","year","qtr","disclosure_code","area_title","own_title","industry_title","agglvl_title","size_title","qtrly_estabs_count","month1_emplvl","month2_emplvl","month3_emplvl","total_qtrly_wages","taxable_qtrly_wages","qtrly_contributions","avg_wkly_wage"
"06011","0","SIC_0Z","26","0",1981,"1","","Colusa County, California","Total Covered","All Industries","County, Total Covered","All establishment sizes",679,4391,4520,4682,13478582,0,0,228
"06011","0","SIC_0Z","26","0",1981,"2","","Colusa County, California","Total Covered","All Industries","County, Total Covered","All establishment sizes",718,5899,6217,6454,18952627,0,0,235
"06011","0","SIC_0Z","26","0",1981,"3","","Colusa County, California","Total Covered","All Industries","County, Total Covered","All establishment sizes",713,6046,6146,6318,19295426,0,0,240
"06011","0","SIC_0Z","26","0",1981,"4","","Colusa County, California","Total Covered","All Industries","County, Total Covered","All establishment sizes",738,6528,5589,5111,19487094,0,0,261
"06011","1","SIC_0Z","27","0",1981,"1","","Colusa County, California","Federal Government","All Industries","County, Total -- by ownership sector","All establishment sizes",6,115,116,111,474209,0,0,319
"06011","1","SIC_0Z","27","0",1981,"2","","Colusa County, California","Federal Government","All Industries","County, Total -- by ownership sector","All establishment sizes",6,101,103,144,462977,0,0,307
"06011","1","SIC_0Z","27","0",1981,"3","","Colusa County, California","Federal Government","All Industries","County, Total -- by ownership sector","All establishment sizes",6,155,152,156,733710,0,0,365
"06011","1","SIC_0Z","27","0",1981,"4","","Colusa County, California","Federal Government","All Industries","County, Total -- by ownership sector","All establishment sizes",5,152,141,117,625435,0,0,352
"06011","1","SIC_0E","28","0",1981,"1","","Colusa County, California","Federal Government","Transportation and Public Utilities Division","County, Industry Division -- by ownership sector","All establishment sizes",1,33,34,34,151732,0,0,346
"06011","1","SIC_0E","28","0",1981,"2","","Colusa County, California","Federal Government","Transportation and Public Utilities Division","County, Industry Division -- by ownership sector","All establishment sizes",1,34,35,34,133011,0,0,298
"06011","1","SIC_0E","28","0",1981,"3","","Colusa County, California","Federal Government","Transportation and Public Utilities Division","County, Industry Division -- by ownership sector","All establishment sizes",1,33,33,35,170505,0,0,389
"06011","1","SIC_0E","28","0",1981,"4","","Colusa County, California","Federal Government","Transportation and Public Utilities Division","County, Industry Division -- by ownership sector","All establishment sizes",1,34,36,35,170477,0,0,374
"06011","1","SIC_0E43","29","0",1981,"1","","Colusa County, California","Federal Government","SIC 43 U.S. Postal Service","County, 2-digit SIC -- by ownership sector","All establishment sizes",1,33,34,34,151732,0,0,346
"06011","1","SIC_0E43","29","0",1981,"2","","Colusa County, California","Federal Government","SIC 43 U.S. Postal Service","County, 2-digit SIC -- by ownership sector","All establishment sizes",1,34,35,34,133011,0,0,298
"06011","1","SIC_0E43","29","0",1981,"3","","Colusa County, California","Federal Government","SIC 43 U.S. Postal Service","County, 2-digit SIC -- by ownership sector","All establishment sizes",1,33,33,35,170505,0,0,389
"06011","1","SIC_0E43","29","0",1981,"4","","Colusa County, California","Federal Government","SIC 43 U.S. Postal Service","County, 2-digit SIC -- by ownership sector","All establishment sizes",1,34,36,35,170477,0,0,374
"06011","1","SIC_0H","28","0",1981,"1","","Colusa County, California","Federal Government","Finance, Insurance, and Real Estate Division","County, Industry Division -- by ownership sector","All establishment sizes",1,1,1,0,365,0,0,42
"06011","1","SIC_0H","28","0",1981,"2","","Colusa County, California","Federal Government","Finance, Insurance, and Real Estate Division","County, Industry Division -- by ownership sector","All establishment sizes",1,1,1,1,861,0,0,66
"06011","1","SIC_0H","28","0",1981,"3","","Colusa County, California","Federal Government","Finance, Insurance, and Real Estate Division","County, Industry Division -- by ownership sector","All establishment sizes",1,1,0,0,531,0,0,122
"06011","1","SIC_0H","28","0",1981,"4","","Colusa County, California","Federal Government","Finance, Insurance, and Real Estate Division","County, Industry Division -- by ownership sector","All establishment sizes",0,0,0,0,0,0,0,0
"06011","1","SIC_0H63","29","0",1981,"1","","Colusa County, California","Federal Government","SIC 63 Insurance Carriers","County, 2-digit SIC -- by ownership sector","All establishment sizes",1,1,1,0,365,0,0,42
"06011","1","SIC_0H63","29","0",1981,"2","","Colusa County, California","Federal Government","SIC 63 Insurance Carriers","County, 2-digit SIC -- by ownership sector","All establishment sizes",1,1,1,1,861,0,0,66
"06011","1","SIC_0H63","29","0",1981,"3","","Colusa County, California","Federal Government","SIC 63 Insurance Carriers","County, 2-digit SIC -- by ownership sector","All establishment sizes",1,1,0,0,531,0,0,122
"06011","1","SIC_0H63","29","0",1981,"4","","Colusa County, California","Federal Government","SIC 63 Insurance Carriers","County, 2-digit SIC -- by ownership sector","All establishment sizes",0,0,0,0,0,0,0,0
"06011","1","SIC_0I","28","0",1981,"1","","Colusa County, California","Federal Government","Services Division","County, Industry Division -- by ownership sector","All establishment sizes",1,16,16,15,87227,0,0,428
"06011","1","SIC_0I","28","0",1981,"2","","Colusa County, California","Federal Government","Services Division","County, Industry Division -- by ownership sector","All establishment sizes",1,10,9,11,44280,0,0,340
"06011","1","SIC_0I","28","0",1981,"3","","Colusa County, California","Federal Government","Services Division","County, Industry Division -- by ownership sector","All establishment sizes",1,13,12,12,67056,0,0,418
"06011","1","SIC_0I","28","0",1981,"4","","Colusa County, California","Federal Government","Services Division","County, Industry Division -- by ownership sector","All establishment sizes",1,12,11,10,48608,0,0,339
"06011","1","SIC_0I73","29","0",1981,"1","","Colusa County, California","Federal Government","SIC 73 Business Services","County, 2-digit SIC -- by ownership sector","All establishment sizes",1,16,16,15,87227,0,0,428
"06011","1","SIC_0I73","29","0",1981,"2","","Colusa County, California","Federal Government","SIC 73 Business Services","County, 2-digit SIC -- by ownership sector","All establishment sizes",1,10,9,11,44280,0,0,340
"06011","1","SIC_0I73","29","0",1981,"3","","Colusa County, California","Federal Government","SIC 73 Business Services","County, 2-digit SIC -- by ownership sector","All establishment sizes",1,13,12,12,67056,0,0,418
"06011","1","SIC_0I73","29","0",1981,"4","","Colusa County, California","Federal Government","SIC 73 Business Services","County, 2-digit SIC -- by ownership sector","All establishment sizes",1,12,11,10,48608,0,0,339
"06011","1","SIC_0J","28","0",1981,"1","","Colusa County, California","Federal Government","Public Administration Division","County, Industry Division -- by ownership sector","All establishment sizes",3,65,65,62,234885,0,0,282
"06011","1","SIC_0J","28","0",1981,"2","","Colusa County, California","Federal Government","Public Administration Division","County, Industry Division -- by ownership sector","All establishment sizes",3,56,58,98,284825,0,0,310
"06011","1","SIC_0J","28","0",1981,"3","","Colusa County, California","Federal Government","Public Administration Division","County, Industry Division -- by ownership sector","All establishment sizes",3,108,107,109,495618,0,0,353
"06011","1","SIC_0J","28","0",1981,"4","","Colusa County, California","Federal Government","Public Administration Division","County, Industry Division -- by ownership sector","All establishment sizes",3,106,94,72,406350,0,0,344
"06011","1","SIC_0J95","29","0",1981,"1","","Colusa County, California","Federal Government","SIC 95 Environmental Quality and Housing","County, 2-digit SIC -- by ownership sector","All establishment sizes",2,60,60,57,216652,0,0,282
"06011","1","SIC_0J95","29","0",1981,"2","","Colusa County, California","Federal Government","SIC 95 Environmental Quality and Housing","County, 2-digit SIC -- by ownership sector","All establishment sizes",2,51,53,93,263267,0,0,308
"06011","1","SIC_0J95","29","0",1981,"3","","Colusa County, California","Federal Government","SIC 95 Environmental Quality and Housing","County, 2-digit SIC -- by ownership sector","All establishment sizes",2,103,102,104,477393,0,0,356
"06011","1","SIC_0J95","29","0",1981,"4","","Colusa County, California","Federal Government","SIC 95 Environmental Quality and Housing","County, 2-digit SIC -- by ownership sector","All establishment sizes",2,101,89,67,384592,0,0,345
"06011","1","SIC_0J96","29","0",1981,"1","","Colusa County, California","Federal Government","SIC 96 Administration of Economic Programs","County, 2-digit SIC -- by ownership sector","All establishment sizes",1,5,5,5,18233,0,0,280
"06011","1","SIC_0J96","29","0",1981,"2","","Colusa County, California","Federal Government","SIC 96 Administration of Economic Programs","County, 2-digit SIC -- by ownership sector","All establishment sizes",1,5,5,5,21558,0,0,331
"06011","1","SIC_0J96","29","0",1981,"3","","Colusa County, California","Federal Government","SIC 96 Administration of Economic Programs","County, 2-digit SIC -- by ownership sector","All establishment sizes",1,5,5,5,18225,0,0,280
"06011","1","SIC_0J96","29","0",1981,"4","","Colusa County, California","Federal Government","SIC 96 Administration of Economic Programs","County, 2-digit SIC -- by ownership sector","All establishment sizes",1,5,5,5,21758,0,0,334
"06011","2","SIC_0Z","27","0",1981,"1","","Colusa County, California","State Government","All Industries","County, Total -- by ownership sector","All establishment sizes",3,24,24,24,138685,0,0,444
"06011","2","SIC_0Z","27","0",1981,"2","","Colusa County, California","State Government","All Industries","County, Total -- by ownership sector","All establishment sizes",3,25,25,25,146445,0,0,450
"06011","2","SIC_0Z","27","0",1981,"3","","Colusa County, California","State Government","All Industries","County, Total -- by ownership sector","All establishment sizes",3,25,26,26,154394,0,0,462
"06011","2","SIC_0Z","27","0",1981,"4","","Colusa County, California","State Government","All Industries","County, Total -- by ownership sector","All establishment sizes",3,25,25,25,151992,0,0,467
"06011","2","SIC_0J","28","0",1981,"1","","Colusa County, California","State Government","Public Administration Division","County, Industry Division -- by ownership sector","All establishment sizes",3,24,24,24,138685,0,0,444
"06011","2","SIC_0J","28","0",1981,"2","","Colusa County, California","State Government","Public Administration Division","County, Industry Division -- by ownership sector","All establishment sizes",3,25,25,25,146445,0,0,450
"06011","2","SIC_0J","28","0",1981,"3","","Colusa County, California","State Government","Public Administration Division","County, Industry Division -- by ownership sector","All establishment sizes",3,25,26,26,154394,0,0,462
"06011","2","SIC_0J","28","0",1981,"4","","Colusa County, California","State Government","Public Administration Division","County, Industry Division -- by ownership sector","All establishment sizes",3,25,25,25,151992,0,0,467
"06011","2","SIC_0J92","29","0",1981,"1","N","Colusa County, California","State Government","SIC 92 Justice, Public Order, and Safety","County, 2-digit SIC -- by ownership sector","All establishment sizes",0,0,0,0,0,0,0,0
"06011","2","SIC_0J92","29","0",1981,"2","N","Colusa County, California","State Government","SIC 92 Justice, Public Order, and Safety","County, 2-digit SIC -- by ownership sector","All establishment sizes",0,0,0,0,0,0,0,0
"06011","2","SIC_0J92","29","0",1981,"3","N","Colusa County, California","State Government","SIC 92 Justice, Public Order, and Safety","County, 2-digit SIC -- by ownership sector","All establishment sizes",0,0,0,0,0,0,0,0
"06011","2","SIC_0J92","29","0",1981,"4","N","Colusa County, California","State Government","SIC 92 Justice, Public Order, and Safety","County, 2-digit SIC -- by ownership sector","All establishment sizes",0,0,0,0,0,0,0,0
"06011","2","SIC_0J96","29","0",1981,"1","N","Colusa County, California","State Government","SIC 96 Administration of Economic Programs","County, 2-digit SIC -- by ownership sector","All establishment sizes",0,0,0,0,0,0,0,0
"06011","2","SIC_0J96","29","0",1981,"2","N","Colusa County, California","State Government","SIC 96 Administration of Economic Programs","County, 2-digit SIC -- by ownership sector","All establishment sizes",0,0,0,0,0,0,0,0
"06011","2","SIC_0J96","29","0",1981,"3","N","Colusa County, California","State Government","SIC 96 Administration of Economic Programs","County, 2-digit SIC -- by ownership sector","All establishment sizes",0,0,0,0,0,0,0,0
"06011","2","SIC_0J96","29","0",1981,"4","N","Colusa County, California","State Government","SIC 96 Administration of Economic Programs","County, 2-digit SIC -- by ownership sector","All establishment sizes",0,0,0,0,0,0,0,0
"06011","3","SIC_0Z","27","0",1981,"1","","Colusa County, California","Local Government","All Industries","County, Total -- by ownership sector","All establishment sizes",33,661,684,670,2430124,0,0,278
"06011","3","SIC_0Z","27","0",1981,"2","","Colusa County, California","Local Government","All Industries","County, Total -- by ownership sector","All establishment sizes",36,843,849,906,2932343,0,0,260
"06011","3","SIC_0Z","27","0",1981,"3","","Colusa County, California","Local Government","All Industries","County, Total -- by ownership sector","All establishment sizes",36,562,551,764,2105051,0,0,258
"06011","3","SIC_0Z","27","0",1981,"4","","Colusa County, California","Local Government","All Industries","County, Total -- by ownership sector","All establishment sizes",35,825,831,827,2665445,0,0,247
"06011","3","SIC_0C","28","0",1981,"1","N","Colusa County, California","Local Government","Construction Division","County, Industry Division -- by ownership sector","All establishment sizes",0,0,0,0,0,0,0,0
"06011","3","SIC_0C","28","0",1981,"2","N","Colusa County, California","Local Government","Construction Division","County, Industry Division -- by ownership sector","All establishment sizes",0,0,0,0,0,0,0,0
"06011","3","SIC_0C","28","0",1981,"3","N","Colusa County, California","Local Government","Construction Division","County, Industry Division -- by ownership sector","All establishment sizes",0,0,0,0,0,0,0,0
"06011","3","SIC_0C","28","0",1981,"4","N","Colusa County, California","Local Government","Construction Division","County, Industry Division -- by ownership sector","All establishment sizes",0,0,0,0,0,0,0,0
"06011","3","SIC_0C16","29","0",1981,"1","N","Colusa County, California","Local Government","SIC 16 Heavy Construction, ex. Building","County, 2-digit SIC -- by ownership sector","All establishment sizes",0,0,0,0,0,0,0,0
"06011","3","SIC_0C16","29","0",1981,"2","N","Colusa County, California","Local Government","SIC 16 Heavy Construction, ex. Building","County, 2-digit SIC -- by ownership sector","All establishment sizes",0,0,0,0,0,0,0,0
"06011","3","SIC_0C16","29","0",1981,"3","N","Colusa County, California","Local Government","SIC 16 Heavy Construction, ex. Building","County, 2-digit SIC -- by ownership sector","All establishment sizes",0,0,0,0,0,0,0,0
"06011","3","SIC_0C16","29","0",1981,"4","N","Colusa County, California","Local Government","SIC 16 Heavy Construction, ex. Building","County, 2-digit SIC -- by ownership sector","All establishment sizes",0,0,0,0,0,0,0,0
"06011","3","SIC_0E","28","0",1981,"1","","Colusa County, California","Local Government","Transportation and Public Utilities Division","County, Industry Division -- by ownership sector","All establishment sizes",8,29,30,29,81587,0,0,213
"06011","3","SIC_0E","28","0",1981,"2","","Colusa County, California","Local Government","Transportation and Public Utilities Division","County, Industry Division -- by ownership sector","All establishment sizes",9,35,32,31,90704,0,0,213
"06011","3","SIC_0E","28","0",1981,"3","","Colusa County, California","Local Government","Transportation and Public Utilities Division","County, Industry Division -- by ownership sector","All establishment sizes",8,37,41,38,86834,0,0,172
"06011","3","SIC_0E","28","0",1981,"4","","Colusa County, California","Local Government","Transportation and Public Utilities Division","County, Industry Division -- by ownership sector","All establishment sizes",9,32,37,34,96894,0,0,217
"06011","3","SIC_0E49","29","0",1981,"1","","Colusa County, California","Local Government","SIC 49 Electric, Gas, And Sanitary Services","County, 2-digit SIC -- by ownership sector","All establishment sizes",8,29,30,29,81587,0,0,213
"06011","3","SIC_0E49","29","0",1981,"2","","Colusa County, California","Local Government","SIC 49 Electric, Gas, And Sanitary Services","County, 2-digit SIC -- by ownership sector","All establishment sizes",9,35,32,31,90704,0,0,213
"06011","3","SIC_0E49","29","0",1981,"3","","Colusa County, California","Local Government","SIC 49 Electric, Gas, And Sanitary Services","County, 2-digit SIC -- by ownership sector","All establishment sizes",8,37,41,38,86834,0,0,172
"06011","3","SIC_0E49","29","0",1981,"4","","Colusa County, California","Local Government","SIC 49 Electric, Gas, And Sanitary Services","County, 2-digit SIC -- by ownership sector","All establishment sizes",9,32,37,34,96894,0,0,217
"06011","3","SIC_0H","28","0",1981,"1","N","Colusa County, California","Local Government","Finance, Insurance, and Real Estate Division","County, Industry Division -- by ownership sector","All establishment sizes",0,0,0,0,0,0,0,0
"06011","3","SIC_0H","28","0",1981,"2","N","Colusa County, California","Local Government","Finance, Insurance, and Real Estate Division","County, Industry Division -- by ownership sector","All establishment sizes",0,0,0,0,0,0,0,0
"06011","3","SIC_0H","28","0",1981,"3","N","Colusa County, California","Local Government","Finance, Insurance, and Real Estate Division","County, Industry Division -- by ownership sector","All establishment sizes",0,0,0,0,0,0,0,0
"06011","3","SIC_0H","28","0",1981,"4","N","Colusa County, California","Local Government","Finance, Insurance, and Real Estate Division","County, Industry Division -- by ownership sector","All establishment sizes",0,0,0,0,0,0,0,0
"06011","3","SIC_0H61","29","0",1981,"1","","Colusa County, California","Local Government","SIC 61 Nondepository Institutions","County, 2-digit SIC -- by ownership sector","All establishment sizes",0,0,0,0,0,0,0,0
"06011","3","SIC_0H61","29","0",1981,"2","","Colusa County, California","Local Government","SIC 61 Nondepository Institutions","County, 2-digit SIC -- by ownership sector","All establishment sizes",0,0,0,0,0,0,0,0
"06011","3","SIC_0H61","29","0",1981,"3","N","Colusa County, California","Local Government","SIC 61 Nondepository Institutions","County, 2-digit SIC -- by ownership sector","All establishment sizes",0,0,0,0,0,0,0,0
"06011","3","SIC_0H61","29","0",1981,"4","","Colusa County, California","Local Government","SIC 61 Nondepository Institutions","County, 2-digit SIC -- by ownership sector","All establishment sizes",0,0,0,0,0,0,0,0
"06011","3","SIC_0H65","29","0",1981,"1","N","Colusa County, California","Local Government","SIC 65 Real Estate","County, 2-digit SIC -- by ownership sector","All establishment sizes",0,0,0,0,0,0,0,0
"06011","3","SIC_0H65","29","0",1981,"2","N","Colusa County, California","Local Government","SIC 65 Real Estate","County, 2-digit SIC -- by ownership sector","All establishment sizes",0,0,0,0,0,0,0,0
"06011","3","SIC_0H65","29","0",1981,"3","","Colusa County, California","Local Government","SIC 65 Real Estate","County, 2-digit SIC -- by ownership sector","All establishment sizes",8,15,15,15,24746,0,0,126
"06011","3","SIC_0H65","29","0",1981,"4","N","Colusa County, California","Local Government","SIC 65 Real Estate","County, 2-digit SIC -- by ownership sector","All establishment sizes",0,0,0,0,0,0,0,0
"06011","3","SIC_0I","28","0",1981,"1","","Colusa County, California","Local Government","Services Division","County, Industry Division -- by ownership sector","All establishment sizes",7,353,377,368,1161248,0,0,244
"06011","3","SIC_0I","28","0",1981,"2","","Colusa County, California","Local Government","Services Division","County, Industry Division -- by ownership sector","All establishment sizes",7,371,373,413,1621656,0,0,323
"06011","3","SIC_0I","28","0",1981,"3","","Colusa County, California","Local Government","Services Division","County, Industry Division -- by ownership sector","All establishment sizes",7,123,114,328,639338,0,0,261
"06011","3","SIC_0I","28","0",1981,"4","","Colusa County, California","Local Government","Services Division","County, Industry Division -- by ownership sector","All establishment sizes",6,378,378,384,1281728,0,0,259
"06011","3","SIC_0I79","29","0",1981,"1","N","Colusa County, California","Local Government","SIC 79 Amusement and Recreation Services","County, 2-digit SIC -- by ownership sector","All establishment sizes",0,0,0,0,0,0,0,0
"06011","3","SIC_0I79","29","0",1981,"2","N","Colusa County, California","Local Government","SIC 79 Amusement and Recreation Services","County, 2-digit SIC -- by ownership sector","All establishment sizes",0,0,0,0,0,0,0,0
"06011","3","SIC_0I79","29","0",1981,"3","N","Colusa County, California","Local Government","SIC 79 Amusement and Recreation Services","County, 2-digit SIC -- by ownership sector","All establishment sizes",0,0,0,0,0,0,0,0
"06011","3","SIC_0I79","29","0",1981,"4","N","Colusa County, California","Local Government","SIC 79 Amusement and Recreation Services","County, 2-digit SIC -- by ownership sector","All establishment sizes",0,0,0,0,0,0,0,0
"06011","3","SIC_0I82","29","0",1981,"1","","Colusa County, California","Local Government","SIC 82 Educational Services","County, 2-digit SIC -- by ownership sector","All establishment sizes",5,334,335,342,1119398,0,0,255
"06011","3","SIC_0I82","29","0",1981,"2","","Colusa County, California","Local Government","SIC 82 Educational Services","County, 2-digit SIC -- by ownership sector","All establishment sizes",5,351,352,353,1575856,0,0,344
"06011","3","SIC_0I82","29","0",1981,"3","","Colusa County, California","Local Government","SIC 82 Educational Services","County, 2-digit SIC -- by ownership sector","All establishment sizes",5,115,106,323,622282,0,0,263
"06011","3","SIC_0I82","29","0",1981,"4","N","Colusa County, California","Local Government","SIC 82 Educational Services","County, 2-digit SIC -- by ownership sector","All establishment sizes",0,0,0,0,0,0,0,0
"06011","3","SIC_0I83","29","0",1981,"1","N","Colusa County, California","Local Government","SIC 83 Social Services","County, 2-digit SIC -- by ownership sector","All establishment sizes",0,0,0,0,0,0,0,0
"06011","3","SIC_0I83","29","0",1981,"2","N","Colusa County, California","Local Government","SIC 83 Social Services","County, 2-digit SIC -- by ownership sector","All establishment sizes",0,0,0,0,0,0,0,0
"06011","3","SIC_0I83","29","0",1981,"3","N","Colusa County, California","Local Government","SIC 83 Social Services","County, 2-digit SIC -- by ownership sector","All establishment sizes",0,0,0,0,0,0,0,0
"06011","3","SIC_0I83","29","0",1981,"4","","Colusa County, California","Local Government","SIC 83 Social Services","County, 2-digit SIC -- by ownership sector","All establishment sizes",0,0,0,0,0,0,0,0
"06011","3","SIC_0J","28","0",1981,"1","","Colusa County, California","Local Government","Public Administration Division","County, Industry Division -- by ownership sector","All establishment sizes",10,267,263,259,1165165,0,0,340
"06011","3","SIC_0J","28","0",1981,"2","","Colusa County, California","Local Government","Public Administration Division","County, Industry Division -- by ownership sector","All establishment sizes",11,421,428,446,1193870,0,0,212
"06011","3","SIC_0J","28","0",1981,"3","","Colusa County, California","Local Government","Public Administration Division","County, Industry Division -- by ownership sector","All establishment sizes",11,382,376,378,1340858,0,0,272
"06011","3","SIC_0J","28","0",1981,"4","","Colusa County, California","Local Government","Public Administration Division","County, Industry Division -- by ownership sector","All establishment sizes",11,399,400,394,1260258,0,0,243
"06011","3","SIC_0J91","29","0",1981,"1","","Colusa County, California","Local Government","SIC 91 Executive, Legislative, and General","County, 2-digit SIC -- by ownership sector","All establishment sizes",3,223,226,220,1075824,0,0,371
"06011","3","SIC_0J91","29","0",1981,"2","","Colusa County, California","Local Government","SIC 91 Executive, Legislative, and General","County, 2-digit SIC -- by ownership sector","All establishment sizes",4,380,390,407,1097861,0,0,215
"06011","3","SIC_0J91","29","0",1981,"3","","Colusa County, California","Local Government","SIC 91 Executive, Legislative, and General","County, 2-digit SIC -- by ownership sector","All establishment sizes",4,342,335,338,1214276,0,0,276
"06011","3","SIC_0J91","29","0",1981,"4","","Colusa County, California","Local Government","SIC 91 Executive, Legislative, and General","County, 2-digit SIC -- by ownership sector","All establishment sizes",4,361,362,358,1155292,0,0,246
"06011","3","SIC_0J92","29","0",1981,"1","","Colusa County, California","Local Government","SIC 92 Justice, Public Order, and Safety","County, 2-digit SIC -- by ownership sector","All establishment sizes",4,7,7,7,11629,0,0,127
"06011","3","SIC_0J92","29","0",1981,"2","","Colusa County, California","Local Government","SIC 92 Justice, Public Order, and Safety","County, 2-digit SIC -- by ownership sector","All establishment sizes",4,7,7,7,12328,0,0,135
"06011","3","SIC_0J92","29","0",1981,"3","","Colusa County, California","Local Government","SIC 92 Justice, Public Order, and Safety","County, 2-digit SIC -- by ownership sector","All establishment sizes",4,7,7,7,13262,0,0,145
"06011","3","SIC_0J92","29","0",1981,"4","","Colusa County, California","Local Government","SIC 92 Justice, Public Order, and Safety","County, 2-digit SIC -- by ownership sector","All establishment sizes",4,7,7,7,15881,0,0,174
"06011","3","SIC_0J95","29","0",1981,"1","","Colusa County, California","Local Government","SIC 95 Environmental Quality and Housing","County, 2-digit SIC -- by ownership sector","All establishment sizes",3,37,30,32,77712,0,0,181
"06011","3","SIC_0J95","29","0",1981,"2","","Colusa County, California","Local Government","SIC 95 Environmental Quality and Housing","County, 2-digit SIC -- by ownership sector","All establishment sizes",3,34,31,32,83681,0,0,199
"06011","3","SIC_0J95","29","0",1981,"3","","Colusa County, California","Local Government","SIC 95 Environmental Quality and Housing","County, 2-digit SIC -- by ownership sector","All establishment sizes",3,33,34,33,113320,0,0,261
"06011","3","SIC_0J95","29","0",1981,"4","","Colusa County, California","Local Government","SIC 95 Environmental Quality and Housing","County, 2-digit SIC -- by ownership sector","All establishment sizes",3,31,31,29,89085,0,0,225
"06011","5","SIC_0Z","27","0",1981,"1","","Colusa County, California","Private","All Industries","County, Total -- by ownership sector","All establishment sizes",637,3591,3696,3877,10435564,0,0,215
"06011","5","SIC_0Z","27","0",1981,"2","","Colusa County, California","Private","All Industries","County, Total -- by ownership sector","All establishment sizes",673,4930,5240,5379,15410862,0,0,228
"06011","5","SIC_0Z","27","0",1981,"3","","Colusa County, California","Private","All Industries","County, Total -- by ownership sector","All establishment sizes",668,5304,5417,5372,16302271,0,0,233
"06011","5","SIC_0Z","27","0",1981,"4","","Colusa County, California","Private","All Industries","County, Total -- by ownership sector","All establishment sizes",695,5526,4592,4142,16044222,0,0,259
"06011","5","SIC_0A","28","0",1981,"1","","Colusa County, California","Private","Agriculture, Forestry, and Fishing Division","County, Industry Division -- by ownership sector","All establishment sizes",324,1401,1443,1647,3634557,0,0,186
"06011","5","SIC_0A","28","0",1981,"2","","Colusa County, California","Private","Agriculture, Forestry, and Fishing Division","County, Industry Division -- by ownership sector","All establishment sizes",360,2574,2856,2928,7702722,0,0,212
"06011","5","SIC_0A","28","0",1981,"3","","Colusa County, California","Private","Agriculture, Forestry, and Fishing Division","County, Industry Division -- by ownership sector","All establishment sizes",353,2932,2942,2883,8170125,0,0,215
"06011","5","SIC_0A","28","0",1981,"4","","Colusa County, California","Private","Agriculture, Forestry, and Fishing Division","County, Industry Division -- by ownership sector","All establishment sizes",382,3044,2240,1780,7065431,0,0,230
"06011","5","SIC_0A01","29","0",1981,"1","","Colusa County, California","Private","SIC 01 Agricultural Production Crops","County, 2-digit SIC -- by ownership sector","All establishment sizes",284,1124,1170,1375,2799127,0,0,176
"06011","5","SIC_0A01","29","0",1981,"2","","Colusa County, California","Private","SIC 01 Agricultural Production Crops","County, 2-digit SIC -- by ownership sector","All establishment sizes",312,2188,2405,2440,6234118,0,0,204
"06011","5","SIC_0A01","29","0",1981,"3","","Colusa County, California","Private","SIC 01 Agricultural Production Crops","County, 2-digit SIC -- by ownership sector","All establishment sizes",301,2446,2484,2444,6588715,0,0,206
"06011","5","SIC_0A01","29","0",1981,"4","","Colusa County, California","Private","SIC 01 Agricultural Production Crops","County, 2-digit SIC -- by ownership sector","All establishment sizes",326,2627,1865,1430,5786159,0,0,225
"06011","5","SIC_0A02","29","0",1981,"1","","Colusa County, California","Private","SIC 02 Agricultural Production Livestock","County, 2-digit SIC -- by ownership sector","All establishment sizes",13,36,37,42,79710,0,0,159
"06011","5","SIC_0A02","29","0",1981,"2","","Colusa County, California","Private","SIC 02 Agricultural Production Livestock","County, 2-digit SIC -- by ownership sector","All establishment sizes",14,50,52,48,115831,0,0,178
"06011","5","SIC_0A02","29","0",1981,"3","","Colusa County, California","Private","SIC 02 Agricultural Production Livestock","County, 2-digit SIC -- by ownership sector","All establishment sizes",16,48,47,50,130433,0,0,207
"06011","5","SIC_0A02","29","0",1981,"4","","Colusa County, California","Private","SIC 02 Agricultural Production Livestock","County, 2-digit SIC -- by ownership sector","All establishment sizes",17,50,36,31,103109,0,0,203
"06011","5","SIC_0A07","29","0",1981,"1","","Colusa County, California","Private","SIC 07 Agricultural Services","County, 2-digit SIC -- by ownership sector","All establishment sizes",27,241,236,230,755720,0,0,246
"06011","5","SIC_0A07","29","0",1981,"2","","Colusa County, California","Private","SIC 07 Agricultural Services","County, 2-digit SIC -- by ownership sector","All establishment sizes",34,336,399,440,1352773,0,0,265
"06011","5","SIC_0A07","29","0",1981,"3","","Colusa County, California","Private","SIC 07 Agricultural Services","County, 2-digit SIC -- by ownership sector","All establishment sizes",36,438,411,389,1450977,0,0,270
"06011","5","SIC_0A07","29","0",1981,"4","","Colusa County, California","Private","SIC 07 Agricultural Services","County, 2-digit SIC -- by ownership sector","All establishment sizes",39,367,339,319,1176163,0,0,264
"06011","5","SIC_0B","28","0",1981,"1","N","Colusa County, California","Private","Mining Division","County, Industry Division -- by ownership sector","All establishment sizes",0,0,0,0,0,0,0,0
"06011","5","SIC_0B","28","0",1981,"2","N","Colusa County, California","Private","Mining Division","County, Industry Division -- by ownership sector","All establishment sizes",0,0,0,0,0,0,0,0
"06011","5","SIC_0B","28","0",1981,"3","N","Colusa County, California","Private","Mining Division","County, Industry Division -- by ownership sector","All establishment sizes",0,0,0,0,0,0,0,0
"06011","5","SIC_0B","28","0",1981,"4","N","Colusa County, California","Private","Mining Division","County, Industry Division -- by ownership sector","All establishment sizes",0,0,0,0,0,0,0,0
"06011","5","SIC_0B13","29","0",1981,"1","N","Colusa County, California","Private","SIC 13 Oil and Gas Extraction","County, 2-digit SIC -- by ownership sector","All establishment sizes",0,0,0,0,0,0,0,0
"06011","5","SIC_0B13","29","0",1981,"2","N","Colusa County, California","Private","SIC 13 Oil and Gas Extraction","County, 2-digit SIC -- by ownership sector","All establishment sizes",0,0,0,0,0,0,0,0
"06011","5","SIC_0B13","29","0",1981,"3","N","Colusa County, California","Private","SIC 13 Oil and Gas Extraction","County, 2-digit SIC -- by ownership sector","All establishment sizes",0,0,0,0,0,0,0,0
"06011","5","SIC_0B13","29","0",1981,"4","N","Colusa County, California","Private","SIC 13 Oil and Gas Extraction","County, 2-digit SIC -- by ownership sector","All establishment sizes",0,0,0,0,0,0,0,0
"06011","5","SIC_0C","28","0",1981,"1","","Colusa County, California","Private","Construction Division","County, Industry Division -- by ownership sector","All establishment sizes",20,72,68,82,171146,0,0,177
"06011","5","SIC_0C","28","0",1981,"2","","Colusa County, California","Private","Construction Division","County, Industry Division -- by ownership sector","All establishment sizes",22,93,103,95,344987,0,0,273
"06011","5","SIC_0C","28","0",1981,"3","","Colusa County, California","Private","Construction Division","County, Industry Division -- by ownership sector","All establishment sizes",23,99,102,93,368622,0,0,289
"06011","5","SIC_0C","28","0",1981,"4","","Colusa County, California","Private","Construction Division","County, Industry Division -- by ownership sector","All establishment sizes",22,80,71,68,214377,0,0,225
"06011","5","SIC_0C15","29","0",1981,"1","","Colusa County, California","Private","SIC 15 General Building Contractors","County, 2-digit SIC -- by ownership sector","All establishment sizes",8,42,41,47,83854,0,0,148
"06011","5","SIC_0C15","29","0",1981,"2","","Colusa County, California","Private","SIC 15 General Building Contractors","County, 2-digit SIC -- by ownership sector","All establishment sizes",7,20,24,29,79206,0,0,250
"06011","5","SIC_0C15","29","0",1981,"3","","Colusa County, California","Private","SIC 15 General Building Contractors","County, 2-digit SIC -- by ownership sector","All establishment sizes",8,32,31,24,84791,0,0,224
"06011","5","SIC_0C15","29","0",1981,"4","","Colusa County, California","Private","SIC 15 General Building Contractors","County, 2-digit SIC -- by ownership sector","All establishment sizes",7,22,21,29,69488,0,0,222
"06011","5","SIC_0C16","29","0",1981,"1","","Colusa County, California","Private","SIC 16 Heavy Construction, ex. Building","County, 2-digit SIC -- by ownership sector","All establishment sizes",5,5,3,5,10643,0,0,188
"06011","5","SIC_0C16","29","0",1981,"2","","Colusa County, California","Private","SIC 16 Heavy Construction, ex. Building","County, 2-digit SIC -- by ownership sector","All establishment sizes",10,46,52,41,154551,0,0,256
"06011","5","SIC_0C16","29","0",1981,"3","","Colusa County, California","Private","SIC 16 Heavy Construction, ex. Building","County, 2-digit SIC -- by ownership sector","All establishment sizes",9,42,45,43,187798,0,0,333
"06011","5","SIC_0C16","29","0",1981,"4","","Colusa County, California","Private","SIC 16 Heavy Construction, ex. Building","County, 2-digit SIC -- by ownership sector","All establishment sizes",9,33,27,16,58468,0,0,177
"06011","5","SIC_0C17","29","0",1981,"1","","Colusa County, California","Private","SIC 17 Special Trade Contractors","County, 2-digit SIC -- by ownership sector","All establishment sizes",7,25,24,30,76649,0,0,223
"06011","5","SIC_0C17","29","0",1981,"2","","Colusa County, California","Private","SIC 17 Special Trade Contractors","County, 2-digit SIC -- by ownership sector","All establishment sizes",5,27,27,25,111230,0,0,324
"06011","5","SIC_0C17","29","0",1981,"3","","Colusa County, California","Private","SIC 17 Special Trade Contractors","County, 2-digit SIC -- by ownership sector","All establishment sizes",6,25,26,26,96033,0,0,287
"06011","5","SIC_0C17","29","0",1981,"4","","Colusa County, California","Private","SIC 17 Special Trade Contractors","County, 2-digit SIC -- by ownership sector","All establishment sizes",6,25,23,23,86421,0,0,280
"06011","5","SIC_0D","28","0",1981,"1","","Colusa County, California","Private","Manufacturing Division","County, Industry Division -- by ownership sector","All establishment sizes",14,311,305,301,1357762,0,0,341
"06011","5","SIC_0D","28","0",1981,"2","","Colusa County, California","Private","Manufacturing Division","County, Industry Division -- by ownership sector","All establishment sizes",16,290,288,289,1475219,0,0,392
"06011","5","SIC_0D","28","0",1981,"3","","Colusa County, California","Private","Manufacturing Division","County, Industry Division -- by ownership sector","All establishment sizes",17,283,396,325,1654888,0,0,380
"06011","5","SIC_0D","28","0",1981,"4","","Colusa County, California","Private","Manufacturing Division","County, Industry Division -- by ownership sector","All establishment sizes",18,353,314,328,1722586,0,0,399
"06011","5","SIC_0D20","29","0",1981,"1","","Colusa County, California","Private","SIC 20 Food and Kindred Products","County, 2-digit SIC -- by ownership sector","All establishment sizes",3,26,26,26,105364,0,0,311
"06011","5","SIC_0D20","29","0",1981,"2","","Colusa County, California","Private","SIC 20 Food and Kindred Products","County, 2-digit SIC -- by ownership sector","All establishment sizes",3,27,26,27,122506,0,0,353
"06011","5","SIC_0D20","29","0",1981,"3","","Colusa County, California","Private","SIC 20 Food and Kindred Products","County, 2-digit SIC -- by ownership sector","All establishment sizes",5,31,156,57,265778,0,0,251
"06011","5","SIC_0D20","29","0",1981,"4","","Colusa County, California","Private","SIC 20 Food and Kindred Products","County, 2-digit SIC -- by ownership sector","All establishment sizes",6,52,27,26,133815,0,0,294
"06011","5","SIC_0D27","29","0",1981,"1","N","Colusa County, California","Private","SIC 27 Printing and Publishing","County, 2-digit SIC -- by ownership sector","All establishment sizes",0,0,0,0,0,0,0,0
"06011","5","SIC_0D27","29","0",1981,"2","N","Colusa County, California","Private","SIC 27 Printing and Publishing","County, 2-digit SIC -- by ownership sector","All establishment sizes",0,0,0,0,0,0,0,0
"06011","5","SIC_0D27","29","0",1981,"3","N","Colusa County, California","Private","SIC 27 Printing and Publishing","County, 2-digit SIC -- by ownership sector","All establishment sizes",0,0,0,0,0,0,0,0
"06011","5","SIC_0D27","29","0",1981,"4","N","Colusa County, California","Private","SIC 27 Printing and Publishing","County, 2-digit SIC -- by ownership sector","All establishment sizes",0,0,0,0,0,0,0,0
"06011","5","SIC_0D28","29","0",1981,"1","N","Colusa County, California","Private","SIC 28 Chemicals and Allied Products","County, 2-digit SIC -- by ownership sector","All establishment sizes",0,0,0,0,0,0,0,0
"06011","5","SIC_0D28","29","0",1981,"2","N","Colusa County, California","Private","SIC 28 Chemicals and Allied Products","County, 2-digit SIC -- by ownership sector","All establishment sizes",0,0,0,0,0,0,0,0
"06011","5","SIC_0D28","29","0",1981,"3","N","Colusa County, California","Private","SIC 28 Chemicals and Allied Products","County, 2-digit SIC -- by ownership sector","All establishment sizes",0,0,0,0,0,0,0,0
"06011","5","SIC_0D28","29","0",1981,"4","N","Colusa County, California","Private","SIC 28 Chemicals and Allied Products","County, 2-digit SIC -- by ownership sector","All establishment sizes",0,0,0,0,0,0,0,0
"06011","5","SIC_0D32","29","0",1981,"1","","Colusa County, California","Private","SIC 32 Stone, Clay, and Glass Products","County, 2-digit SIC -- by ownership sector","All establishment sizes",0,0,0,0,0,0,0,0
"06011","5","SIC_0D32","29","0",1981,"2","N","Colusa County, California","Private","SIC 32 Stone, Clay, and Glass Products","County, 2-digit SIC -- by ownership sector","All establishment sizes",0,0,0,0,0,0,0,0
"06011","5","SIC_0D32","29","0",1981,"3","N","Colusa County, California","Private","SIC 32 Stone, Clay, and Glass Products","County, 2-digit SIC -- by ownership sector","All establishment sizes",0,0,0,0,0,0,0,0
"06011","5","SIC_0D32","29","0",1981,"4","N","Colusa County, California","Private","SIC 32 Stone, Clay, and Glass Products","County, 2-digit SIC -- by ownership sector","All establishment sizes",0,0,0,0,0,0,0,0
"06011","5","SIC_0D33","29","0",1981,"1","N","Colusa County, California","Private","SIC 33 Primary Metal Industries","County, 2-digit SIC -- by ownership sector","All establishment sizes",0,0,0,0,0,0,0,0
"06011","5","SIC_0D33","29","0",1981,"2","N","Colusa County, California","Private","SIC 33 Primary Metal Industries","County, 2-digit SIC -- by ownership sector","All establishment sizes",0,0,0,0,0,0,0,0
"06011","5","SIC_0D33","29","0",1981,"3","N","Colusa County, California","Private","SIC 33 Primary Metal Industries","County, 2-digit SIC -- by ownership sector","All establishment sizes",0,0,0,0,0,0,0,0
"06011","5","SIC_0D33","29","0",1981,"4","N","Colusa County, California","Private","SIC 33 Primary Metal Industries","County, 2-digit SIC -- by ownership sector","All establishment sizes",0,0,0,0,0,0,0,0
"06011","5","SIC_0D34","29","0",1981,"1","N","Colusa County, California","Private","SIC 34 Fabricated Metal Products","County, 2-digit SIC -- by ownership sector","All establishment sizes",0,0,0,0,0,0,0,0
"06011","5","SIC_0D34","29","0",1981,"2","N","Colusa County, California","Private","SIC 34 Fabricated Metal Products","County, 2-digit SIC -- by ownership sector","All establishment sizes",0,0,0,0,0,0,0,0
"06011","5","SIC_0D34","29","0",1981,"3","N","Colusa County, California","Private","SIC 34 Fabricated Metal Products","County, 2-digit SIC -- by ownership sector","All establishment sizes",0,0,0,0,0,0,0,0
"06011","5","SIC_0D34","29","0",1981,"4","N","Colusa County, California","Private","SIC 34 Fabricated Metal Products","County, 2-digit SIC -- by ownership sector","All establishment sizes",0,0,0,0,0,0,0,0
"06011","5","SIC_0D35","29","0",1981,"1","","Colusa County, California","Private","SIC 35 Industrial Machinery and Equipment","County, 2-digit SIC -- by ownership sector","All establishment sizes",4,34,33,32,135273,0,0,315
"06011","5","SIC_0D35","29","0",1981,"2","","Colusa County, California","Private","SIC 35 Industrial Machinery and Equipment","County, 2-digit SIC -- by ownership sector","All establishment sizes",5,31,31,35,120436,0,0,286
"06011","5","SIC_0D35","29","0",1981,"3","","Colusa County, California","Private","SIC 35 Industrial Machinery and Equipment","County, 2-digit SIC -- by ownership sector","All establishment sizes",5,35,38,38,164114,0,0,341
"06011","5","SIC_0D35","29","0",1981,"4","","Colusa County, California","Private","SIC 35 Industrial Machinery and Equipment","County, 2-digit SIC -- by ownership sector","All establishment sizes",5,50,40,40,164510,0,0,292
"06011","5","SIC_0D36","29","0",1981,"1","N","Colusa County, California","Private","SIC 36 Electronic and Other Electric Equipment","County, 2-digit SIC -- by ownership sector","All establishment sizes",0,0,0,0,0,0,0,0
"06011","5","SIC_0D36","29","0",1981,"2","N","Colusa County, California","Private","SIC 36 Electronic and Other Electric Equipment","County, 2-digit SIC -- by ownership sector","All establishment sizes",0,0,0,0,0,0,0,0
"06011","5","SIC_0D36","29","0",1981,"3","N","Colusa County, California","Private","SIC 36 Electronic and Other Electric Equipment","County, 2-digit SIC -- by ownership sector","All establishment sizes",0,0,0,0,0,0,0,0
"06011","5","SIC_0D36","29","0",1981,"4","N","Colusa County, California","Private","SIC 36 Electronic and Other Electric Equipment","County, 2-digit SIC -- by ownership sector","All establishment sizes",0,0,0,0,0,0,0,0
"06011","5","SIC_0E","28","0",1981,"1","","Colusa County, California","Private","Transportation and Public Utilities Division","County, Industry Division -- by ownership sector","All establishment sizes",23,257,309,252,1014083,0,0,286
"06011","5","SIC_0E","28","0",1981,"2","","Colusa County, California","Private","Transportation and Public Utilities Division","County, Industry Division -- by ownership sector","All establishment sizes",22,361,357,357,1631765,0,0,350
"06011","5","SIC_0E","28","0",1981,"3","","Colusa County, California","Private","Transportation and Public Utilities Division","County, Industry Division -- by ownership sector","All establishment sizes",24,359,351,406,1656427,0,0,342
"06011","5","SIC_0E","28","0",1981,"4","","Colusa County, California","Private","Transportation and Public Utilities Division","County, Industry Division -- by ownership sector","All establishment sizes",24,322,257,223,1492950,0,0,429
"06011","5","SIC_0E41","29","0",1981,"1","N","Colusa County, California","Private","SIC 41 Local And Interurban Passenger Transit","County, 2-digit SIC -- by ownership sector","All establishment sizes",0,0,0,0,0,0,0,0
"06011","5","SIC_0E41","29","0",1981,"2","N","Colusa County, California","Private","SIC 41 Local And Interurban Passenger Transit","County, 2-digit SIC -- by ownership sector","All establishment sizes",0,0,0,0,0,0,0,0
"06011","5","SIC_0E41","29","0",1981,"3","N","Colusa County, California","Private","SIC 41 Local And Interurban Passenger Transit","County, 2-digit SIC -- by ownership sector","All establishment sizes",0,0,0,0,0,0,0,0
"06011","5","SIC_0E41","29","0",1981,"4","N","Colusa County, California","Private","SIC 41 Local And Interurban Passenger Transit","County, 2-digit SIC -- by ownership sector","All establishment sizes",0,0,0,0,0,0,0,0
"06011","5","SIC_0E42","29","0",1981,"1","","Colusa County, California","Private","SIC 42 Trucking And Warehousing","County, 2-digit SIC -- by ownership sector","All establishment sizes",19,123,122,121,397293,0,0,250
"06011","5","SIC_0E42","29","0",1981,"2","","Colusa County, California","Private","SIC 42 Trucking And Warehousing","County, 2-digit SIC -- by ownership sector","All establishment sizes",18,210,220,209,966868,0,0,349
"06011","5","SIC_0E42","29","0",1981,"3","","Colusa County, California","Private","SIC 42 Trucking And Warehousing","County, 2-digit SIC -- by ownership sector","All establishment sizes",20,223,216,270,1015561,0,0,330
"06011","5","SIC_0E42","29","0",1981,"4","","Colusa County, California","Private","SIC 42 Trucking And Warehousing","County, 2-digit SIC -- by ownership sector","All establishment sizes",20,206,144,111,805152,0,0,403
"06011","5","SIC_0E48","29","0",1981,"1","N","Colusa County, California","Private","SIC 48 Communication","County, 2-digit SIC -- by ownership sector","All establishment sizes",0,0,0,0,0,0,0,0
"06011","5","SIC_0E48","29","0",1981,"2","N","Colusa County, California","Private","SIC 48 Communication","County, 2-digit SIC -- by ownership sector","All establishment sizes",0,0,0,0,0,0,0,0
"06011","5","SIC_0E48","29","0",1981,"3","N","Colusa County, California","Private","SIC 48 Communication","County, 2-digit SIC -- by ownership sector","All establishment sizes",0,0,0,0,0,0,0,0
"06011","5","SIC_0E48","29","0",1981,"4","N","Colusa County, California","Private","SIC 48 Communication","County, 2-digit SIC -- by ownership sector","All establishment sizes",0,0,0,0,0,0,0,0
"06011","5","SIC_0E49","29","0",1981,"1","N","Colusa County, California","Private","SIC 49 Electric, Gas, And Sanitary Services","County, 2-digit SIC -- by ownership sector","All establishment sizes",0,0,0,0,0,0,0,0
"06011","5","SIC_0E49","29","0",1981,"2","N","Colusa County, California","Private","SIC 49 Electric, Gas, And Sanitary Services","County, 2-digit SIC -- by ownership sector","All establishment sizes",0,0,0,0,0,0,0,0
"06011","5","SIC_0E49","29","0",1981,"3","N","Colusa County, California","Private","SIC 49 Electric, Gas, And Sanitary Services","County, 2-digit SIC -- by ownership sector","All establishment sizes",0,0,0,0,0,0,0,0
"06011","5","SIC_0E49","29","0",1981,"4","N","Colusa County, California","Private","SIC 49 Electric, Gas, And Sanitary Services","County, 2-digit SIC -- by ownership sector","All establishment sizes",0,0,0,0,0,0,0,0
"06011","5","SIC_0F","28","0",1981,"1","","Colusa County, California","Private","Wholesale Trade Division","County, Industry Division -- by ownership sector","All establishment sizes",21,272,269,244,1168644,0,0,343
"06011","5","SIC_0F","28","0",1981,"2","","Colusa County, California","Private","Wholesale Trade Division","County, Industry Division -- by ownership sector","All establishment sizes",21,264,267,306,1050562,0,0,289
"06011","5","SIC_0F","28","0",1981,"3","","Colusa County, California","Private","Wholesale Trade Division","County, Industry Division -- by ownership sector","All establishment sizes",22,283,286,299,1155503,0,0,307
"06011","5","SIC_0F","28","0",1981,"4","","Colusa County, California","Private","Wholesale Trade Division","County, Industry Division -- by ownership sector","All establishment sizes",23,424,413,412,2033879,0,0,375
"06011","5","SIC_0F50","29","0",1981,"1","","Colusa County, California","Private","SIC 50 Wholesale Trade Durable Goods","County, 2-digit SIC -- by ownership sector","All establishment sizes",5,125,124,128,649836,0,0,397
"06011","5","SIC_0F50","29","0",1981,"2","","Colusa County, California","Private","SIC 50 Wholesale Trade Durable Goods","County, 2-digit SIC -- by ownership sector","All establishment sizes",5,134,133,137,527241,0,0,301
"06011","5","SIC_0F50","29","0",1981,"3","","Colusa County, California","Private","SIC 50 Wholesale Trade Durable Goods","County, 2-digit SIC -- by ownership sector","All establishment sizes",5,137,133,129,549042,0,0,317
"06011","5","SIC_0F50","29","0",1981,"4","","Colusa County, California","Private","SIC 50 Wholesale Trade Durable Goods","County, 2-digit SIC -- by ownership sector","All establishment sizes",6,238,228,226,1104544,0,0,368
"06011","5","SIC_0F51","29","0",1981,"1","","Colusa County, California","Private","SIC 51 Wholesale Trade Nondurable Goods","County, 2-digit SIC -- by ownership sector","All establishment sizes",16,147,145,116,518808,0,0,293
"06011","5","SIC_0F51","29","0",1981,"2","","Colusa County, California","Private","SIC 51 Wholesale Trade Nondurable Goods","County, 2-digit SIC -- by ownership sector","All establishment sizes",16,130,134,169,523321,0,0,278
"06011","5","SIC_0F51","29","0",1981,"3","","Colusa County, California","Private","SIC 51 Wholesale Trade Nondurable Goods","County, 2-digit SIC -- by ownership sector","All establishment sizes",17,146,153,170,606461,0,0,298
"06011","5","SIC_0F51","29","0",1981,"4","","Colusa County, California","Private","SIC 51 Wholesale Trade Nondurable Goods","County, 2-digit SIC -- by ownership sector","All establishment sizes",17,186,185,186,929335,0,0,385
"06011","5","SIC_0G","28","0",1981,"1","","Colusa County, California","Private","Retail Trade Division","County, Industry Division -- by ownership sector","All establishment sizes",87,631,626,629,1327546,0,0,162
"06011","5","SIC_0G","28","0",1981,"2","","Colusa County, California","Private","Retail Trade Division","County, Industry Division -- by ownership sector","All establishment sizes",93,649,665,673,1372618,0,0,159
"06011","5","SIC_0G","28","0",1981,"3","","Colusa County, California","Private","Retail Trade Division","County, Industry Division -- by ownership sector","All establishment sizes",94,713,704,712,1571109,0,0,170
"06011","5","SIC_0G","28","0",1981,"4","","Colusa County, California","Private","Retail Trade Division","County, Industry Division -- by ownership sector","All establishment sizes",93,679,680,716,1653897,0,0,183
"06011","5","SIC_0G52","29","0",1981,"1","","Colusa County, California","Private","SIC 52 Building Materials and Garden Supplies","County, 2-digit SIC -- by ownership sector","All establishment sizes",7,57,52,54,184003,0,0,260
"06011","5","SIC_0G52","29","0",1981,"2","","Colusa County, California","Private","SIC 52 Building Materials and Garden Supplies","County, 2-digit SIC -- by ownership sector","All establishment sizes",7,57,56,60,206772,0,0,275
"06011","5","SIC_0G52","29","0",1981,"3","","Colusa County, California","Private","SIC 52 Building Materials and Garden Supplies","County, 2-digit SIC -- by ownership sector","All establishment sizes",6,64,64,61,211065,0,0,257
"06011","5","SIC_0G52","29","0",1981,"4","","Colusa County, California","Private","SIC 52 Building Materials and Garden Supplies","County, 2-digit SIC -- by ownership sector","All establishment sizes",7,67,60,61,239959,0,0,294
"06011","5","SIC_0G53","29","0",1981,"1","","Colusa County, California","Private","SIC 53 General Merchandise Stores","County, 2-digit SIC -- by ownership sector","All establishment sizes",4,36,36,33,65270,0,0,143
"06011","5","SIC_0G53","29","0",1981,"2","","Colusa County, California","Private","SIC 53 General Merchandise Stores","County, 2-digit SIC -- by ownership sector","All establishment sizes",4,49,45,48,78665,0,0,127
"06011","5","SIC_0G53","29","0",1981,"3","","Colusa County, California","Private","SIC 53 General Merchandise Stores","County, 2-digit SIC -- by ownership sector","All establishment sizes",4,34,35,29,62758,0,0,147
"06011","5","SIC_0G53","29","0",1981,"4","","Colusa County, California","Private","SIC 53 General Merchandise Stores","County, 2-digit SIC -- by ownership sector","All establishment sizes",4,30,30,30,60976,0,0,156
"06011","5","SIC_0G54","29","0",1981,"1","","Colusa County, California","Private","SIC 54 Food Stores","County, 2-digit SIC -- by ownership sector","All establishment sizes",14,113,115,116,291627,0,0,195
"06011","5","SIC_0G54","29","0",1981,"2","","Colusa County, California","Private","SIC 54 Food Stores","County, 2-digit SIC -- by ownership sector","All establishment sizes",16,115,118,122,268393,0,0,174
"06011","5","SIC_0G54","29","0",1981,"3","","Colusa County, California","Private","SIC 54 Food Stores","County, 2-digit SIC -- by ownership sector","All establishment sizes",16,152,150,148,332160,0,0,170
"06011","5","SIC_0G54","29","0",1981,"4","","Colusa County, California","Private","SIC 54 Food Stores","County, 2-digit SIC -- by ownership sector","All establishment sizes",15,146,138,137,345974,0,0,189
"06011","5","SIC_0G55","29","0",1981,"1","","Colusa County, California","Private","SIC 55 Automotive Dealers and Service Stations","County, 2-digit SIC -- by ownership sector","All establishment sizes",22,158,160,158,393780,0,0,190
"06011","5","SIC_0G55","29","0",1981,"2","","Colusa County, California","Private","SIC 55 Automotive Dealers and Service Stations","County, 2-digit SIC -- by ownership sector","All establishment sizes",21,159,161,160,422786,0,0,203
"06011","5","SIC_0G55","29","0",1981,"3","","Colusa County, California","Private","SIC 55 Automotive Dealers and Service Stations","County, 2-digit SIC -- by ownership sector","All establishment sizes",20,161,157,166,476176,0,0,227
"06011","5","SIC_0G55","29","0",1981,"4","","Colusa County, California","Private","SIC 55 Automotive Dealers and Service Stations","County, 2-digit SIC -- by ownership sector","All establishment sizes",20,156,159,159,539491,0,0,262
"06011","5","SIC_0G56","29","0",1981,"1","N","Colusa County, California","Private","SIC 56 Apparel and Accessory Stores","County, 2-digit SIC -- by ownership sector","All establishment sizes",0,0,0,0,0,0,0,0
"06011","5","SIC_0G56","29","0",1981,"2","N","Colusa County, California","Private","SIC 56 Apparel and Accessory Stores","County, 2-digit SIC -- by ownership sector","All establishment sizes",0,0,0,0,0,0,0,0
"06011","5","SIC_0G56","29","0",1981,"3","N","Colusa County, California","Private","SIC 56 Apparel and Accessory Stores","County, 2-digit SIC -- by ownership sector","All establishment sizes",0,0,0,0,0,0,0,0
"06011","5","SIC_0G56","29","0",1981,"4","N","Colusa County, California","Private","SIC 56 Apparel and Accessory Stores","County, 2-digit SIC -- by ownership sector","All establishment sizes",0,0,0,0,0,0,0,0
"06011","5","SIC_0G57","29","0",1981,"1","N","Colusa County, California","Private","SIC 57 Furniture and Homefurnishings Stores","County, 2-digit SIC -- by ownership sector","All establishment sizes",0,0,0,0,0,0,0,0
"06011","5","SIC_0G57","29","0",1981,"2","N","Colusa County, California","Private","SIC 57 Furniture and Homefurnishings Stores","County, 2-digit SIC -- by ownership sector","All establishment sizes",0,0,0,0,0,0,0,0
"06011","5","SIC_0G57","29","0",1981,"3","N","Colusa County, California","Private","SIC 57 Furniture and Homefurnishings Stores","County, 2-digit SIC -- by ownership sector","All establishment sizes",0,0,0,0,0,0,0,0
"06011","5","SIC_0G57","29","0",1981,"4","N","Colusa County, California","Private","SIC 57 Furniture and Homefurnishings Stores","County, 2-digit SIC -- by ownership sector","All establishment sizes",0,0,0,0,0,0,0,0
"06011","5","SIC_0G58","29","0",1981,"1","","Colusa County, California","Private","SIC 58 Eating and Drinking Places","County, 2-digit SIC -- by ownership sector","All establishment sizes",23,166,163,171,237461,0,0,109
"06011","5","SIC_0G58","29","0",1981,"2","","Colusa County, California","Private","SIC 58 Eating and Drinking Places","County, 2-digit SIC -- by ownership sector","All establishment sizes",26,159,174,166,215201,0,0,99
"06011","5","SIC_0G58","29","0",1981,"3","","Colusa County, California","Private","SIC 58 Eating and Drinking Places","County, 2-digit SIC -- by ownership sector","All establishment sizes",29,198,193,207,297283,0,0,114
"06011","5","SIC_0G58","29","0",1981,"4","","Colusa County, California","Private","SIC 58 Eating and Drinking Places","County, 2-digit SIC -- by ownership sector","All establishment sizes",25,179,187,207,280572,0,0,112
"06011","5","SIC_0G59","29","0",1981,"1","","Colusa County, California","Private","SIC 59 Miscellaneous Retail","County, 2-digit SIC -- by ownership sector","All establishment sizes",12,81,82,76,120669,0,0,116
"06011","5","SIC_0G59","29","0",1981,"2","","Colusa County, California","Private","SIC 59 Miscellaneous Retail","County, 2-digit SIC -- by ownership sector","All establishment sizes",14,94,97,100,151660,0,0,120
"06011","5","SIC_0G59","29","0",1981,"3","","Colusa County, California","Private","SIC 59 Miscellaneous Retail","County, 2-digit SIC -- by ownership sector","All establishment sizes",15,89,91,87,164230,0,0,141
"06011","5","SIC_0G59","29","0",1981,"4","","Colusa County, California","Private","SIC 59 Miscellaneous Retail","County, 2-digit SIC -- by ownership sector","All establishment sizes",18,86,90,104,161370,0,0,132
"06011","5","SIC_0H","28","0",1981,"1","","Colusa County, California","Private","Finance, Insurance, and Real Estate Division","County, Industry Division -- by ownership sector","All establishment sizes",31,156,158,155,465176,0,0,228
"06011","5","SIC_0H","28","0",1981,"2","","Colusa County, California","Private","Finance, Insurance, and Real Estate Division","County, Industry Division -- by ownership sector","All establishment sizes",31,140,162,149,468246,0,0,239
"06011","5","SIC_0H","28","0",1981,"3","","Colusa County, California","Private","Finance, Insurance, and Real Estate Division","County, Industry Division -- by ownership sector","All establishment sizes",28,148,144,141,449767,0,0,239
"06011","5","SIC_0H","28","0",1981,"4","","Colusa County, California","Private","Finance, Insurance, and Real Estate Division","County, Industry Division -- by ownership sector","All establishment sizes",26,142,139,138,469784,0,0,258
"06011","5","SIC_0H60","29","0",1981,"1","","Colusa County, California","Private","SIC 60 Depository Institutions","County, 2-digit SIC -- by ownership sector","All establishment sizes",3,73,74,73,224035,0,0,235
"06011","5","SIC_0H60","29","0",1981,"2","","Colusa County, California","Private","SIC 60 Depository Institutions","County, 2-digit SIC -- by ownership sector","All establishment sizes",3,73,74,75,224120,0,0,232
"06011","5","SIC_0H60","29","0",1981,"3","","Colusa County, California","Private","SIC 60 Depository Institutions","County, 2-digit SIC -- by ownership sector","All establishment sizes",3,74,76,72,231603,0,0,240
"06011","5","SIC_0H60","29","0",1981,"4","","Colusa County, California","Private","SIC 60 Depository Institutions","County, 2-digit SIC -- by ownership sector","All establishment sizes",3,73,72,73,255489,0,0,270
"06011","5","SIC_0H61","29","0",1981,"1","","Colusa County, California","Private","SIC 61 Nondepository Institutions","County, 2-digit SIC -- by ownership sector","All establishment sizes",4,29,27,27,87784,0,0,244
"06011","5","SIC_0H61","29","0",1981,"2","","Colusa County, California","Private","SIC 61 Nondepository Institutions","County, 2-digit SIC -- by ownership sector","All establishment sizes",4,20,34,23,87505,0,0,262
"06011","5","SIC_0H61","29","0",1981,"3","","Colusa County, California","Private","SIC 61 Nondepository Institutions","County, 2-digit SIC -- by ownership sector","All establishment sizes",3,20,19,20,71327,0,0,278
"06011","5","SIC_0H61","29","0",1981,"4","","Colusa County, California","Private","SIC 61 Nondepository Institutions","County, 2-digit SIC -- by ownership sector","All establishment sizes",4,21,21,22,81384,0,0,293
"06011","5","SIC_0H63","29","0",1981,"1","N","Colusa County, California","Private","SIC 63 Insurance Carriers","County, 2-digit SIC -- by ownership sector","All establishment sizes",0,0,0,0,0,0,0,0
"06011","5","SIC_0H63","29","0",1981,"2","N","Colusa County, California","Private","SIC 63 Insurance Carriers","County, 2-digit SIC -- by ownership sector","All establishment sizes",0,0,0,0,0,0,0,0
"06011","5","SIC_0H63","29","0",1981,"3","N","Colusa County, California","Private","SIC 63 Insurance Carriers","County, 2-digit SIC -- by ownership sector","All establishment sizes",0,0,0,0,0,0,0,0
"06011","5","SIC_0H63","29","0",1981,"4","","Colusa County, California","Private","SIC 63 Insurance Carriers","County, 2-digit SIC -- by ownership sector","All establishment sizes",3,14,14,14,43944,0,0,241
"06011","5","SIC_0H64","29","0",1981,"1","","Colusa County, California","Private","SIC 64 Insurance Agents, Brokers, and Service","County, 2-digit SIC -- by ownership sector","All establishment sizes",6,22,20,21,52472,0,0,192
"06011","5","SIC_0H64","29","0",1981,"2","","Colusa County, California","Private","SIC 64 Insurance Agents, Brokers, and Service","County, 2-digit SIC -- by ownership sector","All establishment sizes",6,17,18,18,47857,0,0,208
"06011","5","SIC_0H64","29","0",1981,"3","","Colusa County, California","Private","SIC 64 Insurance Agents, Brokers, and Service","County, 2-digit SIC -- by ownership sector","All establishment sizes",6,24,20,22,66677,0,0,233
"06011","5","SIC_0H64","29","0",1981,"4","","Colusa County, California","Private","SIC 64 Insurance Agents, Brokers, and Service","County, 2-digit SIC -- by ownership sector","All establishment sizes",6,22,18,17,51877,0,0,210
"06011","5","SIC_0H65","29","0",1981,"1","","Colusa County, California","Private","SIC 65 Real Estate","County, 2-digit SIC -- by ownership sector","All establishment sizes",13,16,20,19,52276,0,0,219
"06011","5","SIC_0H65","29","0",1981,"2","","Colusa County, California","Private","SIC 65 Real Estate","County, 2-digit SIC -- by ownership sector","All establishment sizes",14,17,21,18,61771,0,0,254
"06011","5","SIC_0H65","29","0",1981,"3","","Colusa County, California","Private","SIC 65 Real Estate","County, 2-digit SIC -- by ownership sector","All establishment sizes",12,15,15,13,32764,0,0,175
"06011","5","SIC_0H65","29","0",1981,"4","N","Colusa County, California","Private","SIC 65 Real Estate","County, 2-digit SIC -- by ownership sector","All establishment sizes",0,0,0,0,0,0,0,0
"06011","5","SIC_0H67","29","0",1981,"1","N","Colusa County, California","Private","SIC 67 Holding and Other Investment Offices","County, 2-digit SIC -- by ownership sector","All establishment sizes",0,0,0,0,0,0,0,0
"06011","5","SIC_0H67","29","0",1981,"2","N","Colusa County, California","Private","SIC 67 Holding and Other Investment Offices","County, 2-digit SIC -- by ownership sector","All establishment sizes",0,0,0,0,0,0,0,0
"06011","5","SIC_0H67","29","0",1981,"3","N","Colusa County, California","Private","SIC 67 Holding and Other Investment Offices","County, 2-digit SIC -- by ownership sector","All establishment sizes",0,0,0,0,0,0,0,0
"06011","5","SIC_0H67","29","0",1981,"4","N","Colusa County, California","Private","SIC 67 Holding and Other Investment Offices","County, 2-digit SIC -- by ownership sector","All establishment sizes",0,0,0,0,0,0,0,0
"06011","5","SIC_0I","28","0",1981,"1","","Colusa County, California","Private","Services Division","County, Industry Division -- by ownership sector","All establishment sizes",106,481,480,502,1155710,0,0,182
"06011","5","SIC_0I","28","0",1981,"2","","Colusa County, California","Private","Services Division","County, Industry Division -- by ownership sector","All establishment sizes",102,524,529,569,1262382,0,0,179
"06011","5","SIC_0I","28","0",1981,"3","","Colusa County, California","Private","Services Division","County, Industry Division -- by ownership sector","All establishment sizes",101,471,478,499,1225752,0,0,195
"06011","5","SIC_0I","28","0",1981,"4","","Colusa County, California","Private","Services Division","County, Industry Division -- by ownership sector","All establishment sizes",101,461,471,474,1373962,0,0,225
"06011","5","SIC_0I70","29","0",1981,"1","","Colusa County, California","Private","SIC 70 Hotels and Other Lodging Places","County, 2-digit SIC -- by ownership sector","All establishment sizes",4,17,20,37,28082,0,0,87
"06011","5","SIC_0I70","29","0",1981,"2","","Colusa County, California","Private","SIC 70 Hotels and Other Lodging Places","County, 2-digit SIC -- by ownership sector","All establishment sizes",4,41,41,76,45748,0,0,66
"06011","5","SIC_0I70","29","0",1981,"3","","Colusa County, California","Private","SIC 70 Hotels and Other Lodging Places","County, 2-digit SIC -- by ownership sector","All establishment sizes",4,48,48,42,51812,0,0,86
"06011","5","SIC_0I70","29","0",1981,"4","","Colusa County, California","Private","SIC 70 Hotels and Other Lodging Places","County, 2-digit SIC -- by ownership sector","All establishment sizes",4,34,37,36,45343,0,0,97
"06011","5","SIC_0I72","29","0",1981,"1","","Colusa County, California","Private","SIC 72 Personal Services","County, 2-digit SIC -- by ownership sector","All establishment sizes",9,32,33,36,64055,0,0,146
"06011","5","SIC_0I72","29","0",1981,"2","","Colusa County, California","Private","SIC 72 Personal Services","County, 2-digit SIC -- by ownership sector","All establishment sizes",9,31,30,32,66946,0,0,166
"06011","5","SIC_0I72","29","0",1981,"3","","Colusa County, California","Private","SIC 72 Personal Services","County, 2-digit SIC -- by ownership sector","All establishment sizes",9,31,31,34,65416,0,0,157
"06011","5","SIC_0I72","29","0",1981,"4","","Colusa County, California","Private","SIC 72 Personal Services","County, 2-digit SIC -- by ownership sector","All establishment sizes",9,34,35,36,75699,0,0,166
"06011","5","SIC_0I73","29","0",1981,"1","","Colusa County, California","Private","SIC 73 Business Services","County, 2-digit SIC -- by ownership sector","All establishment sizes",7,32,29,28,74897,0,0,194
"06011","5","SIC_0I73","29","0",1981,"2","","Colusa County, California","Private","SIC 73 Business Services","County, 2-digit SIC -- by ownership sector","All establishment sizes",6,29,33,27,86553,0,0,224
"06011","5","SIC_0I73","29","0",1981,"3","","Colusa County, California","Private","SIC 73 Business Services","County, 2-digit SIC -- by ownership sector","All establishment sizes",7,29,29,24,103663,0,0,291
"06011","5","SIC_0I73","29","0",1981,"4","","Colusa County, California","Private","SIC 73 Business Services","County, 2-digit SIC -- by ownership sector","All establishment sizes",6,21,25,22,134564,0,0,456
"06011","5","SIC_0I75","29","0",1981,"1","","Colusa County, California","Private","SIC 75 Auto Repair, Services, and Parking","County, 2-digit SIC -- by ownership sector","All establishment sizes",3,11,11,11,23744,0,0,166
"06011","5","SIC_0I75","29","0",1981,"2","","Colusa County, California","Private","SIC 75 Auto Repair, Services, and Parking","County, 2-digit SIC -- by ownership sector","All establishment sizes",3,9,10,10,20791,0,0,165
"06011","5","SIC_0I75","29","0",1981,"3","","Colusa County, California","Private","SIC 75 Auto Repair, Services, and Parking","County, 2-digit SIC -- by ownership sector","All establishment sizes",4,8,8,12,22498,0,0,185
"06011","5","SIC_0I75","29","0",1981,"4","","Colusa County, California","Private","SIC 75 Auto Repair, Services, and Parking","County, 2-digit SIC -- by ownership sector","All establishment sizes",4,8,10,10,28772,0,0,237
"06011","5","SIC_0I76","29","0",1981,"1","","Colusa County, California","Private","SIC 76 Miscellaneous Repair Services","County, 2-digit SIC -- by ownership sector","All establishment sizes",8,15,15,16,31131,0,0,156
"06011","5","SIC_0I76","29","0",1981,"2","","Colusa County, California","Private","SIC 76 Miscellaneous Repair Services","County, 2-digit SIC -- by ownership sector","All establishment sizes",7,16,14,17,31842,0,0,156
"06011","5","SIC_0I76","29","0",1981,"3","","Colusa County, California","Private","SIC 76 Miscellaneous Repair Services","County, 2-digit SIC -- by ownership sector","All establishment sizes",6,14,12,12,33959,0,0,206
"06011","5","SIC_0I76","29","0",1981,"4","","Colusa County, California","Private","SIC 76 Miscellaneous Repair Services","County, 2-digit SIC -- by ownership sector","All establishment sizes",6,11,11,12,33306,0,0,226
"06011","5","SIC_0I78","29","0",1981,"1","N","Colusa County, California","Private","SIC 78 Motion Pictures","County, 2-digit SIC -- by ownership sector","All establishment sizes",0,0,0,0,0,0,0,0
"06011","5","SIC_0I78","29","0",1981,"2","N","Colusa County, California","Private","SIC 78 Motion Pictures","County, 2-digit SIC -- by ownership sector","All establishment sizes",0,0,0,0,0,0,0,0
"06011","5","SIC_0I78","29","0",1981,"3","N","Colusa County, California","Private","SIC 78 Motion Pictures","County, 2-digit SIC -- by ownership sector","All establishment sizes",0,0,0,0,0,0,0,0
"06011","5","SIC_0I78","29","0",1981,"4","N","Colusa County, California","Private","SIC 78 Motion Pictures","County, 2-digit SIC -- by ownership sector","All establishment sizes",0,0,0,0,0,0,0,0
"06011","5","SIC_0I79","29","0",1981,"1","","Colusa County, California","Private","SIC 79 Amusement and Recreation Services","County, 2-digit SIC -- by ownership sector","All establishment sizes",9,32,26,27,45096,0,0,122
"06011","5","SIC_0I79","29","0",1981,"2","","Colusa County, California","Private","SIC 79 Amusement and Recreation Services","County, 2-digit SIC -- by ownership sector","All establishment sizes",8,28,26,31,40829,0,0,110
"06011","5","SIC_0I79","29","0",1981,"3","","Colusa County, California","Private","SIC 79 Amusement and Recreation Services","County, 2-digit SIC -- by ownership sector","All establishment sizes",8,26,29,31,41255,0,0,110
"06011","5","SIC_0I79","29","0",1981,"4","","Colusa County, California","Private","SIC 79 Amusement and Recreation Services","County, 2-digit SIC -- by ownership sector","All establishment sizes",9,29,31,31,50716,0,0,128
"06011","5","SIC_0I80","29","0",1981,"1","","Colusa County, California","Private","SIC 80 Health Services","County, 2-digit SIC -- by ownership sector","All establishment sizes",24,236,241,240,727430,0,0,234
"06011","5","SIC_0I80","29","0",1981,"2","","Colusa County, California","Private","SIC 80 Health Services","County, 2-digit SIC -- by ownership sector","All establishment sizes",22,254,260,269,788175,0,0,232
"06011","5","SIC_0I80","29","0",1981,"3","","Colusa County, California","Private","SIC 80 Health Services","County, 2-digit SIC -- by ownership sector","All establishment sizes",22,239,240,244,749479,0,0,239
"06011","5","SIC_0I80","29","0",1981,"4","","Colusa County, California","Private","SIC 80 Health Services","County, 2-digit SIC -- by ownership sector","All establishment sizes",21,233,234,237,768017,0,0,251
"06011","5","SIC_0I81","29","0",1981,"1","","Colusa County, California","Private","SIC 81 Legal Services","County, 2-digit SIC -- by ownership sector","All establishment sizes",8,20,22,22,47659,0,0,171
"06011","5","SIC_0I81","29","0",1981,"2","","Colusa County, California","Private","SIC 81 Legal Services","County, 2-digit SIC -- by ownership sector","All establishment sizes",8,25,23,23,52362,0,0,170
"06011","5","SIC_0I81","29","0",1981,"3","","Colusa County, California","Private","SIC 81 Legal Services","County, 2-digit SIC -- by ownership sector","All establishment sizes",8,20,21,24,56877,0,0,201
"06011","5","SIC_0I81","29","0",1981,"4","","Colusa County, California","Private","SIC 81 Legal Services","County, 2-digit SIC -- by ownership sector","All establishment sizes",8,21,21,21,77206,0,0,282
"06011","5","SIC_0I82","29","0",1981,"1","N","Colusa County, California","Private","SIC 82 Educational Services","County, 2-digit SIC -- by ownership sector","All establishment sizes",0,0,0,0,0,0,0,0
"06011","5","SIC_0I82","29","0",1981,"2","N","Colusa County, California","Private","SIC 82 Educational Services","County, 2-digit SIC -- by ownership sector","All establishment sizes",0,0,0,0,0,0,0,0
"06011","5","SIC_0I82","29","0",1981,"3","N","Colusa County, California","Private","SIC 82 Educational Services","County, 2-digit SIC -- by ownership sector","All establishment sizes",0,0,0,0,0,0,0,0
"06011","5","SIC_0I82","29","0",1981,"4","N","Colusa County, California","Private","SIC 82 Educational Services","County, 2-digit SIC -- by ownership sector","All establishment sizes",0,0,0,0,0,0,0,0
"06011","5","SIC_0I83","29","0",1981,"1","","Colusa County, California","Private","SIC 83 Social Services","County, 2-digit SIC -- by ownership sector","All establishment sizes",4,9,9,9,5791,0,0,49
"06011","5","SIC_0I83","29","0",1981,"2","","Colusa County, California","Private","SIC 83 Social Services","County, 2-digit SIC -- by ownership sector","All establishment sizes",5,8,13,10,8727,0,0,64
"06011","5","SIC_0I83","29","0",1981,"3","","Colusa County, California","Private","SIC 83 Social Services","County, 2-digit SIC -- by ownership sector","All establishment sizes",4,2,3,7,3392,0,0,65
"06011","5","SIC_0I83","29","0",1981,"4","","Colusa County, California","Private","SIC 83 Social Services","County, 2-digit SIC -- by ownership sector","All establishment sizes",4,4,4,6,3631,0,0,59
"06011","5","SIC_0I86","29","0",1981,"1","","Colusa County, California","Private","SIC 86 Membership Organizations","County, 2-digit SIC -- by ownership sector","All establishment sizes",5,5,5,5,3637,0,0,55
"06011","5","SIC_0I86","29","0",1981,"2","N","Colusa County, California","Private","SIC 86 Membership Organizations","County, 2-digit SIC -- by ownership sector","All establishment sizes",0,0,0,0,0,0,0,0
"06011","5","SIC_0I86","29","0",1981,"3","","Colusa County, California","Private","SIC 86 Membership Organizations","County, 2-digit SIC -- by ownership sector","All establishment sizes",5,5,5,5,3637,0,0,55
"06011","5","SIC_0I86","29","0",1981,"4","","Colusa County, California","Private","SIC 86 Membership Organizations","County, 2-digit SIC -- by ownership sector","All establishment sizes",5,4,4,4,43567,0,0,837
"06011","5","SIC_0I88","29","0",1981,"1","","Colusa County, California","Private","SIC 88 Private Households","County, 2-digit SIC -- by ownership sector","All establishment sizes",19,33,30,34,43291,0,0,102
"06011","5","SIC_0I88","29","0",1981,"2","","Colusa County, California","Private","SIC 88 Private Households","County, 2-digit SIC -- by ownership sector","All establishment sizes",19,36,39,36,53355,0,0,110
"06011","5","SIC_0I88","29","0",1981,"3","","Colusa County, California","Private","SIC 88 Private Households","County, 2-digit SIC -- by ownership sector","All establishment sizes",18,28,30,30,46389,0,0,121
"06011","5","SIC_0I88","29","0",1981,"4","","Colusa County, California","Private","SIC 88 Private Households","County, 2-digit SIC -- by ownership sector","All establishment sizes",19,30,28,27,49085,0,0,133
"06011","5","SIC_0I89","29","0",1981,"1","","Colusa County, California","Private","SIC 89 Services, Nec","County, 2-digit SIC -- by ownership sector","All establishment sizes",4,15,14,14,34411,0,0,184
"06011","5","SIC_0I89","29","0",1981,"2","N","Colusa County, California","Private","SIC 89 Services, Nec","County, 2-digit SIC -- by ownership sector","All establishment sizes",0,0,0,0,0,0,0,0
"06011","5","SIC_0I89","29","0",1981,"3","N","Colusa County, California","Private","SIC 89 Services, Nec","County, 2-digit SIC -- by ownership sector","All establishment sizes",0,0,0,0,0,0,0,0
"06011","5","SIC_0I89","29","0",1981,"4","","Colusa County, California","Private","SIC 89 Services, Nec","County, 2-digit SIC -- by ownership sector","All establishment sizes",4,12,13,14,34259,0,0,202
"06011","5","SIC_0K","28","0",1981,"1","N","Colusa County, California","Private","Nonclassifiable Establishments","County, Industry Division -- by ownership sector","All establishment sizes",0,0,0,0,0,0,0,0
"06011","5","SIC_0K","28","0",1981,"2","N","Colusa County, California","Private","Nonclassifiable Establishments","County, Industry Division -- by ownership sector","All establishment sizes",0,0,0,0,0,0,0,0
"06011","5","SIC_0K","28","0",1981,"3","N","Colusa County, California","Private","Nonclassifiable Establishments","County, Industry Division -- by ownership sector","All establishment sizes",0,0,0,0,0,0,0,0
"06011","5","SIC_0K","28","0",1981,"4","N","Colusa County, California","Private","Nonclassifiable Establishments","County, Industry Division -- by ownership sector","All establishment sizes",0,0,0,0,0,0,0,0
"06011","5","SIC_0K99","29","0",1981,"1","N","Colusa County, California","Private","SIC 99 Nonclassifiable Establishments","County, 2-digit SIC -- by ownership sector","All establishment sizes",0,0,0,0,0,0,0,0
"06011","5","SIC_0K99","29","0",1981,"2","N","Colusa County, California","Private","SIC 99 Nonclassifiable Establishments","County, 2-digit SIC -- by ownership sector","All establishment sizes",0,0,0,0,0,0,0,0
"06011","5","SIC_0K99","29","0",1981,"3","N","Colusa County, California","Private","SIC 99 Nonclassifiable Establishments","County, 2-digit SIC -- by ownership sector","All establishment sizes",0,0,0,0,0,0,0,0
"06011","5","SIC_0K99","29","0",1981,"4","N","Colusa County, California","Private","SIC 99 Nonclassifiable Establishments","County, 2-digit SIC -- by ownership sector","All establishment sizes",0,0,0,0,0,0,0,0
