"area_fips","own_code","industry_code","agglvl_code","size_code","year","qtr","disclosure_code","area_title","own_title","industry_title","agglvl_title","size_title","qtrly_estabs_count","month1_emplvl","month2_emplvl","month3_emplvl","total_qtrly_wages","taxable_qtrly_wages","qtrly_contributions","avg_wkly_wage"
"12017","0","SIC_0Z","26","0",1981,"1","","Citrus County, Florida","Total Covered","All Industries","County, Total Covered","All establishment sizes",972,10829,10943,11157,30318027,0,0,212
"12017","0","SIC_0Z","26","0",1981,"2","","Citrus County, Florida","Total Covered","All Industries","County, Total Covered","All establishment sizes",1005,11457,11571,11627,34960249,0,0,232
"12017","0","SIC_0Z","26","0",1981,"3","","Citrus County, Florida","Total Covered","All Industries","County, Total Covered","All establishment sizes",1015,10523,10866,11773,34033416,0,0,236
"12017","0","SIC_0Z","26","0",1981,"4","","Citrus County, Florida","Total Covered","All Industries","County, Total Covered","All establishment sizes",1028,11618,11741,11816,38341572,0,0,251
"12017","1","SIC_0Z","27","0",1981,"1","","Citrus County, Florida","Federal Government","All Industries","County, Total -- by ownership sector","All establishment sizes",4,75,83,85,446014,0,0,423
"12017","1","SIC_0Z","27","0",1981,"2","","Citrus County, Florida","Federal Government","All Industries","County, Total -- by ownership sector","All establishment sizes",4,89,88,88,402989,0,0,350
"12017","1","SIC_0Z","27","0",1981,"3","","Citrus County, Florida","Federal Government","All Industries","County, Total -- by ownership sector","All establishment sizes",4,90,89,89,470874,0,0,405
"12017","1","SIC_0Z","27","0",1981,"4","","Citrus County, Florida","Federal Government","All Industries","County, Total -- by ownership sector","All establishment sizes",4,92,92,92,510087,0,0,426
"12017","1","SIC_0E","28","0",1981,"1","","Citrus County, Florida","Federal Government","Transportation and Public Utilities Division","County, Industry Division -- by ownership sector","All establishment sizes",1,65,73,74,398170,0,0,433
"12017","1","SIC_0E","28","0",1981,"2","","Citrus County, Florida","Federal Government","Transportation and Public Utilities Division","County, Industry Division -- by ownership sector","All establishment sizes",1,79,79,79,357508,0,0,348
"12017","1","SIC_0E","28","0",1981,"3","","Citrus County, Florida","Federal Government","Transportation and Public Utilities Division","County, Industry Division -- by ownership sector","All establishment sizes",1,80,80,80,422071,0,0,405
"12017","1","SIC_0E","28","0",1981,"4","","Citrus County, Florida","Federal Government","Transportation and Public Utilities Division","County, Industry Division -- by ownership sector","All establishment sizes",1,82,82,82,457780,0,0,429
"12017","1","SIC_0E43","29","0",1981,"1","","Citrus County, Florida","Federal Government","SIC 43 U.S. Postal Service","County, 2-digit SIC -- by ownership sector","All establishment sizes",1,65,73,74,398170,0,0,433
"12017","1","SIC_0E43","29","0",1981,"2","","Citrus County, Florida","Federal Government","SIC 43 U.S. Postal Service","County, 2-digit SIC -- by ownership sector","All establishment sizes",1,79,79,79,357508,0,0,348
"12017","1","SIC_0E43","29","0",1981,"3","","Citrus County, Florida","Federal Government","SIC 43 U.S. Postal Service","County, 2-digit SIC -- by ownership sector","All establishment sizes",1,80,80,80,422071,0,0,405
"12017","1","SIC_0E43","29","0",1981,"4","","Citrus County, Florida","Federal Government","SIC 43 U.S. Postal Service","County, 2-digit SIC -- by ownership sector","All establishment sizes",1,82,82,82,457780,0,0,429
"12017","1","SIC_0J","28","0",1981,"1","","Citrus County, Florida","Federal Government","Public Administration Division","County, Industry Division -- by ownership sector","All establishment sizes",3,10,10,11,47844,0,0,356
"12017","1","SIC_0J","28","0",1981,"2","","Citrus County, Florida","Federal Government","Public Administration Division","County, Industry Division -- by ownership sector","All establishment sizes",3,10,9,9,45481,0,0,374
"12017","1","SIC_0J","28","0",1981,"3","","Citrus County, Florida","Federal Government","Public Administration Division","County, Industry Division -- by ownership sector","All establishment sizes",3,10,9,9,48803,0,0,402
"12017","1","SIC_0J","28","0",1981,"4","","Citrus County, Florida","Federal Government","Public Administration Division","County, Industry Division -- by ownership sector","All establishment sizes",3,10,10,10,52307,0,0,402
"12017","1","SIC_0J95","29","0",1981,"1","","Citrus County, Florida","Federal Government","SIC 95 Environmental Quality and Housing","County, 2-digit SIC -- by ownership sector","All establishment sizes",2,9,9,10,39967,0,0,329
"12017","1","SIC_0J95","29","0",1981,"2","","Citrus County, Florida","Federal Government","SIC 95 Environmental Quality and Housing","County, 2-digit SIC -- by ownership sector","All establishment sizes",2,9,8,8,36291,0,0,334
"12017","1","SIC_0J95","29","0",1981,"3","","Citrus County, Florida","Federal Government","SIC 95 Environmental Quality and Housing","County, 2-digit SIC -- by ownership sector","All establishment sizes",2,8,7,7,37854,0,0,397
"12017","1","SIC_0J95","29","0",1981,"4","","Citrus County, Florida","Federal Government","SIC 95 Environmental Quality and Housing","County, 2-digit SIC -- by ownership sector","All establishment sizes",2,8,8,8,38301,0,0,368
"12017","1","SIC_0J96","29","0",1981,"1","","Citrus County, Florida","Federal Government","SIC 96 Administration of Economic Programs","County, 2-digit SIC -- by ownership sector","All establishment sizes",1,1,1,1,7877,0,0,605
"12017","1","SIC_0J96","29","0",1981,"2","","Citrus County, Florida","Federal Government","SIC 96 Administration of Economic Programs","County, 2-digit SIC -- by ownership sector","All establishment sizes",1,1,1,1,9190,0,0,706
"12017","1","SIC_0J96","29","0",1981,"3","","Citrus County, Florida","Federal Government","SIC 96 Administration of Economic Programs","County, 2-digit SIC -- by ownership sector","All establishment sizes",1,2,2,2,10949,0,0,421
"12017","1","SIC_0J96","29","0",1981,"4","","Citrus County, Florida","Federal Government","SIC 96 Administration of Economic Programs","County, 2-digit SIC -- by ownership sector","All establishment sizes",1,2,2,2,14006,0,0,538
"12017","2","SIC_0Z","27","0",1981,"1","","Citrus County, Florida","State Government","All Industries","County, Total -- by ownership sector","All establishment sizes",17,126,127,127,395359,0,0,240
"12017","2","SIC_0Z","27","0",1981,"2","","Citrus County, Florida","State Government","All Industries","County, Total -- by ownership sector","All establishment sizes",16,124,125,146,369785,0,0,216
"12017","2","SIC_0Z","27","0",1981,"3","","Citrus County, Florida","State Government","All Industries","County, Total -- by ownership sector","All establishment sizes",17,137,136,123,384686,0,0,224
"12017","2","SIC_0Z","27","0",1981,"4","","Citrus County, Florida","State Government","All Industries","County, Total -- by ownership sector","All establishment sizes",17,132,135,139,440204,0,0,250
"12017","2","SIC_0A","28","0",1981,"1","N","Citrus County, Florida","State Government","Agriculture, Forestry, and Fishing Division","County, Industry Division -- by ownership sector","All establishment sizes",0,0,0,0,0,0,0,0
"12017","2","SIC_0A","28","0",1981,"2","N","Citrus County, Florida","State Government","Agriculture, Forestry, and Fishing Division","County, Industry Division -- by ownership sector","All establishment sizes",0,0,0,0,0,0,0,0
"12017","2","SIC_0A","28","0",1981,"3","N","Citrus County, Florida","State Government","Agriculture, Forestry, and Fishing Division","County, Industry Division -- by ownership sector","All establishment sizes",0,0,0,0,0,0,0,0
"12017","2","SIC_0A","28","0",1981,"4","N","Citrus County, Florida","State Government","Agriculture, Forestry, and Fishing Division","County, Industry Division -- by ownership sector","All establishment sizes",0,0,0,0,0,0,0,0
"12017","2","SIC_0A08","29","0",1981,"1","N","Citrus County, Florida","State Government","SIC 08 Forestry","County, 2-digit SIC -- by ownership sector","All establishment sizes",0,0,0,0,0,0,0,0
"12017","2","SIC_0A08","29","0",1981,"2","N","Citrus County, Florida","State Government","SIC 08 Forestry","County, 2-digit SIC -- by ownership sector","All establishment sizes",0,0,0,0,0,0,0,0
"12017","2","SIC_0A08","29","0",1981,"3","N","Citrus County, Florida","State Government","SIC 08 Forestry","County, 2-digit SIC -- by ownership sector","All establishment sizes",0,0,0,0,0,0,0,0
"12017","2","SIC_0A08","29","0",1981,"4","N","Citrus County, Florida","State Government","SIC 08 Forestry","County, 2-digit SIC -- by ownership sector","All establishment sizes",0,0,0,0,0,0,0,0
"12017","2","SIC_0C","28","0",1981,"1","N","Citrus County, Florida","State Government","Construction Division","County, Industry Division -- by ownership sector","All establishment sizes",0,0,0,0,0,0,0,0
"12017","2","SIC_0C","28","0",1981,"2","N","Citrus County, Florida","State Government","Construction Division","County, Industry Division -- by ownership sector","All establishment sizes",0,0,0,0,0,0,0,0
"12017","2","SIC_0C","28","0",1981,"3","N","Citrus County, Florida","State Government","Construction Division","County, Industry Division -- by ownership sector","All establishment sizes",0,0,0,0,0,0,0,0
"12017","2","SIC_0C","28","0",1981,"4","N","Citrus County, Florida","State Government","Construction Division","County, Industry Division -- by ownership sector","All establishment sizes",0,0,0,0,0,0,0,0
"12017","2","SIC_0C16","29","0",1981,"1","N","Citrus County, Florida","State Government","SIC 16 Heavy Construction, ex. Building","County, 2-digit SIC -- by ownership sector","All establishment sizes",0,0,0,0,0,0,0,0
"12017","2","SIC_0C16","29","0",1981,"2","N","Citrus County, Florida","State Government","SIC 16 Heavy Construction, ex. Building","County, 2-digit SIC -- by ownership sector","All establishment sizes",0,0,0,0,0,0,0,0
"12017","2","SIC_0C16","29","0",1981,"3","N","Citrus County, Florida","State Government","SIC 16 Heavy Construction, ex. Building","County, 2-digit SIC -- by ownership sector","All establishment sizes",0,0,0,0,0,0,0,0
"12017","2","SIC_0C16","29","0",1981,"4","N","Citrus County, Florida","State Government","SIC 16 Heavy Construction, ex. Building","County, 2-digit SIC -- by ownership sector","All establishment sizes",0,0,0,0,0,0,0,0
"12017","2","SIC_0I","28","0",1981,"1","","Citrus County, Florida","State Government","Services Division","County, Industry Division -- by ownership sector","All establishment sizes",4,18,19,18,60967,0,0,255
"12017","2","SIC_0I","28","0",1981,"2","","Citrus County, Florida","State Government","Services Division","County, Industry Division -- by ownership sector","All establishment sizes",4,19,22,26,60193,0,0,207
"12017","2","SIC_0I","28","0",1981,"3","","Citrus County, Florida","State Government","Services Division","County, Industry Division -- by ownership sector","All establishment sizes",4,22,22,20,63165,0,0,227
"12017","2","SIC_0I","28","0",1981,"4","","Citrus County, Florida","State Government","Services Division","County, Industry Division -- by ownership sector","All establishment sizes",4,17,17,17,59951,0,0,271
"12017","2","SIC_0I79","29","0",1981,"1","N","Citrus County, Florida","State Government","SIC 79 Amusement and Recreation Services","County, 2-digit SIC -- by ownership sector","All establishment sizes",0,0,0,0,0,0,0,0
"12017","2","SIC_0I79","29","0",1981,"2","N","Citrus County, Florida","State Government","SIC 79 Amusement and Recreation Services","County, 2-digit SIC -- by ownership sector","All establishment sizes",0,0,0,0,0,0,0,0
"12017","2","SIC_0I79","29","0",1981,"3","N","Citrus County, Florida","State Government","SIC 79 Amusement and Recreation Services","County, 2-digit SIC -- by ownership sector","All establishment sizes",0,0,0,0,0,0,0,0
"12017","2","SIC_0I79","29","0",1981,"4","N","Citrus County, Florida","State Government","SIC 79 Amusement and Recreation Services","County, 2-digit SIC -- by ownership sector","All establishment sizes",0,0,0,0,0,0,0,0
"12017","2","SIC_0I82","29","0",1981,"1","N","Citrus County, Florida","State Government","SIC 82 Educational Services","County, 2-digit SIC -- by ownership sector","All establishment sizes",0,0,0,0,0,0,0,0
"12017","2","SIC_0I82","29","0",1981,"2","N","Citrus County, Florida","State Government","SIC 82 Educational Services","County, 2-digit SIC -- by ownership sector","All establishment sizes",0,0,0,0,0,0,0,0
"12017","2","SIC_0I82","29","0",1981,"3","N","Citrus County, Florida","State Government","SIC 82 Educational Services","County, 2-digit SIC -- by ownership sector","All establishment sizes",0,0,0,0,0,0,0,0
"12017","2","SIC_0I82","29","0",1981,"4","N","Citrus County, Florida","State Government","SIC 82 Educational Services","County, 2-digit SIC -- by ownership sector","All establishment sizes",0,0,0,0,0,0,0,0
"12017","2","SIC_0I83","29","0",1981,"1","N","Citrus County, Florida","State Government","SIC 83 Social Services","County, 2-digit SIC -- by ownership sector","All establishment sizes",0,0,0,0,0,0,0,0
"12017","2","SIC_0I83","29","0",1981,"2","N","Citrus County, Florida","State Government","SIC 83 Social Services","County, 2-digit SIC -- by ownership sector","All establishment sizes",0,0,0,0,0,0,0,0
"12017","2","SIC_0I83","29","0",1981,"3","N","Citrus County, Florida","State Government","SIC 83 Social Services","County, 2-digit SIC -- by ownership sector","All establishment sizes",0,0,0,0,0,0,0,0
"12017","2","SIC_0I83","29","0",1981,"4","N","Citrus County, Florida","State Government","SIC 83 Social Services","County, 2-digit SIC -- by ownership sector","All establishment sizes",0,0,0,0,0,0,0,0
"12017","2","SIC_0J","28","0",1981,"1","","Citrus County, Florida","State Government","Public Administration Division","County, Industry Division -- by ownership sector","All establishment sizes",10,84,83,84,278833,0,0,256
"12017","2","SIC_0J","28","0",1981,"2","","Citrus County, Florida","State Government","Public Administration Division","County, Industry Division -- by ownership sector","All establishment sizes",10,81,80,81,249334,0,0,237
"12017","2","SIC_0J","28","0",1981,"3","","Citrus County, Florida","State Government","Public Administration Division","County, Industry Division -- by ownership sector","All establishment sizes",11,83,82,86,266984,0,0,245
"12017","2","SIC_0J","28","0",1981,"4","","Citrus County, Florida","State Government","Public Administration Division","County, Industry Division -- by ownership sector","All establishment sizes",11,85,86,86,303541,0,0,272
"12017","2","SIC_0J92","29","0",1981,"1","N","Citrus County, Florida","State Government","SIC 92 Justice, Public Order, and Safety","County, 2-digit SIC -- by ownership sector","All establishment sizes",0,0,0,0,0,0,0,0
"12017","2","SIC_0J92","29","0",1981,"2","N","Citrus County, Florida","State Government","SIC 92 Justice, Public Order, and Safety","County, 2-digit SIC -- by ownership sector","All establishment sizes",0,0,0,0,0,0,0,0
"12017","2","SIC_0J92","29","0",1981,"3","N","Citrus County, Florida","State Government","SIC 92 Justice, Public Order, and Safety","County, 2-digit SIC -- by ownership sector","All establishment sizes",0,0,0,0,0,0,0,0
"12017","2","SIC_0J92","29","0",1981,"4","N","Citrus County, Florida","State Government","SIC 92 Justice, Public Order, and Safety","County, 2-digit SIC -- by ownership sector","All establishment sizes",0,0,0,0,0,0,0,0
"12017","2","SIC_0J94","29","0",1981,"1","","Citrus County, Florida","State Government","SIC 94 Administration of Human Resources","County, 2-digit SIC -- by ownership sector","All establishment sizes",3,60,59,58,184546,0,0,240
"12017","2","SIC_0J94","29","0",1981,"2","","Citrus County, Florida","State Government","SIC 94 Administration of Human Resources","County, 2-digit SIC -- by ownership sector","All establishment sizes",3,56,55,56,155410,0,0,214
"12017","2","SIC_0J94","29","0",1981,"3","","Citrus County, Florida","State Government","SIC 94 Administration of Human Resources","County, 2-digit SIC -- by ownership sector","All establishment sizes",3,56,55,56,155410,0,0,214
"12017","2","SIC_0J94","29","0",1981,"4","","Citrus County, Florida","State Government","SIC 94 Administration of Human Resources","County, 2-digit SIC -- by ownership sector","All establishment sizes",3,56,57,57,196461,0,0,266
"12017","2","SIC_0J95","29","0",1981,"1","N","Citrus County, Florida","State Government","SIC 95 Environmental Quality and Housing","County, 2-digit SIC -- by ownership sector","All establishment sizes",0,0,0,0,0,0,0,0
"12017","2","SIC_0J95","29","0",1981,"2","N","Citrus County, Florida","State Government","SIC 95 Environmental Quality and Housing","County, 2-digit SIC -- by ownership sector","All establishment sizes",0,0,0,0,0,0,0,0
"12017","2","SIC_0J95","29","0",1981,"3","","Citrus County, Florida","State Government","SIC 95 Environmental Quality and Housing","County, 2-digit SIC -- by ownership sector","All establishment sizes",3,14,14,14,57939,0,0,318
"12017","2","SIC_0J95","29","0",1981,"4","","Citrus County, Florida","State Government","SIC 95 Environmental Quality and Housing","County, 2-digit SIC -- by ownership sector","All establishment sizes",3,14,14,14,47863,0,0,262
"12017","2","SIC_0J96","29","0",1981,"1","","Citrus County, Florida","State Government","SIC 96 Administration of Economic Programs","County, 2-digit SIC -- by ownership sector","All establishment sizes",4,6,6,7,21831,0,0,265
"12017","2","SIC_0J96","29","0",1981,"2","","Citrus County, Florida","State Government","SIC 96 Administration of Economic Programs","County, 2-digit SIC -- by ownership sector","All establishment sizes",4,7,7,7,23620,0,0,259
"12017","2","SIC_0J96","29","0",1981,"3","N","Citrus County, Florida","State Government","SIC 96 Administration of Economic Programs","County, 2-digit SIC -- by ownership sector","All establishment sizes",0,0,0,0,0,0,0,0
"12017","2","SIC_0J96","29","0",1981,"4","N","Citrus County, Florida","State Government","SIC 96 Administration of Economic Programs","County, 2-digit SIC -- by ownership sector","All establishment sizes",0,0,0,0,0,0,0,0
"12017","3","SIC_0Z","27","0",1981,"1","","Citrus County, Florida","Local Government","All Industries","County, Total -- by ownership sector","All establishment sizes",16,1982,2068,2092,4865749,0,0,182
"12017","3","SIC_0Z","27","0",1981,"2","","Citrus County, Florida","Local Government","All Industries","County, Total -- by ownership sector","All establishment sizes",17,1979,2000,1977,6427264,0,0,249
"12017","3","SIC_0Z","27","0",1981,"3","","Citrus County, Florida","Local Government","All Industries","County, Total -- by ownership sector","All establishment sizes",14,1173,1322,2187,3849075,0,0,189
"12017","3","SIC_0Z","27","0",1981,"4","","Citrus County, Florida","Local Government","All Industries","County, Total -- by ownership sector","All establishment sizes",12,2095,2145,2158,6065379,0,0,218
"12017","3","SIC_0E","28","0",1981,"1","N","Citrus County, Florida","Local Government","Transportation and Public Utilities Division","County, Industry Division -- by ownership sector","All establishment sizes",0,0,0,0,0,0,0,0
"12017","3","SIC_0E","28","0",1981,"2","N","Citrus County, Florida","Local Government","Transportation and Public Utilities Division","County, Industry Division -- by ownership sector","All establishment sizes",0,0,0,0,0,0,0,0
"12017","3","SIC_0E","28","0",1981,"3","N","Citrus County, Florida","Local Government","Transportation and Public Utilities Division","County, Industry Division -- by ownership sector","All establishment sizes",0,0,0,0,0,0,0,0
"12017","3","SIC_0E","28","0",1981,"4","N","Citrus County, Florida","Local Government","Transportation and Public Utilities Division","County, Industry Division -- by ownership sector","All establishment sizes",0,0,0,0,0,0,0,0
"12017","3","SIC_0E41","29","0",1981,"1","N","Citrus County, Florida","Local Government","SIC 41 Local And Interurban Passenger Transit","County, 2-digit SIC -- by ownership sector","All establishment sizes",0,0,0,0,0,0,0,0
"12017","3","SIC_0E41","29","0",1981,"2","N","Citrus County, Florida","Local Government","SIC 41 Local And Interurban Passenger Transit","County, 2-digit SIC -- by ownership sector","All establishment sizes",0,0,0,0,0,0,0,0
"12017","3","SIC_0E41","29","0",1981,"3","N","Citrus County, Florida","Local Government","SIC 41 Local And Interurban Passenger Transit","County, 2-digit SIC -- by ownership sector","All establishment sizes",0,0,0,0,0,0,0,0
"12017","3","SIC_0E41","29","0",1981,"4","N","Citrus County, Florida","Local Government","SIC 41 Local And Interurban Passenger Transit","County, 2-digit SIC -- by ownership sector","All establishment sizes",0,0,0,0,0,0,0,0
"12017","3","SIC_0E49","29","0",1981,"1","N","Citrus County, Florida","Local Government","SIC 49 Electric, Gas, And Sanitary Services","County, 2-digit SIC -- by ownership sector","All establishment sizes",0,0,0,0,0,0,0,0
"12017","3","SIC_0E49","29","0",1981,"2","N","Citrus County, Florida","Local Government","SIC 49 Electric, Gas, And Sanitary Services","County, 2-digit SIC -- by ownership sector","All establishment sizes",0,0,0,0,0,0,0,0
"12017","3","SIC_0E49","29","0",1981,"3","N","Citrus County, Florida","Local Government","SIC 49 Electric, Gas, And Sanitary Services","County, 2-digit SIC -- by ownership sector","All establishment sizes",0,0,0,0,0,0,0,0
"12017","3","SIC_0E49","29","0",1981,"4","N","Citrus County, Florida","Local Government","SIC 49 Electric, Gas, And Sanitary Services","County, 2-digit SIC -- by ownership sector","All establishment sizes",0,0,0,0,0,0,0,0
"12017","3","SIC_0I","28","0",1981,"1","","Citrus County, Florida","Local Government","Services Division","County, Industry Division -- by ownership sector","All establishment sizes",3,1417,1495,1521,3530432,0,0,183
"12017","3","SIC_0I","28","0",1981,"2","","Citrus County, Florida","Local Government","Services Division","County, Industry Division -- by ownership sector","All establishment sizes",3,1407,1434,1409,4927731,0,0,267
"12017","3","SIC_0I","28","0",1981,"3","N","Citrus County, Florida","Local Government","Services Division","County, Industry Division -- by ownership sector","All establishment sizes",0,0,0,0,0,0,0,0
"12017","3","SIC_0I","28","0",1981,"4","N","Citrus County, Florida","Local Government","Services Division","County, Industry Division -- by ownership sector","All establishment sizes",0,0,0,0,0,0,0,0
"12017","3","SIC_0I80","29","0",1981,"1","N","Citrus County, Florida","Local Government","SIC 80 Health Services","County, 2-digit SIC -- by ownership sector","All establishment sizes",0,0,0,0,0,0,0,0
"12017","3","SIC_0I80","29","0",1981,"2","N","Citrus County, Florida","Local Government","SIC 80 Health Services","County, 2-digit SIC -- by ownership sector","All establishment sizes",0,0,0,0,0,0,0,0
"12017","3","SIC_0I80","29","0",1981,"3","N","Citrus County, Florida","Local Government","SIC 80 Health Services","County, 2-digit SIC -- by ownership sector","All establishment sizes",0,0,0,0,0,0,0,0
"12017","3","SIC_0I80","29","0",1981,"4","N","Citrus County, Florida","Local Government","SIC 80 Health Services","County, 2-digit SIC -- by ownership sector","All establishment sizes",0,0,0,0,0,0,0,0
"12017","3","SIC_0I82","29","0",1981,"1","N","Citrus County, Florida","Local Government","SIC 82 Educational Services","County, 2-digit SIC -- by ownership sector","All establishment sizes",0,0,0,0,0,0,0,0
"12017","3","SIC_0I82","29","0",1981,"2","N","Citrus County, Florida","Local Government","SIC 82 Educational Services","County, 2-digit SIC -- by ownership sector","All establishment sizes",0,0,0,0,0,0,0,0
"12017","3","SIC_0I82","29","0",1981,"3","N","Citrus County, Florida","Local Government","SIC 82 Educational Services","County, 2-digit SIC -- by ownership sector","All establishment sizes",0,0,0,0,0,0,0,0
"12017","3","SIC_0I82","29","0",1981,"4","N","Citrus County, Florida","Local Government","SIC 82 Educational Services","County, 2-digit SIC -- by ownership sector","All establishment sizes",0,0,0,0,0,0,0,0
"12017","3","SIC_0J","28","0",1981,"1","N","Citrus County, Florida","Local Government","Public Administration Division","County, Industry Division -- by ownership sector","All establishment sizes",0,0,0,0,0,0,0,0
"12017","3","SIC_0J","28","0",1981,"2","N","Citrus County, Florida","Local Government","Public Administration Division","County, Industry Division -- by ownership sector","All establishment sizes",0,0,0,0,0,0,0,0
"12017","3","SIC_0J","28","0",1981,"3","","Citrus County, Florida","Local Government","Public Administration Division","County, Industry Division -- by ownership sector","All establishment sizes",10,560,559,569,1252982,0,0,171
"12017","3","SIC_0J","28","0",1981,"4","","Citrus County, Florida","Local Government","Public Administration Division","County, Industry Division -- by ownership sector","All establishment sizes",8,547,553,556,1619550,0,0,225
"12017","3","SIC_0J91","29","0",1981,"1","","Citrus County, Florida","Local Government","SIC 91 Executive, Legislative, and General","County, 2-digit SIC -- by ownership sector","All establishment sizes",5,372,378,373,770582,0,0,158
"12017","3","SIC_0J91","29","0",1981,"2","","Citrus County, Florida","Local Government","SIC 91 Executive, Legislative, and General","County, 2-digit SIC -- by ownership sector","All establishment sizes",6,380,366,364,892048,0,0,185
"12017","3","SIC_0J91","29","0",1981,"3","","Citrus County, Florida","Local Government","SIC 91 Executive, Legislative, and General","County, 2-digit SIC -- by ownership sector","All establishment sizes",5,414,413,416,842664,0,0,156
"12017","3","SIC_0J91","29","0",1981,"4","","Citrus County, Florida","Local Government","SIC 91 Executive, Legislative, and General","County, 2-digit SIC -- by ownership sector","All establishment sizes",3,386,387,387,1091779,0,0,217
"12017","3","SIC_0J92","29","0",1981,"1","N","Citrus County, Florida","Local Government","SIC 92 Justice, Public Order, and Safety","County, 2-digit SIC -- by ownership sector","All establishment sizes",0,0,0,0,0,0,0,0
"12017","3","SIC_0J92","29","0",1981,"2","N","Citrus County, Florida","Local Government","SIC 92 Justice, Public Order, and Safety","County, 2-digit SIC -- by ownership sector","All establishment sizes",0,0,0,0,0,0,0,0
"12017","3","SIC_0J92","29","0",1981,"3","N","Citrus County, Florida","Local Government","SIC 92 Justice, Public Order, and Safety","County, 2-digit SIC -- by ownership sector","All establishment sizes",0,0,0,0,0,0,0,0
"12017","3","SIC_0J92","29","0",1981,"4","N","Citrus County, Florida","Local Government","SIC 92 Justice, Public Order, and Safety","County, 2-digit SIC -- by ownership sector","All establishment sizes",0,0,0,0,0,0,0,0
"12017","3","SIC_0J93","29","0",1981,"1","","Citrus County, Florida","Local Government","SIC 93 Finance, Taxation, and Monetary Policy","County, 2-digit SIC -- by ownership sector","All establishment sizes",3,47,47,47,124937,0,0,204
"12017","3","SIC_0J93","29","0",1981,"2","","Citrus County, Florida","Local Government","SIC 93 Finance, Taxation, and Monetary Policy","County, 2-digit SIC -- by ownership sector","All establishment sizes",3,45,44,44,118245,0,0,205
"12017","3","SIC_0J93","29","0",1981,"3","N","Citrus County, Florida","Local Government","SIC 93 Finance, Taxation, and Monetary Policy","County, 2-digit SIC -- by ownership sector","All establishment sizes",0,0,0,0,0,0,0,0
"12017","3","SIC_0J93","29","0",1981,"4","N","Citrus County, Florida","Local Government","SIC 93 Finance, Taxation, and Monetary Policy","County, 2-digit SIC -- by ownership sector","All establishment sizes",0,0,0,0,0,0,0,0
"12017","3","SIC_0J95","29","0",1981,"1","N","Citrus County, Florida","Local Government","SIC 95 Environmental Quality and Housing","County, 2-digit SIC -- by ownership sector","All establishment sizes",0,0,0,0,0,0,0,0
"12017","3","SIC_0J95","29","0",1981,"2","N","Citrus County, Florida","Local Government","SIC 95 Environmental Quality and Housing","County, 2-digit SIC -- by ownership sector","All establishment sizes",0,0,0,0,0,0,0,0
"12017","3","SIC_0J95","29","0",1981,"3","N","Citrus County, Florida","Local Government","SIC 95 Environmental Quality and Housing","County, 2-digit SIC -- by ownership sector","All establishment sizes",0,0,0,0,0,0,0,0
"12017","3","SIC_0J95","29","0",1981,"4","N","Citrus County, Florida","Local Government","SIC 95 Environmental Quality and Housing","County, 2-digit SIC -- by ownership sector","All establishment sizes",0,0,0,0,0,0,0,0
"12017","5","SIC_0Z","27","0",1981,"1","","Citrus County, Florida","Private","All Industries","County, Total -- by ownership sector","All establishment sizes",935,8646,8665,8853,24610905,0,0,217
"12017","5","SIC_0Z","27","0",1981,"2","","Citrus County, Florida","Private","All Industries","County, Total -- by ownership sector","All establishment sizes",968,9265,9358,9416,27760211,0,0,228
"12017","5","SIC_0Z","27","0",1981,"3","","Citrus County, Florida","Private","All Industries","County, Total -- by ownership sector","All establishment sizes",980,9123,9319,9374,29328781,0,0,243
"12017","5","SIC_0Z","27","0",1981,"4","","Citrus County, Florida","Private","All Industries","County, Total -- by ownership sector","All establishment sizes",995,9299,9369,9427,31325902,0,0,257
"12017","5","SIC_0A","28","0",1981,"1","","Citrus County, Florida","Private","Agriculture, Forestry, and Fishing Division","County, Industry Division -- by ownership sector","All establishment sizes",18,53,51,61,87504,0,0,122
"12017","5","SIC_0A","28","0",1981,"2","","Citrus County, Florida","Private","Agriculture, Forestry, and Fishing Division","County, Industry Division -- by ownership sector","All establishment sizes",20,58,57,61,101901,0,0,133
"12017","5","SIC_0A","28","0",1981,"3","","Citrus County, Florida","Private","Agriculture, Forestry, and Fishing Division","County, Industry Division -- by ownership sector","All establishment sizes",20,56,58,57,92244,0,0,124
"12017","5","SIC_0A","28","0",1981,"4","","Citrus County, Florida","Private","Agriculture, Forestry, and Fishing Division","County, Industry Division -- by ownership sector","All establishment sizes",19,55,59,51,88980,0,0,124
"12017","5","SIC_0A01","29","0",1981,"1","N","Citrus County, Florida","Private","SIC 01 Agricultural Production Crops","County, 2-digit SIC -- by ownership sector","All establishment sizes",0,0,0,0,0,0,0,0
"12017","5","SIC_0A01","29","0",1981,"2","N","Citrus County, Florida","Private","SIC 01 Agricultural Production Crops","County, 2-digit SIC -- by ownership sector","All establishment sizes",0,0,0,0,0,0,0,0
"12017","5","SIC_0A01","29","0",1981,"3","N","Citrus County, Florida","Private","SIC 01 Agricultural Production Crops","County, 2-digit SIC -- by ownership sector","All establishment sizes",0,0,0,0,0,0,0,0
"12017","5","SIC_0A01","29","0",1981,"4","N","Citrus County, Florida","Private","SIC 01 Agricultural Production Crops","County, 2-digit SIC -- by ownership sector","All establishment sizes",0,0,0,0,0,0,0,0
"12017","5","SIC_0A07","29","0",1981,"1","","Citrus County, Florida","Private","SIC 07 Agricultural Services","County, 2-digit SIC -- by ownership sector","All establishment sizes",13,35,33,37,59722,0,0,131
"12017","5","SIC_0A07","29","0",1981,"2","","Citrus County, Florida","Private","SIC 07 Agricultural Services","County, 2-digit SIC -- by ownership sector","All establishment sizes",16,37,38,41,67431,0,0,134
"12017","5","SIC_0A07","29","0",1981,"3","","Citrus County, Florida","Private","SIC 07 Agricultural Services","County, 2-digit SIC -- by ownership sector","All establishment sizes",16,41,44,44,68734,0,0,122
"12017","5","SIC_0A07","29","0",1981,"4","","Citrus County, Florida","Private","SIC 07 Agricultural Services","County, 2-digit SIC -- by ownership sector","All establishment sizes",15,42,46,38,66549,0,0,121
"12017","5","SIC_0A09","29","0",1981,"1","N","Citrus County, Florida","Private","SIC 09 Fishing, Hunting, and Trapping","County, 2-digit SIC -- by ownership sector","All establishment sizes",0,0,0,0,0,0,0,0
"12017","5","SIC_0A09","29","0",1981,"2","N","Citrus County, Florida","Private","SIC 09 Fishing, Hunting, and Trapping","County, 2-digit SIC -- by ownership sector","All establishment sizes",0,0,0,0,0,0,0,0
"12017","5","SIC_0A09","29","0",1981,"3","N","Citrus County, Florida","Private","SIC 09 Fishing, Hunting, and Trapping","County, 2-digit SIC -- by ownership sector","All establishment sizes",0,0,0,0,0,0,0,0
"12017","5","SIC_0A09","29","0",1981,"4","N","Citrus County, Florida","Private","SIC 09 Fishing, Hunting, and Trapping","County, 2-digit SIC -- by ownership sector","All establishment sizes",0,0,0,0,0,0,0,0
"12017","5","SIC_0B","28","0",1981,"1","","Citrus County, Florida","Private","Mining Division","County, Industry Division -- by ownership sector","All establishment sizes",8,88,91,97,256931,0,0,214
"12017","5","SIC_0B","28","0",1981,"2","","Citrus County, Florida","Private","Mining Division","County, Industry Division -- by ownership sector","All establishment sizes",8,99,92,93,290499,0,0,236
"12017","5","SIC_0B","28","0",1981,"3","","Citrus County, Florida","Private","Mining Division","County, Industry Division -- by ownership sector","All establishment sizes",8,87,87,84,289774,0,0,259
"12017","5","SIC_0B","28","0",1981,"4","","Citrus County, Florida","Private","Mining Division","County, Industry Division -- by ownership sector","All establishment sizes",8,84,81,84,304786,0,0,282
"12017","5","SIC_0B14","29","0",1981,"1","","Citrus County, Florida","Private","SIC 14 Nonmetallic Minerals, Except Fuels","County, 2-digit SIC -- by ownership sector","All establishment sizes",8,88,91,97,256931,0,0,214
"12017","5","SIC_0B14","29","0",1981,"2","","Citrus County, Florida","Private","SIC 14 Nonmetallic Minerals, Except Fuels","County, 2-digit SIC -- by ownership sector","All establishment sizes",8,99,92,93,290499,0,0,236
"12017","5","SIC_0B14","29","0",1981,"3","","Citrus County, Florida","Private","SIC 14 Nonmetallic Minerals, Except Fuels","County, 2-digit SIC -- by ownership sector","All establishment sizes",8,87,87,84,289774,0,0,259
"12017","5","SIC_0B14","29","0",1981,"4","","Citrus County, Florida","Private","SIC 14 Nonmetallic Minerals, Except Fuels","County, 2-digit SIC -- by ownership sector","All establishment sizes",8,84,81,84,304786,0,0,282
"12017","5","SIC_0C","28","0",1981,"1","","Citrus County, Florida","Private","Construction Division","County, Industry Division -- by ownership sector","All establishment sizes",178,1413,1415,1470,5018087,0,0,269
"12017","5","SIC_0C","28","0",1981,"2","","Citrus County, Florida","Private","Construction Division","County, Industry Division -- by ownership sector","All establishment sizes",186,1541,1612,1683,6206151,0,0,296
"12017","5","SIC_0C","28","0",1981,"3","","Citrus County, Florida","Private","Construction Division","County, Industry Division -- by ownership sector","All establishment sizes",188,1588,1725,1699,7066980,0,0,325
"12017","5","SIC_0C","28","0",1981,"4","","Citrus County, Florida","Private","Construction Division","County, Industry Division -- by ownership sector","All establishment sizes",179,1553,1506,1481,6381934,0,0,324
"12017","5","SIC_0C15","29","0",1981,"1","","Citrus County, Florida","Private","SIC 15 General Building Contractors","County, 2-digit SIC -- by ownership sector","All establishment sizes",41,509,541,555,2158456,0,0,310
"12017","5","SIC_0C15","29","0",1981,"2","","Citrus County, Florida","Private","SIC 15 General Building Contractors","County, 2-digit SIC -- by ownership sector","All establishment sizes",41,570,570,553,2573746,0,0,350
"12017","5","SIC_0C15","29","0",1981,"3","","Citrus County, Florida","Private","SIC 15 General Building Contractors","County, 2-digit SIC -- by ownership sector","All establishment sizes",45,540,562,518,2277176,0,0,324
"12017","5","SIC_0C15","29","0",1981,"4","","Citrus County, Florida","Private","SIC 15 General Building Contractors","County, 2-digit SIC -- by ownership sector","All establishment sizes",38,488,489,481,2267132,0,0,358
"12017","5","SIC_0C16","29","0",1981,"1","","Citrus County, Florida","Private","SIC 16 Heavy Construction, ex. Building","County, 2-digit SIC -- by ownership sector","All establishment sizes",14,217,241,260,1139731,0,0,366
"12017","5","SIC_0C16","29","0",1981,"2","","Citrus County, Florida","Private","SIC 16 Heavy Construction, ex. Building","County, 2-digit SIC -- by ownership sector","All establishment sizes",15,275,315,354,1712075,0,0,418
"12017","5","SIC_0C16","29","0",1981,"3","","Citrus County, Florida","Private","SIC 16 Heavy Construction, ex. Building","County, 2-digit SIC -- by ownership sector","All establishment sizes",15,336,467,509,2864499,0,0,503
"12017","5","SIC_0C16","29","0",1981,"4","","Citrus County, Florida","Private","SIC 16 Heavy Construction, ex. Building","County, 2-digit SIC -- by ownership sector","All establishment sizes",15,406,344,332,2171500,0,0,463
"12017","5","SIC_0C17","29","0",1981,"1","","Citrus County, Florida","Private","SIC 17 Special Trade Contractors","County, 2-digit SIC -- by ownership sector","All establishment sizes",123,687,633,655,1719900,0,0,200
"12017","5","SIC_0C17","29","0",1981,"2","","Citrus County, Florida","Private","SIC 17 Special Trade Contractors","County, 2-digit SIC -- by ownership sector","All establishment sizes",130,696,727,776,1920330,0,0,201
"12017","5","SIC_0C17","29","0",1981,"3","","Citrus County, Florida","Private","SIC 17 Special Trade Contractors","County, 2-digit SIC -- by ownership sector","All establishment sizes",128,712,696,672,1925305,0,0,213
"12017","5","SIC_0C17","29","0",1981,"4","","Citrus County, Florida","Private","SIC 17 Special Trade Contractors","County, 2-digit SIC -- by ownership sector","All establishment sizes",126,659,673,668,1943302,0,0,224
"12017","5","SIC_0D","28","0",1981,"1","","Citrus County, Florida","Private","Manufacturing Division","County, Industry Division -- by ownership sector","All establishment sizes",32,469,468,475,1217118,0,0,198
"12017","5","SIC_0D","28","0",1981,"2","","Citrus County, Florida","Private","Manufacturing Division","County, Industry Division -- by ownership sector","All establishment sizes",33,465,516,544,1415694,0,0,214
"12017","5","SIC_0D","28","0",1981,"3","","Citrus County, Florida","Private","Manufacturing Division","County, Industry Division -- by ownership sector","All establishment sizes",32,522,523,473,1307271,0,0,198
"12017","5","SIC_0D","28","0",1981,"4","","Citrus County, Florida","Private","Manufacturing Division","County, Industry Division -- by ownership sector","All establishment sizes",32,485,475,471,1368202,0,0,220
"12017","5","SIC_0D20","29","0",1981,"1","N","Citrus County, Florida","Private","SIC 20 Food and Kindred Products","County, 2-digit SIC -- by ownership sector","All establishment sizes",0,0,0,0,0,0,0,0
"12017","5","SIC_0D20","29","0",1981,"2","N","Citrus County, Florida","Private","SIC 20 Food and Kindred Products","County, 2-digit SIC -- by ownership sector","All establishment sizes",0,0,0,0,0,0,0,0
"12017","5","SIC_0D20","29","0",1981,"3","N","Citrus County, Florida","Private","SIC 20 Food and Kindred Products","County, 2-digit SIC -- by ownership sector","All establishment sizes",0,0,0,0,0,0,0,0
"12017","5","SIC_0D20","29","0",1981,"4","N","Citrus County, Florida","Private","SIC 20 Food and Kindred Products","County, 2-digit SIC -- by ownership sector","All establishment sizes",0,0,0,0,0,0,0,0
"12017","5","SIC_0D22","29","0",1981,"1","N","Citrus County, Florida","Private","SIC 22 Textile Mill Products","County, 2-digit SIC -- by ownership sector","All establishment sizes",0,0,0,0,0,0,0,0
"12017","5","SIC_0D22","29","0",1981,"2","N","Citrus County, Florida","Private","SIC 22 Textile Mill Products","County, 2-digit SIC -- by ownership sector","All establishment sizes",0,0,0,0,0,0,0,0
"12017","5","SIC_0D22","29","0",1981,"3","N","Citrus County, Florida","Private","SIC 22 Textile Mill Products","County, 2-digit SIC -- by ownership sector","All establishment sizes",0,0,0,0,0,0,0,0
"12017","5","SIC_0D22","29","0",1981,"4","N","Citrus County, Florida","Private","SIC 22 Textile Mill Products","County, 2-digit SIC -- by ownership sector","All establishment sizes",0,0,0,0,0,0,0,0
"12017","5","SIC_0D23","29","0",1981,"1","N","Citrus County, Florida","Private","SIC 23 Apparel and Other Textile Products","County, 2-digit SIC -- by ownership sector","All establishment sizes",0,0,0,0,0,0,0,0
"12017","5","SIC_0D23","29","0",1981,"2","N","Citrus County, Florida","Private","SIC 23 Apparel and Other Textile Products","County, 2-digit SIC -- by ownership sector","All establishment sizes",0,0,0,0,0,0,0,0
"12017","5","SIC_0D23","29","0",1981,"3","N","Citrus County, Florida","Private","SIC 23 Apparel and Other Textile Products","County, 2-digit SIC -- by ownership sector","All establishment sizes",0,0,0,0,0,0,0,0
"12017","5","SIC_0D23","29","0",1981,"4","N","Citrus County, Florida","Private","SIC 23 Apparel and Other Textile Products","County, 2-digit SIC -- by ownership sector","All establishment sizes",0,0,0,0,0,0,0,0
"12017","5","SIC_0D24","29","0",1981,"1","","Citrus County, Florida","Private","SIC 24 Lumber and Wood Products","County, 2-digit SIC -- by ownership sector","All establishment sizes",5,58,57,54,133490,0,0,182
"12017","5","SIC_0D24","29","0",1981,"2","","Citrus County, Florida","Private","SIC 24 Lumber and Wood Products","County, 2-digit SIC -- by ownership sector","All establishment sizes",5,55,58,61,127280,0,0,168
"12017","5","SIC_0D24","29","0",1981,"3","","Citrus County, Florida","Private","SIC 24 Lumber and Wood Products","County, 2-digit SIC -- by ownership sector","All establishment sizes",5,47,50,51,108963,0,0,169
"12017","5","SIC_0D24","29","0",1981,"4","","Citrus County, Florida","Private","SIC 24 Lumber and Wood Products","County, 2-digit SIC -- by ownership sector","All establishment sizes",5,58,55,52,121359,0,0,169
"12017","5","SIC_0D27","29","0",1981,"1","","Citrus County, Florida","Private","SIC 27 Printing and Publishing","County, 2-digit SIC -- by ownership sector","All establishment sizes",8,91,95,94,203928,0,0,168
"12017","5","SIC_0D27","29","0",1981,"2","","Citrus County, Florida","Private","SIC 27 Printing and Publishing","County, 2-digit SIC -- by ownership sector","All establishment sizes",9,93,108,123,234774,0,0,167
"12017","5","SIC_0D27","29","0",1981,"3","","Citrus County, Florida","Private","SIC 27 Printing and Publishing","County, 2-digit SIC -- by ownership sector","All establishment sizes",9,119,116,108,276115,0,0,185
"12017","5","SIC_0D27","29","0",1981,"4","","Citrus County, Florida","Private","SIC 27 Printing and Publishing","County, 2-digit SIC -- by ownership sector","All establishment sizes",9,110,104,102,271898,0,0,198
"12017","5","SIC_0D28","29","0",1981,"1","","Citrus County, Florida","Private","SIC 28 Chemicals and Allied Products","County, 2-digit SIC -- by ownership sector","All establishment sizes",0,0,0,0,0,0,0,0
"12017","5","SIC_0D28","29","0",1981,"2","","Citrus County, Florida","Private","SIC 28 Chemicals and Allied Products","County, 2-digit SIC -- by ownership sector","All establishment sizes",0,0,0,0,0,0,0,0
"12017","5","SIC_0D28","29","0",1981,"3","N","Citrus County, Florida","Private","SIC 28 Chemicals and Allied Products","County, 2-digit SIC -- by ownership sector","All establishment sizes",0,0,0,0,0,0,0,0
"12017","5","SIC_0D28","29","0",1981,"4","N","Citrus County, Florida","Private","SIC 28 Chemicals and Allied Products","County, 2-digit SIC -- by ownership sector","All establishment sizes",0,0,0,0,0,0,0,0
"12017","5","SIC_0D29","29","0",1981,"1","N","Citrus County, Florida","Private","SIC 29 Petroleum and Coal Products","County, 2-digit SIC -- by ownership sector","All establishment sizes",0,0,0,0,0,0,0,0
"12017","5","SIC_0D29","29","0",1981,"2","N","Citrus County, Florida","Private","SIC 29 Petroleum and Coal Products","County, 2-digit SIC -- by ownership sector","All establishment sizes",0,0,0,0,0,0,0,0
"12017","5","SIC_0D29","29","0",1981,"3","N","Citrus County, Florida","Private","SIC 29 Petroleum and Coal Products","County, 2-digit SIC -- by ownership sector","All establishment sizes",0,0,0,0,0,0,0,0
"12017","5","SIC_0D29","29","0",1981,"4","N","Citrus County, Florida","Private","SIC 29 Petroleum and Coal Products","County, 2-digit SIC -- by ownership sector","All establishment sizes",0,0,0,0,0,0,0,0
"12017","5","SIC_0D30","29","0",1981,"1","N","Citrus County, Florida","Private","SIC 30 Rubber and Misc. Plastics Products","County, 2-digit SIC -- by ownership sector","All establishment sizes",0,0,0,0,0,0,0,0
"12017","5","SIC_0D30","29","0",1981,"2","N","Citrus County, Florida","Private","SIC 30 Rubber and Misc. Plastics Products","County, 2-digit SIC -- by ownership sector","All establishment sizes",0,0,0,0,0,0,0,0
"12017","5","SIC_0D30","29","0",1981,"3","N","Citrus County, Florida","Private","SIC 30 Rubber and Misc. Plastics Products","County, 2-digit SIC -- by ownership sector","All establishment sizes",0,0,0,0,0,0,0,0
"12017","5","SIC_0D30","29","0",1981,"4","N","Citrus County, Florida","Private","SIC 30 Rubber and Misc. Plastics Products","County, 2-digit SIC -- by ownership sector","All establishment sizes",0,0,0,0,0,0,0,0
"12017","5","SIC_0D32","29","0",1981,"1","","Citrus County, Florida","Private","SIC 32 Stone, Clay, and Glass Products","County, 2-digit SIC -- by ownership sector","All establishment sizes",7,53,64,61,174687,0,0,226
"12017","5","SIC_0D32","29","0",1981,"2","","Citrus County, Florida","Private","SIC 32 Stone, Clay, and Glass Products","County, 2-digit SIC -- by ownership sector","All establishment sizes",7,64,74,74,186041,0,0,202
"12017","5","SIC_0D32","29","0",1981,"3","","Citrus County, Florida","Private","SIC 32 Stone, Clay, and Glass Products","County, 2-digit SIC -- by ownership sector","All establishment sizes",7,73,72,63,177193,0,0,196
"12017","5","SIC_0D32","29","0",1981,"4","","Citrus County, Florida","Private","SIC 32 Stone, Clay, and Glass Products","County, 2-digit SIC -- by ownership sector","All establishment sizes",7,59,59,56,217200,0,0,288
"12017","5","SIC_0D34","29","0",1981,"1","N","Citrus County, Florida","Private","SIC 34 Fabricated Metal Products","County, 2-digit SIC -- by ownership sector","All establishment sizes",0,0,0,0,0,0,0,0
"12017","5","SIC_0D34","29","0",1981,"2","N","Citrus County, Florida","Private","SIC 34 Fabricated Metal Products","County, 2-digit SIC -- by ownership sector","All establishment sizes",0,0,0,0,0,0,0,0
"12017","5","SIC_0D34","29","0",1981,"3","N","Citrus County, Florida","Private","SIC 34 Fabricated Metal Products","County, 2-digit SIC -- by ownership sector","All establishment sizes",0,0,0,0,0,0,0,0
"12017","5","SIC_0D34","29","0",1981,"4","N","Citrus County, Florida","Private","SIC 34 Fabricated Metal Products","County, 2-digit SIC -- by ownership sector","All establishment sizes",0,0,0,0,0,0,0,0
"12017","5","SIC_0D35","29","0",1981,"1","N","Citrus County, Florida","Private","SIC 35 Industrial Machinery and Equipment","County, 2-digit SIC -- by ownership sector","All establishment sizes",0,0,0,0,0,0,0,0
"12017","5","SIC_0D35","29","0",1981,"2","N","Citrus County, Florida","Private","SIC 35 Industrial Machinery and Equipment","County, 2-digit SIC -- by ownership sector","All establishment sizes",0,0,0,0,0,0,0,0
"12017","5","SIC_0D35","29","0",1981,"3","","Citrus County, Florida","Private","SIC 35 Industrial Machinery and Equipment","County, 2-digit SIC -- by ownership sector","All establishment sizes",0,0,0,0,0,0,0,0
"12017","5","SIC_0D35","29","0",1981,"4","","Citrus County, Florida","Private","SIC 35 Industrial Machinery and Equipment","County, 2-digit SIC -- by ownership sector","All establishment sizes",0,0,0,0,0,0,0,0
"12017","5","SIC_0D37","29","0",1981,"1","N","Citrus County, Florida","Private","SIC 37 Transportation Equipment","County, 2-digit SIC -- by ownership sector","All establishment sizes",0,0,0,0,0,0,0,0
"12017","5","SIC_0D37","29","0",1981,"2","N","Citrus County, Florida","Private","SIC 37 Transportation Equipment","County, 2-digit SIC -- by ownership sector","All establishment sizes",0,0,0,0,0,0,0,0
"12017","5","SIC_0D37","29","0",1981,"3","N","Citrus County, Florida","Private","SIC 37 Transportation Equipment","County, 2-digit SIC -- by ownership sector","All establishment sizes",0,0,0,0,0,0,0,0
"12017","5","SIC_0D37","29","0",1981,"4","N","Citrus County, Florida","Private","SIC 37 Transportation Equipment","County, 2-digit SIC -- by ownership sector","All establishment sizes",0,0,0,0,0,0,0,0
"12017","5","SIC_0D38","29","0",1981,"1","","Citrus County, Florida","Private","SIC 38 Instruments and Related Products","County, 2-digit SIC -- by ownership sector","All establishment sizes",0,0,0,0,0,0,0,0
"12017","5","SIC_0D38","29","0",1981,"2","","Citrus County, Florida","Private","SIC 38 Instruments and Related Products","County, 2-digit SIC -- by ownership sector","All establishment sizes",0,0,0,0,0,0,0,0
"12017","5","SIC_0D38","29","0",1981,"3","","Citrus County, Florida","Private","SIC 38 Instruments and Related Products","County, 2-digit SIC -- by ownership sector","All establishment sizes",0,0,0,0,0,0,0,0
"12017","5","SIC_0D38","29","0",1981,"4","N","Citrus County, Florida","Private","SIC 38 Instruments and Related Products","County, 2-digit SIC -- by ownership sector","All establishment sizes",0,0,0,0,0,0,0,0
"12017","5","SIC_0D39","29","0",1981,"1","N","Citrus County, Florida","Private","SIC 39 Miscellaneous Manufacturing Industries","County, 2-digit SIC -- by ownership sector","All establishment sizes",0,0,0,0,0,0,0,0
"12017","5","SIC_0D39","29","0",1981,"2","N","Citrus County, Florida","Private","SIC 39 Miscellaneous Manufacturing Industries","County, 2-digit SIC -- by ownership sector","All establishment sizes",0,0,0,0,0,0,0,0
"12017","5","SIC_0D39","29","0",1981,"3","N","Citrus County, Florida","Private","SIC 39 Miscellaneous Manufacturing Industries","County, 2-digit SIC -- by ownership sector","All establishment sizes",0,0,0,0,0,0,0,0
"12017","5","SIC_0D39","29","0",1981,"4","N","Citrus County, Florida","Private","SIC 39 Miscellaneous Manufacturing Industries","County, 2-digit SIC -- by ownership sector","All establishment sizes",0,0,0,0,0,0,0,0
"12017","5","SIC_0E","28","0",1981,"1","","Citrus County, Florida","Private","Transportation and Public Utilities Division","County, Industry Division -- by ownership sector","All establishment sizes",33,800,818,843,4345100,0,0,407
"12017","5","SIC_0E","28","0",1981,"2","","Citrus County, Florida","Private","Transportation and Public Utilities Division","County, Industry Division -- by ownership sector","All establishment sizes",33,860,865,878,4847182,0,0,429
"12017","5","SIC_0E","28","0",1981,"3","","Citrus County, Florida","Private","Transportation and Public Utilities Division","County, Industry Division -- by ownership sector","All establishment sizes",32,906,921,942,5719831,0,0,476
"12017","5","SIC_0E","28","0",1981,"4","","Citrus County, Florida","Private","Transportation and Public Utilities Division","County, Industry Division -- by ownership sector","All establishment sizes",34,1031,1068,1069,7223316,0,0,526
"12017","5","SIC_0E42","29","0",1981,"1","","Citrus County, Florida","Private","SIC 42 Trucking And Warehousing","County, 2-digit SIC -- by ownership sector","All establishment sizes",11,49,51,52,138305,0,0,209
"12017","5","SIC_0E42","29","0",1981,"2","","Citrus County, Florida","Private","SIC 42 Trucking And Warehousing","County, 2-digit SIC -- by ownership sector","All establishment sizes",11,59,59,61,191496,0,0,246
"12017","5","SIC_0E42","29","0",1981,"3","","Citrus County, Florida","Private","SIC 42 Trucking And Warehousing","County, 2-digit SIC -- by ownership sector","All establishment sizes",11,67,70,68,301177,0,0,339
"12017","5","SIC_0E42","29","0",1981,"4","","Citrus County, Florida","Private","SIC 42 Trucking And Warehousing","County, 2-digit SIC -- by ownership sector","All establishment sizes",13,75,76,63,185457,0,0,199
"12017","5","SIC_0E44","29","0",1981,"1","","Citrus County, Florida","Private","SIC 44 Water Transportation","County, 2-digit SIC -- by ownership sector","All establishment sizes",5,21,20,22,45825,0,0,167
"12017","5","SIC_0E44","29","0",1981,"2","","Citrus County, Florida","Private","SIC 44 Water Transportation","County, 2-digit SIC -- by ownership sector","All establishment sizes",5,23,25,25,66437,0,0,210
"12017","5","SIC_0E44","29","0",1981,"3","","Citrus County, Florida","Private","SIC 44 Water Transportation","County, 2-digit SIC -- by ownership sector","All establishment sizes",5,24,25,25,66491,0,0,207
"12017","5","SIC_0E44","29","0",1981,"4","","Citrus County, Florida","Private","SIC 44 Water Transportation","County, 2-digit SIC -- by ownership sector","All establishment sizes",5,22,23,27,55896,0,0,179
"12017","5","SIC_0E47","29","0",1981,"1","","Citrus County, Florida","Private","SIC 47 Transportation Services","County, 2-digit SIC -- by ownership sector","All establishment sizes",4,16,17,13,31146,0,0,156
"12017","5","SIC_0E47","29","0",1981,"2","","Citrus County, Florida","Private","SIC 47 Transportation Services","County, 2-digit SIC -- by ownership sector","All establishment sizes",4,14,14,14,29375,0,0,161
"12017","5","SIC_0E47","29","0",1981,"3","","Citrus County, Florida","Private","SIC 47 Transportation Services","County, 2-digit SIC -- by ownership sector","All establishment sizes",5,17,18,17,30597,0,0,135
"12017","5","SIC_0E47","29","0",1981,"4","","Citrus County, Florida","Private","SIC 47 Transportation Services","County, 2-digit SIC -- by ownership sector","All establishment sizes",5,18,19,19,36991,0,0,152
"12017","5","SIC_0E48","29","0",1981,"1","","Citrus County, Florida","Private","SIC 48 Communication","County, 2-digit SIC -- by ownership sector","All establishment sizes",6,119,116,118,478796,0,0,313
"12017","5","SIC_0E48","29","0",1981,"2","","Citrus County, Florida","Private","SIC 48 Communication","County, 2-digit SIC -- by ownership sector","All establishment sizes",6,119,122,122,542233,0,0,344
"12017","5","SIC_0E48","29","0",1981,"3","","Citrus County, Florida","Private","SIC 48 Communication","County, 2-digit SIC -- by ownership sector","All establishment sizes",6,129,127,132,559859,0,0,332
"12017","5","SIC_0E48","29","0",1981,"4","","Citrus County, Florida","Private","SIC 48 Communication","County, 2-digit SIC -- by ownership sector","All establishment sizes",6,137,141,141,648250,0,0,357
"12017","5","SIC_0E49","29","0",1981,"1","","Citrus County, Florida","Private","SIC 49 Electric, Gas, And Sanitary Services","County, 2-digit SIC -- by ownership sector","All establishment sizes",7,595,614,638,3651028,0,0,456
"12017","5","SIC_0E49","29","0",1981,"2","","Citrus County, Florida","Private","SIC 49 Electric, Gas, And Sanitary Services","County, 2-digit SIC -- by ownership sector","All establishment sizes",7,645,645,656,4017641,0,0,476
"12017","5","SIC_0E49","29","0",1981,"3","","Citrus County, Florida","Private","SIC 49 Electric, Gas, And Sanitary Services","County, 2-digit SIC -- by ownership sector","All establishment sizes",5,669,681,700,4761707,0,0,536
"12017","5","SIC_0E49","29","0",1981,"4","","Citrus County, Florida","Private","SIC 49 Electric, Gas, And Sanitary Services","County, 2-digit SIC -- by ownership sector","All establishment sizes",5,779,809,819,6296722,0,0,603
"12017","5","SIC_0F","28","0",1981,"1","","Citrus County, Florida","Private","Wholesale Trade Division","County, Industry Division -- by ownership sector","All establishment sizes",45,178,189,185,480261,0,0,200
"12017","5","SIC_0F","28","0",1981,"2","","Citrus County, Florida","Private","Wholesale Trade Division","County, Industry Division -- by ownership sector","All establishment sizes",41,196,191,187,522447,0,0,210
"12017","5","SIC_0F","28","0",1981,"3","","Citrus County, Florida","Private","Wholesale Trade Division","County, Industry Division -- by ownership sector","All establishment sizes",41,186,191,194,548436,0,0,221
"12017","5","SIC_0F","28","0",1981,"4","","Citrus County, Florida","Private","Wholesale Trade Division","County, Industry Division -- by ownership sector","All establishment sizes",41,187,183,182,564775,0,0,236
"12017","5","SIC_0F50","29","0",1981,"1","","Citrus County, Florida","Private","SIC 50 Wholesale Trade Durable Goods","County, 2-digit SIC -- by ownership sector","All establishment sizes",31,113,119,117,282447,0,0,186
"12017","5","SIC_0F50","29","0",1981,"2","","Citrus County, Florida","Private","SIC 50 Wholesale Trade Durable Goods","County, 2-digit SIC -- by ownership sector","All establishment sizes",27,122,117,118,315445,0,0,203
"12017","5","SIC_0F50","29","0",1981,"3","","Citrus County, Florida","Private","SIC 50 Wholesale Trade Durable Goods","County, 2-digit SIC -- by ownership sector","All establishment sizes",27,119,122,121,340339,0,0,216
"12017","5","SIC_0F50","29","0",1981,"4","","Citrus County, Florida","Private","SIC 50 Wholesale Trade Durable Goods","County, 2-digit SIC -- by ownership sector","All establishment sizes",27,117,118,120,366569,0,0,238
"12017","5","SIC_0F51","29","0",1981,"1","","Citrus County, Florida","Private","SIC 51 Wholesale Trade Nondurable Goods","County, 2-digit SIC -- by ownership sector","All establishment sizes",14,65,70,68,197814,0,0,224
"12017","5","SIC_0F51","29","0",1981,"2","","Citrus County, Florida","Private","SIC 51 Wholesale Trade Nondurable Goods","County, 2-digit SIC -- by ownership sector","All establishment sizes",14,74,74,69,207002,0,0,220
"12017","5","SIC_0F51","29","0",1981,"3","","Citrus County, Florida","Private","SIC 51 Wholesale Trade Nondurable Goods","County, 2-digit SIC -- by ownership sector","All establishment sizes",14,67,69,73,208097,0,0,229
"12017","5","SIC_0F51","29","0",1981,"4","","Citrus County, Florida","Private","SIC 51 Wholesale Trade Nondurable Goods","County, 2-digit SIC -- by ownership sector","All establishment sizes",14,70,65,62,198206,0,0,232
"12017","5","SIC_0G","28","0",1981,"1","","Citrus County, Florida","Private","Retail Trade Division","County, Industry Division -- by ownership sector","All establishment sizes",276,2738,2711,2739,4847931,0,0,136
"12017","5","SIC_0G","28","0",1981,"2","","Citrus County, Florida","Private","Retail Trade Division","County, Industry Division -- by ownership sector","All establishment sizes",284,2903,2902,2857,5288408,0,0,140
"12017","5","SIC_0G","28","0",1981,"3","","Citrus County, Florida","Private","Retail Trade Division","County, Industry Division -- by ownership sector","All establishment sizes",282,2571,2581,2722,5105494,0,0,149
"12017","5","SIC_0G","28","0",1981,"4","","Citrus County, Florida","Private","Retail Trade Division","County, Industry Division -- by ownership sector","All establishment sizes",297,2743,2799,2842,5541076,0,0,152
"12017","5","SIC_0G52","29","0",1981,"1","","Citrus County, Florida","Private","SIC 52 Building Materials and Garden Supplies","County, 2-digit SIC -- by ownership sector","All establishment sizes",30,205,200,214,495487,0,0,184
"12017","5","SIC_0G52","29","0",1981,"2","","Citrus County, Florida","Private","SIC 52 Building Materials and Garden Supplies","County, 2-digit SIC -- by ownership sector","All establishment sizes",31,223,236,241,516106,0,0,170
"12017","5","SIC_0G52","29","0",1981,"3","","Citrus County, Florida","Private","SIC 52 Building Materials and Garden Supplies","County, 2-digit SIC -- by ownership sector","All establishment sizes",30,244,246,254,546026,0,0,169
"12017","5","SIC_0G52","29","0",1981,"4","","Citrus County, Florida","Private","SIC 52 Building Materials and Garden Supplies","County, 2-digit SIC -- by ownership sector","All establishment sizes",32,251,234,228,589907,0,0,190
"12017","5","SIC_0G53","29","0",1981,"1","","Citrus County, Florida","Private","SIC 53 General Merchandise Stores","County, 2-digit SIC -- by ownership sector","All establishment sizes",7,212,210,211,313421,0,0,114
"12017","5","SIC_0G53","29","0",1981,"2","","Citrus County, Florida","Private","SIC 53 General Merchandise Stores","County, 2-digit SIC -- by ownership sector","All establishment sizes",7,229,221,217,339518,0,0,117
"12017","5","SIC_0G53","29","0",1981,"3","","Citrus County, Florida","Private","SIC 53 General Merchandise Stores","County, 2-digit SIC -- by ownership sector","All establishment sizes",7,200,201,211,309425,0,0,116
"12017","5","SIC_0G53","29","0",1981,"4","","Citrus County, Florida","Private","SIC 53 General Merchandise Stores","County, 2-digit SIC -- by ownership sector","All establishment sizes",7,208,228,231,364199,0,0,126
"12017","5","SIC_0G54","29","0",1981,"1","","Citrus County, Florida","Private","SIC 54 Food Stores","County, 2-digit SIC -- by ownership sector","All establishment sizes",30,681,672,656,1247097,0,0,143
"12017","5","SIC_0G54","29","0",1981,"2","","Citrus County, Florida","Private","SIC 54 Food Stores","County, 2-digit SIC -- by ownership sector","All establishment sizes",31,639,621,615,1344447,0,0,165
"12017","5","SIC_0G54","29","0",1981,"3","","Citrus County, Florida","Private","SIC 54 Food Stores","County, 2-digit SIC -- by ownership sector","All establishment sizes",33,563,582,612,1340216,0,0,176
"12017","5","SIC_0G54","29","0",1981,"4","","Citrus County, Florida","Private","SIC 54 Food Stores","County, 2-digit SIC -- by ownership sector","All establishment sizes",33,632,657,657,1437922,0,0,170
"12017","5","SIC_0G55","29","0",1981,"1","","Citrus County, Florida","Private","SIC 55 Automotive Dealers and Service Stations","County, 2-digit SIC -- by ownership sector","All establishment sizes",49,282,281,283,719437,0,0,196
"12017","5","SIC_0G55","29","0",1981,"2","","Citrus County, Florida","Private","SIC 55 Automotive Dealers and Service Stations","County, 2-digit SIC -- by ownership sector","All establishment sizes",48,300,310,324,806990,0,0,199
"12017","5","SIC_0G55","29","0",1981,"3","","Citrus County, Florida","Private","SIC 55 Automotive Dealers and Service Stations","County, 2-digit SIC -- by ownership sector","All establishment sizes",48,303,300,309,833200,0,0,210
"12017","5","SIC_0G55","29","0",1981,"4","","Citrus County, Florida","Private","SIC 55 Automotive Dealers and Service Stations","County, 2-digit SIC -- by ownership sector","All establishment sizes",50,320,324,322,877918,0,0,209
"12017","5","SIC_0G56","29","0",1981,"1","","Citrus County, Florida","Private","SIC 56 Apparel and Accessory Stores","County, 2-digit SIC -- by ownership sector","All establishment sizes",23,105,99,104,148467,0,0,111
"12017","5","SIC_0G56","29","0",1981,"2","","Citrus County, Florida","Private","SIC 56 Apparel and Accessory Stores","County, 2-digit SIC -- by ownership sector","All establishment sizes",22,104,104,101,150924,0,0,112
"12017","5","SIC_0G56","29","0",1981,"3","","Citrus County, Florida","Private","SIC 56 Apparel and Accessory Stores","County, 2-digit SIC -- by ownership sector","All establishment sizes",22,92,96,98,151917,0,0,122
"12017","5","SIC_0G56","29","0",1981,"4","","Citrus County, Florida","Private","SIC 56 Apparel and Accessory Stores","County, 2-digit SIC -- by ownership sector","All establishment sizes",22,104,103,111,194527,0,0,141
"12017","5","SIC_0G57","29","0",1981,"1","","Citrus County, Florida","Private","SIC 57 Furniture and Homefurnishings Stores","County, 2-digit SIC -- by ownership sector","All establishment sizes",35,253,248,257,483594,0,0,147
"12017","5","SIC_0G57","29","0",1981,"2","","Citrus County, Florida","Private","SIC 57 Furniture and Homefurnishings Stores","County, 2-digit SIC -- by ownership sector","All establishment sizes",36,258,257,266,486675,0,0,143
"12017","5","SIC_0G57","29","0",1981,"3","","Citrus County, Florida","Private","SIC 57 Furniture and Homefurnishings Stores","County, 2-digit SIC -- by ownership sector","All establishment sizes",36,130,129,123,322731,0,0,194
"12017","5","SIC_0G57","29","0",1981,"4","","Citrus County, Florida","Private","SIC 57 Furniture and Homefurnishings Stores","County, 2-digit SIC -- by ownership sector","All establishment sizes",36,143,144,155,342273,0,0,178
"12017","5","SIC_0G58","29","0",1981,"1","","Citrus County, Florida","Private","SIC 58 Eating and Drinking Places","County, 2-digit SIC -- by ownership sector","All establishment sizes",59,752,762,766,893165,0,0,90
"12017","5","SIC_0G58","29","0",1981,"2","","Citrus County, Florida","Private","SIC 58 Eating and Drinking Places","County, 2-digit SIC -- by ownership sector","All establishment sizes",66,907,911,854,1077024,0,0,93
"12017","5","SIC_0G58","29","0",1981,"3","","Citrus County, Florida","Private","SIC 58 Eating and Drinking Places","County, 2-digit SIC -- by ownership sector","All establishment sizes",62,797,782,865,1041859,0,0,98
"12017","5","SIC_0G58","29","0",1981,"4","","Citrus County, Florida","Private","SIC 58 Eating and Drinking Places","County, 2-digit SIC -- by ownership sector","All establishment sizes",72,831,850,872,1100544,0,0,99
"12017","5","SIC_0G59","29","0",1981,"1","","Citrus County, Florida","Private","SIC 59 Miscellaneous Retail","County, 2-digit SIC -- by ownership sector","All establishment sizes",43,248,239,248,547263,0,0,171
"12017","5","SIC_0G59","29","0",1981,"2","","Citrus County, Florida","Private","SIC 59 Miscellaneous Retail","County, 2-digit SIC -- by ownership sector","All establishment sizes",43,243,242,239,566724,0,0,180
"12017","5","SIC_0G59","29","0",1981,"3","","Citrus County, Florida","Private","SIC 59 Miscellaneous Retail","County, 2-digit SIC -- by ownership sector","All establishment sizes",44,242,245,250,560120,0,0,175
"12017","5","SIC_0G59","29","0",1981,"4","","Citrus County, Florida","Private","SIC 59 Miscellaneous Retail","County, 2-digit SIC -- by ownership sector","All establishment sizes",45,254,259,266,633786,0,0,187
"12017","5","SIC_0H","28","0",1981,"1","","Citrus County, Florida","Private","Finance, Insurance, and Real Estate Division","County, Industry Division -- by ownership sector","All establishment sizes",88,523,518,529,1448056,0,0,212
"12017","5","SIC_0H","28","0",1981,"2","","Citrus County, Florida","Private","Finance, Insurance, and Real Estate Division","County, Industry Division -- by ownership sector","All establishment sizes",89,540,543,558,1545126,0,0,217
"12017","5","SIC_0H","28","0",1981,"3","","Citrus County, Florida","Private","Finance, Insurance, and Real Estate Division","County, Industry Division -- by ownership sector","All establishment sizes",91,555,556,558,1644763,0,0,227
"12017","5","SIC_0H","28","0",1981,"4","","Citrus County, Florida","Private","Finance, Insurance, and Real Estate Division","County, Industry Division -- by ownership sector","All establishment sizes",90,550,542,550,1810256,0,0,254
"12017","5","SIC_0H60","29","0",1981,"1","","Citrus County, Florida","Private","SIC 60 Depository Institutions","County, 2-digit SIC -- by ownership sector","All establishment sizes",5,217,217,225,558606,0,0,195
"12017","5","SIC_0H60","29","0",1981,"2","","Citrus County, Florida","Private","SIC 60 Depository Institutions","County, 2-digit SIC -- by ownership sector","All establishment sizes",5,219,222,223,566394,0,0,196
"12017","5","SIC_0H60","29","0",1981,"3","","Citrus County, Florida","Private","SIC 60 Depository Institutions","County, 2-digit SIC -- by ownership sector","All establishment sizes",5,230,230,230,586914,0,0,196
"12017","5","SIC_0H60","29","0",1981,"4","","Citrus County, Florida","Private","SIC 60 Depository Institutions","County, 2-digit SIC -- by ownership sector","All establishment sizes",5,225,226,231,673212,0,0,227
"12017","5","SIC_0H61","29","0",1981,"1","","Citrus County, Florida","Private","SIC 61 Nondepository Institutions","County, 2-digit SIC -- by ownership sector","All establishment sizes",4,79,79,78,234384,0,0,229
"12017","5","SIC_0H61","29","0",1981,"2","","Citrus County, Florida","Private","SIC 61 Nondepository Institutions","County, 2-digit SIC -- by ownership sector","All establishment sizes",4,80,77,76,234086,0,0,231
"12017","5","SIC_0H61","29","0",1981,"3","","Citrus County, Florida","Private","SIC 61 Nondepository Institutions","County, 2-digit SIC -- by ownership sector","All establishment sizes",4,75,72,73,254813,0,0,267
"12017","5","SIC_0H61","29","0",1981,"4","","Citrus County, Florida","Private","SIC 61 Nondepository Institutions","County, 2-digit SIC -- by ownership sector","All establishment sizes",5,76,77,81,272350,0,0,268
"12017","5","SIC_0H62","29","0",1981,"1","N","Citrus County, Florida","Private","SIC 62 Security and Commodity Brokers","County, 2-digit SIC -- by ownership sector","All establishment sizes",0,0,0,0,0,0,0,0
"12017","5","SIC_0H62","29","0",1981,"2","N","Citrus County, Florida","Private","SIC 62 Security and Commodity Brokers","County, 2-digit SIC -- by ownership sector","All establishment sizes",0,0,0,0,0,0,0,0
"12017","5","SIC_0H62","29","0",1981,"3","N","Citrus County, Florida","Private","SIC 62 Security and Commodity Brokers","County, 2-digit SIC -- by ownership sector","All establishment sizes",0,0,0,0,0,0,0,0
"12017","5","SIC_0H62","29","0",1981,"4","N","Citrus County, Florida","Private","SIC 62 Security and Commodity Brokers","County, 2-digit SIC -- by ownership sector","All establishment sizes",0,0,0,0,0,0,0,0
"12017","5","SIC_0H63","29","0",1981,"1","","Citrus County, Florida","Private","SIC 63 Insurance Carriers","County, 2-digit SIC -- by ownership sector","All establishment sizes",7,45,47,48,114242,0,0,188
"12017","5","SIC_0H63","29","0",1981,"2","","Citrus County, Florida","Private","SIC 63 Insurance Carriers","County, 2-digit SIC -- by ownership sector","All establishment sizes",7,48,54,63,144822,0,0,202
"12017","5","SIC_0H63","29","0",1981,"3","","Citrus County, Florida","Private","SIC 63 Insurance Carriers","County, 2-digit SIC -- by ownership sector","All establishment sizes",8,54,51,51,120394,0,0,178
"12017","5","SIC_0H63","29","0",1981,"4","","Citrus County, Florida","Private","SIC 63 Insurance Carriers","County, 2-digit SIC -- by ownership sector","All establishment sizes",7,50,49,47,135259,0,0,213
"12017","5","SIC_0H64","29","0",1981,"1","","Citrus County, Florida","Private","SIC 64 Insurance Agents, Brokers, and Service","County, 2-digit SIC -- by ownership sector","All establishment sizes",10,43,41,42,134748,0,0,246
"12017","5","SIC_0H64","29","0",1981,"2","","Citrus County, Florida","Private","SIC 64 Insurance Agents, Brokers, and Service","County, 2-digit SIC -- by ownership sector","All establishment sizes",10,45,43,46,140035,0,0,241
"12017","5","SIC_0H64","29","0",1981,"3","","Citrus County, Florida","Private","SIC 64 Insurance Agents, Brokers, and Service","County, 2-digit SIC -- by ownership sector","All establishment sizes",10,43,48,48,146399,0,0,243
"12017","5","SIC_0H64","29","0",1981,"4","","Citrus County, Florida","Private","SIC 64 Insurance Agents, Brokers, and Service","County, 2-digit SIC -- by ownership sector","All establishment sizes",10,46,48,48,151333,0,0,245
"12017","5","SIC_0H65","29","0",1981,"1","","Citrus County, Florida","Private","SIC 65 Real Estate","County, 2-digit SIC -- by ownership sector","All establishment sizes",57,113,111,114,339302,0,0,231
"12017","5","SIC_0H65","29","0",1981,"2","","Citrus County, Florida","Private","SIC 65 Real Estate","County, 2-digit SIC -- by ownership sector","All establishment sizes",58,130,127,130,390711,0,0,232
"12017","5","SIC_0H65","29","0",1981,"3","","Citrus County, Florida","Private","SIC 65 Real Estate","County, 2-digit SIC -- by ownership sector","All establishment sizes",58,131,136,137,483587,0,0,276
"12017","5","SIC_0H65","29","0",1981,"4","","Citrus County, Florida","Private","SIC 65 Real Estate","County, 2-digit SIC -- by ownership sector","All establishment sizes",57,129,121,120,501925,0,0,313
"12017","5","SIC_0H66","29","0",1981,"1","N","Citrus County, Florida","Private","1972 SIC 66 Combined Real Estate, Insurance, Etc","County, 2-digit SIC -- by ownership sector","All establishment sizes",0,0,0,0,0,0,0,0
"12017","5","SIC_0H66","29","0",1981,"2","N","Citrus County, Florida","Private","1972 SIC 66 Combined Real Estate, Insurance, Etc","County, 2-digit SIC -- by ownership sector","All establishment sizes",0,0,0,0,0,0,0,0
"12017","5","SIC_0H66","29","0",1981,"3","N","Citrus County, Florida","Private","1972 SIC 66 Combined Real Estate, Insurance, Etc","County, 2-digit SIC -- by ownership sector","All establishment sizes",0,0,0,0,0,0,0,0
"12017","5","SIC_0H66","29","0",1981,"4","N","Citrus County, Florida","Private","1972 SIC 66 Combined Real Estate, Insurance, Etc","County, 2-digit SIC -- by ownership sector","All establishment sizes",0,0,0,0,0,0,0,0
"12017","5","SIC_0H67","29","0",1981,"1","N","Citrus County, Florida","Private","SIC 67 Holding and Other Investment Offices","County, 2-digit SIC -- by ownership sector","All establishment sizes",0,0,0,0,0,0,0,0
"12017","5","SIC_0H67","29","0",1981,"2","N","Citrus County, Florida","Private","SIC 67 Holding and Other Investment Offices","County, 2-digit SIC -- by ownership sector","All establishment sizes",0,0,0,0,0,0,0,0
"12017","5","SIC_0H67","29","0",1981,"3","","Citrus County, Florida","Private","SIC 67 Holding and Other Investment Offices","County, 2-digit SIC -- by ownership sector","All establishment sizes",3,10,8,9,15999,0,0,136
"12017","5","SIC_0H67","29","0",1981,"4","","Citrus County, Florida","Private","SIC 67 Holding and Other Investment Offices","County, 2-digit SIC -- by ownership sector","All establishment sizes",3,12,10,13,21798,0,0,143
"12017","5","SIC_0I","28","0",1981,"1","","Citrus County, Florida","Private","Services Division","County, Industry Division -- by ownership sector","All establishment sizes",257,2384,2404,2454,6909917,0,0,220
"12017","5","SIC_0I","28","0",1981,"2","","Citrus County, Florida","Private","Services Division","County, Industry Division -- by ownership sector","All establishment sizes",274,2603,2580,2555,7542803,0,0,224
"12017","5","SIC_0I","28","0",1981,"3","","Citrus County, Florida","Private","Services Division","County, Industry Division -- by ownership sector","All establishment sizes",286,2652,2677,2645,7553988,0,0,218
"12017","5","SIC_0I","28","0",1981,"4","","Citrus County, Florida","Private","Services Division","County, Industry Division -- by ownership sector","All establishment sizes",295,2611,2656,2697,8042577,0,0,233
"12017","5","SIC_0I70","29","0",1981,"1","","Citrus County, Florida","Private","SIC 70 Hotels and Other Lodging Places","County, 2-digit SIC -- by ownership sector","All establishment sizes",18,600,613,634,996952,0,0,124
"12017","5","SIC_0I70","29","0",1981,"2","","Citrus County, Florida","Private","SIC 70 Hotels and Other Lodging Places","County, 2-digit SIC -- by ownership sector","All establishment sizes",18,585,585,579,1071404,0,0,141
"12017","5","SIC_0I70","29","0",1981,"3","","Citrus County, Florida","Private","SIC 70 Hotels and Other Lodging Places","County, 2-digit SIC -- by ownership sector","All establishment sizes",21,579,591,598,1068470,0,0,139
"12017","5","SIC_0I70","29","0",1981,"4","","Citrus County, Florida","Private","SIC 70 Hotels and Other Lodging Places","County, 2-digit SIC -- by ownership sector","All establishment sizes",22,566,593,605,1073906,0,0,140
"12017","5","SIC_0I72","29","0",1981,"1","","Citrus County, Florida","Private","SIC 72 Personal Services","County, 2-digit SIC -- by ownership sector","All establishment sizes",33,109,111,121,191811,0,0,129
"12017","5","SIC_0I72","29","0",1981,"2","","Citrus County, Florida","Private","SIC 72 Personal Services","County, 2-digit SIC -- by ownership sector","All establishment sizes",34,136,132,125,212098,0,0,124
"12017","5","SIC_0I72","29","0",1981,"3","","Citrus County, Florida","Private","SIC 72 Personal Services","County, 2-digit SIC -- by ownership sector","All establishment sizes",34,118,123,125,203878,0,0,128
"12017","5","SIC_0I72","29","0",1981,"4","","Citrus County, Florida","Private","SIC 72 Personal Services","County, 2-digit SIC -- by ownership sector","All establishment sizes",34,132,131,132,240114,0,0,140
"12017","5","SIC_0I73","29","0",1981,"1","","Citrus County, Florida","Private","SIC 73 Business Services","County, 2-digit SIC -- by ownership sector","All establishment sizes",31,223,240,255,648255,0,0,208
"12017","5","SIC_0I73","29","0",1981,"2","","Citrus County, Florida","Private","SIC 73 Business Services","County, 2-digit SIC -- by ownership sector","All establishment sizes",34,256,237,221,721026,0,0,233
"12017","5","SIC_0I73","29","0",1981,"3","","Citrus County, Florida","Private","SIC 73 Business Services","County, 2-digit SIC -- by ownership sector","All establishment sizes",32,254,255,255,667817,0,0,201
"12017","5","SIC_0I73","29","0",1981,"4","","Citrus County, Florida","Private","SIC 73 Business Services","County, 2-digit SIC -- by ownership sector","All establishment sizes",34,257,263,257,665705,0,0,197
"12017","5","SIC_0I75","29","0",1981,"1","","Citrus County, Florida","Private","SIC 75 Auto Repair, Services, and Parking","County, 2-digit SIC -- by ownership sector","All establishment sizes",18,50,55,53,136613,0,0,199
"12017","5","SIC_0I75","29","0",1981,"2","","Citrus County, Florida","Private","SIC 75 Auto Repair, Services, and Parking","County, 2-digit SIC -- by ownership sector","All establishment sizes",20,57,56,59,161253,0,0,216
"12017","5","SIC_0I75","29","0",1981,"3","","Citrus County, Florida","Private","SIC 75 Auto Repair, Services, and Parking","County, 2-digit SIC -- by ownership sector","All establishment sizes",21,63,64,64,155617,0,0,188
"12017","5","SIC_0I75","29","0",1981,"4","","Citrus County, Florida","Private","SIC 75 Auto Repair, Services, and Parking","County, 2-digit SIC -- by ownership sector","All establishment sizes",20,59,59,59,146446,0,0,190
"12017","5","SIC_0I76","29","0",1981,"1","","Citrus County, Florida","Private","SIC 76 Miscellaneous Repair Services","County, 2-digit SIC -- by ownership sector","All establishment sizes",8,24,24,22,54539,0,0,179
"12017","5","SIC_0I76","29","0",1981,"2","","Citrus County, Florida","Private","SIC 76 Miscellaneous Repair Services","County, 2-digit SIC -- by ownership sector","All establishment sizes",8,23,25,24,52805,0,0,169
"12017","5","SIC_0I76","29","0",1981,"3","","Citrus County, Florida","Private","SIC 76 Miscellaneous Repair Services","County, 2-digit SIC -- by ownership sector","All establishment sizes",8,25,34,26,74012,0,0,200
"12017","5","SIC_0I76","29","0",1981,"4","","Citrus County, Florida","Private","SIC 76 Miscellaneous Repair Services","County, 2-digit SIC -- by ownership sector","All establishment sizes",8,25,26,25,75347,0,0,228
"12017","5","SIC_0I78","29","0",1981,"1","","Citrus County, Florida","Private","SIC 78 Motion Pictures","County, 2-digit SIC -- by ownership sector","All establishment sizes",4,19,18,18,45007,0,0,188
"12017","5","SIC_0I78","29","0",1981,"2","","Citrus County, Florida","Private","SIC 78 Motion Pictures","County, 2-digit SIC -- by ownership sector","All establishment sizes",4,17,17,16,38921,0,0,179
"12017","5","SIC_0I78","29","0",1981,"3","","Citrus County, Florida","Private","SIC 78 Motion Pictures","County, 2-digit SIC -- by ownership sector","All establishment sizes",4,16,20,19,41206,0,0,172
"12017","5","SIC_0I78","29","0",1981,"4","","Citrus County, Florida","Private","SIC 78 Motion Pictures","County, 2-digit SIC -- by ownership sector","All establishment sizes",5,24,23,24,51179,0,0,166
"12017","5","SIC_0I79","29","0",1981,"1","","Citrus County, Florida","Private","SIC 79 Amusement and Recreation Services","County, 2-digit SIC -- by ownership sector","All establishment sizes",10,174,172,171,286574,0,0,127
"12017","5","SIC_0I79","29","0",1981,"2","","Citrus County, Florida","Private","SIC 79 Amusement and Recreation Services","County, 2-digit SIC -- by ownership sector","All establishment sizes",10,174,173,172,207672,0,0,92
"12017","5","SIC_0I79","29","0",1981,"3","","Citrus County, Florida","Private","SIC 79 Amusement and Recreation Services","County, 2-digit SIC -- by ownership sector","All establishment sizes",11,86,92,100,139657,0,0,115
"12017","5","SIC_0I79","29","0",1981,"4","","Citrus County, Florida","Private","SIC 79 Amusement and Recreation Services","County, 2-digit SIC -- by ownership sector","All establishment sizes",13,99,101,115,164942,0,0,120
"12017","5","SIC_0I80","29","0",1981,"1","","Citrus County, Florida","Private","SIC 80 Health Services","County, 2-digit SIC -- by ownership sector","All establishment sizes",58,645,641,642,2229994,0,0,266
"12017","5","SIC_0I80","29","0",1981,"2","","Citrus County, Florida","Private","SIC 80 Health Services","County, 2-digit SIC -- by ownership sector","All establishment sizes",56,656,658,660,2240445,0,0,261
"12017","5","SIC_0I80","29","0",1981,"3","","Citrus County, Florida","Private","SIC 80 Health Services","County, 2-digit SIC -- by ownership sector","All establishment sizes",58,660,659,654,2426986,0,0,283
"12017","5","SIC_0I80","29","0",1981,"4","","Citrus County, Florida","Private","SIC 80 Health Services","County, 2-digit SIC -- by ownership sector","All establishment sizes",57,666,670,667,2469649,0,0,284
"12017","5","SIC_0I81","29","0",1981,"1","","Citrus County, Florida","Private","SIC 81 Legal Services","County, 2-digit SIC -- by ownership sector","All establishment sizes",13,35,33,33,141938,0,0,324
"12017","5","SIC_0I81","29","0",1981,"2","","Citrus County, Florida","Private","SIC 81 Legal Services","County, 2-digit SIC -- by ownership sector","All establishment sizes",14,35,35,32,173545,0,0,392
"12017","5","SIC_0I81","29","0",1981,"3","","Citrus County, Florida","Private","SIC 81 Legal Services","County, 2-digit SIC -- by ownership sector","All establishment sizes",15,33,31,32,168429,0,0,404
"12017","5","SIC_0I81","29","0",1981,"4","","Citrus County, Florida","Private","SIC 81 Legal Services","County, 2-digit SIC -- by ownership sector","All establishment sizes",15,33,33,33,153270,0,0,357
"12017","5","SIC_0I82","29","0",1981,"1","","Citrus County, Florida","Private","SIC 82 Educational Services","County, 2-digit SIC -- by ownership sector","All establishment sizes",5,9,9,8,16334,0,0,144
"12017","5","SIC_0I82","29","0",1981,"2","","Citrus County, Florida","Private","SIC 82 Educational Services","County, 2-digit SIC -- by ownership sector","All establishment sizes",5,8,8,7,14734,0,0,147
"12017","5","SIC_0I82","29","0",1981,"3","","Citrus County, Florida","Private","SIC 82 Educational Services","County, 2-digit SIC -- by ownership sector","All establishment sizes",4,7,7,7,15572,0,0,171
"12017","5","SIC_0I82","29","0",1981,"4","","Citrus County, Florida","Private","SIC 82 Educational Services","County, 2-digit SIC -- by ownership sector","All establishment sizes",5,9,7,9,21033,0,0,194
"12017","5","SIC_0I83","29","0",1981,"1","","Citrus County, Florida","Private","SIC 83 Social Services","County, 2-digit SIC -- by ownership sector","All establishment sizes",9,45,51,50,107201,0,0,169
"12017","5","SIC_0I83","29","0",1981,"2","","Citrus County, Florida","Private","SIC 83 Social Services","County, 2-digit SIC -- by ownership sector","All establishment sizes",12,121,129,125,235137,0,0,144
"12017","5","SIC_0I83","29","0",1981,"3","","Citrus County, Florida","Private","SIC 83 Social Services","County, 2-digit SIC -- by ownership sector","All establishment sizes",13,269,273,278,239416,0,0,67
"12017","5","SIC_0I83","29","0",1981,"4","","Citrus County, Florida","Private","SIC 83 Social Services","County, 2-digit SIC -- by ownership sector","All establishment sizes",14,304,308,310,278621,0,0,69
"12017","5","SIC_0I86","29","0",1981,"1","","Citrus County, Florida","Private","SIC 86 Membership Organizations","County, 2-digit SIC -- by ownership sector","All establishment sizes",9,22,21,21,37893,0,0,136
"12017","5","SIC_0I86","29","0",1981,"2","","Citrus County, Florida","Private","SIC 86 Membership Organizations","County, 2-digit SIC -- by ownership sector","All establishment sizes",9,24,24,32,41692,0,0,120
"12017","5","SIC_0I86","29","0",1981,"3","","Citrus County, Florida","Private","SIC 86 Membership Organizations","County, 2-digit SIC -- by ownership sector","All establishment sizes",9,31,33,22,44967,0,0,120
"12017","5","SIC_0I86","29","0",1981,"4","","Citrus County, Florida","Private","SIC 86 Membership Organizations","County, 2-digit SIC -- by ownership sector","All establishment sizes",10,28,22,30,43166,0,0,124
"12017","5","SIC_0I88","29","0",1981,"1","","Citrus County, Florida","Private","SIC 88 Private Households","County, 2-digit SIC -- by ownership sector","All establishment sizes",11,25,27,29,29469,0,0,83
"12017","5","SIC_0I88","29","0",1981,"2","","Citrus County, Florida","Private","SIC 88 Private Households","County, 2-digit SIC -- by ownership sector","All establishment sizes",12,29,27,27,29934,0,0,83
"12017","5","SIC_0I88","29","0",1981,"3","","Citrus County, Florida","Private","SIC 88 Private Households","County, 2-digit SIC -- by ownership sector","All establishment sizes",13,23,22,22,27847,0,0,95
"12017","5","SIC_0I88","29","0",1981,"4","","Citrus County, Florida","Private","SIC 88 Private Households","County, 2-digit SIC -- by ownership sector","All establishment sizes",13,23,26,27,31657,0,0,96
"12017","5","SIC_0I89","29","0",1981,"1","","Citrus County, Florida","Private","SIC 89 Services, Nec","County, 2-digit SIC -- by ownership sector","All establishment sizes",30,404,389,397,1987337,0,0,385
"12017","5","SIC_0I89","29","0",1981,"2","","Citrus County, Florida","Private","SIC 89 Services, Nec","County, 2-digit SIC -- by ownership sector","All establishment sizes",38,482,474,476,2342137,0,0,377
"12017","5","SIC_0I89","29","0",1981,"3","","Citrus County, Florida","Private","SIC 89 Services, Nec","County, 2-digit SIC -- by ownership sector","All establishment sizes",43,488,473,443,2280114,0,0,374
"12017","5","SIC_0I89","29","0",1981,"4","","Citrus County, Florida","Private","SIC 89 Services, Nec","County, 2-digit SIC -- by ownership sector","All establishment sizes",45,386,394,404,2627542,0,0,512
